<?xml version='1.0' encoding='ISO-8859-1'?>
<Resume lang='en' src='DAXTRA-CVX schema:2.0.29 release:0.12.3.32629 rdate:2014-06-18'>
<StructuredXMLResume>
<ContactInfo>
<PersonName id='3'>
<FormattedName>Taissia Lomako</FormattedName>
<GivenName>Taissia</GivenName>
<FamilyName>Lomako</FamilyName>
</PersonName>
<ContactMethod>
<Mobile id='4'>
<InternationalCountryCode>1</InternationalCountryCode>
<SubscriberNumber>713 550 0458</SubscriberNumber>
<FormattedNumber>+1 713 550 0458</FormattedNumber></Mobile>

<InternetEmailAddress id='5' type='main'>TLomako@gmail.com</InternetEmailAddress>
</ContactMethod>
</ContactInfo>


<EmploymentHistory>
<EmployerOrg employerOrgType='soleEmployer'>
<EmployerOrgName id='24_1'>Wrist Ship Supply</EmployerOrgName>
<EmployerContactInfo>
<LocationSummary id='24_2'>
<Municipality>Houston</Municipality>
<Region>TX</Region>
<CountryCode>US</CountryCode>
</LocationSummary>
</EmployerContactInfo>
<PositionHistory positionType='CONTRACT'>
<Title id='24_4_1'>Graduate Trainee Employee</Title>
<Title id='25_2'>Sales</Title>
<OrgName id='24_1'>Wrist Ship Supply</OrgName>



<Description>* Maintained multiple client accounts with direct daily communications with clients ; 
    * Quoted and negotiated prices on Purchase Orders, maintained inventory and procurement control ; 
    * Participated in the team's logistical support for the delivery for the Purchase Orders</Description>
<StartDate id='24_3_1'><YearMonth>2012-08</YearMonth></StartDate>
<EndDate id='24_3_2'><YearMonth>2013-03</YearMonth></EndDate>



<JobLevelInfo>
<JobGrade>joblevel-entry</JobGrade>
</JobLevelInfo>

<JobCategory>
<TaxonomyName>JOBAREA</TaxonomyName>
<CategoryCode>graduate</CategoryCode>
</JobCategory>


<UserArea>
<DaxPositionHistoryUserArea>
<TLSPAN first_id='24' last_id='30' border_id='31'></TLSPAN>
<MonthsOfWork>8</MonthsOfWork>
</DaxPositionHistoryUserArea>
</UserArea>
</PositionHistory>
</EmployerOrg>

<EmployerOrg employerOrgType='soleEmployer'>
<EmployerOrgName id='31_1'>Baker Hughes, Inc.</EmployerOrgName>
<EmployerContactInfo>
<LocationSummary id='31_2'>
<Municipality>Houston</Municipality>
<Region>TX</Region>
<CountryCode>US</CountryCode>
</LocationSummary>
</EmployerContactInfo>
<PositionHistory positionType='CONTRACT'>
<Title id='31_4_1'>Summer Intern</Title>
<OrgName id='31_1'>Baker Hughes, Inc.</OrgName>



<Description>* Reviewed and finished Financial Management tutorials regarding Smart View and Hyperion from Oracle ; 
    * Coordinated meetings and conducted research regarding intern project for CIO ; 
    * Organized and uploaded SharePoint documents utilizing administrative full control over the site ; 
    * Assisted the reconciliation team with consolidating data on BJ Services' integration into Baker Hughes</Description>
<StartDate id='31_3_1'><YearMonth>2011-05</YearMonth></StartDate>
<EndDate id='31_3_2'><YearMonth>2011-08</YearMonth></EndDate>




<JobCategory>
<TaxonomyName>JOBAREA</TaxonomyName>
<CategoryCode>secretarial</CategoryCode>
</JobCategory>


<UserArea>
<DaxPositionHistoryUserArea>
<TLSPAN first_id='31' last_id='39' border_id='40'></TLSPAN>
<MonthsOfWork>4</MonthsOfWork>
</DaxPositionHistoryUserArea>
</UserArea>
</PositionHistory>
</EmployerOrg>

<EmployerOrg employerOrgType='soleEmployer'>
<EmployerOrgName id='40_1'>Harvest Natural Resources, Inc.</EmployerOrgName>
<EmployerContactInfo>
<LocationSummary id='40_2'>
<Municipality>Houston</Municipality>
<Region>TX</Region>
<CountryCode>US</CountryCode>
</LocationSummary>
</EmployerContactInfo>
<PositionHistory positionType='CONTRACT'>
<Title id='40_4_1'>High School Intern</Title>
<OrgName id='40_1'>Harvest Natural Resources, Inc.</OrgName>



<Description>* Reviewed foreign O&#38;G assets' production reports to add to internal reports for executive management ; 
    * Converted raw data into meaningful information, reformatted tables for internal review by the management ; 
    * Worked with tax advisor and organized tax data relative to O&#38;G exploration and production operations in Venezuela by crossreferenced tax data worksheets</Description>
<StartDate id='40_3'><Year>2007</Year></StartDate>
<EndDate id='40_3'><Year>2007</Year></EndDate>




<JobCategory>
<TaxonomyName>JOBAREA</TaxonomyName>
<CategoryCode>edu~school</CategoryCode>
</JobCategory>


<UserArea>
<DaxPositionHistoryUserArea>
<TLSPAN first_id='40' last_id='46' border_id='0'></TLSPAN>
<MonthsOfWork>7</MonthsOfWork>
</DaxPositionHistoryUserArea>
</UserArea>
</PositionHistory>
</EmployerOrg>

</EmploymentHistory>
<EducationHistory>
<SchoolOrInstitution schoolType='university'>
<SchoolName id='7'>University of Houston</SchoolName>



<Degree degreeType='some post-graduate'>
<DegreeName id='8_1'>MBA Student, part-time</DegreeName>
<DegreeDate id='9_2'>notApplicable</DegreeDate>
</Degree>



<DatesOfAttendance>
<StartDate id='9_1'><Year>2012</Year></StartDate>
<EndDate id='9_2'>notApplicable</EndDate>
</DatesOfAttendance>

</SchoolOrInstitution>

<SchoolOrInstitution schoolType='university'>
<SchoolName id='10_1'>University of Houston</SchoolName>



<Degree degreeType='bachelors'>
<DegreeName id='10_2'>Bachelor of Business Administration</DegreeName>
<DegreeDate id='11'><Year>2011</Year></DegreeDate>
</Degree>
<Major id='10_2'>Global Energy Management</Major>




</SchoolOrInstitution>

<SchoolOrInstitution schoolType='university'>
<SchoolName id='12_1'>University of Houston Business</SchoolName>


<OrganizationUnit organizationType='unit'>School Entrepreneurship</OrganizationUnit>
<Degree degreeType='certification'>
<DegreeName id='12_2'>Certificate</DegreeName>
<DegreeDate id='12_3'><Year>2010</Year></DegreeDate>
</Degree>




<Comments>Academic Experience, special projects:
    * Student Managed Selling Plan (Sales) ; 
    * Competition in NYMEX hosted by CME Group which deals in Futures &#38; Options Trading for Risk Management ; 
    * Corporate Finance Case Study (preparing excel spreadsheet with cash flows) ; 
    * Investment Project (using online program to purchase stocks)Analyzed historical trend of company's earnings ; 
    * Purchasing Power Parity (PPP) Testing and Forecasting Project forecast future CHF/USD exchange rates; regression analysis, Ttest and F-tests; evaluated PPP in short term and long term perspective ; 
    * Framework Forecasting (Semester-long Project): Future of Energy and Environment; separate essay on future of shale gas</Comments>
</SchoolOrInstitution>

</EducationHistory>











<Competency oids='27 30 53 ' description='Skill' auth='yes' name='Purchase Orders'>
<CompetencyEvidence name='Extent of Experience' typeDescription='Extent of Experience' type='MONTH' lastUsed='2013'><NumericValue description='MONTH'>8</NumericValue></CompetencyEvidence>

<CompetencyWeight type='skillLevel'><NumericValue minValue='0' maxValue='100'>99</NumericValue></CompetencyWeight>

<CompetencyWeight type='skillProficiency'><StringValue minValue='BASIC' maxValue='EXCELLENT'>EXCELLENT</StringValue></CompetencyWeight>
</Competency>

<Competency oids='43 46 ' description='Skill' auth='yes' name='Taxation'>
<CompetencyEvidence name='Extent of Experience' typeDescription='Extent of Experience' type='MONTH' lastUsed='2007'><NumericValue description='MONTH'>7</NumericValue></CompetencyEvidence>

<CompetencyEvidence typeDescription='Alias' name='Alias'><StringValue>tax</StringValue></CompetencyEvidence>

<CompetencyWeight type='skillLevel'><NumericValue minValue='0' maxValue='100'>23</NumericValue></CompetencyWeight>

<CompetencyWeight type='skillProficiency'><StringValue minValue='BASIC' maxValue='EXCELLENT'>BASIC</StringValue></CompetencyWeight>
</Competency>

<Competency oids='35 61 ' description='Skill > IT' auth='yes' name='Oracle'>
<CompetencyEvidence name='Extent of Experience' typeDescription='Extent of Experience' type='MONTH' lastUsed='2011'><NumericValue description='MONTH'>4</NumericValue></CompetencyEvidence>

<CompetencyWeight type='skillLevel'><NumericValue minValue='0' maxValue='100'>68</NumericValue></CompetencyWeight>

<CompetencyWeight type='skillProficiency'><StringValue minValue='BASIC' maxValue='EXCELLENT'>GOOD</StringValue></CompetencyWeight>
</Competency>

<Competency oids='36 60 ' description='Skill > IT' auth='yes' name='Microsoft SharePoint'>
<CompetencyEvidence name='Extent of Experience' typeDescription='Extent of Experience' type='MONTH' lastUsed='2011'><NumericValue description='MONTH'>4</NumericValue></CompetencyEvidence>

<CompetencyEvidence typeDescription='Alias' name='Alias'><StringValue>SharePoint</StringValue></CompetencyEvidence>

<CompetencyWeight type='skillLevel'><NumericValue minValue='0' maxValue='100'>67</NumericValue></CompetencyWeight>

<CompetencyWeight type='skillProficiency'><StringValue minValue='BASIC' maxValue='EXCELLENT'>GOOD</StringValue></CompetencyWeight>
</Competency>

<Competency oids='18 19 ' description='Skill' auth='yes' name='Forecasting'>
<CompetencyEvidence typeDescription='Alias' name='Alias'><StringValue>forecast</StringValue></CompetencyEvidence>

<CompetencyWeight type='skillLevel'><NumericValue minValue='0' maxValue='100'>14</NumericValue></CompetencyWeight>
</Competency>

<Competency oids='16 32 ' description='Skill' auth='yes' name='Corporate Finance'>
<CompetencyEvidence name='Extent of Experience' typeDescription='Extent of Experience' type='MONTH' lastUsed='2011'><NumericValue description='MONTH'>4</NumericValue></CompetencyEvidence>

<CompetencyWeight type='skillLevel'><NumericValue minValue='0' maxValue='100'>70</NumericValue></CompetencyWeight>

<CompetencyWeight type='skillProficiency'><StringValue minValue='BASIC' maxValue='EXCELLENT'>GOOD</StringValue></CompetencyWeight>
</Competency>

<Competency oids='20 ' description='Skill' auth='no' name='regression analysis'>
<CompetencyWeight type='skillLevel'><NumericValue minValue='0' maxValue='100'>14</NumericValue></CompetencyWeight>
</Competency>

<Competency oids='29 ' description='Skill' auth='no' name='logistical support'>
<CompetencyEvidence name='Extent of Experience' typeDescription='Extent of Experience' type='MONTH' lastUsed='2013'><NumericValue description='MONTH'>8</NumericValue></CompetencyEvidence>

<CompetencyWeight type='skillLevel'><NumericValue minValue='0' maxValue='100'>97</NumericValue></CompetencyWeight>

<CompetencyWeight type='skillProficiency'><StringValue minValue='BASIC' maxValue='EXCELLENT'>EXCELLENT</StringValue></CompetencyWeight>
</Competency>

<Competency oids='41 ' description='Skill' auth='no' name='executive management'>
<CompetencyEvidence name='Extent of Experience' typeDescription='Extent of Experience' type='MONTH' lastUsed='2007'><NumericValue description='MONTH'>7</NumericValue></CompetencyEvidence>

<CompetencyWeight type='skillLevel'><NumericValue minValue='0' maxValue='100'>24</NumericValue></CompetencyWeight>

<CompetencyWeight type='skillProficiency'><StringValue minValue='BASIC' maxValue='EXCELLENT'>BASIC</StringValue></CompetencyWeight>
</Competency>

<Competency oids='44 ' description='Skill' auth='yes' name='Upstream Oil &#38; Gas'>
<CompetencyEvidence name='Extent of Experience' typeDescription='Extent of Experience' type='MONTH' lastUsed='2007'><NumericValue description='MONTH'>7</NumericValue></CompetencyEvidence>

<CompetencyEvidence typeDescription='Alias' name='Alias'><StringValue>exploration and production</StringValue></CompetencyEvidence>

<CompetencyWeight type='skillLevel'><NumericValue minValue='0' maxValue='100'>22</NumericValue></CompetencyWeight>

<CompetencyWeight type='skillProficiency'><StringValue minValue='BASIC' maxValue='EXCELLENT'>BASIC</StringValue></CompetencyWeight>
</Competency>

<Competency oids='22 ' description='Skill' auth='yes' name='Shale Gas'>
<CompetencyWeight type='skillLevel'><NumericValue minValue='0' maxValue='100'>14</NumericValue></CompetencyWeight>
</Competency>

<Competency oids='66 ' description='Skill > Language' auth='yes' name='Russian'>
<CompetencyWeight type='skillLevel'><NumericValue minValue='0' maxValue='100'>51</NumericValue></CompetencyWeight>

<CompetencyWeight type='skillProficiency'><StringValue minValue='BASIC' maxValue='EXCELLENT'>INTERMEDIATE</StringValue></CompetencyWeight>
</Competency>

<Competency oids='37 ' description='Skill' auth='yes' name='Reconciliations'>
<CompetencyEvidence name='Extent of Experience' typeDescription='Extent of Experience' type='MONTH' lastUsed='2011'><NumericValue description='MONTH'>4</NumericValue></CompetencyEvidence>

<CompetencyEvidence typeDescription='Alias' name='Alias'><StringValue>reconciliation</StringValue></CompetencyEvidence>

<CompetencyWeight type='skillLevel'><NumericValue minValue='0' maxValue='100'>66</NumericValue></CompetencyWeight>

<CompetencyWeight type='skillProficiency'><StringValue minValue='BASIC' maxValue='EXCELLENT'>GOOD</StringValue></CompetencyWeight>
</Competency>

<Competency oids='28 ' description='Skill' auth='yes' name='Procurement'>
<CompetencyEvidence name='Extent of Experience' typeDescription='Extent of Experience' type='MONTH' lastUsed='2013'><NumericValue description='MONTH'>8</NumericValue></CompetencyEvidence>

<CompetencyWeight type='skillLevel'><NumericValue minValue='0' maxValue='100'>98</NumericValue></CompetencyWeight>

<CompetencyWeight type='skillProficiency'><StringValue minValue='BASIC' maxValue='EXCELLENT'>EXCELLENT</StringValue></CompetencyWeight>
</Competency>

<Competency oids='57 ' description='Skill > IT' auth='yes' name='Microsoft Word'>
<CompetencyEvidence typeDescription='Alias' name='Alias'><StringValue>Word</StringValue></CompetencyEvidence>

<CompetencyWeight type='skillLevel'><NumericValue minValue='0' maxValue='100'>14</NumericValue></CompetencyWeight>
</Competency>

<Competency oids='58 ' description='Skill > IT' auth='yes' name='Microsoft PowerPoint'>
<CompetencyEvidence typeDescription='Alias' name='Alias'><StringValue>PowerPoint</StringValue></CompetencyEvidence>

<CompetencyWeight type='skillLevel'><NumericValue minValue='0' maxValue='100'>14</NumericValue></CompetencyWeight>
</Competency>

<Competency oids='59 ' description='Skill > IT' auth='yes' name='Microsoft Outlook'>
<CompetencyEvidence typeDescription='Alias' name='Alias'><StringValue>Outlook</StringValue></CompetencyEvidence>

<CompetencyWeight type='skillLevel'><NumericValue minValue='0' maxValue='100'>14</NumericValue></CompetencyWeight>
</Competency>

<Competency oids='55 ' description='Skill > IT' auth='yes' name='Microsoft Excel'>
<CompetencyEvidence typeDescription='Alias' name='Alias'><StringValue>Excel</StringValue></CompetencyEvidence>

<CompetencyWeight type='skillLevel'><NumericValue minValue='0' maxValue='100'>14</NumericValue></CompetencyWeight>
</Competency>

<Competency oids='54 ' description='Skill > IT' auth='yes' name='Microsoft Dynamics AX'>
<CompetencyEvidence typeDescription='Alias' name='Alias'><StringValue>Axapta</StringValue></CompetencyEvidence>

<CompetencyWeight type='skillLevel'><NumericValue minValue='0' maxValue='100'>14</NumericValue></CompetencyWeight>
</Competency>

<Competency oids='56 ' description='Skill > IT' auth='yes' name='Microsoft Access'>
<CompetencyEvidence typeDescription='Alias' name='Alias'><StringValue>Access</StringValue></CompetencyEvidence>

<CompetencyWeight type='skillLevel'><NumericValue minValue='0' maxValue='100'>14</NumericValue></CompetencyWeight>
</Competency>

<Competency oids='26 ' description='Skill' auth='yes' name='Logistics'>
<CompetencyEvidence name='Extent of Experience' typeDescription='Extent of Experience' type='MONTH' lastUsed='2013'><NumericValue description='MONTH'>8</NumericValue></CompetencyEvidence>

<CompetencyWeight type='skillLevel'><NumericValue minValue='0' maxValue='100'>100</NumericValue></CompetencyWeight>

<CompetencyWeight type='skillProficiency'><StringValue minValue='BASIC' maxValue='EXCELLENT'>EXCELLENT</StringValue></CompetencyWeight>
</Competency>

<Competency oids='62 ' description='Skill > IT' auth='yes' name='Hyperion Pillar-Budgeting &#38; Planning'>
<CompetencyEvidence typeDescription='Alias' name='Alias'><StringValue>Hyperion Planning</StringValue></CompetencyEvidence>

<CompetencyWeight type='skillLevel'><NumericValue minValue='0' maxValue='100'>14</NumericValue></CompetencyWeight>
</Competency>

<Competency oids='14 ' description='Skill' auth='yes' name='Futures Operations'>
<CompetencyEvidence typeDescription='Alias' name='Alias'><StringValue>Futures &#38; Options Trading</StringValue></CompetencyEvidence>

<CompetencyWeight type='skillLevel'><NumericValue minValue='0' maxValue='100'>14</NumericValue></CompetencyWeight>
</Competency>

<Competency oids='21 ' description='Skill' auth='no' name='Framework Forecasting'>
<CompetencyWeight type='skillLevel'><NumericValue minValue='0' maxValue='100'>14</NumericValue></CompetencyWeight>
</Competency>

<Competency oids='33 ' description='Skill' auth='no' name='Financial Management'>
<CompetencyEvidence name='Extent of Experience' typeDescription='Extent of Experience' type='MONTH' lastUsed='2011'><NumericValue description='MONTH'>4</NumericValue></CompetencyEvidence>

<CompetencyWeight type='skillLevel'><NumericValue minValue='0' maxValue='100'>69</NumericValue></CompetencyWeight>

<CompetencyWeight type='skillProficiency'><StringValue minValue='BASIC' maxValue='EXCELLENT'>GOOD</StringValue></CompetencyWeight>
</Competency>

<Competency oids='68 ' description='Skill' auth='yes' name='Fiction'>
<CompetencyWeight type='skillLevel'><NumericValue minValue='0' maxValue='100'>14</NumericValue></CompetencyWeight>
</Competency>

<Competency oids='17 ' description='Skill' auth='yes' name='Cash Flows'>
<CompetencyWeight type='skillLevel'><NumericValue minValue='0' maxValue='100'>14</NumericValue></CompetencyWeight>
</Competency>

<Competency oids='64 ' description='Skill > IT' auth='yes' name='Adobe Photoshop'>
<CompetencyEvidence typeDescription='Alias' name='Alias'><StringValue>Photoshop</StringValue></CompetencyEvidence>

<CompetencyWeight type='skillLevel'><NumericValue minValue='0' maxValue='100'>14</NumericValue></CompetencyWeight>
</Competency>

<Competency oids='65 ' description='Skill > IT' auth='yes' name='Adobe Indesign'>
<CompetencyEvidence typeDescription='Alias' name='Alias'><StringValue>InDesign</StringValue></CompetencyEvidence>

<CompetencyWeight type='skillLevel'><NumericValue minValue='0' maxValue='100'>14</NumericValue></CompetencyWeight>
</Competency>

<Competency oids='63 ' description='Skill > IT' auth='no' name='Adobe'>
<CompetencyWeight type='skillLevel'><NumericValue minValue='0' maxValue='100'>14</NumericValue></CompetencyWeight>
</Competency>

<Competency oids='31_4_1 ' description='Held Position' auth='no' name='Summer Intern'>
<CompetencyEvidence name='Extent of Experience' typeDescription='Extent of Experience' type='MONTH' lastUsed='2011'><NumericValue description='MONTH'>4</NumericValue></CompetencyEvidence>

<CompetencyWeight type='skillLevel'><NumericValue minValue='0' maxValue='100'>70</NumericValue></CompetencyWeight>

<CompetencyWeight type='skillProficiency'><StringValue minValue='BASIC' maxValue='EXCELLENT'>GOOD</StringValue></CompetencyWeight>
</Competency>

<Competency oids='25_2 ' description='Held Position' auth='no' name='Sales'>
<CompetencyEvidence name='Extent of Experience' typeDescription='Extent of Experience' type='MONTH' lastUsed='2013'><NumericValue description='MONTH'>8</NumericValue></CompetencyEvidence>

<CompetencyWeight type='skillLevel'><NumericValue minValue='0' maxValue='100'>99</NumericValue></CompetencyWeight>

<CompetencyWeight type='skillProficiency'><StringValue minValue='BASIC' maxValue='EXCELLENT'>EXCELLENT</StringValue></CompetencyWeight>
</Competency>

<Competency oids='8_1 ' description='Held Position' auth='no' name='MBA Student, part-time'>
<CompetencyWeight type='skillLevel'><NumericValue minValue='0' maxValue='100'>14</NumericValue></CompetencyWeight>
</Competency>

<Competency oids='40_4_1 ' description='Held Position' auth='no' name='High School Intern'>
<CompetencyEvidence name='Extent of Experience' typeDescription='Extent of Experience' type='MONTH' lastUsed='2007'><NumericValue description='MONTH'>7</NumericValue></CompetencyEvidence>

<CompetencyWeight type='skillLevel'><NumericValue minValue='0' maxValue='100'>24</NumericValue></CompetencyWeight>

<CompetencyWeight type='skillProficiency'><StringValue minValue='BASIC' maxValue='EXCELLENT'>BASIC</StringValue></CompetencyWeight>
</Competency>

<Competency oids='24_4_1 ' description='Held Position' auth='no' name='Graduate Trainee Employee'>
<CompetencyEvidence name='Extent of Experience' typeDescription='Extent of Experience' type='MONTH' lastUsed='2013'><NumericValue description='MONTH'>8</NumericValue></CompetencyEvidence>

<CompetencyWeight type='skillLevel'><NumericValue minValue='0' maxValue='100'>100</NumericValue></CompetencyWeight>

<CompetencyWeight type='skillProficiency'><StringValue minValue='BASIC' maxValue='EXCELLENT'>EXCELLENT</StringValue></CompetencyWeight>
</Competency>

<Competency oids='12_2 ' description='Degree/Qualification' auth='no' name='Certificate'>
<CompetencyWeight type='skillLevel'><NumericValue minValue='0' maxValue='100'>12</NumericValue></CompetencyWeight>
</Competency>

<Competency oids='10_2 ' description='Degree/Qualification' auth='yes' name='Bachelors Degree > Bachelor of Business Administration > Bachelor of Business Administration Global Energy Management'>
<CompetencyEvidence name='Application' typeDescription='Application' type='Global Energy Management'><StringValue>Global Energy Management</StringValue></CompetencyEvidence>

<CompetencyEvidence typeDescription='Alias' name='Alias'><StringValue>Bachelor of Business Administration in Global Energy Management: Finance</StringValue></CompetencyEvidence>

<CompetencyWeight type='skillLevel'><NumericValue minValue='0' maxValue='100'>12</NumericValue></CompetencyWeight>
</Competency>

<Competency oids='10_2 ' description='Degree/Qualification' auth='yes' name='Bachelors Degree > Bachelor of Business Administration > Bachelor of Business Administration Finance'>
<CompetencyEvidence name='Application' typeDescription='Application' type='Finance'><StringValue>Finance</StringValue></CompetencyEvidence>

<CompetencyEvidence typeDescription='Alias' name='Alias'><StringValue>Bachelor of Business Administration in Global Energy Management: Finance</StringValue></CompetencyEvidence>

<CompetencyWeight type='skillLevel'><NumericValue minValue='0' maxValue='100'>12</NumericValue></CompetencyWeight>
</Competency>

<Competency description='Industry' auth='yes' name='industry~graduate'>
<CompetencyEvidence name='skillCount' typeDescription='skillCount'><NumericValue>1</NumericValue></CompetencyEvidence>

<CompetencyWeight type='skillLevel'><NumericValue minValue='0' maxValue='100'>100</NumericValue></CompetencyWeight>
</Competency>







<Achievements>
<Achievement><Description>2011
Certificate of Rank: Karate Brown Belt 4th Kyu by the U.S. Shotokan Karate Association; Bronze Medal (Houston Competition)</Description></Achievement>

</Achievements>
















<RevisionDate id='1'>2013-03-05</RevisionDate>
</StructuredXMLResume>
<NonXMLResume>

<TextResume>



<span inprof='n' id='1' class='date'>{{DOCUMENT_DATESTAMP}} 2013-03-05 16:32:51 {{DOCUMENT_DATESTAMP}}</span>

                                                                                                                                     <span inprof='n' id='2' class='date'>2013</span>


                                                                <span inprof='y' id='3' class='nominal-mb'>Taissia Lomako</span>
                                                            <span inprof='y' id='4' class='telephone'>Mobile: +1 713 550 0458</span>
                                                            <span inprof='y' id='5' class='email'>TLomako@gmail.com</span>

<span inprof='n' id='6' class='edu-hist-mark'>EDUCATION</span>
<span inprof='y' id='7' class='educational'>University of Houston</span> <span inprof='y' id='8_1' class='role'>MBA Student, part-time</span>                                                                         <span inprof='y' id='9_1' class='date'>2012</span> - <span inprof='y' id='9_2' class='date'>Present</span>


<span inprof='y' id='10_1' class='educational'>University of Houston</span>, <span inprof='y' id='10_2' class='qualif'>Bachelor of Business Administration in Global Energy Management: Finance</span> Track                         <span inprof='y' id='11' class='date'>2011</span>


<span inprof='y' id='12_1' class='educational'>University of Houston Business School Entrepreneurship</span> <span inprof='y' id='12_2' class='qualif'>Certificate</span>                                                            <span inprof='y' id='12_3' class='date'>2010</span>
Academic Experience, special projects:
    * Student Managed Selling Plan (Sales) ; 
    * Competition in NYMEX hosted by <span inprof='n' id='13' class='company'>CME Group</span> which deals in <span inprof='y' id='14' class='skill'>Futures &#38; Options Trading</span> <span inprof='n' id='15' class='bad-occupation'>for Risk Management</span> ; 
    * <span inprof='y' id='16' class='skill'>Corporate Finance</span> Case Study (preparing excel spreadsheet with <span inprof='y' id='17' class='skill'>cash flows</span>) ; 
    * Investment Project (using online program to purchase stocks)Analyzed historical trend of company's earnings ; 
    * Purchasing Power Parity (PPP) Testing and <span inprof='y' id='18' class='skill'>Forecasting</span> Project <span inprof='y' id='19' class='skill'>forecast</span> future CHF/USD exchange rates; <span inprof='y' id='20' class='skill'>regression analysis</span>, Ttest and F-tests; evaluated PPP in short term and long term perspective ; 
    * <span inprof='y' id='21' class='skill'>Framework Forecasting</span> (Semester-long Project): Future of Energy and Environment; separate essay on future of <span inprof='y' id='22' class='skill'>shale gas</span>


<span inprof='n' id='23' class='work-hist-mark'>EMPLOYMENT HISTORY</span>


<span inprof='y' id='24_1' class='company'>Wrist Ship Supply</span> <span inprof='y' id='24_2' class='location'>Houston, TX</span>                                                                                  <span inprof='y' id='24_3_1' class='date'>August 2012</span> - <span inprof='y' id='24_3_2' class='date'>March 2013</span>
<span inprof='y' id='24_4_1' class='role'>Graduate Trainee Employee</span>
<span inprof='n' id='25_1' class='some-position'>Duties</span>: <span inprof='y' id='25_2' class='role'>Sales</span>; Purchasing; <span inprof='y' id='26' class='skill'>Logistics</span>
    * Maintained multiple client accounts with direct daily communications with clients ; 
    * Quoted and negotiated prices on <span inprof='y' id='27' class='skill'>Purchase Orders</span>, maintained inventory and <span inprof='y' id='28' class='skill'>procurement</span> control ; 
    * Participated in the team's <span inprof='y' id='29' class='skill'>logistical support</span> for the delivery for the <span inprof='y' id='30' class='skill'>Purchase Orders</span>

<span inprof='y' id='31_1' class='company'>Baker Hughes, Inc.</span>, <span inprof='y' id='31_2' class='location'>Houston, TX</span>                                                                              <span inprof='y' id='31_3_1' class='date'>May 2011</span> - <span inprof='y' id='31_3_2' class='date'>August 2011</span>
<span inprof='y' id='31_4_1' class='role'>Summer Intern</span>, <span inprof='y' id='32' class='skill'>Corporate Finance</span>
   * Reviewed and finished <span inprof='y' id='33' class='skill'>Financial Management</span> tutorials regarding <span inprof='n' id='34' class='company'>Smart View and Hyperion</span> from <span inprof='y' id='35' class='sofwr'>Oracle</span> ; 
   * Coordinated meetings and conducted research regarding intern project for CIO ; 
   * Organized and uploaded <span inprof='y' id='36' class='sofwr'>SharePoint</span> documents utilizing administrative full control over the site ; 
   * Assisted the <span inprof='y' id='37' class='skill'>reconciliation</span> team with consolidating data on <span inprof='n' id='38' class='company'>BJ Services</span>' integration into <span inprof='n' id='39' class='company'>Baker Hughes</span>

<span inprof='y' id='40_1' class='company'>Harvest Natural Resources, Inc.</span>, <span inprof='y' id='40_2' class='location'>Houston, TX</span>                                                                                  <span inprof='y' id='40_3' class='date'>Spring 2007</span>
<span inprof='y' id='40_4_1' class='role'>High School Intern</span>
    * Reviewed foreign O&#38;G assets' production reports to add to internal reports for <span inprof='y' id='41' class='skill'>executive management</span> ; 
    * Converted raw data into meaningful information, reformatted tables for internal review by the management ; 
    * Worked <span inprof='n' id='42' class='bad-occupation'>with tax advisor</span> and organized <span inprof='y' id='43' class='skill'>tax</span> data relative to O&#38;G <span inprof='y' id='44' class='skill'>exploration and production</span> operations in <span inprof='n' id='45' class='location'>Venezuela</span> by crossreferenced <span inprof='y' id='46' class='skill'>tax</span> data worksheets


HONORS AND AWARDS
Dean's list                                                                                        Springs: 2009, 2010, 2011; Fall 2011
Participant in CME Competition in NYMEX                                                                                            2011
Certificate of Rank: Karate Brown Belt 4th Kyu by the U.S. Shotokan Karate Association; Bronze Medal (Houston Competition)
         <span inprof='n' id='47' class='date'>2007</span>

AFFILIATIONS
<span inprof='n' id='48_1' class='company'>Association of International Petroleum Negotiators</span>                                                                         <span inprof='n' id='48_2' class='date-range'>2006 - Present</span>


Women's Energy Network                                                                                                     <span inprof='n' id='49' class='date-range'>2006 - Present</span>

<span inprof='n' id='50' class='title-line'>SKILLS</span>
   * Sales: Managing multiple foreign client accounts; acquiring new foreign customer accounts for <span inprof='n' id='51' class='location'>the Houston</span> office; direct contact 
        with foreign customers in <span inprof='n' id='52' class='location'>Houston</span> and via email abroad; directly negotiating <span inprof='y' id='53' class='skill'>purchase orders</span> and prices with customers;
        managing third-party local vendors' proposals for the best price to clients; stored merchandize physical inventory weekly count;
        entering client data into firm-wide database and accounting system
   * Computer: Microsoft: <span inprof='y' id='54' class='sofwr'>Axapta</span>, <span inprof='y' id='55' class='sofwr'>Excel</span>, <span inprof='y' id='56' class='sofwr'>Access</span>, <span inprof='y' id='57' class='sofwr'>Word</span>, <span inprof='y' id='58' class='sofwr'>PowerPoint</span> <span inprof='y' id='59' class='sofwr'>Outlook</span>, <span inprof='y' id='60' class='sofwr'>SharePoint</span>. <span inprof='y' id='61' class='sofwr'>Oracle</span>: <span inprof='y' id='62' class='sofwr'>Hyperion Planning</span>, HFM, Smart
        View. <span inprof='y' id='63' class='sofwr'>Adobe</span>: <span inprof='y' id='64' class='sofwr'>Photoshop</span> and <span inprof='y' id='65' class='sofwr'>InDesign</span>. <span inprof='y' id='66' class='skill'>Languages: Conversational Russian</span> with fair reading capability.

<span inprof='n' id='67' class='title-line'>INTERESTS</span>
Domestic and international travel; history; writing <span inprof='y' id='68' class='skill'>fiction</span> stories.

</TextResume>

</NonXMLResume>



<UserArea>
<DaxResumeUserArea>
<AdditionalPersonalData>
<Hobbies>INTERESTS
Domestic and international travel; history; writing fiction stories.
</Hobbies>
<ExperienceSummary>
<TotalMonthsOfWorkExperience>19</TotalMonthsOfWorkExperience>
<TotalYearsOfWorkExperience>1</TotalYearsOfWorkExperience>
<ExecutiveBrief>Taissia Lomako has been working in the Graduate  occupational sector for 19 months. During this candidate's last employment this candidate was working as a Graduate Trainee Employee/Sales at Wrist Ship Supply. So far Taissia has not gained any managerial experience.</ExecutiveBrief>
</ExperienceSummary>
</AdditionalPersonalData>
<TextZones>
<Zone name='achievements'>
HONORS AND AWARDS
Dean's list                                                                                        Springs: 2009, 2010, 2011; Fall 2011
Participant in CME Competition in NYMEX                                                                                            2011
Certificate of Rank: Karate Brown Belt 4th Kyu by the U.S. Shotokan Karate Association; Bronze Medal (Houston Competition)
</Zone>
</TextZones>
<ParserInfo>
<ParserConfiguration>{max_len=50000} {tel_flag=} {send_zip=} {fast_conv=} {DEF_LOCAL=} {sdate=0} {no_email_body=0} {do_clever_zoning=1} {keep_span=1} {complex=1} {accept_langs=} {not_accept_langs=} {prefer_lang_cv=EN} {pers_only=0} {turbo=0} {split_language=0} {picture=0} {picture_inline=0} {name_space=0} {charset=} {hrxml_upgrade_edu_hist=0}{hrxml_add_languages_section=0}{spool=} {docID=} {user=DEFAULT} </ParserConfiguration>
<ParserRelease>0.12.3.32629</ParserRelease>
<ParserReleaseDate>2014-06-18</ParserReleaseDate>
<ParserSchema>2.0.29</ParserSchema>
<ParserSchemaLocation>http://cvx.daxtra.com/cvts/xsd/candidate/2.0.29/Resume.xsd</ParserSchemaLocation>
<ConverterRelease>0.5.2.32629</ConverterRelease>
<ConverterReleaseDate>2014-06-18</ConverterReleaseDate>
</ParserInfo>
<FileStruct filename='/home/izoom/anazarov/grammar/analysis/3rconnect/doc/100_Resumes-Walsh/2013 Taissia Lomako CV..pdf'>

<attachment fname='2013 Taissia Lomako CV..pdf' ftype='pdf' conv='yes' doc_type='cv' lang='EN'>/home/izoom/anazarov/grammar/analysis/3rconnect/doc/100_Resumes-Walsh/2013 Taissia Lomako CV..pdf</attachment>


</FileStruct>
</DaxResumeUserArea>
</UserArea>
</Resume>
