<?xml version='1.0' encoding='ISO-8859-1'?>
<Resume lang='en' src='DAXTRA-CVX schema:2.0.29 release:0.12.3.32629 rdate:2014-06-18'>
<StructuredXMLResume>
<ContactInfo>
<PersonName id='1'>
<FormattedName>Adam J. Weisberg</FormattedName>
<GivenName>Adam</GivenName>
<MiddleName>J.</MiddleName>
<FamilyName>Weisberg</FamilyName>
<sex>Male</sex>
</PersonName>
<ContactMethod>
<Telephone id='3' type='home'>
<InternationalCountryCode>1</InternationalCountryCode>
<SubscriberNumber>917 579-4495</SubscriberNumber>
<FormattedNumber>+1 917 579-4495</FormattedNumber></Telephone>

<InternetEmailAddress id='4' type='main'>adamjmax@yahoo.com</InternetEmailAddress>
<PostalAddress id='3' type='main'>
<CountryCode>US</CountryCode>
<PostalCode>07666</PostalCode>
<Region>NJ</Region>
<Municipality>Teaneck</Municipality>
<DeliveryAddress>
<AddressLine>752 Downing Street</AddressLine>
<StreetName>Downing Street</StreetName>
<BuildingNumber>752</BuildingNumber>
</DeliveryAddress>

</PostalAddress>
</ContactMethod>
</ContactInfo>


<EmploymentHistory>
<EmployerOrg employerOrgType='soleEmployer'>

<PositionHistory positionType='PERMANENT'>






<StartDate id='12_1'><YearMonth>2005-05</YearMonth></StartDate>
<EndDate id='12_2'><YearMonth>2012-10</YearMonth></EndDate>






<UserArea>
<DaxPositionHistoryUserArea>
<TLSPAN first_id='12' last_id='12' border_id='14'></TLSPAN>
<MonthsOfWork>90</MonthsOfWork>
</DaxPositionHistoryUserArea>
</UserArea>
</PositionHistory>
</EmployerOrg>

<EmployerOrg employerOrgType='soleEmployer'>
<EmployerOrgName id='14_1'>Transfer Agency</EmployerOrgName>

<PositionHistory positionType='CONTRACT'>
<Title id='14_2_1'>Manager</Title>
<OrgName id='14_1'>Transfer Agency</OrgName>




<StartDate id='14_3_1'><YearMonth>2012-04</YearMonth></StartDate>
<EndDate id='14_3_2'><YearMonth>2012-10</YearMonth></EndDate>



<JobLevelInfo>
<JobGrade>joblevel-management-low</JobGrade>
</JobLevelInfo>

<JobCategory>
<TaxonomyName>JOBAREA</TaxonomyName>
<CategoryCode>ambiguous</CategoryCode>
</JobCategory>


<UserArea>
<DaxPositionHistoryUserArea>
<TLSPAN first_id='13' last_id='14' border_id='17'></TLSPAN>
<MonthsOfWork>7</MonthsOfWork>
</DaxPositionHistoryUserArea>
</UserArea>
</PositionHistory>
</EmployerOrg>

<EmployerOrg employerOrgType='soleEmployer'>
<EmployerOrgName id='15'>GlobeOp Financial Services</EmployerOrgName>

<PositionHistory positionType='PERMANENT'>
<Title id='16_1'>Associate Manager, Investor Services</Title>
<OrgName id='15'>GlobeOp Financial Services</OrgName>



<Description>Managed domestic and international client relations and monitored monthly capital activity for onshore and offshore feeders with $10+ Billion AUM. Group accounted for 40% of all investor activity within the firm.
*  Responsible for ensuring team members completed their tasks accurately and on time. Trained new hires within the group and assisted them with their day to day work, acting as a point of escalation for all issues. ; 
*  Participated in the Business Analysis Team liaising with IT in the creation and testing of an online, paperless straight-through trade processing system.  Documented user specifications and performed iterative QA and unit testing. The solution achieved a 200% efficiency increase and enabled the company to take on more clients without any increase in headcount. ; 
*  Participated in an AML remediation project to review and collect proper documentation for all current investors. Efforts led to a compliance approval rating of over 96% after a 2 month effort. ; 
*  Responsible for signing off and approving all investor trades (subscriptions, redemptions, transfers) within the group. Performed AML/KYC checks pursuant to US and Cayman regulations on all incoming subscription and outgoing redemption wires. Reviewed all incoming subscription documents for accuracy and completeness. ; 
*  Created and reviewed/approved wire transfers on behalf of Investment Manager through Cash Manager System. ; 
*  Reviewed fund's bank accounts to make sure all cash is reconciled on a daily basis. ; 
*  Assisted in the design and testing of an online customer portal that allowed investors to access their monthly statements and contract notes. This self-service deployment resulted in a 15% reduction in overall investor queries and a 75% reduction of errors within related, internal support processes. ; 
*  Responsible for integration of all investor data regarding new fund conversions into the company's share registry system. Reconciled format discrepancies and oversaw data format translations. ; 
*  Reviewed and approved all investor contact updates to be added/removed from share registry. ; 
*  Responsible for creating &#38; reviewing/approving year-end investor audit requests and questionnaires. ; 
*  Supported Investment Management team; monitored liquidity terms and track current assets subject to lock-up provisions as well as gate restrictions on redemptions. ; 
*  Performed all aspects of hedge fund trade execution in cooperation with Fund Managers. ; 
*  Produced monthly NAV statements and monthly contract notes, reviewed and coordinated with the Fund Accountants and Investment Manager for their approval, and ensured they were released out to investors. ; 
*  Resolved Investor queries and interacted with Investment Manager with regards to Investor issues. ; 
*  Managed the distribution of Fund Offering Memoranda and other official fund documents, including Audited Financial Statements and K-1's. ; 
*  Communicated with various internal departments such as Fund Accounting, Share Registry, Operations, Legal and Account Control, regarding transaction processing, new client setup, and finalizing the month-end NAV. ; 
*  Coordinated and managed due diligence conference calls for prospective investors and calls relating to new fund launches, fund closures, and other fund related activities. ; 
*  Produced monthly ERISA reports and forwarded to the Investment Manager for review/approval. ;</Description>
<StartDate id='17_1'><YearMonth>2005-05</YearMonth></StartDate>
<EndDate id='17_2'><YearMonth>2011-11</YearMonth></EndDate>



<JobLevelInfo>
<JobGrade>joblevel-management-low</JobGrade>
</JobLevelInfo>

<JobCategory>
<TaxonomyName>JOBAREA</TaxonomyName>
<CategoryCode>accountancy</CategoryCode>
</JobCategory>


<UserArea>
<DaxPositionHistoryUserArea>
<TLSPAN first_id='15' last_id='46' border_id='48'></TLSPAN>
<MonthsOfWork>79</MonthsOfWork>
</DaxPositionHistoryUserArea>
</UserArea>
</PositionHistory>
</EmployerOrg>

<EmployerOrg employerOrgType='soleEmployer'>
<EmployerOrgName id='47'>Lazard Freres &#38; Co. LLC</EmployerOrgName>

<PositionHistory positionType='PERMANENT'>
<Title id='49_1_1'>Staff Accountant</Title>
<OrgName organizationType='unit' id='47'>Lazard Freres &#38; Co. LLC</OrgName>



<Description>Responsible for the reconciliation and discrepancy resolution for over 200 client accounts. 
*  Reconciled client account activities against custodian bank records including inflows and outflows of cash, buys and sells, dividend and interest payments, as well as varied tax reclaims. ; 
*  Reviewed and confirmed the accuracy of monthly and quarterly performance reports, quarterly client reports, and weekly account holding reports. ; 
*  Generated summary reports verifying the accuracy of all assigned accounts. ;</Description>
<StartDate id='49_3_1'><YearMonth>2004-08</YearMonth></StartDate>
<EndDate id='49_3_2'><YearMonth>2005-05</YearMonth></EndDate>



<JobLevelInfo>
<JobGrade>joblevel-nonmanager-low</JobGrade>
</JobLevelInfo>

<JobCategory>
<TaxonomyName>JOBAREA</TaxonomyName>
<CategoryCode>banking-finance</CategoryCode>
</JobCategory>


<UserArea>
<DaxPositionHistoryUserArea>
<Umbrella>48_1</Umbrella>
<TLSPAN first_id='49' last_id='51' border_id='53'></TLSPAN>
<MonthsOfWork>10</MonthsOfWork>
</DaxPositionHistoryUserArea>
</UserArea>
</PositionHistory>
</EmployerOrg>

<EmployerOrg employerOrgType='soleEmployer'>
<EmployerOrgName id='47'>Lazard Freres &#38; Co. LLC</EmployerOrgName>

<PositionHistory positionType='PERMANENT'>
<Title id='52_1'>Client Services Representative</Title>
<OrgName id='47'>Lazard Freres &#38; Co. LLC</OrgName>




<StartDate id='53_1'><YearMonth>2001-11</YearMonth></StartDate>
<EndDate id='53_2'><YearMonth>2004-08</YearMonth></EndDate>




<JobCategory>
<TaxonomyName>JOBAREA</TaxonomyName>
<CategoryCode>customer-service</CategoryCode>
</JobCategory>


<UserArea>
<DaxPositionHistoryUserArea>
<Umbrella>48_1</Umbrella>
<TLSPAN first_id='52' last_id='53' border_id='59'></TLSPAN>
<MonthsOfWork>34</MonthsOfWork>
</DaxPositionHistoryUserArea>
</UserArea>
</PositionHistory>
</EmployerOrg>

<EmployerOrg employerOrgType='soleEmployer'>
<EmployerOrgName id='58'>TD Waterhouse Group, Inc.</EmployerOrgName>

<PositionHistory positionType='PERMANENT'>
<Title id='60_1'>Client Services Support Representative</Title>
<OrgName id='58'>TD Waterhouse Group, Inc.</OrgName>



<Description>*  Assisted customer with brokerage issues ranging from new account set up, brokerage trades and order entry, account reconciliation, money transfer requests, banking functions, and web site navigation. ; 
*  Provided support to clients describing basic brokerage and trading concepts, rules regulations, and complex trading strategies while outlining risks, rewards, and possible investment outcomes to investors. ; 
*  Established and managed customers' IRA accounts, describing advantages and disadvantages of plan options and calculating required minimum distributions for account holders. ; 
*  Handled supervisor-level issues and callback responsibilities during peak periods. ;</Description>
<StartDate id='59_1'><YearMonth>1999-07</YearMonth></StartDate>
<EndDate id='59_2'><YearMonth>2001-11</YearMonth></EndDate>




<JobCategory>
<TaxonomyName>JOBAREA</TaxonomyName>
<CategoryCode>customer-service</CategoryCode>
</JobCategory>


<UserArea>
<DaxPositionHistoryUserArea>
<TLSPAN first_id='58' last_id='62' border_id='0'></TLSPAN>
<MonthsOfWork>29</MonthsOfWork>
</DaxPositionHistoryUserArea>
</UserArea>
</PositionHistory>
</EmployerOrg>

</EmploymentHistory>
<EducationHistory>
<SchoolOrInstitution schoolType='college'>








<DatesOfAttendance>
<StartDate><AnyDate>notKnown</AnyDate></StartDate>
<EndDate id='66'><YearMonth>2004-12</YearMonth></EndDate>
</DatesOfAttendance>

</SchoolOrInstitution>

<SchoolOrInstitution schoolType='college'>








<DatesOfAttendance>
<StartDate><AnyDate>notKnown</AnyDate></StartDate>
<EndDate id='65'><YearMonth>2000-09</YearMonth></EndDate>
</DatesOfAttendance>

</SchoolOrInstitution>

<SchoolOrInstitution schoolType='university'>
<SchoolName id='70_1'>City University of New York</SchoolName>


<OrganizationUnit organizationType='unit'>Queens College</OrganizationUnit>
<Degree degreeType='some college'>
<DegreeName id='70_2'>Bachelor of Arts</DegreeName>
<DegreeDate id='70_3'><YearMonth>1998-08</YearMonth></DegreeDate>
</Degree>
<Major id='70_2'>Economics</Major>




</SchoolOrInstitution>

</EducationHistory>











<Competency oids='7 38 ' description='Skill' auth='yes' name='Hedge Fund'>
<CompetencyEvidence name='Extent of Experience' typeDescription='Extent of Experience' type='MONTH' lastUsed='2011'><NumericValue description='MONTH'>79</NumericValue></CompetencyEvidence>

<CompetencyEvidence typeDescription='Alias' name='Alias'><StringValue>hedge funds</StringValue></CompetencyEvidence>

<CompetencyWeight type='skillLevel'><NumericValue minValue='0' maxValue='100'>80</NumericValue></CompetencyWeight>

<CompetencyWeight type='skillProficiency'><StringValue minValue='BASIC' maxValue='EXCELLENT'>GOOD</StringValue></CompetencyWeight>
</Competency>

<Competency oids='23 ' description='Skill' auth='no' name='unit testing'>
<CompetencyEvidence name='Extent of Experience' typeDescription='Extent of Experience' type='MONTH' lastUsed='2011'><NumericValue description='MONTH'>79</NumericValue></CompetencyEvidence>

<CompetencyWeight type='skillLevel'><NumericValue minValue='0' maxValue='100'>83</NumericValue></CompetencyWeight>

<CompetencyWeight type='skillProficiency'><StringValue minValue='BASIC' maxValue='EXCELLENT'>GOOD</StringValue></CompetencyWeight>
</Competency>

<Competency oids='44 ' description='Skill' auth='no' name='transaction processing'>
<CompetencyEvidence name='Extent of Experience' typeDescription='Extent of Experience' type='MONTH' lastUsed='2011'><NumericValue description='MONTH'>79</NumericValue></CompetencyEvidence>

<CompetencyWeight type='skillLevel'><NumericValue minValue='0' maxValue='100'>80</NumericValue></CompetencyWeight>

<CompetencyWeight type='skillProficiency'><StringValue minValue='BASIC' maxValue='EXCELLENT'>GOOD</StringValue></CompetencyWeight>
</Competency>

<Competency oids='10 ' description='Skill' auth='no' name='strong communication skills'>
<CompetencyWeight type='skillLevel'><NumericValue minValue='0' maxValue='100'>15</NumericValue></CompetencyWeight>
</Competency>

<Competency oids='31 ' description='Skill' auth='no' name='service deployment'>
<CompetencyEvidence name='Extent of Experience' typeDescription='Extent of Experience' type='MONTH' lastUsed='2011'><NumericValue description='MONTH'>79</NumericValue></CompetencyEvidence>

<CompetencyWeight type='skillLevel'><NumericValue minValue='0' maxValue='100'>80</NumericValue></CompetencyWeight>

<CompetencyWeight type='skillProficiency'><StringValue minValue='BASIC' maxValue='EXCELLENT'>GOOD</StringValue></CompetencyWeight>
</Competency>

<Competency oids='45 ' description='Skill' auth='no' name='managed due diligence'>
<CompetencyEvidence name='Extent of Experience' typeDescription='Extent of Experience' type='MONTH' lastUsed='2011'><NumericValue description='MONTH'>79</NumericValue></CompetencyEvidence>

<CompetencyWeight type='skillLevel'><NumericValue minValue='0' maxValue='100'>80</NumericValue></CompetencyWeight>

<CompetencyWeight type='skillProficiency'><StringValue minValue='BASIC' maxValue='EXCELLENT'>GOOD</StringValue></CompetencyWeight>
</Competency>

<Competency oids='6 ' description='Skill' auth='no' name='back office'>
<CompetencyWeight type='skillLevel'><NumericValue minValue='0' maxValue='100'>15</NumericValue></CompetencyWeight>
</Competency>

<Competency oids='56 ' description='Skill' auth='no' name='account management'>
<CompetencyWeight type='skillLevel'><NumericValue minValue='0' maxValue='100'>15</NumericValue></CompetencyWeight>
</Competency>

<Competency oids='35 ' description='Skill' auth='yes' name='Year-end'>
<CompetencyEvidence name='Extent of Experience' typeDescription='Extent of Experience' type='MONTH' lastUsed='2011'><NumericValue description='MONTH'>79</NumericValue></CompetencyEvidence>

<CompetencyWeight type='skillLevel'><NumericValue minValue='0' maxValue='100'>80</NumericValue></CompetencyWeight>

<CompetencyWeight type='skillProficiency'><StringValue minValue='BASIC' maxValue='EXCELLENT'>GOOD</StringValue></CompetencyWeight>
</Competency>

<Competency oids='78 ' description='Skill > IT' auth='yes' name='Thomson Financial Portia'>
<CompetencyEvidence typeDescription='Alias' name='Alias'><StringValue>Portia</StringValue></CompetencyEvidence>

<CompetencyWeight type='skillLevel'><NumericValue minValue='0' maxValue='100'>15</NumericValue></CompetencyWeight>
</Competency>

<Competency oids='51 ' description='Skill' auth='yes' name='Tax Reclaims'>
<CompetencyEvidence name='Extent of Experience' typeDescription='Extent of Experience' type='MONTH' lastUsed='2005'><NumericValue description='MONTH'>10</NumericValue></CompetencyEvidence>

<CompetencyWeight type='skillLevel'><NumericValue minValue='0' maxValue='100'>26</NumericValue></CompetencyWeight>

<CompetencyWeight type='skillProficiency'><StringValue minValue='BASIC' maxValue='EXCELLENT'>BASIC</StringValue></CompetencyWeight>
</Competency>

<Competency oids='50 ' description='Skill' auth='no' name='Responsible for the reconciliation'>
<CompetencyEvidence name='Extent of Experience' typeDescription='Extent of Experience' type='MONTH' lastUsed='2005'><NumericValue description='MONTH'>10</NumericValue></CompetencyEvidence>

<CompetencyWeight type='skillLevel'><NumericValue minValue='0' maxValue='100'>26</NumericValue></CompetencyWeight>

<CompetencyWeight type='skillProficiency'><StringValue minValue='BASIC' maxValue='EXCELLENT'>BASIC</StringValue></CompetencyWeight>
</Competency>

<Competency oids='34 ' description='Skill' auth='no' name='Responsible for integration'>
<CompetencyEvidence name='Extent of Experience' typeDescription='Extent of Experience' type='MONTH' lastUsed='2011'><NumericValue description='MONTH'>79</NumericValue></CompetencyEvidence>

<CompetencyWeight type='skillLevel'><NumericValue minValue='0' maxValue='100'>80</NumericValue></CompetencyWeight>

<CompetencyWeight type='skillProficiency'><StringValue minValue='BASIC' maxValue='EXCELLENT'>GOOD</StringValue></CompetencyWeight>
</Competency>

<Competency oids='22 ' description='Skill' auth='no' name='Responsible for ensuring team members'>
<CompetencyEvidence name='Extent of Experience' typeDescription='Extent of Experience' type='MONTH' lastUsed='2011'><NumericValue description='MONTH'>79</NumericValue></CompetencyEvidence>

<CompetencyWeight type='skillLevel'><NumericValue minValue='0' maxValue='100'>84</NumericValue></CompetencyWeight>

<CompetencyWeight type='skillProficiency'><StringValue minValue='BASIC' maxValue='EXCELLENT'>GOOD</StringValue></CompetencyWeight>
</Competency>

<Competency oids='55 ' description='Skill' auth='yes' name='Portfolio Administration'>
<CompetencyEvidence typeDescription='Alias' name='Alias'><StringValue>Portfolio Management</StringValue></CompetencyEvidence>

<CompetencyWeight type='skillLevel'><NumericValue minValue='0' maxValue='100'>15</NumericValue></CompetencyWeight>
</Competency>

<Competency oids='76 ' description='Skill > IT' auth='yes' name='PeopleSoft Vantive'>
<CompetencyEvidence typeDescription='Alias' name='Alias'><StringValue>Vantive</StringValue></CompetencyEvidence>

<CompetencyWeight type='skillLevel'><NumericValue minValue='0' maxValue='100'>15</NumericValue></CompetencyWeight>
</Competency>

<Competency oids='18 ' description='Skill' auth='yes' name='Onshore Oil &#38; Gas'>
<CompetencyEvidence name='Extent of Experience' typeDescription='Extent of Experience' type='MONTH' lastUsed='2011'><NumericValue description='MONTH'>79</NumericValue></CompetencyEvidence>

<CompetencyEvidence typeDescription='Alias' name='Alias'><StringValue>onshore</StringValue></CompetencyEvidence>

<CompetencyWeight type='skillLevel'><NumericValue minValue='0' maxValue='100'>86</NumericValue></CompetencyWeight>

<CompetencyWeight type='skillProficiency'><StringValue minValue='BASIC' maxValue='EXCELLENT'>GOOD</StringValue></CompetencyWeight>
</Competency>

<Competency oids='19 ' description='Skill' auth='yes' name='Offshore Oil &#38; Gas'>
<CompetencyEvidence name='Extent of Experience' typeDescription='Extent of Experience' type='MONTH' lastUsed='2011'><NumericValue description='MONTH'>79</NumericValue></CompetencyEvidence>

<CompetencyEvidence typeDescription='Alias' name='Alias'><StringValue>offshore</StringValue></CompetencyEvidence>

<CompetencyWeight type='skillLevel'><NumericValue minValue='0' maxValue='100'>85</NumericValue></CompetencyWeight>

<CompetencyWeight type='skillProficiency'><StringValue minValue='BASIC' maxValue='EXCELLENT'>GOOD</StringValue></CompetencyWeight>
</Competency>

<Competency oids='54 ' description='Skill' auth='yes' name='Mutual Funds'>
<CompetencyEvidence typeDescription='Alias' name='Alias'><StringValue>mutual fund</StringValue></CompetencyEvidence>

<CompetencyWeight type='skillLevel'><NumericValue minValue='0' maxValue='100'>15</NumericValue></CompetencyWeight>
</Competency>

<Competency oids='73 ' description='Skill > IT' auth='yes' name='Microsoft Word'>
<CompetencyEvidence typeDescription='Alias' name='Alias'><StringValue>Word</StringValue></CompetencyEvidence>

<CompetencyWeight type='skillLevel'><NumericValue minValue='0' maxValue='100'>15</NumericValue></CompetencyWeight>
</Competency>

<Competency oids='72 ' description='Skill > IT' auth='yes' name='Microsoft Excel'>
<CompetencyEvidence typeDescription='Alias' name='Alias'><StringValue>MS Excel</StringValue></CompetencyEvidence>

<CompetencyWeight type='skillLevel'><NumericValue minValue='0' maxValue='100'>15</NumericValue></CompetencyWeight>
</Competency>

<Competency oids='74 ' description='Skill > IT' auth='yes' name='Microsoft Access'>
<CompetencyEvidence typeDescription='Alias' name='Alias'><StringValue>Access</StringValue></CompetencyEvidence>

<CompetencyWeight type='skillLevel'><NumericValue minValue='0' maxValue='100'>15</NumericValue></CompetencyWeight>
</Competency>

<Competency oids='41 ' description='Skill' auth='no' name='Managed the distribution of Fund Offering Memoranda and other official fund'>
<CompetencyEvidence name='Extent of Experience' typeDescription='Extent of Experience' type='MONTH' lastUsed='2011'><NumericValue description='MONTH'>79</NumericValue></CompetencyEvidence>

<CompetencyWeight type='skillLevel'><NumericValue minValue='0' maxValue='100'>80</NumericValue></CompetencyWeight>

<CompetencyWeight type='skillProficiency'><StringValue minValue='BASIC' maxValue='EXCELLENT'>GOOD</StringValue></CompetencyWeight>
</Competency>

<Competency oids='75 ' description='Skill > IT' auth='yes' name='Lotus Notes/Domino'>
<CompetencyEvidence typeDescription='Alias' name='Alias'><StringValue>Lotus Notes</StringValue></CompetencyEvidence>

<CompetencyWeight type='skillLevel'><NumericValue minValue='0' maxValue='100'>15</NumericValue></CompetencyWeight>
</Competency>

<Competency oids='37 ' description='Skill' auth='yes' name='Investment Management'>
<CompetencyEvidence name='Extent of Experience' typeDescription='Extent of Experience' type='MONTH' lastUsed='2011'><NumericValue description='MONTH'>79</NumericValue></CompetencyEvidence>

<CompetencyWeight type='skillLevel'><NumericValue minValue='0' maxValue='100'>80</NumericValue></CompetencyWeight>

<CompetencyWeight type='skillProficiency'><StringValue minValue='BASIC' maxValue='EXCELLENT'>GOOD</StringValue></CompetencyWeight>
</Competency>

<Competency oids='43 ' description='Skill' auth='yes' name='Fund Accounting'>
<CompetencyEvidence name='Extent of Experience' typeDescription='Extent of Experience' type='MONTH' lastUsed='2011'><NumericValue description='MONTH'>79</NumericValue></CompetencyEvidence>

<CompetencyWeight type='skillLevel'><NumericValue minValue='0' maxValue='100'>80</NumericValue></CompetencyWeight>

<CompetencyWeight type='skillProficiency'><StringValue minValue='BASIC' maxValue='EXCELLENT'>GOOD</StringValue></CompetencyWeight>
</Competency>

<Competency oids='42 ' description='Skill' auth='no' name='Financial Statements'>
<CompetencyEvidence name='Extent of Experience' typeDescription='Extent of Experience' type='MONTH' lastUsed='2011'><NumericValue description='MONTH'>79</NumericValue></CompetencyEvidence>

<CompetencyWeight type='skillLevel'><NumericValue minValue='0' maxValue='100'>80</NumericValue></CompetencyWeight>

<CompetencyWeight type='skillProficiency'><StringValue minValue='BASIC' maxValue='EXCELLENT'>GOOD</StringValue></CompetencyWeight>
</Competency>

<Competency oids='28 ' description='Skill' auth='yes' name='FSA Know Your Client'>
<CompetencyEvidence name='Extent of Experience' typeDescription='Extent of Experience' type='MONTH' lastUsed='2011'><NumericValue description='MONTH'>79</NumericValue></CompetencyEvidence>

<CompetencyEvidence typeDescription='Alias' name='Alias'><StringValue>KYC</StringValue></CompetencyEvidence>

<CompetencyWeight type='skillLevel'><NumericValue minValue='0' maxValue='100'>81</NumericValue></CompetencyWeight>

<CompetencyWeight type='skillProficiency'><StringValue minValue='BASIC' maxValue='EXCELLENT'>GOOD</StringValue></CompetencyWeight>
</Competency>

<Competency oids='80 ' description='Skill > IT' auth='yes' name='Bloomberg Software'>
<CompetencyEvidence typeDescription='Alias' name='Alias'><StringValue>Bloomberg</StringValue></CompetencyEvidence>

<CompetencyWeight type='skillLevel'><NumericValue minValue='0' maxValue='100'>15</NumericValue></CompetencyWeight>
</Competency>

<Competency oids='36 ' description='Skill' auth='yes' name='Audit'>
<CompetencyEvidence name='Extent of Experience' typeDescription='Extent of Experience' type='MONTH' lastUsed='2011'><NumericValue description='MONTH'>79</NumericValue></CompetencyEvidence>

<CompetencyWeight type='skillLevel'><NumericValue minValue='0' maxValue='100'>80</NumericValue></CompetencyWeight>

<CompetencyWeight type='skillProficiency'><StringValue minValue='BASIC' maxValue='EXCELLENT'>GOOD</StringValue></CompetencyWeight>
</Competency>

<Competency oids='27 ' description='Skill' auth='yes' name='Anti-Money Laundering'>
<CompetencyEvidence name='Extent of Experience' typeDescription='Extent of Experience' type='MONTH' lastUsed='2011'><NumericValue description='MONTH'>79</NumericValue></CompetencyEvidence>

<CompetencyEvidence typeDescription='Alias' name='Alias'><StringValue>AML</StringValue></CompetencyEvidence>

<CompetencyWeight type='skillLevel'><NumericValue minValue='0' maxValue='100'>82</NumericValue></CompetencyWeight>

<CompetencyWeight type='skillProficiency'><StringValue minValue='BASIC' maxValue='EXCELLENT'>GOOD</StringValue></CompetencyWeight>
</Competency>

<Competency oids='61 ' description='Skill' auth='yes' name='Account Reconciliations'>
<CompetencyEvidence name='Extent of Experience' typeDescription='Extent of Experience' type='MONTH' lastUsed='2001'><NumericValue description='MONTH'>29</NumericValue></CompetencyEvidence>

<CompetencyEvidence typeDescription='Alias' name='Alias'><StringValue>account reconciliation</StringValue></CompetencyEvidence>

<CompetencyWeight type='skillLevel'><NumericValue minValue='0' maxValue='100'>32</NumericValue></CompetencyWeight>

<CompetencyWeight type='skillProficiency'><StringValue minValue='BASIC' maxValue='EXCELLENT'>BASIC</StringValue></CompetencyWeight>
</Competency>

<Competency oids='77 ' description='Skill > IT' auth='yes' name='ADP Human Resources'>
<CompetencyEvidence typeDescription='Alias' name='Alias'><StringValue>ADP</StringValue></CompetencyEvidence>

<CompetencyWeight type='skillLevel'><NumericValue minValue='0' maxValue='100'>15</NumericValue></CompetencyWeight>
</Competency>

<Competency oids='8_1 9_1 ' description='Held Position' auth='no' name='managers'>
<CompetencyWeight type='skillLevel'><NumericValue minValue='0' maxValue='100'>15</NumericValue></CompetencyWeight>
</Competency>

<Competency oids='81_1 ' description='Held Position' auth='no' name='State Street Cash Manager'>
<CompetencyWeight type='skillLevel'><NumericValue minValue='0' maxValue='100'>15</NumericValue></CompetencyWeight>
</Competency>

<Competency oids='49_1_1 ' description='Held Position' auth='no' name='Staff Accountant'>
<CompetencyEvidence name='Extent of Experience' typeDescription='Extent of Experience' type='MONTH' lastUsed='2005'><NumericValue description='MONTH'>10</NumericValue></CompetencyEvidence>

<CompetencyWeight type='skillLevel'><NumericValue minValue='0' maxValue='100'>26</NumericValue></CompetencyWeight>

<CompetencyWeight type='skillProficiency'><StringValue minValue='BASIC' maxValue='EXCELLENT'>BASIC</StringValue></CompetencyWeight>
</Competency>

<Competency oids='14_2_1 ' description='Held Position' auth='no' name='Manager'>
<CompetencyEvidence name='Extent of Experience' typeDescription='Extent of Experience' type='MONTH' lastUsed='2012'><NumericValue description='MONTH'>7</NumericValue></CompetencyEvidence>

<CompetencyWeight type='skillLevel'><NumericValue minValue='0' maxValue='100'>100</NumericValue></CompetencyWeight>

<CompetencyWeight type='skillProficiency'><StringValue minValue='BASIC' maxValue='EXCELLENT'>EXCELLENT</StringValue></CompetencyWeight>
</Competency>

<Competency oids='57_1 ' description='Held Position' auth='no' name='Managed custodian'>
<CompetencyWeight type='skillLevel'><NumericValue minValue='0' maxValue='100'>15</NumericValue></CompetencyWeight>
</Competency>

<Competency oids='39_1 ' description='Held Position' auth='no' name='Investment Manager'>
<CompetencyEvidence name='Extent of Experience' typeDescription='Extent of Experience' type='MONTH' lastUsed='2011'><NumericValue description='MONTH'>79</NumericValue></CompetencyEvidence>

<CompetencyWeight type='skillLevel'><NumericValue minValue='0' maxValue='100'>85</NumericValue></CompetencyWeight>

<CompetencyWeight type='skillProficiency'><StringValue minValue='BASIC' maxValue='EXCELLENT'>GOOD</StringValue></CompetencyWeight>
</Competency>

<Competency oids='62_1 ' description='Held Position' auth='no' name='Handled supervisor'>
<CompetencyEvidence name='Extent of Experience' typeDescription='Extent of Experience' type='MONTH' lastUsed='2001'><NumericValue description='MONTH'>29</NumericValue></CompetencyEvidence>

<CompetencyWeight type='skillLevel'><NumericValue minValue='0' maxValue='100'>31</NumericValue></CompetencyWeight>

<CompetencyWeight type='skillProficiency'><StringValue minValue='BASIC' maxValue='EXCELLENT'>BASIC</StringValue></CompetencyWeight>
</Competency>

<Competency oids='60_1 ' description='Held Position' auth='no' name='Client Services Support Representative'>
<CompetencyEvidence name='Extent of Experience' typeDescription='Extent of Experience' type='MONTH' lastUsed='2001'><NumericValue description='MONTH'>29</NumericValue></CompetencyEvidence>

<CompetencyWeight type='skillLevel'><NumericValue minValue='0' maxValue='100'>32</NumericValue></CompetencyWeight>

<CompetencyWeight type='skillProficiency'><StringValue minValue='BASIC' maxValue='EXCELLENT'>BASIC</StringValue></CompetencyWeight>
</Competency>

<Competency oids='52_1 ' description='Held Position' auth='no' name='Client Services Representative'>
<CompetencyEvidence name='Extent of Experience' typeDescription='Extent of Experience' type='MONTH' lastUsed='2004'><NumericValue description='MONTH'>34</NumericValue></CompetencyEvidence>

<CompetencyWeight type='skillLevel'><NumericValue minValue='0' maxValue='100'>32</NumericValue></CompetencyWeight>

<CompetencyWeight type='skillProficiency'><StringValue minValue='BASIC' maxValue='EXCELLENT'>BASIC</StringValue></CompetencyWeight>
</Competency>

<Competency oids='16_1 ' description='Held Position' auth='no' name='Associate Manager, Investor Services'>
<CompetencyEvidence name='Extent of Experience' typeDescription='Extent of Experience' type='MONTH' lastUsed='2011'><NumericValue description='MONTH'>79</NumericValue></CompetencyEvidence>

<CompetencyWeight type='skillLevel'><NumericValue minValue='0' maxValue='100'>86</NumericValue></CompetencyWeight>

<CompetencyWeight type='skillProficiency'><StringValue minValue='BASIC' maxValue='EXCELLENT'>GOOD</StringValue></CompetencyWeight>
</Competency>

<Competency oids='83_1 ' description='Held Position' auth='no' name='Advent Partner'>
<CompetencyWeight type='skillLevel'><NumericValue minValue='0' maxValue='100'>15</NumericValue></CompetencyWeight>
</Competency>

<Competency oids='64 ' description='Degree/Qualification > Professional' auth='no' name='Series 7'>
<CompetencyWeight type='skillLevel'><NumericValue minValue='0' maxValue='100'>12</NumericValue></CompetencyWeight>
</Competency>

<Competency oids='67 ' description='Degree/Qualification > Professional' auth='no' name='Series 63'>
<CompetencyWeight type='skillLevel'><NumericValue minValue='0' maxValue='100'>12</NumericValue></CompetencyWeight>
</Competency>

<Competency oids='70_2 ' description='Degree/Qualification' auth='yes' name='Bachelors Degree > Bachelor of Arts > Bachelor of Arts Economics'>
<CompetencyEvidence name='Application' typeDescription='Application' type='Economics'><StringValue>Economics</StringValue></CompetencyEvidence>

<CompetencyEvidence typeDescription='Alias' name='Alias'><StringValue>BA Degree in Economics</StringValue></CompetencyEvidence>

<CompetencyWeight type='skillLevel'><NumericValue minValue='0' maxValue='100'>12</NumericValue></CompetencyWeight>
</Competency>

<Competency description='Industry' auth='yes' name='industry~ambiguous'>
<CompetencyEvidence name='skillCount' typeDescription='skillCount'><NumericValue>1</NumericValue></CompetencyEvidence>

<CompetencyWeight type='skillLevel'><NumericValue minValue='0' maxValue='100'>64</NumericValue></CompetencyWeight>
</Competency>
























<RevisionDate id='2'>2013-03-10</RevisionDate>
</StructuredXMLResume>
<NonXMLResume>

<TextResume>



{{HEADER}}



<span inprof='y' id='1' class='nominal'>Adam J. Weisberg</span>





{{END_HEADER}}

<span inprof='n' id='2' class='date'>{{DOCUMENT_DATESTAMP}} 2013-3-10 {{END_DOCUMENT_DATESTAMP}}</span>



<span inprof='y' id='3' class='location'>752 Downing Street        Phone: (917) 579-4495
Teaneck, NJ 07666</span>         <span inprof='y' id='4' class='email'>Email: adamjmax@yahoo.com</span>


<span inprof='n' id='5' class='edu-hist-mark'>QUALIFICATIONS:</span>
*  Extensive expertise in servicing <span inprof='y' id='6' class='skill'>back office</span> operations for top-tier <span inprof='y' id='7' class='skill'>hedge funds</span> and investment <span inprof='y' id='8_1' class='role'>managers</span>.  Directly supports the needs of fund <span inprof='y' id='9_1' class='role'>managers</span>, institutional and private investors, trading desks, and corporate treasury departments. ; 
*  Proven ability to provide quantifiable service excellence and value, exceeding customer expectations. ; 
*  Possesses <span inprof='y' id='10' class='skill'>strong communication skills</span>. Poised and self--confident in dealing with people at all levels. ; 
*  Works effectively within team dynamics and has assumed leadership roles for teams of up to 5 associates.
<span inprof='n' id='11' class='work-hist-mark'>EXPERIENCE:</span>

Investor Services Management Expertise                                       <span inprof='y' id='12_1' class='date'>May 2005</span> - <span inprof='y' id='12_2' class='date'>Oct. 2012</span>

<span inprof='y' id='13' class='location'>IFS State Street</span>; NYC; <span inprof='y' id='14_1' class='company'>Transfer Agency</span> <span inprof='y' id='14_2_1' class='role'>Manager</span>                               <span inprof='y' id='14_3_1' class='date'>Apr. 2012</span> - <span inprof='y' id='14_3_2' class='date'>Oct 2012</span>

<span inprof='y' id='15' class='company'>GlobeOp Financial Services</span>; NYC; <span inprof='y' id='16_1' class='role'>Associate Manager, Investor Services</span>             <span inprof='y' id='17_1' class='date'>May 2005</span> -  <span inprof='y' id='17_2' class='date'>Nov. 2011</span>



Managed domestic and international client relations and monitored monthly capital activity for <span inprof='y' id='18' class='skill'>onshore</span> and <span inprof='y' id='19' class='skill'>offshore</span> feeders with <span inprof='n' id='20' class='money'>$10</span>+ Billion AUM. Group accounted for <span inprof='n' id='21' class='percent'>40%</span> of all investor activity within the firm.
*  <span inprof='y' id='22' class='skill'>Responsible for ensuring team members</span> completed their tasks accurately and on time. Trained new hires within the group and assisted them with their day to day work, acting as a point of escalation for all issues. ; 
*  Participated in the Business Analysis Team liaising with IT in the creation and testing of an online, paperless straight-through trade processing system.  Documented user specifications and performed iterative QA and <span inprof='y' id='23' class='skill'>unit testing</span>. The solution achieved a <span inprof='n' id='24' class='percent'>200%</span> efficiency increase and enabled the company to take on more clients without any increase in headcount. ; 
*  Participated in an AML remediation project to review and collect proper documentation for all current investors. Efforts led to a compliance approval rating of over <span inprof='n' id='25' class='percent'>96%</span> after a <span inprof='n' id='26' class='duration'>2 month</span> effort. ; 
*  Responsible for signing off and approving all investor trades (subscriptions, redemptions, transfers) within the group. Performed <span inprof='y' id='27' class='skill'>AML</span>/<span inprof='y' id='28' class='skill'>KYC</span> checks pursuant to US and Cayman regulations on all incoming subscription and outgoing redemption wires. Reviewed all incoming subscription documents for accuracy and completeness. ; 
*  Created and reviewed/approved wire transfers on behalf <span inprof='n' id='29' class='bad-occupation'>of Investment Manager</span> <span inprof='n' id='30' class='bad-occupation'>through Cash Manager</span> System. ; 
*  Reviewed fund's bank accounts to make sure all cash is reconciled on a daily basis. ; 
*  Assisted in the design and testing of an online customer portal that allowed investors to access their monthly statements and contract notes. This self-<span inprof='y' id='31' class='skill'>service deployment</span> resulted in a <span inprof='n' id='32' class='percent'>15%</span> reduction in overall investor queries and a <span inprof='n' id='33' class='percent'>75%</span> reduction of errors within related, internal support processes. ; 
*  <span inprof='y' id='34' class='skill'>Responsible for integration</span> of all investor data regarding new fund conversions into the company's share registry system. Reconciled format discrepancies and oversaw data format translations. ; 
*  Reviewed and approved all investor contact updates to be added/removed from share registry. ; 
*  Responsible for creating &#38; reviewing/approving <span inprof='y' id='35' class='skill'>year-end</span> investor <span inprof='y' id='36' class='skill'>audit</span> requests and questionnaires. ; 
*  Supported <span inprof='y' id='37' class='skill'>Investment Management</span> team; monitored liquidity terms and track current assets subject to lock-up provisions as well as gate restrictions on redemptions. ; 
*  Performed all aspects of <span inprof='y' id='38' class='skill'>hedge fund</span> trade execution in cooperation with Fund Managers. ; 
*  Produced monthly NAV statements and monthly contract notes, reviewed and coordinated with the Fund Accountants and <span inprof='y' id='39_1' class='role'>Investment Manager</span> for their approval, and ensured they were released out to investors. ; 
*  Resolved Investor queries and interacted <span inprof='n' id='40' class='bad-occupation'>with Investment Manager</span> with regards to Investor issues. ; 
*  <span inprof='y' id='41' class='skill'>Managed the distribution of Fund Offering Memoranda and other official fund</span> documents, including Audited <span inprof='y' id='42' class='skill'>Financial Statements</span> and K-1's. ; 
*  Communicated with various internal departments such as <span inprof='y' id='43' class='skill'>Fund Accounting</span>, Share Registry, Operations, Legal and Account Control, regarding <span inprof='y' id='44' class='skill'>transaction processing</span>, new client setup, and finalizing the month-end NAV. ; 
*  Coordinated and <span inprof='y' id='45' class='skill'>managed due diligence</span> conference calls for prospective investors and calls relating to new fund launches, fund closures, and other fund related activities. ; 
*  Produced monthly ERISA reports and forwarded <span inprof='n' id='46' class='bad-occupation'>to the Investment Manager</span> for review/approval.





<span inprof='y' id='47' class='company'>Lazard Freres &#38; Co.  LLC</span>; NYC             <span inprof='n' id='48' class='date-range'>Nov. 2001 - May 2005</span>


<span inprof='y' id='49_1_1' class='role'>Staff Accountant</span>, <span inprof='n' id='49_2' class='company'>Private Client Group</span>        <span inprof='y' id='49_3_1' class='date'>Aug. 2004</span> - <span inprof='y' id='49_3_2' class='date'>May 2005</span>


<span inprof='y' id='50' class='skill'>Responsible for the reconciliation</span> and discrepancy resolution for over 200 client accounts. 
*  Reconciled client account activities against custodian bank records including inflows and outflows of cash, buys and sells, dividend and interest payments, as well as varied <span inprof='y' id='51' class='skill'>tax reclaims</span>. ; 
*  Reviewed and confirmed the accuracy of monthly and quarterly performance reports, quarterly client reports, and weekly account holding reports. ; 
*  Generated summary reports verifying the accuracy of all assigned accounts.

<span inprof='y' id='52_1' class='role'>Client Services Representative</span>, Institutional Clients        <span inprof='y' id='53_1' class='date'>Nov. 2001</span> - <span inprof='y' id='53_2' class='date'>Aug. 2004</span>


*  Established new accounts.  Processed new account documentation and all related paperwork. ; 
*  Effected changes to existing accounts.  Revised customer contracts, fee schedules, and guidelines. Prepared <span inprof='y' id='54' class='skill'>mutual fund</span> consent documentation. Coordinated activities with the Legal, <span inprof='y' id='55' class='skill'>Portfolio Management</span>, Settlements, Compliance, and Accounting teams to ensure the accuracy of all <span inprof='y' id='56' class='skill'>account management</span> activities. ; 
*  <span inprof='y' id='57_1' class='role'>Managed custodian</span> bank information regarding new/existing accounts.  Processed required forms and documentation, verified supplied custodian bank account information, received and processed settlement instructions, reconcile securities and lists of incoming assets.
<span inprof='y' id='58' class='company'>TD Waterhouse Group, Inc.</span>; NYC                                                                         <span inprof='y' id='59_1' class='date'>July 1999</span> - <span inprof='y' id='59_2' class='date'>Nov. 2001</span>

<span inprof='y' id='60_1' class='role'>Client Services Support Representative</span>

*  Assisted customer with brokerage issues ranging from new account set up, brokerage trades and order entry, <span inprof='y' id='61' class='skill'>account reconciliation</span>, money transfer requests, banking functions, and web site navigation. ; 
*  Provided support to clients describing basic brokerage and trading concepts, rules regulations, and complex trading strategies while outlining risks, rewards, and possible investment outcomes to investors. ; 
*  Established and managed customers' IRA accounts, describing advantages and disadvantages of plan options and calculating required minimum distributions for account holders. ; 
*  <span inprof='y' id='62_1' class='role'>Handled supervisor</span>-level issues and callback responsibilities during peak periods.
<span inprof='n' id='63' class='edu-hist-mark'>EDUCATION &#38; LICENSES:</span>
*  <span inprof='y' id='64' class='qualif'>Series 7</span> License, <span inprof='y' id='65' class='date'>September 2000</span> (Lapsed <span inprof='y' id='66' class='date'>December 2004</span>) ; 
*  <span inprof='y' id='67' class='qualif'>Series 63</span> License, <span inprof='n' id='68' class='date'>October 2000</span> (Lapsed <span inprof='n' id='69' class='date'>December 2004</span>) ; 
*  <span inprof='y' id='70_1' class='educational'>Queens College, City University of New York</span>; <span inprof='y' id='70_2' class='qualif'>BA Degree in Economics</span>, <span inprof='y' id='70_3' class='date'>August 1998</span>
<span inprof='n' id='71' class='skills-qualif-mark'>COMPUTER SKILLS:</span>
<span inprof='y' id='72' class='sofwr'>MS Excel</span>, <span inprof='y' id='73' class='sofwr'>Word</span>, <span inprof='y' id='74' class='sofwr'>Access</span>, <span inprof='y' id='75' class='sofwr'>Lotus Notes</span>, <span inprof='y' id='76' class='sofwr'>Vantive</span>, <span inprof='y' id='77' class='sofwr'>ADP</span> Brokerage Processing System, AMG, <span inprof='y' id='78' class='sofwr'>Portia</span>, <span inprof='n' id='79' class='location'>Argos</span>, STaARS, Pershing Nexus, NTAS, <span inprof='y' id='80' class='sofwr'>Bloomberg</span>, <span inprof='y' id='81_1' class='role'>State Street Cash Manager</span>, ISS, <span inprof='n' id='82' class='company'>Intralinks</span>, <span inprof='y' id='83_1' class='role'>Advent Partner</span>

<span inprof='n' id='84' class='additional-info-hobby-mark'>INTERESTS:</span>
Member of local softball and floor hockey leagues
Member, Yachad, a <span inprof='n' id='85' class='company'>division of the Orthodox Union</span> that works with special needs children.





{{FOOTER}}



<span inprof='n' id='86' class='page'>Page 2</span>
 of 2




{{END_FOOTER}}

</TextResume>

</NonXMLResume>



<UserArea>
<DaxResumeUserArea>
<AdditionalPersonalData>
<Hobbies>INTERESTS:
Member of local softball and floor hockey leagues
Member, Yachad, a division of the Orthodox Union that works with special needs children.





{{FOOTER}}



Page 2
 of 2




</Hobbies>
<ExperienceSummary>
<TotalMonthsOfWorkExperience>249</TotalMonthsOfWorkExperience>
<TotalYearsOfWorkExperience>21</TotalYearsOfWorkExperience>
<TotalMonthsOfManagementWorkExperience>86</TotalMonthsOfManagementWorkExperience>
<TotalYearsOfManagementWorkExperience>7.1</TotalYearsOfManagementWorkExperience>
<TotalMonthsOfLowLevelManagementWorkExperience>86</TotalMonthsOfLowLevelManagementWorkExperience>
<TotalYearsOfLowLevelManagementWorkExperience>7.1</TotalYearsOfLowLevelManagementWorkExperience>
<ExecutiveBrief>Adam J. Weisberg is a resident of Teaneck, NJ, US. He has been working in the Ambiguous  occupational sector for more than 21 years. Adam has an extensive management experience (7.1 years).</ExecutiveBrief>
<ManagementRecord>Since 2012-04 for 7 months the candidate had experience at a lower grade management level working as a Manager at Transfer Agency.
Since 2005-05 for 79 months the candidate had experience at a lower grade management level working as a Associate Manager, Investor Services at GlobeOp Financial Services.
</ManagementRecord>
</ExperienceSummary>
</AdditionalPersonalData>
<ParserInfo>
<ParserConfiguration>{max_len=50000} {tel_flag=} {send_zip=} {fast_conv=} {DEF_LOCAL=} {sdate=0} {no_email_body=0} {do_clever_zoning=1} {keep_span=1} {complex=1} {accept_langs=} {not_accept_langs=} {prefer_lang_cv=EN} {pers_only=0} {turbo=0} {split_language=0} {picture=0} {picture_inline=0} {name_space=0} {charset=} {hrxml_upgrade_edu_hist=0}{hrxml_add_languages_section=0}{spool=} {docID=} {user=DEFAULT} </ParserConfiguration>
<ParserRelease>0.12.3.32629</ParserRelease>
<ParserReleaseDate>2014-06-18</ParserReleaseDate>
<ParserSchema>2.0.29</ParserSchema>
<ParserSchemaLocation>http://cvx.daxtra.com/cvts/xsd/candidate/2.0.29/Resume.xsd</ParserSchemaLocation>
<ConverterRelease>0.5.2.32629</ConverterRelease>
<ConverterReleaseDate>2014-06-18</ConverterReleaseDate>
</ParserInfo>
<FileStruct filename='/home/izoom/anazarov/grammar/analysis/3rconnect/doc/100_Resumes-Walsh/AdamWeisbergResume.doc'>

<attachment fname='AdamWeisbergResume.doc' ftype='doc' conv='yes' doc_type='cv' lang='EN'>/home/izoom/anazarov/grammar/analysis/3rconnect/doc/100_Resumes-Walsh/AdamWeisbergResume.doc</attachment>


</FileStruct>
</DaxResumeUserArea>
</UserArea>
</Resume>
