<?xml version='1.0' encoding='ISO-8859-1'?>
<Resume lang='en' src='DAXTRA-CVX schema:2.0.29 release:0.12.3.32629 rdate:2014-06-18'>
<StructuredXMLResume>
<ContactInfo>
<PersonName id='1'>
<FormattedName>Aiesha Wallace</FormattedName>
<GivenName>Aiesha</GivenName>
<FamilyName>Wallace</FamilyName>
<sex>Female</sex>
</PersonName>
<ContactMethod>
<Telephone id='3' type='home'>
<InternationalCountryCode>1</InternationalCountryCode>
<SubscriberNumber>201 394-8154</SubscriberNumber>
<FormattedNumber>+1 201 394-8154</FormattedNumber></Telephone>

<InternetEmailAddress id='4' type='main'>aieshasmall@aim.com</InternetEmailAddress>
<PostalAddress id='2' type='main'>
<CountryCode>US</CountryCode>
<PostalCode>07062</PostalCode>
<Region>NJ</Region>
<Municipality>Plainfield</Municipality>
<DeliveryAddress>
<AddressLine>390 Harvey Place</AddressLine>
<StreetName>Harvey Place</StreetName>
<BuildingNumber>390</BuildingNumber>
</DeliveryAddress>

</PostalAddress>
</ContactMethod>
</ContactInfo>


<EmploymentHistory>
<EmployerOrg employerOrgType='soleEmployer'>
<EmployerOrgName id='11_1'>Morgan Stanley Smith Barney</EmployerOrgName>
<EmployerContactInfo>
<LocationSummary id='11_2'>
<Municipality>Jersey City</Municipality>
<Region>NJ</Region>
<CountryCode>US</CountryCode>
</LocationSummary>
</EmployerContactInfo>
<PositionHistory positionType='PERMANENT'>
<Title id='11_4_1'>RETIREMENT SPECIALIST GLOBAL WEALTH MANAGEMENT</Title>
<OrgName id='11_1'>Morgan Stanley Smith Barney</OrgName>



<Description>*  Managing over 1 Million Retirement Accounts. ; 
    *  Handle and confirm all internal account transfer to and from IRA accounts. ; 
    *  Communicate IRA rollover, Tax reporting and Distribution procedures. ; 
    *  Provide key support to Financial Advisors in the transfer of client's 401K, Defined Benefit Plans to IRA accounts. ; 
    *    Ensure compliance with policies and protocols. ; 
    *  Prepare and generate IRS 1099R and 5498 tax form and or corrections. ; 
    *  Compile all federal, State tax credits and debits processed in all IRA account within Morgan Stanley Smith Barney into a daily report. ; 
    *  Prepare and maintain Excel spreadsheet of federal and state tax payments made to IRS. ; 
    *  Analysis of monthly client statements ensuring accurate investment valuation and total account valuation. ; 
    *  Analysis of Fee and Revenue reporting for Business Retirement Plans. ; 
    *  Successfully answer all escalated issues from branch personnel. ; 
    *  Conduct internal audits to ascertain inquiries are processed efficiently. ; 
    *  Work on special ad hoc projects such as improvement of programs used by Retirement operation. ; 
    *  Implement new procedure and processes regarding knowledge and training. ; 
    *  Wiring funds from the IRA to the client's retail account. ;</Description>
<StartDate id='11_3_1'><YearMonth>2004-11</YearMonth></StartDate>
<EndDate id='11_3_2'><YearMonth>2012-01</YearMonth></EndDate>



<JobLevelInfo>
<JobGrade>joblevel-management-mid</JobGrade>
</JobLevelInfo>

<JobCategory>
<TaxonomyName>JOBAREA</TaxonomyName>
<CategoryCode>accountancy</CategoryCode>
</JobCategory>


<UserArea>
<DaxPositionHistoryUserArea>
<TLSPAN first_id='11' last_id='21' border_id='22'></TLSPAN>
<MonthsOfWork>87</MonthsOfWork>
</DaxPositionHistoryUserArea>
</UserArea>
</PositionHistory>
</EmployerOrg>

<EmployerOrg employerOrgType='soleEmployer'>
<EmployerOrgName id='22_1'>Mellon H.R. Solutions</EmployerOrgName>
<EmployerContactInfo>
<LocationSummary id='22_2'>
<Municipality>Little Falls</Municipality>
<Region>NJ</Region>
<CountryCode>US</CountryCode>
</LocationSummary>
</EmployerContactInfo>
<PositionHistory positionType='PERMANENT'>
<Title id='23_1'>RETIREMENT AND PENSION CASE SPECIALIST</Title>
<OrgName id='22_1'>Mellon H.R. Solutions</OrgName>



<Description>*  Completing distribution form the client's 401k plan ; 
    *  Reallocating and transfers of funds
    *  Processing incoming rollovers ; 
    *  Explaining summary plan descriptions for mutable clients ; 
    *  Ascertaining participants with Minimum Required distribution ;</Description>
<StartDate id='22_3_1'><YearMonth>2003-01</YearMonth></StartDate>
<EndDate id='22_3_2'><YearMonth>2004-11</YearMonth></EndDate>




<JobCategory>
<TaxonomyName>JOBAREA</TaxonomyName>
<CategoryCode>banking-finance</CategoryCode>
</JobCategory>


<UserArea>
<DaxPositionHistoryUserArea>
<TLSPAN first_id='22' last_id='23' border_id='24'></TLSPAN>
<MonthsOfWork>23</MonthsOfWork>
</DaxPositionHistoryUserArea>
</UserArea>
</PositionHistory>
</EmployerOrg>

<EmployerOrg employerOrgType='soleEmployer'>
<EmployerOrgName id='24_1'>Equiserve -First Chicago Trust Company</EmployerOrgName>
<EmployerContactInfo>
<LocationSummary id='24_2'>
<Municipality>Jersey City</Municipality>
<Region>NJ</Region>
<CountryCode>US</CountryCode>
</LocationSummary>
</EmployerContactInfo>
<PositionHistory positionType='PERMANENT'>
<Title id='24_4_1'>CUSTOMER SERVICE</Title>
<OrgName id='24_1'>Equiserve -First Chicago Trust Company</OrgName>



<Description>*  Assisting shareholders  and brokers with stock transferring ; 
    *  Processing over 80 shareholder corresponds daily ;</Description>
<StartDate id='24_3_1'><YearMonth>1999-02</YearMonth></StartDate>
<EndDate id='24_3_2'><YearMonth>2002-06</YearMonth></EndDate>




<JobCategory>
<TaxonomyName>JOBAREA</TaxonomyName>
<CategoryCode>customer-service</CategoryCode>
</JobCategory>


<UserArea>
<DaxPositionHistoryUserArea>
<TLSPAN first_id='24' last_id='25' border_id='0'></TLSPAN>
<MonthsOfWork>41</MonthsOfWork>
</DaxPositionHistoryUserArea>
</UserArea>
</PositionHistory>
</EmployerOrg>

</EmploymentHistory>
<EducationHistory>
<SchoolOrInstitution schoolType='college'>
<SchoolName id='27_1'>St. Peters College</SchoolName>
<LocationSummary id='27_2'>
<Municipality>Jersey City</Municipality>
<Region>NJ</Region>
<CountryCode>US</CountryCode>
</LocationSummary>







<Comments>Certificate Computerized Financing, Institute of Financing, Jersey City, NJ
Diploma, Henry Snyder High School, Jersey City, NJ</Comments>
</SchoolOrInstitution>

<SchoolOrInstitution schoolType='college'>
<SchoolName id='28'>Institute of Financing</SchoolName>
<LocationSummary id='28'>
<Municipality>Jersey City</Municipality>
<Region>NJ</Region>
<CountryCode>US</CountryCode>
</LocationSummary>


<Degree degreeType='certification'>
<DegreeName id='27_3'>Certificate Computerized Financing</DegreeName>

</Degree>




<Comments>Diploma, Henry Snyder High School, Jersey City, NJ</Comments>
</SchoolOrInstitution>

<SchoolOrInstitution schoolType='college'>
<SchoolName id='29_2'>Henry Snyder High School</SchoolName>
<LocationSummary id='29_3'>
<Municipality>Jersey City</Municipality>
<Region>NJ</Region>
<CountryCode>US</CountryCode>
</LocationSummary>


<Degree degreeType='some college'>
<DegreeName id='29_1'>Diploma</DegreeName>

</Degree>





</SchoolOrInstitution>

</EducationHistory>











<Competency oids='12 14 15 18 ' description='Skill' auth='yes' name='Taxation'>
<CompetencyEvidence name='Extent of Experience' typeDescription='Extent of Experience' type='MONTH' lastUsed='2012'><NumericValue description='MONTH'>87</NumericValue></CompetencyEvidence>

<CompetencyEvidence typeDescription='Alias' name='Alias'><StringValue>Tax</StringValue></CompetencyEvidence>

<CompetencyWeight type='skillLevel'><NumericValue minValue='0' maxValue='100'>100</NumericValue></CompetencyWeight>

<CompetencyWeight type='skillProficiency'><StringValue minValue='BASIC' maxValue='EXCELLENT'>EXCELLENT</StringValue></CompetencyWeight>
</Competency>

<Competency oids='8 ' description='Skill' auth='no' name='problem solving'>
<CompetencyWeight type='skillLevel'><NumericValue minValue='0' maxValue='100'>13</NumericValue></CompetencyWeight>
</Competency>

<Competency oids='13 ' description='Skill' auth='no' name='key support'>
<CompetencyEvidence name='Extent of Experience' typeDescription='Extent of Experience' type='MONTH' lastUsed='2012'><NumericValue description='MONTH'>87</NumericValue></CompetencyEvidence>

<CompetencyWeight type='skillLevel'><NumericValue minValue='0' maxValue='100'>99</NumericValue></CompetencyWeight>

<CompetencyWeight type='skillProficiency'><StringValue minValue='BASIC' maxValue='EXCELLENT'>EXCELLENT</StringValue></CompetencyWeight>
</Competency>

<Competency oids='7 ' description='Skill' auth='no' name='excellent customer service skills'>
<CompetencyWeight type='skillLevel'><NumericValue minValue='0' maxValue='100'>13</NumericValue></CompetencyWeight>
</Competency>

<Competency oids='17 ' description='Skill > IT' auth='yes' name='Microsoft Excel'>
<CompetencyEvidence name='Extent of Experience' typeDescription='Extent of Experience' type='MONTH' lastUsed='2012'><NumericValue description='MONTH'>87</NumericValue></CompetencyEvidence>

<CompetencyEvidence typeDescription='Alias' name='Alias'><StringValue>Excel</StringValue></CompetencyEvidence>

<CompetencyWeight type='skillLevel'><NumericValue minValue='0' maxValue='100'>97</NumericValue></CompetencyWeight>

<CompetencyWeight type='skillProficiency'><StringValue minValue='BASIC' maxValue='EXCELLENT'>EXCELLENT</StringValue></CompetencyWeight>
</Competency>

<Competency oids='21 ' description='Skill' auth='yes' name='Internal Audit'>
<CompetencyEvidence name='Extent of Experience' typeDescription='Extent of Experience' type='MONTH' lastUsed='2012'><NumericValue description='MONTH'>87</NumericValue></CompetencyEvidence>

<CompetencyEvidence typeDescription='Alias' name='Alias'><StringValue>internal audits</StringValue></CompetencyEvidence>

<CompetencyWeight type='skillLevel'><NumericValue minValue='0' maxValue='100'>95</NumericValue></CompetencyWeight>

<CompetencyWeight type='skillProficiency'><StringValue minValue='BASIC' maxValue='EXCELLENT'>EXCELLENT</StringValue></CompetencyWeight>
</Competency>

<Competency oids='19 ' description='Skill' auth='yes' name='Interest Rate Swaps IRS'>
<CompetencyEvidence name='Extent of Experience' typeDescription='Extent of Experience' type='MONTH' lastUsed='2012'><NumericValue description='MONTH'>87</NumericValue></CompetencyEvidence>

<CompetencyEvidence typeDescription='Alias' name='Alias'><StringValue>IRS</StringValue></CompetencyEvidence>

<CompetencyWeight type='skillLevel'><NumericValue minValue='0' maxValue='100'>95</NumericValue></CompetencyWeight>

<CompetencyWeight type='skillProficiency'><StringValue minValue='BASIC' maxValue='EXCELLENT'>EXCELLENT</StringValue></CompetencyWeight>
</Competency>

<Competency oids='20 ' description='Skill' auth='no' name='Analysis of Fee and Revenue reporting'>
<CompetencyEvidence name='Extent of Experience' typeDescription='Extent of Experience' type='MONTH' lastUsed='2012'><NumericValue description='MONTH'>87</NumericValue></CompetencyEvidence>

<CompetencyWeight type='skillLevel'><NumericValue minValue='0' maxValue='100'>95</NumericValue></CompetencyWeight>

<CompetencyWeight type='skillProficiency'><StringValue minValue='BASIC' maxValue='EXCELLENT'>EXCELLENT</StringValue></CompetencyWeight>
</Competency>

<Competency oids='9_1 ' description='Held Position' auth='no' name='team leader'>
<CompetencyWeight type='skillLevel'><NumericValue minValue='0' maxValue='100'>13</NumericValue></CompetencyWeight>
</Competency>

<Competency oids='11_4_1 ' description='Held Position' auth='no' name='RETIREMENT SPECIALIST GLOBAL WEALTH MANAGEMENT'>
<CompetencyEvidence name='Extent of Experience' typeDescription='Extent of Experience' type='MONTH' lastUsed='2012'><NumericValue description='MONTH'>87</NumericValue></CompetencyEvidence>

<CompetencyWeight type='skillLevel'><NumericValue minValue='0' maxValue='100'>100</NumericValue></CompetencyWeight>

<CompetencyWeight type='skillProficiency'><StringValue minValue='BASIC' maxValue='EXCELLENT'>EXCELLENT</StringValue></CompetencyWeight>
</Competency>

<Competency oids='23_1 ' description='Held Position' auth='no' name='RETIREMENT AND PENSION CASE SPECIALIST'>
<CompetencyEvidence name='Extent of Experience' typeDescription='Extent of Experience' type='MONTH' lastUsed='2004'><NumericValue description='MONTH'>23</NumericValue></CompetencyEvidence>

<CompetencyWeight type='skillLevel'><NumericValue minValue='0' maxValue='100'>25</NumericValue></CompetencyWeight>

<CompetencyWeight type='skillProficiency'><StringValue minValue='BASIC' maxValue='EXCELLENT'>BASIC</StringValue></CompetencyWeight>
</Competency>

<Competency oids='24_4_1 ' description='Held Position' auth='no' name='CUSTOMER SERVICE'>
<CompetencyEvidence name='Extent of Experience' typeDescription='Extent of Experience' type='MONTH' lastUsed='2002'><NumericValue description='MONTH'>41</NumericValue></CompetencyEvidence>

<CompetencyWeight type='skillLevel'><NumericValue minValue='0' maxValue='100'>28</NumericValue></CompetencyWeight>

<CompetencyWeight type='skillProficiency'><StringValue minValue='BASIC' maxValue='EXCELLENT'>BASIC</StringValue></CompetencyWeight>
</Competency>

<Competency oids='29_1 ' description='Degree/Qualification' auth='no' name='Diploma'>
<CompetencyWeight type='skillLevel'><NumericValue minValue='0' maxValue='100'>12</NumericValue></CompetencyWeight>
</Competency>

<Competency oids='27_3 ' description='Degree/Qualification > Professional' auth='no' name='Certificate Computerized Financing'>
<CompetencyWeight type='skillLevel'><NumericValue minValue='0' maxValue='100'>12</NumericValue></CompetencyWeight>
</Competency>

<Competency oids='25 ' description='Degree/Qualification' auth='no' name='Associate > Associate Receiving'>
<CompetencyEvidence name='Application' typeDescription='Application' type='Receiving'><StringValue>Receiving</StringValue></CompetencyEvidence>

<CompetencyEvidence typeDescription='Alias' name='Alias'><StringValue>ASSOCIATE , * Receiving</StringValue></CompetencyEvidence>

<CompetencyWeight type='skillLevel'><NumericValue minValue='0' maxValue='100'>12</NumericValue></CompetencyWeight>
</Competency>

<Competency description='Industry' auth='yes' name='industry~accountancy'>
<CompetencyEvidence name='skillCount' typeDescription='skillCount'><NumericValue>1</NumericValue></CompetencyEvidence>

<CompetencyWeight type='skillLevel'><NumericValue minValue='0' maxValue='100'>100</NumericValue></CompetencyWeight>
</Competency>























<RevisionDate id='5'>2012-10-01</RevisionDate>
</StructuredXMLResume>
<NonXMLResume>

<TextResume>



{{HEADER}}



<span inprof='y' id='1' class='nominal'>AIESHA WALLACE</span>
<span inprof='y' id='2' class='location'>390 Harvey Place, Plainfield. NJ 07062</span>
<span inprof='y' id='3' class='telephone'>201-394-8154</span>
<span inprof='y' id='4' class='email'>aieshasmall@aim.com</span>





{{END_HEADER}}

<span inprof='n' id='5' class='date'>{{DOCUMENT_DATESTAMP}} 2012-10-1 {{END_DOCUMENT_DATESTAMP}}</span>


<span inprof='n' id='6' class='edu-hist-mark'>SUMMARY OF QUALIFICATIONS</span>

A result-oriented retirement plan expert with <span inprof='y' id='7' class='skill'>excellent customer service skills</span>. Produces exceptional results, demonstrates strength in leadership, teambuilding, <span inprof='y' id='8' class='skill'>problem solving</span> and knowledge sharing. Highly disciplined, respected <span inprof='y' id='9_1' class='role'>team leader</span> with exceptional capacity to multitask in a fast-paced environment.

<span inprof='n' id='10' class='work-hist-mark'>WORK EXPERIENCE</span>

<span inprof='y' id='11_1' class='company'>Morgan Stanley Smith Barney</span>, <span inprof='y' id='11_2' class='location'>Jersey City, NJ</span>            <span inprof='y' id='11_3_1' class='date'>11/2004</span> - <span inprof='y' id='11_3_2' class='date'>01/2012</span>
<span inprof='y' id='11_4_1' class='role'>RETIREMENT SPECIALIST GLOBAL WEALTH MANAGEMENT</span>
                                                        *  Managing over 1 Million Retirement Accounts. ; 
                                                        *  Handle and confirm all internal account transfer to and from IRA accounts. ; 
                                                        *  Communicate IRA rollover, <span inprof='y' id='12' class='skill'>Tax</span> reporting and Distribution procedures. ; 
                                                        *  Provide <span inprof='y' id='13' class='skill'>key support</span> to Financial Advisors in the transfer of client's 401K, Defined Benefit Plans to IRA accounts. ; 
                                                        *   Ensure compliance with policies and protocols. ; 
                                                        *  Prepare and generate IRS 1099R and 5498 <span inprof='y' id='14' class='skill'>tax</span> form and or corrections. ; 
                                                        *  Compile all federal, State <span inprof='y' id='15' class='skill'>tax</span> credits and debits processed in all IRA account within <span inprof='y' id='16' class='company'>Morgan Stanley Smith Barney</span> into a daily report. ; 
                                                        *  Prepare and maintain <span inprof='y' id='17' class='sofwr'>Excel</span> spreadsheet of federal and state <span inprof='y' id='18' class='skill'>tax</span> payments made to <span inprof='y' id='19' class='skill'>IRS</span>. ; 
                                                        *  Analysis of monthly client statements ensuring accurate investment valuation and total account valuation. ; 
                                                        *  <span inprof='y' id='20' class='skill'>Analysis of Fee and Revenue reporting</span> for Business Retirement Plans. ; 
                                                        *  Successfully answer all escalated issues from branch personnel. ; 
                                                        *  Conduct <span inprof='y' id='21' class='skill'>internal audits</span> to ascertain inquiries are processed efficiently. ; 
                                                        *  Work on special ad hoc projects such as improvement of programs used by Retirement operation. ; 
                                                        *  Implement new procedure and processes regarding knowledge and training. ; 
                                                        *  Wiring funds from the IRA to the client's retail account.

<span inprof='y' id='22_1' class='company'>Mellon H.R. Solutions</span>, <span inprof='y' id='22_2' class='location'>Little Falls, NJ</span>               <span inprof='y' id='22_3_1' class='date'>01/2003</span> - <span inprof='y' id='22_3_2' class='date'>11/2004</span>
401K, <span inprof='y' id='23_1' class='role'>RETIREMENT AND PENSION CASE SPECIALIST</span>
                                                      *  Completing distribution form the client's 401k plan ; 
                                                      *  Reallocating and transfers of funds
                                                      *  Processing incoming rollovers ; 
                                                      *  Explaining summary plan descriptions for mutable clients ; 
                                                      *  Ascertaining participants with Minimum Required distribution

<span inprof='y' id='24_1' class='company'>Equiserve -First Chicago Trust Company</span>, <span inprof='y' id='24_2' class='location'>Jersey City, NJ</span>          <span inprof='y' id='24_3_1' class='date'>02/1999</span> - <span inprof='y' id='24_3_2' class='date'>06/2002</span>
<span inprof='y' id='24_4_1' class='role'>CUSTOMER SERVICE</span> <span inprof='y' id='25' class='qualif'>ASSOCIATE
                                                                 *  Receiving</span>  over 100 incoming calls daily ; 
                                                                 *  Assisting shareholders  and brokers with stock transferring ; 
                                                                 *  Processing over 80 shareholder corresponds daily

<span inprof='n' id='26' class='edu-hist-mark'>EDUCATION</span>
Liberal Arts, <span inprof='y' id='27_1' class='educational'>St. Peters College</span>, <span inprof='y' id='27_2' class='location'>Jersey City, NJ</span>
<span inprof='y' id='27_3' class='qualif'>Certificate Computerized Financing</span>, <span inprof='y' id='28' class='educational'>Institute of Financing, Jersey City, NJ</span>
<span inprof='y' id='29_1' class='qualif'>Diploma</span>, <span inprof='y' id='29_2' class='educational'>Henry Snyder High School</span>, <span inprof='y' id='29_3' class='location'>Jersey City, NJ</span>

</TextResume>

</NonXMLResume>



<UserArea>
<DaxResumeUserArea>
<AdditionalPersonalData>
<ExperienceSummary>
<TotalMonthsOfWorkExperience>151</TotalMonthsOfWorkExperience>
<TotalYearsOfWorkExperience>12</TotalYearsOfWorkExperience>
<TotalMonthsOfManagementWorkExperience>87</TotalMonthsOfManagementWorkExperience>
<TotalYearsOfManagementWorkExperience>7.2</TotalYearsOfManagementWorkExperience>
<TotalMonthsOfMidLevelManagementWorkExperience>87</TotalMonthsOfMidLevelManagementWorkExperience>
<TotalYearsOfMidLevelManagementWorkExperience>7.2</TotalYearsOfMidLevelManagementWorkExperience>
<ExecutiveBrief>Aiesha Wallace is a resident of Plainfield, NJ, US. She has been working in the Accountancy  occupational sector for more than 12 years. During her last employment she was working as a RETIREMENT SPECIALIST GLOBAL WEALTH MANAGEMENT at Morgan Stanley Smith Barney. Aiesha has an extensive management experience (7.2 years) with exposure to executive/middle management positions.</ExecutiveBrief>
<ManagementRecord>Since 2004-11 for 87 months the candidate had experience at a executive/middle management level working as a RETIREMENT SPECIALIST GLOBAL WEALTH MANAGEMENT at Morgan Stanley Smith Barney.
</ManagementRecord>
</ExperienceSummary>
</AdditionalPersonalData>
<ParserInfo>
<ParserConfiguration>{max_len=50000} {tel_flag=} {send_zip=} {fast_conv=} {DEF_LOCAL=} {sdate=0} {no_email_body=0} {do_clever_zoning=1} {keep_span=1} {complex=1} {accept_langs=} {not_accept_langs=} {prefer_lang_cv=EN} {pers_only=0} {turbo=0} {split_language=0} {picture=0} {picture_inline=0} {name_space=0} {charset=} {hrxml_upgrade_edu_hist=0}{hrxml_add_languages_section=0}{spool=} {docID=} {user=DEFAULT} </ParserConfiguration>
<ParserRelease>0.12.3.32629</ParserRelease>
<ParserReleaseDate>2014-06-18</ParserReleaseDate>
<ParserSchema>2.0.29</ParserSchema>
<ParserSchemaLocation>http://cvx.daxtra.com/cvts/xsd/candidate/2.0.29/Resume.xsd</ParserSchemaLocation>
<ConverterRelease>0.5.2.32629</ConverterRelease>
<ConverterReleaseDate>2014-06-18</ConverterReleaseDate>
</ParserInfo>
<FileStruct filename='/home/izoom/anazarov/grammar/analysis/3rconnect/doc/100_Resumes-Walsh/aiesha..doc'>

<attachment fname='aiesha..doc' ftype='doc' conv='yes' doc_type='cv' lang='EN'>/home/izoom/anazarov/grammar/analysis/3rconnect/doc/100_Resumes-Walsh/aiesha..doc</attachment>


</FileStruct>
</DaxResumeUserArea>
</UserArea>
</Resume>
