<?xml version='1.0' encoding='ISO-8859-1'?>
<Resume lang='en' src='DAXTRA-CVX schema:2.0.29 release:0.12.3.32629 rdate:2014-06-18'>
<StructuredXMLResume>
<ContactInfo>
<PersonName id='2'>
<FormattedName>Amanda L. Hennessy</FormattedName>
<GivenName>Amanda</GivenName>
<MiddleName>L.</MiddleName>
<FamilyName>Hennessy</FamilyName>
<sex>Male</sex>
</PersonName>
<ContactMethod>
<Telephone id='4' type='home'>
<InternationalCountryCode>1</InternationalCountryCode>
<SubscriberNumber>608 386-5972</SubscriberNumber>
<FormattedNumber>+1 608 386-5972</FormattedNumber></Telephone>

<InternetEmailAddress id='5' type='main'>hennessy89@rocketmail.com</InternetEmailAddress>
<InternetWebAddress id='6' type='linkedin'>linkedin.com/in/hennessyamanda</InternetWebAddress>
<PostalAddress id='3' type='main'>
<CountryCode>US</CountryCode>
<PostalCode>54601</PostalCode>
<Region>WI</Region>
<Municipality>LA CROSSE</Municipality>
<DeliveryAddress>
<AddressLine>W5132 KEARNS CT</AddressLine>
<StreetName>KEARNS CT</StreetName>
<BuildingNumber>W5132</BuildingNumber>
</DeliveryAddress>

</PostalAddress>
</ContactMethod>
</ContactInfo>
<ExecutiveSummary>To obtain a full time position of employment where my skills can be utilized and grown
Skills
    *    Proven writing skills ; 
    *    Proficient knowledge of Microsoft Office (Word, Excel, Publisher, Power point, Outlook). ; 
    *    Knowledge and experience with social media sites.</ExecutiveSummary>


<EmploymentHistory>
<EmployerOrg employerOrgType='soleEmployer'>
<EmployerOrgName id='24'>Lee Enterprises</EmployerOrgName>
<EmployerContactInfo>
<LocationSummary id='23'>
<Municipality>La Crosse</Municipality>
<CountryCode>BE</CountryCode>
</LocationSummary>
</EmployerContactInfo>
<PositionHistory>
<Title id='21_1'>Sports Agate Clerk</Title>
<OrgName id='24'>Lee Enterprises</OrgName>



<Description>La Crosse Tribune, Lee Enterprises * 1140 Main Street 
*    Recorded sports scores. ; 
    *    Created and arranged layout of sports pages/cover. ; 
    *    Formatted documents to match AP style.
Part-Time
YMCA Childwatch Program Staff ,</Description>
<StartDate id='22_1'><YearMonth>2011-12</YearMonth></StartDate>
<EndDate id='22_2'>notApplicable</EndDate>




<JobCategory>
<TaxonomyName>JOBAREA</TaxonomyName>
<CategoryCode>secretarial</CategoryCode>
</JobCategory>


<UserArea>
<DaxPositionHistoryUserArea>
<TLSPAN first_id='21' last_id='25' border_id='26'></TLSPAN>
<MonthsOfWork>7</MonthsOfWork>
</DaxPositionHistoryUserArea>
</UserArea>
</PositionHistory>
</EmployerOrg>

<EmployerOrg employerOrgType='soleEmployer'>
<EmployerOrgName id='27'>YMCA</EmployerOrgName>
<EmployerContactInfo>
<LocationSummary id='28'>
<Municipality>La Crosse</Municipality>
<Region>WI</Region>
<CountryCode>US</CountryCode>
</LocationSummary>
</EmployerContactInfo>
<PositionHistory positionType='PERMANENT'>

<OrgName id='27'>YMCA</OrgName>



<Description>*    Recorded parent and child information. ; 
    *    Communicated with other supervisor, staff, children and parents. ; 
    *    Established relationships with children and parents. ; 
    *    Problem-solved various situations, incidents and accidents.</Description>
<StartDate id='26_1'><YearMonth>2008-08</YearMonth></StartDate>
<EndDate id='26_2'>notApplicable</EndDate>




<JobCategory>
<TaxonomyName>JOBAREA</TaxonomyName>
<CategoryCode>health-safety</CategoryCode>
</JobCategory>


<UserArea>
<DaxPositionHistoryUserArea>
<TLSPAN first_id='26' last_id='30' border_id='31'></TLSPAN>
<MonthsOfWork>47</MonthsOfWork>
</DaxPositionHistoryUserArea>
</UserArea>
</PositionHistory>
</EmployerOrg>

<EmployerOrg employerOrgType='soleEmployer'>
<EmployerOrgName id='31_3'>Crosse Spartans Indoor</EmployerOrgName>
<EmployerContactInfo>
<LocationSummary id='31_4'>
<Municipality>La Crosse</Municipality>
<Region>WI</Region>
<CountryCode>US</CountryCode>
</LocationSummary>
</EmployerContactInfo>
<PositionHistory positionType='Internship'>
<Title id='31_1_2'>Assistant to the General Manager</Title>
<Title id='31_1_3'>Community Relations Coordinator</Title>
<OrgName organizationType='unit' id='31_3'>Football Team</OrgName>



<Description>*    Created and maintained social networking sites including Facebook and Twitter for the team. ; 
    *    Coordinated and advertised special events such as player appearances with sponsor businesses and community institutions. ; 
    *    Prepared and supervised entertainment, timeout promotions and giveaways during games. ; 
    *    Planned and organized community events including Relay for Life and food drive with Globe University. ; 
    *    Wrote and developed promotional materials, program letter, and advertisements.</Description>
<StartDate id='31_2_1'><YearMonth>2009-09</YearMonth></StartDate>
<EndDate id='31_2_2'><YearMonth>2011-06</YearMonth></EndDate>



<JobLevelInfo>
<JobGrade>joblevel-management-mid</JobGrade>
</JobLevelInfo>

<JobCategory>
<TaxonomyName>JOBAREA</TaxonomyName>
<CategoryCode>senior</CategoryCode>
</JobCategory>


<UserArea>
<DaxPositionHistoryUserArea>
<TLSPAN first_id='31' last_id='32' border_id='39'></TLSPAN>
<MonthsOfWork>22</MonthsOfWork>
</DaxPositionHistoryUserArea>
</UserArea>
</PositionHistory>
</EmployerOrg>

<EmployerOrg employerOrgType='soleEmployer'>
<EmployerOrgName id='39_3'>Shopko</EmployerOrgName>
<EmployerContactInfo>
<LocationSummary id='39_4'>
<Municipality>La Crosse</Municipality>
<Region>WI</Region>
<CountryCode>US</CountryCode>
</LocationSummary>
</EmployerContactInfo>
<PositionHistory positionType='Part-Time'>
<Title id='39_1_2'>Cashier</Title>
<OrgName id='39_3'>Shopko</OrgName>



<Description>*    Provided customer service.
    *    Advertised and sold extended warranties. ; 
    *    Learned to corporate with all types of customers.</Description>
<StartDate id='39_2_1'><YearMonth>2005-07</YearMonth></StartDate>
<EndDate id='39_2_2'><YearMonth>2007-12</YearMonth></EndDate>




<JobCategory>
<TaxonomyName>JOBAREA</TaxonomyName>
<CategoryCode>customer-service</CategoryCode>
</JobCategory>


<UserArea>
<DaxPositionHistoryUserArea>
<TLSPAN first_id='39' last_id='39' border_id='0'></TLSPAN>
<MonthsOfWork>30</MonthsOfWork>
</DaxPositionHistoryUserArea>
</UserArea>
</PositionHistory>
</EmployerOrg>

</EmploymentHistory>
<EducationHistory>
<SchoolOrInstitution schoolType='university'>
<SchoolName id='16'>Viterbo University</SchoolName>
<LocationSummary id='17'>
<Municipality>La Crosse</Municipality>
<Region>WI</Region>
<CountryCode>US</CountryCode>
</LocationSummary>


<Degree degreeType='bachelors'>
<DegreeName id='18_2'>Bachelors Degree</DegreeName>
<DegreeDate id='18_1'><YearMonth>2011-05</YearMonth></DegreeDate>
</Degree>
<Major id='18_2'>Arts-English</Major>



<Comments>*    Spanish Minor
    *    Published in school newspaper</Comments>
</SchoolOrInstitution>

</EducationHistory>











<Competency oids='36 ' description='Skill' auth='no' name='Taught fundamental volleyball skills'>
<CompetencyWeight type='skillLevel'><NumericValue minValue='0' maxValue='100'>14</NumericValue></CompetencyWeight>
</Competency>

<Competency oids='19 ' description='Skill' auth='yes' name='Newspapers'>
<CompetencyEvidence typeDescription='Alias' name='Alias'><StringValue>newspaper</StringValue></CompetencyEvidence>

<CompetencyWeight type='skillLevel'><NumericValue minValue='0' maxValue='100'>14</NumericValue></CompetencyWeight>
</Competency>

<Competency oids='10 ' description='Skill > IT' auth='yes' name='Microsoft Word'>
<CompetencyEvidence typeDescription='Alias' name='Alias'><StringValue>Word</StringValue></CompetencyEvidence>

<CompetencyWeight type='skillLevel'><NumericValue minValue='0' maxValue='100'>70</NumericValue></CompetencyWeight>

<CompetencyWeight type='skillProficiency'><StringValue minValue='BASIC' maxValue='EXCELLENT'>GOOD</StringValue></CompetencyWeight>
</Competency>

<Competency oids='12 ' description='Skill > IT' auth='yes' name='Microsoft Publisher'>
<CompetencyEvidence typeDescription='Alias' name='Alias'><StringValue>Publisher</StringValue></CompetencyEvidence>

<CompetencyWeight type='skillLevel'><NumericValue minValue='0' maxValue='100'>70</NumericValue></CompetencyWeight>

<CompetencyWeight type='skillProficiency'><StringValue minValue='BASIC' maxValue='EXCELLENT'>GOOD</StringValue></CompetencyWeight>
</Competency>

<Competency oids='13 ' description='Skill > IT' auth='yes' name='Microsoft PowerPoint'>
<CompetencyEvidence typeDescription='Alias' name='Alias'><StringValue>Power point</StringValue></CompetencyEvidence>

<CompetencyWeight type='skillLevel'><NumericValue minValue='0' maxValue='100'>70</NumericValue></CompetencyWeight>

<CompetencyWeight type='skillProficiency'><StringValue minValue='BASIC' maxValue='EXCELLENT'>GOOD</StringValue></CompetencyWeight>
</Competency>

<Competency oids='14 ' description='Skill > IT' auth='yes' name='Microsoft Outlook'>
<CompetencyEvidence typeDescription='Alias' name='Alias'><StringValue>Outlook</StringValue></CompetencyEvidence>

<CompetencyWeight type='skillLevel'><NumericValue minValue='0' maxValue='100'>70</NumericValue></CompetencyWeight>

<CompetencyWeight type='skillProficiency'><StringValue minValue='BASIC' maxValue='EXCELLENT'>GOOD</StringValue></CompetencyWeight>
</Competency>

<Competency oids='9 ' description='Skill > IT' auth='yes' name='Microsoft Office'>
<CompetencyEvidence typeDescription='Alias' name='Alias'><StringValue>Proficient knowledge of Microsoft Office</StringValue></CompetencyEvidence>

<CompetencyWeight type='skillLevel'><NumericValue minValue='0' maxValue='100'>89</NumericValue></CompetencyWeight>

<CompetencyWeight type='skillProficiency'><StringValue minValue='BASIC' maxValue='EXCELLENT'>EXCELLENT</StringValue></CompetencyWeight>
</Competency>

<Competency oids='11 ' description='Skill > IT' auth='yes' name='Microsoft Excel'>
<CompetencyEvidence typeDescription='Alias' name='Alias'><StringValue>Excel</StringValue></CompetencyEvidence>

<CompetencyWeight type='skillLevel'><NumericValue minValue='0' maxValue='100'>70</NumericValue></CompetencyWeight>

<CompetencyWeight type='skillProficiency'><StringValue minValue='BASIC' maxValue='EXCELLENT'>GOOD</StringValue></CompetencyWeight>
</Competency>

<Competency oids='34_1 ' description='Held Position' auth='no' name='Volleyball Coach'>
<CompetencyWeight type='skillLevel'><NumericValue minValue='0' maxValue='100'>14</NumericValue></CompetencyWeight>
</Competency>

<Competency oids='21_1 ' description='Held Position' auth='no' name='Sports Agate Clerk'>
<CompetencyEvidence name='Extent of Experience' typeDescription='Extent of Experience' type='MONTH' lastUsed='2012'><NumericValue description='MONTH'>7</NumericValue></CompetencyEvidence>

<CompetencyWeight type='skillLevel'><NumericValue minValue='0' maxValue='100'>100</NumericValue></CompetencyWeight>

<CompetencyWeight type='skillProficiency'><StringValue minValue='BASIC' maxValue='EXCELLENT'>EXCELLENT</StringValue></CompetencyWeight>
</Competency>

<Competency oids='31_1_3 ' description='Held Position' auth='no' name='Community Relations Coordinator'>
<CompetencyEvidence name='Extent of Experience' typeDescription='Extent of Experience' type='MONTH' lastUsed='2011'><NumericValue description='MONTH'>22</NumericValue></CompetencyEvidence>

<CompetencyWeight type='skillLevel'><NumericValue minValue='0' maxValue='100'>93</NumericValue></CompetencyWeight>

<CompetencyWeight type='skillProficiency'><StringValue minValue='BASIC' maxValue='EXCELLENT'>EXCELLENT</StringValue></CompetencyWeight>
</Competency>

<Competency oids='39_1_2 ' description='Held Position' auth='no' name='Cashier'>
<CompetencyEvidence name='Extent of Experience' typeDescription='Extent of Experience' type='MONTH' lastUsed='2007'><NumericValue description='MONTH'>30</NumericValue></CompetencyEvidence>

<CompetencyWeight type='skillLevel'><NumericValue minValue='0' maxValue='100'>57</NumericValue></CompetencyWeight>

<CompetencyWeight type='skillProficiency'><StringValue minValue='BASIC' maxValue='EXCELLENT'>WORKING</StringValue></CompetencyWeight>
</Competency>

<Competency oids='31_1_2 ' description='Held Position' auth='no' name='Assistant to the General Manager'>
<CompetencyEvidence name='Extent of Experience' typeDescription='Extent of Experience' type='MONTH' lastUsed='2011'><NumericValue description='MONTH'>22</NumericValue></CompetencyEvidence>

<CompetencyWeight type='skillLevel'><NumericValue minValue='0' maxValue='100'>93</NumericValue></CompetencyWeight>

<CompetencyWeight type='skillProficiency'><StringValue minValue='BASIC' maxValue='EXCELLENT'>EXCELLENT</StringValue></CompetencyWeight>
</Competency>

<Competency oids='18_2 ' description='Degree/Qualification' auth='yes' name='Bachelors Degree > Bachelors Degree Arts-English'>
<CompetencyEvidence name='Application' typeDescription='Application' type='Arts-English'><StringValue>Arts-English</StringValue></CompetencyEvidence>

<CompetencyEvidence typeDescription='Alias' name='Alias'><StringValue>Bachelor of Arts-English</StringValue></CompetencyEvidence>

<CompetencyWeight type='skillLevel'><NumericValue minValue='0' maxValue='100'>12</NumericValue></CompetencyWeight>
</Competency>

<Competency description='Industry' auth='yes' name='industry~secretarial'>
<CompetencyEvidence name='skillCount' typeDescription='skillCount'><NumericValue>1</NumericValue></CompetencyEvidence>

<CompetencyWeight type='skillLevel'><NumericValue minValue='0' maxValue='100'>100</NumericValue></CompetencyWeight>
</Competency>























<RevisionDate id='1'>2012-06-03</RevisionDate>
</StructuredXMLResume>
<NonXMLResume>

<TextResume>



{{HEADER}}






{{END_HEADER}}


<span inprof='n' id='1' class='date'>{{DOCUMENT_DATESTAMP}} 2012-06-03 {{END_DOCUMENT_DATESTAMP}}</span> 



<span inprof='y' id='2' class='nominal'>Amanda L. Hennessy</span>
<span inprof='y' id='3' class='location'>W5132 KEARNS CT. LA CROSSE, WI 54601</span>
<span inprof='y' id='4' class='telephone'>608-386-5972</span>  *   <span inprof='y' id='5' class='email'>hennessy89@rocketmail.com</span>   *  .<span inprof='y' id='6' class='internet-web-address'>linkedin.com/in/hennessyamanda</span>




<span inprof='n' id='7' class='title-line'>Objectives</span>
To obtain a full time position of employment where my skills can be utilized and grown
<span inprof='n' id='8' class='title-line'>Skills</span>
    *    Proven writing skills ; 
    *    <span inprof='y' id='9' class='sofwr'>Proficient knowledge of Microsoft Office</span> (<span inprof='y' id='10' class='sofwr'>Word</span>, <span inprof='y' id='11' class='sofwr'>Excel</span>, <span inprof='y' id='12' class='sofwr'>Publisher</span>, <span inprof='y' id='13' class='sofwr'>Power point</span>, <span inprof='y' id='14' class='sofwr'>Outlook</span>). ; 
    *    Knowledge and experience with social media sites.
<span inprof='n' id='15' class='edu-hist-mark'>Education</span>
<span inprof='y' id='16' class='educational'>Viterbo University</span>    <span inprof='y' id='17' class='location'>La Crosse, WI</span>
<span inprof='y' id='18_1' class='date'>May 2011</span> * <span inprof='y' id='18_2' class='qualif'>Bachelor of Arts-English</span> with Writing Emphasis
    *    Spanish Minor
    *    Published in school <span inprof='y' id='19' class='skill'>newspaper</span>
<span inprof='n' id='20' class='work-hist-mark'>Experience</span>
Part-Time
<span inprof='y' id='21_1' class='role'>Sports Agate Clerk</span>/Paginator* <span inprof='y' id='22_1' class='date'>Dec. 2011</span> - <span inprof='y' id='22_2' class='date'>Present</span>
<span inprof='y' id='23' class='location'>La Crosse</span> Tribune, <span inprof='y' id='24' class='company'>Lee Enterprises</span> * <span inprof='n' id='25' class='location'>1140 Main Street La Crosse, WI</span>
    *    Recorded sports scores. ; 
    *    Created and arranged layout of sports pages/cover. ; 
    *    Formatted documents to match AP style.
Part-Time
YMCA Childwatch Program Staff
    *     * <span inprof='y' id='26_1' class='date'>Aug.2008</span> - <span inprof='y' id='26_2' class='date'>Present</span>
<span inprof='y' id='27' class='company'>YMCA</span> of <span inprof='y' id='28' class='location'>La Crosse, WI</span> * <span inprof='n' id='29' class='location'>1140 Main Street La Crosse, WI</span>
    *    Recorded parent and child information. ; 
    *    Communicated with <span inprof='n' id='30' class='bad-occupation'>other supervisor</span>, staff, children and parents. ; 
    *    Established relationships with children and parents. ; 
    *    Problem-solved various situations, incidents and accidents.
<span inprof='n' id='31_1_1' class='empl-type'>Internship</span>
<span inprof='y' id='31_1_2' class='role'>Assistant to the General Manager</span>/<span inprof='y' id='31_1_3' class='role'>Community Relations Coordinator</span>
* <span inprof='y' id='31_2_1' class='date'>Sept. 2009</span> - <span inprof='y' id='31_2_2' class='date'>Jun. 2011</span>
La <span inprof='y' id='31_3' class='company'>Crosse Spartans Indoor Football Team</span> * <span inprof='y' id='31_4' class='location'>1501 St. Andrews Street La Crosse, WI</span>
    *    Created and maintained social networking sites including Facebook and Twitter for the team. ; 
    *    Coordinated and advertised special events such as player appearances with sponsor businesses and community institutions. ; 
    *    Prepared and supervised entertainment, timeout promotions and giveaways during games. ; 
    *    Planned and organized community events including Relay for Life and food drive with <span inprof='n' id='32' class='educational'>Globe University</span>. ; 
    *    Wrote and developed promotional materials, program letter, and advertisements.

Seasonal
<span inprof='n' id='33' class='educational'>Junior High</span> <span inprof='y' id='34_1' class='role'>Volleyball Coach</span>
* <span inprof='n' id='35_1' class='date-range'>Aug. 2011 - Sept. 2011</span>
<span inprof='n' id='35_2' class='educational'>Brookwood Junior High</span> * <span inprof='n' id='35_3' class='location'>28861 State Hwy 131 Ontario, WI</span>
    *    <span inprof='y' id='36' class='skill'>Taught fundamental volleyball skills</span>.
    *    Organized practice schedule.
Seasonal
High School Volleyball Referee
* <span inprof='n' id='37_1' class='date-range'>Jun. 2007 - Aug. 2011</span>
<span inprof='n' id='37_2' class='company'>Holmen Park and Recreation</span> * <span inprof='n' id='37_3' class='location'>421 South Main Street Holmen, WI</span>
    *    Officiated <span inprof='n' id='38' class='educational'>high school</span> level volleyball matches. ; 
    *    Recorded and updated team scores and standings.
<span inprof='n' id='39_1_1' class='empl-type'>Part-Time</span>
<span inprof='y' id='39_1_2' class='role'>Cashier</span> * <span inprof='y' id='39_2_1' class='date'>Jul. 2005</span> - <span inprof='y' id='39_2_2' class='date'>Dec. 2007</span>
<span inprof='y' id='39_3' class='company'>Shopko</span> * <span inprof='y' id='39_4' class='location'>4344 Mormon Coulee Rd. La Crosse, WI</span>
    *    Provided customer service.
    *    Advertised and sold extended warranties. ; 
    *    Learned to corporate with all types of customers.

</TextResume>

</NonXMLResume>



<UserArea>
<DaxResumeUserArea>
<AdditionalPersonalData>
<ExperienceSummary>
<TotalMonthsOfWorkExperience>106</TotalMonthsOfWorkExperience>
<TotalYearsOfWorkExperience>9</TotalYearsOfWorkExperience>
<TotalMonthsOfManagementWorkExperience>22</TotalMonthsOfManagementWorkExperience>
<TotalYearsOfManagementWorkExperience>1.8</TotalYearsOfManagementWorkExperience>
<TotalMonthsOfMidLevelManagementWorkExperience>22</TotalMonthsOfMidLevelManagementWorkExperience>
<TotalYearsOfMidLevelManagementWorkExperience>1.8</TotalYearsOfMidLevelManagementWorkExperience>
<ExecutiveBrief>Amanda L. Hennessy is a resident of LA CROSSE, WI, US. He has been working in the Secretarial  occupational sector for more than 9 years. Currently he is employed as a Sports Agate Clerk at Lee Enterprises. Amanda has some experience in managment (22 months) with exposure to executive/middle management positions.</ExecutiveBrief>
<ManagementRecord>Since 2009-09 for 22 months the candidate had experience at a executive/middle management level working as a Assistant to the General Manager/Community Relations Coordinator at Crosse Spartans Indoor.
</ManagementRecord>
</ExperienceSummary>
</AdditionalPersonalData>
<ParserInfo>
<ParserConfiguration>{max_len=50000} {tel_flag=} {send_zip=} {fast_conv=} {DEF_LOCAL=} {sdate=0} {no_email_body=0} {do_clever_zoning=1} {keep_span=1} {complex=1} {accept_langs=} {not_accept_langs=} {prefer_lang_cv=EN} {pers_only=0} {turbo=0} {split_language=0} {picture=0} {picture_inline=0} {name_space=0} {charset=} {hrxml_upgrade_edu_hist=0}{hrxml_add_languages_section=0}{spool=} {docID=} {user=DEFAULT} </ParserConfiguration>
<ParserRelease>0.12.3.32629</ParserRelease>
<ParserReleaseDate>2014-06-18</ParserReleaseDate>
<ParserSchema>2.0.29</ParserSchema>
<ParserSchemaLocation>http://cvx.daxtra.com/cvts/xsd/candidate/2.0.29/Resume.xsd</ParserSchemaLocation>
<ConverterRelease>0.5.2.32629</ConverterRelease>
<ConverterReleaseDate>2014-06-18</ConverterReleaseDate>
</ParserInfo>
<FileStruct filename='/home/izoom/anazarov/grammar/analysis/3rconnect/doc/100_Resumes-Walsh/Amanda Hennessy Resume (1)..docx'>

<attachment fname='Amanda Hennessy Resume (1)..docx' ftype='docx' conv='yes' doc_type='cv' lang='EN'>/home/izoom/anazarov/grammar/analysis/3rconnect/doc/100_Resumes-Walsh/Amanda Hennessy Resume (1)..docx</attachment>


</FileStruct>
</DaxResumeUserArea>
</UserArea>
</Resume>
