<?xml version='1.0' encoding='ISO-8859-1'?>
<Resume lang='en' src='DAXTRA-CVX schema:2.0.29 release:0.12.3.32629 rdate:2014-06-18'>
<StructuredXMLResume>
<ContactInfo>
<PersonName id='2'>
<FormattedName>Ge (Candace) Yan</FormattedName>
<GivenName>Ge</GivenName>
<PreferredGivenName>Candace</PreferredGivenName>
<FamilyName>Yan</FamilyName>
</PersonName>
<ContactMethod>
<Telephone id='4' type='home'>
<InternationalCountryCode>1</InternationalCountryCode>
<SubscriberNumber>646 387-6086</SubscriberNumber>
<FormattedNumber>+1 646 387-6086</FormattedNumber></Telephone>

<InternetEmailAddress id='5' type='main'>geyan1023@gmail.com</InternetEmailAddress>
<PostalAddress id='3' type='main'>
<CountryCode>US</CountryCode>
<PostalCode>10019</PostalCode>
<Region>NY</Region>
<Municipality>New York</Municipality>
<DeliveryAddress>
<AddressLine>352 West 56th St</AddressLine>
<StreetName>West 56th St</StreetName>
<BuildingNumber>352</BuildingNumber>
</DeliveryAddress>

</PostalAddress>
</ContactMethod>
</ContactInfo>


<EmploymentHistory>
<EmployerOrg employerOrgType='soleEmployer'>
<EmployerOrgName id='7_1'>Winta Holding</EmployerOrgName>
<EmployerContactInfo>
<LocationSummary id='7_2'>
<Municipality>New York</Municipality>
<Region>NY</Region>
<CountryCode>US</CountryCode>
</LocationSummary>
</EmployerContactInfo>
<PositionHistory positionType='CONTRACT'>
<Title id='7_3_1'>Financial Analyst</Title>
<OrgName id='7_1'>Winta Holding</OrgName>

<OrgIndustry primaryIndicator='true'><IndustryDescription>Conducted</IndustryDescription></OrgIndustry>

<Description>* Identified a potential $100 million commercial real estate acquisition for Chinese clients through formulating detailed 
    valuation models using comparable company, discounted cash flow and precedent acquisition analysis 
* Successfully assisted Managing Director to raise a $4 million bridge loan which led to the $20 million mezzanine 
    financing 
* Worked on a potential $200 million Reverse Merger deal, assisted Investment Director to review and restructure
    company's capital structure, and built a 5-year financial projections model for use in lender presentations 
* Screened potential M&#38;A and Leverage Buyout candidate transactions in metal &#38; mining, technology, healthcare, and 
    real estate industries for clients, especially for Chinese investors 
* Conducted industry and company due diligence, prepared investor presentations, wrote confidential information 
    memorandums, analyzed proposed business transactions, and prepared pro forma M&#38;A and LBO financial models</Description>
<StartDate id='7_4_1'><YearMonth>2012-07</YearMonth></StartDate>
<EndDate id='7_4_2'><YearMonth>2013-02</YearMonth></EndDate>




<JobCategory>
<TaxonomyName>JOBAREA</TaxonomyName>
<CategoryCode>banking-finance</CategoryCode>
</JobCategory>


<UserArea>
<DaxPositionHistoryUserArea>
<TLSPAN first_id='7' last_id='24' border_id='25'></TLSPAN>
<MonthsOfWork>8</MonthsOfWork>
</DaxPositionHistoryUserArea>
</UserArea>
</PositionHistory>
</EmployerOrg>

<EmployerOrg employerOrgType='soleEmployer'>
<EmployerOrgName id='25_1'>Bank of America Merrill Lynch</EmployerOrgName>
<EmployerContactInfo>
<LocationSummary id='25_2'>
<Municipality>New York</Municipality>
<Region>NY</Region>
<CountryCode>US</CountryCode>
</LocationSummary>
</EmployerContactInfo>
<PositionHistory positionType='Intern'>
<Title id='25_3_1'>Global Wealth &#38; Investment Management</Title>
<OrgName id='25_1'>Bank of America Merrill Lynch</OrgName>



<Description>* Assisted the management of a $2 billion portfolio using re-balancing tactical investment strategies ; 
* Analyzed equity and fixed income portfolios for risk and return characteristics and identified and qualified potential 
    prospects to be solicited by Financial Advisors
* Developed and prepared marketing presentations for prospective clients that address equity, fixed income, and 
    alternative investment components of asset allocation</Description>
<StartDate id='25_4_1'><YearMonth>2011-08</YearMonth></StartDate>
<EndDate id='25_4_2'><YearMonth>2011-12</YearMonth></EndDate>



<JobLevelInfo>
<JobGrade>joblevel-management-mid</JobGrade>
</JobLevelInfo>

<JobCategory>
<TaxonomyName>JOBAREA</TaxonomyName>
<CategoryCode>banking-finance</CategoryCode>
</JobCategory>


<UserArea>
<DaxPositionHistoryUserArea>
<TLSPAN first_id='25' last_id='34' border_id='35'></TLSPAN>
<MonthsOfWork>5</MonthsOfWork>
</DaxPositionHistoryUserArea>
</UserArea>
</PositionHistory>
</EmployerOrg>

<EmployerOrg employerOrgType='soleEmployer'>
<EmployerOrgName id='35_1'>Standard Chartered</EmployerOrgName>
<EmployerContactInfo>
<LocationSummary id='35_2'>
<Municipality>Hong Kong</Municipality>
<CountryCode>HK</CountryCode>
</LocationSummary>
</EmployerContactInfo>
<PositionHistory positionType='CONTRACT'>
<Title id='35_3_1'>Corporate Banking Summer Intern</Title>
<OrgName id='35_1'>Standard Chartered</OrgName>



<Description>* Conducted loan due diligence, created financial models to assess loan structure, examined free cash flow, leverage, 
    revenue, EBITDA, and valuations 
* Supported preparation of monthly business reports for Morgan Stanley as well as assisted in the initial analysis and 
    reporting preparation for potential Leverage Buyout deals
* Helped update long-term corporate model in accordance with outstanding loan agreements, debt restructuring, long-term 
    capital expenditure projections, and management and franchise pipeline 
* Worked with senior managers to perform analysis of capital, credit, and loans for both existing and prospective clientele ; 
* Built financial models to assess risk and created accurate projections for numerous credit proposals ; 
* Reported findings and made recommendations to senior managers based on data</Description>
<StartDate id='35_4_1'><YearMonth>2011-06</YearMonth></StartDate>
<EndDate id='35_4_2'><YearMonth>2011-08</YearMonth></EndDate>




<JobCategory>
<TaxonomyName>JOBAREA</TaxonomyName>
<CategoryCode>banking-finance</CategoryCode>
</JobCategory>


<UserArea>
<DaxPositionHistoryUserArea>
<TLSPAN first_id='35' last_id='45' border_id='46'></TLSPAN>
<MonthsOfWork>3</MonthsOfWork>
</DaxPositionHistoryUserArea>
</UserArea>
</PositionHistory>
</EmployerOrg>

<EmployerOrg employerOrgType='soleEmployer'>
<EmployerOrgName id='46_1'>China National Offshore Oil Corporation</EmployerOrgName>
<EmployerContactInfo>
<LocationSummary id='46_2'>
<Municipality>Beijing</Municipality>
<CountryCode>CN</CountryCode>
</LocationSummary>
</EmployerContactInfo>
<PositionHistory positionType='CONTRACT'>
<Title id='46_3_1'>Assistant Corporate Accounting &#38; Analysis</Title>
<OrgName organizationType='unit' id='46_1'>CNOOC Group</OrgName>



<Description>* Assisted with meeting monthly close deadlines, including balanced sheet controls, expense analytics and various other 
    internal/external reporting requirements 
* Prepared monthly detailed gross margin reconciliation and balance sheet analysis to ensure timely and accurate financial 
    information is reported for the CNOOC business 
* Provided broad financial support to acquisitions, divestments and corporate restructurings</Description>
<StartDate id='46_4_1'><YearMonth>2009-05</YearMonth></StartDate>
<EndDate id='46_4_2'><YearMonth>2009-08</YearMonth></EndDate>



<JobLevelInfo>
<JobGrade>joblevel-nonmanager-low</JobGrade>
</JobLevelInfo>

<JobCategory>
<TaxonomyName>JOBAREA</TaxonomyName>
<CategoryCode>accountancy</CategoryCode>
</JobCategory>


<UserArea>
<DaxPositionHistoryUserArea>
<TLSPAN first_id='46' last_id='49' border_id='0'></TLSPAN>
<MonthsOfWork>4</MonthsOfWork>
</DaxPositionHistoryUserArea>
</UserArea>
</PositionHistory>
</EmployerOrg>

</EmploymentHistory>
<EducationHistory>
<SchoolOrInstitution schoolType='university'>
<SchoolName id='51_1'>New York University Polytechnic</SchoolName>



<Degree degreeType='some post-graduate'>
<DegreeName id='51_2'>Master of Science</DegreeName>
<DegreeDate id='51_4'><YearMonth>2012-05</YearMonth></DegreeDate>
</Degree>
<Major id='51_2'>Financial Engineering</Major>

<Measure>
<MeasureValue id='51_3_1'>GPA: 3.6</MeasureValue>
</Measure>



</SchoolOrInstitution>

<SchoolOrInstitution schoolType='university'>
<SchoolName id='52_1'>University of Paris</SchoolName>



<Degree degreeType='some post-graduate'>
<DegreeName id='52_2_1'>Exchange Student</DegreeName>
<DegreeDate id='52_3'><YearMonth>2012-05</YearMonth></DegreeDate>
</Degree>





</SchoolOrInstitution>

<SchoolOrInstitution schoolType='university'>
<SchoolName id='53_1'>Beijing International Studies University</SchoolName>



<Degree degreeType='some post-graduate'>
<DegreeName id='53_2'>Bachelor of Science</DegreeName>
<DegreeDate id='53_4'><YearMonth>2009-07</YearMonth></DegreeDate>
</Degree>
<Major id='53_2'>Business Administration</Major>

<Measure>
<MeasureValue id='53_3_1'>GPA: 3.8</MeasureValue>
</Measure>



</SchoolOrInstitution>

</EducationHistory>











<Competency oids='24 37 44 ' description='Skill' auth='yes' name='Financial Modelling'>
<CompetencyEvidence name='Extent of Experience' typeDescription='Extent of Experience' type='MONTH' lastUsed='2013'><NumericValue description='MONTH'>11</NumericValue></CompetencyEvidence>

<CompetencyEvidence typeDescription='Alias' name='Alias'><StringValue>financial models</StringValue></CompetencyEvidence>

<CompetencyWeight type='skillLevel'><NumericValue minValue='0' maxValue='100'>95</NumericValue></CompetencyWeight>

<CompetencyWeight type='skillProficiency'><StringValue minValue='BASIC' maxValue='EXCELLENT'>EXCELLENT</StringValue></CompetencyWeight>
</Competency>

<Competency oids='59 61 ' description='Skill > IT' auth='yes' name='Microsoft Word'>
<CompetencyEvidence typeDescription='Alias' name='Alias'><StringValue>Word</StringValue></CompetencyEvidence>

<CompetencyEvidence typeDescription='Alias' name='Alias'><StringValue>2008</StringValue></CompetencyEvidence>

<CompetencyWeight type='skillLevel'><NumericValue minValue='0' maxValue='100'>14</NumericValue></CompetencyWeight>
</Competency>

<Competency oids='18 22 ' description='Skill' auth='yes' name='Mergers &#38; Acquisitions'>
<CompetencyEvidence name='Extent of Experience' typeDescription='Extent of Experience' type='MONTH' lastUsed='2013'><NumericValue description='MONTH'>8</NumericValue></CompetencyEvidence>

<CompetencyEvidence typeDescription='Alias' name='Alias'><StringValue>M&#38;A</StringValue></CompetencyEvidence>

<CompetencyEvidence typeDescription='Alias' name='Alias'><StringValue>M&#38;A</StringValue></CompetencyEvidence>

<CompetencyWeight type='skillLevel'><NumericValue minValue='0' maxValue='100'>96</NumericValue></CompetencyWeight>

<CompetencyWeight type='skillProficiency'><StringValue minValue='BASIC' maxValue='EXCELLENT'>EXCELLENT</StringValue></CompetencyWeight>
</Competency>

<Competency oids='29 32 ' description='Skill' auth='yes' name='Fixed Income'>
<CompetencyEvidence name='Extent of Experience' typeDescription='Extent of Experience' type='MONTH' lastUsed='2011'><NumericValue description='MONTH'>5</NumericValue></CompetencyEvidence>

<CompetencyWeight type='skillLevel'><NumericValue minValue='0' maxValue='100'>69</NumericValue></CompetencyWeight>

<CompetencyWeight type='skillProficiency'><StringValue minValue='BASIC' maxValue='EXCELLENT'>GOOD</StringValue></CompetencyWeight>
</Competency>

<Competency oids='28 31 ' description='Skill' auth='yes' name='Equities'>
<CompetencyEvidence name='Extent of Experience' typeDescription='Extent of Experience' type='MONTH' lastUsed='2011'><NumericValue description='MONTH'>5</NumericValue></CompetencyEvidence>

<CompetencyEvidence typeDescription='Alias' name='Alias'><StringValue>equity</StringValue></CompetencyEvidence>

<CompetencyWeight type='skillLevel'><NumericValue minValue='0' maxValue='100'>70</NumericValue></CompetencyWeight>

<CompetencyWeight type='skillProficiency'><StringValue minValue='BASIC' maxValue='EXCELLENT'>GOOD</StringValue></CompetencyWeight>
</Competency>

<Competency oids='20 36 ' description='Skill' auth='yes' name='Due Diligence'>
<CompetencyEvidence name='Extent of Experience' typeDescription='Extent of Experience' type='MONTH' lastUsed='2013'><NumericValue description='MONTH'>11</NumericValue></CompetencyEvidence>

<CompetencyWeight type='skillLevel'><NumericValue minValue='0' maxValue='100'>96</NumericValue></CompetencyWeight>

<CompetencyWeight type='skillProficiency'><StringValue minValue='BASIC' maxValue='EXCELLENT'>EXCELLENT</StringValue></CompetencyWeight>
</Competency>

<Competency oids='10 38 ' description='Skill' auth='yes' name='Cash Flows'>
<CompetencyEvidence name='Extent of Experience' typeDescription='Extent of Experience' type='MONTH' lastUsed='2013'><NumericValue description='MONTH'>11</NumericValue></CompetencyEvidence>

<CompetencyEvidence typeDescription='Alias' name='Alias'><StringValue>cash flow</StringValue></CompetencyEvidence>

<CompetencyWeight type='skillLevel'><NumericValue minValue='0' maxValue='100'>99</NumericValue></CompetencyWeight>

<CompetencyWeight type='skillProficiency'><StringValue minValue='BASIC' maxValue='EXCELLENT'>EXCELLENT</StringValue></CompetencyWeight>
</Competency>

<Competency oids='63 ' description='Skill' auth='no' name='responsible for the reception'>
<CompetencyWeight type='skillLevel'><NumericValue minValue='0' maxValue='100'>14</NumericValue></CompetencyWeight>
</Competency>

<Competency oids='41 ' description='Skill' auth='no' name='reporting preparation'>
<CompetencyEvidence name='Extent of Experience' typeDescription='Extent of Experience' type='MONTH' lastUsed='2011'><NumericValue description='MONTH'>3</NumericValue></CompetencyEvidence>

<CompetencyWeight type='skillLevel'><NumericValue minValue='0' maxValue='100'>66</NumericValue></CompetencyWeight>

<CompetencyWeight type='skillProficiency'><StringValue minValue='BASIC' maxValue='EXCELLENT'>GOOD</StringValue></CompetencyWeight>
</Competency>

<Competency oids='11 ' description='Skill' auth='no' name='precedent acquisition analysis'>
<CompetencyEvidence name='Extent of Experience' typeDescription='Extent of Experience' type='MONTH' lastUsed='2013'><NumericValue description='MONTH'>8</NumericValue></CompetencyEvidence>

<CompetencyWeight type='skillLevel'><NumericValue minValue='0' maxValue='100'>98</NumericValue></CompetencyWeight>

<CompetencyWeight type='skillProficiency'><StringValue minValue='BASIC' maxValue='EXCELLENT'>EXCELLENT</StringValue></CompetencyWeight>
</Competency>

<Competency oids='15 ' description='Skill' auth='no' name='mezzanine financing'>
<CompetencyEvidence name='Extent of Experience' typeDescription='Extent of Experience' type='MONTH' lastUsed='2013'><NumericValue description='MONTH'>8</NumericValue></CompetencyEvidence>

<CompetencyWeight type='skillLevel'><NumericValue minValue='0' maxValue='100'>97</NumericValue></CompetencyWeight>

<CompetencyWeight type='skillProficiency'><StringValue minValue='BASIC' maxValue='EXCELLENT'>EXCELLENT</StringValue></CompetencyWeight>
</Competency>

<Competency oids='65 ' description='Skill' auth='no' name='excellent public speaking skills'>
<CompetencyWeight type='skillLevel'><NumericValue minValue='0' maxValue='100'>14</NumericValue></CompetencyWeight>
</Competency>

<Competency oids='49 ' description='Skill' auth='no' name='balance sheet analysis'>
<CompetencyEvidence name='Extent of Experience' typeDescription='Extent of Experience' type='MONTH' lastUsed='2009'><NumericValue description='MONTH'>4</NumericValue></CompetencyEvidence>

<CompetencyWeight type='skillLevel'><NumericValue minValue='0' maxValue='100'>49</NumericValue></CompetencyWeight>

<CompetencyWeight type='skillProficiency'><StringValue minValue='BASIC' maxValue='EXCELLENT'>WORKING</StringValue></CompetencyWeight>
</Competency>

<Competency oids='40 ' description='Skill' auth='no' name='analysis'>
<CompetencyEvidence name='Extent of Experience' typeDescription='Extent of Experience' type='MONTH' lastUsed='2011'><NumericValue description='MONTH'>3</NumericValue></CompetencyEvidence>

<CompetencyEvidence typeDescription='Alias' name='Alias'><StringValue>analysis and</StringValue></CompetencyEvidence>

<CompetencyWeight type='skillLevel'><NumericValue minValue='0' maxValue='100'>67</NumericValue></CompetencyWeight>

<CompetencyWeight type='skillProficiency'><StringValue minValue='BASIC' maxValue='EXCELLENT'>GOOD</StringValue></CompetencyWeight>
</Competency>

<Competency oids='48 ' description='Skill' auth='yes' name='Reconciliations'>
<CompetencyEvidence name='Extent of Experience' typeDescription='Extent of Experience' type='MONTH' lastUsed='2009'><NumericValue description='MONTH'>4</NumericValue></CompetencyEvidence>

<CompetencyEvidence typeDescription='Alias' name='Alias'><StringValue>reconciliation</StringValue></CompetencyEvidence>

<CompetencyWeight type='skillLevel'><NumericValue minValue='0' maxValue='100'>50</NumericValue></CompetencyWeight>

<CompetencyWeight type='skillProficiency'><StringValue minValue='BASIC' maxValue='EXCELLENT'>WORKING</StringValue></CompetencyWeight>
</Competency>

<Competency oids='58 ' description='Skill > IT' auth='yes' name='Microsoft PowerPoint'>
<CompetencyEvidence typeDescription='Alias' name='Alias'><StringValue>PowerPoint</StringValue></CompetencyEvidence>

<CompetencyWeight type='skillLevel'><NumericValue minValue='0' maxValue='100'>14</NumericValue></CompetencyWeight>
</Competency>

<Competency oids='57 ' description='Skill > IT' auth='yes' name='Microsoft Excel'>
<CompetencyWeight type='skillLevel'><NumericValue minValue='0' maxValue='100'>14</NumericValue></CompetencyWeight>
</Competency>

<Competency oids='56 ' description='Skill > IT' auth='yes' name='Matlab'>
<CompetencyWeight type='skillLevel'><NumericValue minValue='0' maxValue='100'>14</NumericValue></CompetencyWeight>
</Competency>

<Competency oids='30 ' description='Skill' auth='yes' name='Marketing Presentations'>
<CompetencyEvidence name='Extent of Experience' typeDescription='Extent of Experience' type='MONTH' lastUsed='2011'><NumericValue description='MONTH'>5</NumericValue></CompetencyEvidence>

<CompetencyWeight type='skillLevel'><NumericValue minValue='0' maxValue='100'>68</NumericValue></CompetencyWeight>

<CompetencyWeight type='skillProficiency'><StringValue minValue='BASIC' maxValue='EXCELLENT'>GOOD</StringValue></CompetencyWeight>
</Competency>

<Competency oids='54 ' description='Skill > Language' auth='yes' name='Mandarin'>
<CompetencyWeight type='skillLevel'><NumericValue minValue='0' maxValue='100'>89</NumericValue></CompetencyWeight>

<CompetencyWeight type='skillProficiency'><StringValue minValue='BASIC' maxValue='EXCELLENT'>EXCELLENT</StringValue></CompetencyWeight>
</Competency>

<Competency oids='23 ' description='Skill' auth='yes' name='Leveraged Buyout'>
<CompetencyEvidence name='Extent of Experience' typeDescription='Extent of Experience' type='MONTH' lastUsed='2013'><NumericValue description='MONTH'>8</NumericValue></CompetencyEvidence>

<CompetencyEvidence typeDescription='Alias' name='Alias'><StringValue>LBO</StringValue></CompetencyEvidence>

<CompetencyWeight type='skillLevel'><NumericValue minValue='0' maxValue='100'>95</NumericValue></CompetencyWeight>

<CompetencyWeight type='skillProficiency'><StringValue minValue='BASIC' maxValue='EXCELLENT'>EXCELLENT</StringValue></CompetencyWeight>
</Competency>

<Competency oids='47 ' description='Skill' auth='yes' name='External Reporting'>
<CompetencyEvidence name='Extent of Experience' typeDescription='Extent of Experience' type='MONTH' lastUsed='2009'><NumericValue description='MONTH'>4</NumericValue></CompetencyEvidence>

<CompetencyWeight type='skillLevel'><NumericValue minValue='0' maxValue='100'>51</NumericValue></CompetencyWeight>

<CompetencyWeight type='skillProficiency'><StringValue minValue='BASIC' maxValue='EXCELLENT'>WORKING</StringValue></CompetencyWeight>
</Competency>

<Competency oids='54 ' description='Skill > Language' auth='yes' name='English'>
<CompetencyWeight type='skillLevel'><NumericValue minValue='0' maxValue='100'>89</NumericValue></CompetencyWeight>

<CompetencyWeight type='skillProficiency'><StringValue minValue='BASIC' maxValue='EXCELLENT'>EXCELLENT</StringValue></CompetencyWeight>
</Competency>

<Competency oids='9 ' description='Skill' auth='yes' name='Commercial Property'>
<CompetencyEvidence name='Extent of Experience' typeDescription='Extent of Experience' type='MONTH' lastUsed='2013'><NumericValue description='MONTH'>8</NumericValue></CompetencyEvidence>

<CompetencyEvidence typeDescription='Alias' name='Alias'><StringValue>commercial real estate</StringValue></CompetencyEvidence>

<CompetencyWeight type='skillLevel'><NumericValue minValue='0' maxValue='100'>100</NumericValue></CompetencyWeight>

<CompetencyWeight type='skillProficiency'><StringValue minValue='BASIC' maxValue='EXCELLENT'>EXCELLENT</StringValue></CompetencyWeight>
</Competency>

<Competency oids='42 ' description='Skill' auth='yes' name='Capital Expenditures'>
<CompetencyEvidence name='Extent of Experience' typeDescription='Extent of Experience' type='MONTH' lastUsed='2011'><NumericValue description='MONTH'>3</NumericValue></CompetencyEvidence>

<CompetencyEvidence typeDescription='Alias' name='Alias'><StringValue>capital expenditure</StringValue></CompetencyEvidence>

<CompetencyWeight type='skillLevel'><NumericValue minValue='0' maxValue='100'>66</NumericValue></CompetencyWeight>

<CompetencyWeight type='skillProficiency'><StringValue minValue='BASIC' maxValue='EXCELLENT'>GOOD</StringValue></CompetencyWeight>
</Competency>

<Competency oids='34 ' description='Skill' auth='yes' name='Asset Allocation'>
<CompetencyEvidence name='Extent of Experience' typeDescription='Extent of Experience' type='MONTH' lastUsed='2011'><NumericValue description='MONTH'>5</NumericValue></CompetencyEvidence>

<CompetencyWeight type='skillLevel'><NumericValue minValue='0' maxValue='100'>65</NumericValue></CompetencyWeight>

<CompetencyWeight type='skillProficiency'><StringValue minValue='BASIC' maxValue='EXCELLENT'>GOOD</StringValue></CompetencyWeight>
</Competency>

<Competency oids='33 ' description='Skill' auth='yes' name='Alternative Investments'>
<CompetencyEvidence name='Extent of Experience' typeDescription='Extent of Experience' type='MONTH' lastUsed='2011'><NumericValue description='MONTH'>5</NumericValue></CompetencyEvidence>

<CompetencyEvidence typeDescription='Alias' name='Alias'><StringValue>alternative investment</StringValue></CompetencyEvidence>

<CompetencyWeight type='skillLevel'><NumericValue minValue='0' maxValue='100'>66</NumericValue></CompetencyWeight>

<CompetencyWeight type='skillProficiency'><StringValue minValue='BASIC' maxValue='EXCELLENT'>GOOD</StringValue></CompetencyWeight>
</Competency>

<Competency oids='62_1 ' description='Held Position' auth='no' name='Olympic Games Volunteer'>
<CompetencyWeight type='skillLevel'><NumericValue minValue='0' maxValue='100'>14</NumericValue></CompetencyWeight>
</Competency>

<Competency oids='25_3_1 ' description='Held Position' auth='no' name='Global Wealth &#38; Investment Management'>
<CompetencyEvidence name='Extent of Experience' typeDescription='Extent of Experience' type='MONTH' lastUsed='2011'><NumericValue description='MONTH'>5</NumericValue></CompetencyEvidence>

<CompetencyEvidence typeDescription='Alias' name='Alias'><StringValue>Global Wealth &#38; Investment Management</StringValue></CompetencyEvidence>

<CompetencyWeight type='skillLevel'><NumericValue minValue='0' maxValue='100'>70</NumericValue></CompetencyWeight>

<CompetencyWeight type='skillProficiency'><StringValue minValue='BASIC' maxValue='EXCELLENT'>GOOD</StringValue></CompetencyWeight>
</Competency>

<Competency oids='7_3_1 ' description='Held Position' auth='no' name='Financial Analyst'>
<CompetencyEvidence name='Extent of Experience' typeDescription='Extent of Experience' type='MONTH' lastUsed='2013'><NumericValue description='MONTH'>8</NumericValue></CompetencyEvidence>

<CompetencyWeight type='skillLevel'><NumericValue minValue='0' maxValue='100'>100</NumericValue></CompetencyWeight>

<CompetencyWeight type='skillProficiency'><StringValue minValue='BASIC' maxValue='EXCELLENT'>EXCELLENT</StringValue></CompetencyWeight>
</Competency>

<Competency oids='52_2_1 ' description='Held Position' auth='no' name='Exchange Student'>
<CompetencyWeight type='skillLevel'><NumericValue minValue='0' maxValue='100'>14</NumericValue></CompetencyWeight>
</Competency>

<Competency oids='35_3_1 ' description='Held Position' auth='no' name='Corporate Banking Summer Intern'>
<CompetencyEvidence name='Extent of Experience' typeDescription='Extent of Experience' type='MONTH' lastUsed='2011'><NumericValue description='MONTH'>3</NumericValue></CompetencyEvidence>

<CompetencyWeight type='skillLevel'><NumericValue minValue='0' maxValue='100'>70</NumericValue></CompetencyWeight>

<CompetencyWeight type='skillProficiency'><StringValue minValue='BASIC' maxValue='EXCELLENT'>GOOD</StringValue></CompetencyWeight>
</Competency>

<Competency oids='46_3_1 ' description='Held Position' auth='no' name='Assistant Corporate Accounting &#38; Analysis'>
<CompetencyEvidence name='Extent of Experience' typeDescription='Extent of Experience' type='MONTH' lastUsed='2009'><NumericValue description='MONTH'>4</NumericValue></CompetencyEvidence>

<CompetencyEvidence typeDescription='Alias' name='Alias'><StringValue>Assistant Corporate Accounting &#38; Analysis</StringValue></CompetencyEvidence>

<CompetencyWeight type='skillLevel'><NumericValue minValue='0' maxValue='100'>51</NumericValue></CompetencyWeight>

<CompetencyWeight type='skillProficiency'><StringValue minValue='BASIC' maxValue='EXCELLENT'>WORKING</StringValue></CompetencyWeight>
</Competency>

<Competency oids='51_2 ' description='Degree/Qualification' auth='yes' name='Masters Degree > Master of Science > Master of Science Financial Engineering'>
<CompetencyEvidence name='Application' typeDescription='Application' type='Financial Engineering'><StringValue>Financial Engineering</StringValue></CompetencyEvidence>

<CompetencyEvidence typeDescription='Alias' name='Alias'><StringValue>M.S. Financial Engineering</StringValue></CompetencyEvidence>

<CompetencyWeight type='skillLevel'><NumericValue minValue='0' maxValue='100'>12</NumericValue></CompetencyWeight>
</Competency>

<Competency oids='21 ' description='Degree/Qualification > Professional' auth='yes' name='Information security level CONFIDENTIAL'>
<CompetencyEvidence typeDescription='Alias' name='Alias'><StringValue>confidential information</StringValue></CompetencyEvidence>

<CompetencyWeight type='skillLevel'><NumericValue minValue='0' maxValue='100'>12</NumericValue></CompetencyWeight>
</Competency>

<Competency oids='53_2 ' description='Degree/Qualification' auth='yes' name='Bachelors Degree > Bachelor of Science > Bachelor of Science Business Administration'>
<CompetencyEvidence name='Application' typeDescription='Application' type='Business Administration'><StringValue>Business Administration</StringValue></CompetencyEvidence>

<CompetencyEvidence typeDescription='Alias' name='Alias'><StringValue>B.S. Business Administration</StringValue></CompetencyEvidence>

<CompetencyWeight type='skillLevel'><NumericValue minValue='0' maxValue='100'>12</NumericValue></CompetencyWeight>
</Competency>

<Competency description='Industry' auth='yes' name='industry~banking-finance'>
<CompetencyEvidence name='skillCount' typeDescription='skillCount'><NumericValue>3</NumericValue></CompetencyEvidence>

<CompetencyWeight type='skillLevel'><NumericValue minValue='0' maxValue='100'>100</NumericValue></CompetencyWeight>
</Competency>























<RevisionDate id='1'>2013-04-05</RevisionDate>
</StructuredXMLResume>
<NonXMLResume>

<TextResume>



<span inprof='n' id='1' class='date'>{{DOCUMENT_DATESTAMP}} 2013-04-05 01:19:25 {{DOCUMENT_DATESTAMP}}</span>

                                                     <span inprof='y' id='2' class='nominal'>Candace Yan Ge</span>
                                             <span inprof='y' id='3' class='location'>352 West 56th St, New York, NY 10019</span>
                                            <span inprof='y' id='4' class='telephone'>646-387-6086</span> 	 <span inprof='y' id='5' class='email'>geyan1023@gmail.com</span>
<span inprof='n' id='6' class='work-hist-mark'>PROFESSIONAL EXPERIENCE</span>
<span inprof='y' id='7_1' class='company'>Winta Holding</span>                                                                                                    <span inprof='y' id='7_2' class='location'>New York, NY</span>
<span inprof='y' id='7_3_1' class='role'>Financial Analyst</span>                                                                                            <span inprof='y' id='7_4_1' class='date'>07/2012</span> - <span inprof='y' id='7_4_2' class='date'>02/2013</span>
* Identified a potential <span inprof='n' id='8' class='money'>$100 million</span> <span inprof='y' id='9' class='skill'>commercial real estate</span> acquisition for Chinese clients through formulating detailed 
    valuation models using comparable company, discounted <span inprof='y' id='10' class='skill'>cash flow</span> and <span inprof='y' id='11' class='skill'>precedent acquisition analysis</span> 
* Successfully <span inprof='n' id='12' class='bad-occupation'>assisted Managing Director</span> to raise a <span inprof='n' id='13' class='money'>$4 million</span> bridge loan which led to the <span inprof='n' id='14' class='money'>$20 million</span> <span inprof='y' id='15' class='skill'>mezzanine 
    financing</span> 
* Worked on a potential <span inprof='n' id='16' class='money'>$200 million</span> Reverse Merger deal, <span inprof='n' id='17' class='bad-occupation'>assisted Investment Director</span> to review and restructure
    company's capital structure, and built a 5-year financial projections model for use in lender presentations 
* Screened potential <span inprof='y' id='18' class='skill'>M&#38;A</span> and Leverage Buyout candidate transactions in metal &#38; mining, technology, healthcare, and 
    real estate industries for clients, especially for Chinese investors 
* <span inprof='n' id='19' class='industry-sector'>Conducted industry</span> and company <span inprof='y' id='20' class='skill'>due diligence</span>, prepared investor presentations, wrote <span inprof='y' id='21' class='qualif'>confidential information</span> 
    memorandums, analyzed proposed business transactions, and prepared pro forma <span inprof='y' id='22' class='skill'>M&#38;A</span> and <span inprof='y' id='23' class='skill'>LBO</span> <span inprof='y' id='24' class='skill'>financial models</span>

<span inprof='y' id='25_1' class='company'>Bank of America Merrill Lynch</span>                                                                                <span inprof='y' id='25_2' class='location'>New York, NY</span>
<span inprof='y' id='25_3_1' class='role'>Global Wealth &#38; Investment Management</span> <span inprof='n' id='25_3_2' class='empl-type'>Intern</span>                                                              <span inprof='y' id='25_4_1' class='date'>08/2011</span> - <span inprof='y' id='25_4_2' class='date'>12/2011</span>
* Assisted the management of a <span inprof='n' id='26' class='money'>$2 billion</span> <span inprof='n' id='27' class='internet-web-address'>portfolio using re-balancing</span> tactical investment strategies ; 
* Analyzed <span inprof='y' id='28' class='skill'>equity</span> and <span inprof='y' id='29' class='skill'>fixed income</span> portfolios for risk and return characteristics and identified and qualified potential 
    prospects to be solicited by Financial Advisors
* Developed and prepared <span inprof='y' id='30' class='skill'>marketing presentations</span> for prospective clients that address <span inprof='y' id='31' class='skill'>equity</span>, <span inprof='y' id='32' class='skill'>fixed income</span>, and 
    <span inprof='y' id='33' class='skill'>alternative investment</span> components of <span inprof='y' id='34' class='skill'>asset allocation</span>

<span inprof='y' id='35_1' class='company'>Standard Chartered</span>                                                                                              <span inprof='y' id='35_2' class='location'>Hong Kong</span>
<span inprof='y' id='35_3_1' class='role'>Corporate Banking Summer Intern</span>                                                                           <span inprof='y' id='35_4_1' class='date'>06/2011</span> - <span inprof='y' id='35_4_2' class='date'>08/2011</span>
* Conducted loan <span inprof='y' id='36' class='skill'>due diligence</span>, created <span inprof='y' id='37' class='skill'>financial models</span> to assess loan structure, examined free <span inprof='y' id='38' class='skill'>cash flow</span>, leverage, 
    revenue, EBITDA, and valuations 
* Supported preparation of monthly business reports for <span inprof='n' id='39' class='company'>Morgan Stanley</span> as well as assisted in the initial <span inprof='y' id='40' class='skill'>analysis and</span> 
    <span inprof='y' id='41' class='skill'>reporting preparation</span> for potential Leverage Buyout deals
* Helped update long-term corporate model in accordance with outstanding loan agreements, debt restructuring, long-term 
    <span inprof='y' id='42' class='skill'>capital expenditure</span> projections, and management and franchise pipeline 
* Worked <span inprof='n' id='43' class='bad-occupation'>with senior managers</span> to perform analysis of capital, credit, and loans for both existing and prospective clientele ; 
* Built <span inprof='y' id='44' class='skill'>financial models</span> to assess risk and created accurate projections for numerous credit proposals ; 
* Reported findings and made recommendations <span inprof='n' id='45' class='bad-occupation'>to senior managers</span> based on data

<span inprof='y' id='46_1' class='company'>China National Offshore Oil Corporation (CNOOC Group)</span>                                                      <span inprof='y' id='46_2' class='location'>Beijing, China</span>
<span inprof='y' id='46_3_1' class='role'>Assistant Corporate Accounting &#38; Analysis</span>                                                              <span inprof='y' id='46_4_1' class='date'>05/2009</span> - <span inprof='y' id='46_4_2' class='date'>08/2009</span>
* Assisted with meeting monthly close deadlines, including balanced sheet controls, expense analytics and various other 
    internal/<span inprof='y' id='47' class='skill'>external reporting</span> requirements 
* Prepared monthly detailed gross margin <span inprof='y' id='48' class='skill'>reconciliation</span> and <span inprof='y' id='49' class='skill'>balance sheet analysis</span> to ensure timely and accurate financial 
    information is reported for the CNOOC business 
* Provided broad financial support to acquisitions, divestments and corporate restructurings

<span inprof='n' id='50' class='edu-hist-mark'>EDUCATION</span>
<span inprof='y' id='51_1' class='educational'>New York University Polytechnic</span>                 <span inprof='y' id='51_2' class='qualif'>M.S. Financial Engineering</span>              <span inprof='y' id='51_3_1' class='degree-measure'>GPA: 3.6</span>                      <span inprof='y' id='51_4' class='date'>05/2012</span>

<span inprof='y' id='52_1' class='educational'>University of Paris</span>                                  <span inprof='y' id='52_2_1' class='role'>Exchange Student</span>                                                 <span inprof='y' id='52_3' class='date'>05/2012</span>

<span inprof='y' id='53_1' class='educational'>Beijing International Studies University</span>        <span inprof='y' id='53_2' class='qualif'>B.S. Business Administration</span>            <span inprof='y' id='53_3_1' class='degree-measure'>GPA: 3.8</span>                      <span inprof='y' id='53_4' class='date'>07/2009</span>


SKILLS, CERTIFICATIONS &#38; INTERESTS
<span inprof='y' id='54' class='skill'>Languages:
Fluent in English and Mandarin</span>
<span inprof='n' id='55' class='skills-qualif-mark'>Computer Skills:</span> Bloomberg Terminal, <span inprof='y' id='56' class='sofwr'>MatLab</span>, <span inprof='y' id='57' class='sofwr'>Microsoft Excel</span>, <span inprof='y' id='58' class='sofwr'>PowerPoint</span> and <span inprof='y' id='59' class='sofwr'>Word</span>.
Activities: <span inprof='n' id='60' class='location'>Beijing</span> <span inprof='y' id='61' class='sofwr'>2008</span> <span inprof='y' id='62_1' class='role'>Olympic Games Volunteer</span>: I was <span inprof='y' id='63' class='skill'>responsible for the reception</span> of <span inprof='n' id='64' class='committee'>International Olympic Committee</span>,
Media Representatives, and Olympic Sponsors, where I learned <span inprof='y' id='65' class='skill'>excellent public speaking skills</span> as well as communication 
skills.

</TextResume>

</NonXMLResume>



<UserArea>
<DaxResumeUserArea>
<AdditionalPersonalData>
<ExperienceSummary>
<TotalMonthsOfWorkExperience>20</TotalMonthsOfWorkExperience>
<TotalYearsOfWorkExperience>2</TotalYearsOfWorkExperience>
<TotalMonthsOfManagementWorkExperience>5</TotalMonthsOfManagementWorkExperience>
<TotalYearsOfManagementWorkExperience>0.4</TotalYearsOfManagementWorkExperience>
<TotalMonthsOfMidLevelManagementWorkExperience>5</TotalMonthsOfMidLevelManagementWorkExperience>
<TotalYearsOfMidLevelManagementWorkExperience>0.4</TotalYearsOfMidLevelManagementWorkExperience>
<ExecutiveBrief>Ge (Candace) Yan is a resident of New York, NY, US.  has been working in the Banking-finance  occupational sector for more than 2 years. During this candidate's last employment this candidate was working as a Financial Analyst at Winta Holding. Ge has some experience in managment (5 months) with exposure to executive/middle management positions.</ExecutiveBrief>
<ManagementRecord>Since 2011-08 for 5 months the candidate had experience at a executive/middle management level working as a Global Wealth &amp; Investment Management at Bank of America Merrill Lynch.
</ManagementRecord>
</ExperienceSummary>
</AdditionalPersonalData>
<ParserInfo>
<ParserConfiguration>{max_len=50000} {tel_flag=} {send_zip=} {fast_conv=} {DEF_LOCAL=} {sdate=0} {no_email_body=0} {do_clever_zoning=1} {keep_span=1} {complex=1} {accept_langs=} {not_accept_langs=} {prefer_lang_cv=EN} {pers_only=0} {turbo=0} {split_language=0} {picture=0} {picture_inline=0} {name_space=0} {charset=} {hrxml_upgrade_edu_hist=0}{hrxml_add_languages_section=0}{spool=} {docID=} {user=DEFAULT} </ParserConfiguration>
<ParserRelease>0.12.3.32629</ParserRelease>
<ParserReleaseDate>2014-06-18</ParserReleaseDate>
<ParserSchema>2.0.29</ParserSchema>
<ParserSchemaLocation>http://cvx.daxtra.com/cvts/xsd/candidate/2.0.29/Resume.xsd</ParserSchemaLocation>
<ConverterRelease>0.5.2.32629</ConverterRelease>
<ConverterReleaseDate>2014-06-18</ConverterReleaseDate>
</ParserInfo>
<FileStruct filename='/home/izoom/anazarov/grammar/analysis/3rconnect/doc/100_Resumes-Walsh/Analyst _Corp_Banking.pdf'>

<attachment fname='Analyst _Corp_Banking.pdf' ftype='pdf' conv='yes' doc_type='cv' lang='EN'>/home/izoom/anazarov/grammar/analysis/3rconnect/doc/100_Resumes-Walsh/Analyst _Corp_Banking.pdf</attachment>


</FileStruct>
</DaxResumeUserArea>
</UserArea>
</Resume>
