<?xml version='1.0' encoding='ISO-8859-1'?>
<Resume lang='en' src='DAXTRA-CVX schema:2.0.29 release:0.12.3.32629 rdate:2014-06-18'>
<StructuredXMLResume>
<ContactInfo>
<PersonName id='2'>
<FormattedName>Faisal Shahim</FormattedName>
<GivenName>Faisal</GivenName>
<FamilyName>Shahim</FamilyName>
<sex>Male</sex>
</PersonName>
<ContactMethod>
<Telephone id='4' type='home'>
<InternationalCountryCode>1</InternationalCountryCode>
<SubscriberNumber>718 690-0345</SubscriberNumber>
<FormattedNumber>+1 718 690-0345</FormattedNumber></Telephone>

<InternetEmailAddress id='5' type='main'>Faisal.Shahim@gmail.com</InternetEmailAddress>
<PostalAddress id='3' type='main'>
<CountryCode>US</CountryCode>
<PostalCode>11432</PostalCode>
<Region>NY</Region>
<Municipality>Jamaica</Municipality>
<DeliveryAddress>
<AddressLine>8522, 167 street</AddressLine>
<StreetName>167 street</StreetName>
<BuildingNumber>8522</BuildingNumber>
</DeliveryAddress>

</PostalAddress>
</ContactMethod>
</ContactInfo>


<EmploymentHistory>
<EmployerOrg employerOrgType='soleEmployer'>
<EmployerOrgName id='13_2'>Aviation Institute</EmployerOrgName>
<EmployerContactInfo>
<LocationSummary id='13_3'>
<Municipality>Jamaica</Municipality>
<Region>NY</Region>
<CountryCode>US</CountryCode>
</LocationSummary>
</EmployerContactInfo>
<PositionHistory positionType='PERMANENT'>
<Title id='13_4_1'>Staff Assistant</Title>
<OrgName id='13_2'>Aviation Institute</OrgName>



<Description>* *    Coordinating with different departments and organizing different events.  Conducted extensive research on the aviation industry to write about them in an informative, manner to 
    stimulate students interest including aviation events at York College
    *    Advised incoming students regarding courses in the aviation management program ; 
    * *    Prepared and proofread marketing materials promoting educational assessments (Aviation)  Assisted in all other office administrative duties</Description>
<StartDate id='13_1_1'><YearMonth>2011-08</YearMonth></StartDate>
<EndDate id='13_1_2'><YearMonth>2012-12</YearMonth></EndDate>



<JobLevelInfo>
<JobGrade>joblevel-nonmanager-low</JobGrade>
</JobLevelInfo>

<JobCategory>
<TaxonomyName>JOBAREA</TaxonomyName>
<CategoryCode>secretarial</CategoryCode>
</JobCategory>


<UserArea>
<DaxPositionHistoryUserArea>
<TLSPAN first_id='13' last_id='18' border_id='19'></TLSPAN>
<MonthsOfWork>17</MonthsOfWork>
</DaxPositionHistoryUserArea>
</UserArea>
</PositionHistory>
</EmployerOrg>

<EmployerOrg employerOrgType='soleEmployer'>
<EmployerOrgName id='23_1'>American Airlines</EmployerOrgName>
<EmployerContactInfo>
<LocationSummary id='23_4'>
<Municipality>Fleet</Municipality>
</LocationSummary>
</EmployerContactInfo>
<PositionHistory positionType='CONTRACT'>
<Title id='23_5_1'>Service Clerk</Title>
<OrgName id='23_2'>JFK International Airport</OrgName>



<Description>* Operated ground equipment and aircraft in flight systems ; 
    * Delivered customer air cargo and airmail in designated terminal ; 
    * Prepared pre flight operations like in-flight security checks and loading passenger bags into containers/carts ; 
    * Inspected the ramp for any FOD around aircraft areas ; 
    * Conducted aircraft into final jetway areas by communicating with pilots ; 
    * Communicated with the Control Center and other departments to ensure efficient and safe aircraft movement</Description>
<StartDate id='23_3_1'><YearMonth>2012-06</YearMonth></StartDate>
<EndDate id='23_3_2'><YearMonth>2012-09</YearMonth></EndDate>




<JobCategory>
<TaxonomyName>JOBAREA</TaxonomyName>
<CategoryCode>aerospace</CategoryCode>
</JobCategory>


<UserArea>
<DaxPositionHistoryUserArea>
<TLSPAN first_id='23' last_id='28' border_id='29'></TLSPAN>
<MonthsOfWork>4</MonthsOfWork>
</DaxPositionHistoryUserArea>
</UserArea>
</PositionHistory>
</EmployerOrg>

<EmployerOrg employerOrgType='soleEmployer'>
<EmployerOrgName id='19_2'>Borders Books Music and Cafe</EmployerOrgName>
<EmployerContactInfo>
<LocationSummary id='19_3'>
<Municipality>New York</Municipality>
<Region>NY</Region>
<CountryCode>US</CountryCode>
</LocationSummary>
</EmployerContactInfo>
<PositionHistory positionType='PERMANENT'>
<Title id='20_1'>Clerk</Title>
<Title id='20_2'>Sales Associate</Title>
<OrgName id='19_2'>Borders Books Music and Cafe</OrgName>



<Description>* *    Delivered service to customers regarding product description and suggested book regarding their interests.  Managed front desk, answered questions on Borders rewards Card assisting customers with purchases, 
    exchanges and item holding
    * *    Trained new employees at the cafe  Researched and Analyzed new ways to improve the efficiency in the cafe sales and operations</Description>
<StartDate id='19_1_1'><YearMonth>2004-09</YearMonth></StartDate>
<EndDate id='19_1_2'><YearMonth>2010-09</YearMonth></EndDate>




<JobCategory>
<TaxonomyName>JOBAREA</TaxonomyName>
<CategoryCode>sales</CategoryCode>
</JobCategory>


<UserArea>
<DaxPositionHistoryUserArea>
<TLSPAN first_id='19' last_id='22' border_id='23'></TLSPAN>
<MonthsOfWork>72</MonthsOfWork>
</DaxPositionHistoryUserArea>
</UserArea>
</PositionHistory>
</EmployerOrg>

<EmployerOrg employerOrgType='soleEmployer'>
<EmployerOrgName id='29_1'>GNC</EmployerOrgName>

<PositionHistory positionType='PERMANENT'>
<Title id='29_3_1'>Sales Associate</Title>
<OrgName id='29_1'>GNC</OrgName>



<Description>*    Customer interaction and support on different nutritional products ; 
    * *    Completed daily cash deposits and reports  Maintained store inventory ; 
    * Answer product based questions using knowledge from GNC training, merchandising bulletins, and other
    Company approved information.</Description>
<StartDate id='29_2_1'><YearMonth>2003-08</YearMonth></StartDate>
<EndDate id='29_2_2'><YearMonth>2004-04</YearMonth></EndDate>




<JobCategory>
<TaxonomyName>JOBAREA</TaxonomyName>
<CategoryCode>sales</CategoryCode>
</JobCategory>


<UserArea>
<DaxPositionHistoryUserArea>
<TLSPAN first_id='29' last_id='32' border_id='0'></TLSPAN>
<MonthsOfWork>9</MonthsOfWork>
</DaxPositionHistoryUserArea>
</UserArea>
</PositionHistory>
</EmployerOrg>

</EmploymentHistory>
<EducationHistory>
<SchoolOrInstitution schoolType='college'>
<SchoolName id='11_1'>York College</SchoolName>
<LocationSummary id='11_2'>
<Municipality>Jamaica</Municipality>
<Region>NY</Region>
<CountryCode>US</CountryCode>
</LocationSummary>


<Degree degreeType='bachelors'>
<DegreeName id='11_3'>Bachelor of Science</DegreeName>
<DegreeDate id='11_4'><YearMonth>2012-12</YearMonth></DegreeDate>
</Degree>
<Major id='11_5_2'>Aviation</Major>



<Comments>Degree: Bachelor of Science,                                 Major: Aviation Management
                              Minor: Political Science</Comments>
</SchoolOrInstitution>

</EducationHistory>











<Competency oids='24 26 27 28 ' description='Skill' auth='yes' name='Aircraft'>
<CompetencyEvidence name='Extent of Experience' typeDescription='Extent of Experience' type='MONTH' lastUsed='2012'><NumericValue description='MONTH'>4</NumericValue></CompetencyEvidence>

<CompetencyWeight type='skillLevel'><NumericValue minValue='0' maxValue='100'>96</NumericValue></CompetencyWeight>

<CompetencyWeight type='skillProficiency'><StringValue minValue='BASIC' maxValue='EXCELLENT'>EXCELLENT</StringValue></CompetencyWeight>
</Competency>

<Competency oids='22 ' description='Skill' auth='no' name='rewards Card assisting'>
<CompetencyEvidence name='Extent of Experience' typeDescription='Extent of Experience' type='MONTH' lastUsed='2010'><NumericValue description='MONTH'>72</NumericValue></CompetencyEvidence>

<CompetencyWeight type='skillLevel'><NumericValue minValue='0' maxValue='100'>84</NumericValue></CompetencyWeight>

<CompetencyWeight type='skillProficiency'><StringValue minValue='BASIC' maxValue='EXCELLENT'>GOOD</StringValue></CompetencyWeight>
</Competency>

<Competency oids='17 ' description='Skill' auth='yes' name='Proofreading'>
<CompetencyEvidence name='Extent of Experience' typeDescription='Extent of Experience' type='MONTH' lastUsed='2012'><NumericValue description='MONTH'>17</NumericValue></CompetencyEvidence>

<CompetencyEvidence typeDescription='Alias' name='Alias'><StringValue>proofread</StringValue></CompetencyEvidence>

<CompetencyWeight type='skillLevel'><NumericValue minValue='0' maxValue='100'>100</NumericValue></CompetencyWeight>

<CompetencyWeight type='skillProficiency'><StringValue minValue='BASIC' maxValue='EXCELLENT'>EXCELLENT</StringValue></CompetencyWeight>
</Competency>

<Competency oids='7 ' description='Skill' auth='no' name='Problem Solving'>
<CompetencyWeight type='skillLevel'><NumericValue minValue='0' maxValue='100'>15</NumericValue></CompetencyWeight>
</Competency>

<Competency oids='42 ' description='Skill > IT' auth='yes' name='Microsoft Word'>
<CompetencyWeight type='skillLevel'><NumericValue minValue='0' maxValue='100'>15</NumericValue></CompetencyWeight>
</Competency>

<Competency oids='45 ' description='Skill > IT' auth='yes' name='Microsoft PowerPoint'>
<CompetencyEvidence typeDescription='Alias' name='Alias'><StringValue>PowerPoint</StringValue></CompetencyEvidence>

<CompetencyWeight type='skillLevel'><NumericValue minValue='0' maxValue='100'>15</NumericValue></CompetencyWeight>
</Competency>

<Competency oids='43 ' description='Skill > IT' auth='yes' name='Microsoft Excel'>
<CompetencyEvidence typeDescription='Alias' name='Alias'><StringValue>Excel</StringValue></CompetencyEvidence>

<CompetencyWeight type='skillLevel'><NumericValue minValue='0' maxValue='100'>15</NumericValue></CompetencyWeight>
</Competency>

<Competency oids='44 ' description='Skill > IT' auth='yes' name='Microsoft Access'>
<CompetencyEvidence typeDescription='Alias' name='Alias'><StringValue>Access</StringValue></CompetencyEvidence>

<CompetencyWeight type='skillLevel'><NumericValue minValue='0' maxValue='100'>15</NumericValue></CompetencyWeight>
</Competency>

<Competency oids='31 ' description='Skill' auth='yes' name='Merchandising'>
<CompetencyEvidence name='Extent of Experience' typeDescription='Extent of Experience' type='MONTH' lastUsed='2004'><NumericValue description='MONTH'>9</NumericValue></CompetencyEvidence>

<CompetencyWeight type='skillLevel'><NumericValue minValue='0' maxValue='100'>25</NumericValue></CompetencyWeight>

<CompetencyWeight type='skillProficiency'><StringValue minValue='BASIC' maxValue='EXCELLENT'>BASIC</StringValue></CompetencyWeight>
</Competency>

<Competency oids='48 ' description='Skill > Language' auth='yes' name='Indian > Urdu'>
<CompetencyEvidence typeDescription='Alias' name='Alias'><StringValue>Urdu</StringValue></CompetencyEvidence>

<CompetencyWeight type='skillLevel'><NumericValue minValue='0' maxValue='100'>35</NumericValue></CompetencyWeight>
</Competency>

<Competency oids='48 ' description='Skill > Language' auth='yes' name='Indian > Hindi'>
<CompetencyEvidence typeDescription='Alias' name='Alias'><StringValue>Hindi</StringValue></CompetencyEvidence>

<CompetencyWeight type='skillLevel'><NumericValue minValue='0' maxValue='100'>35</NumericValue></CompetencyWeight>
</Competency>

<Competency oids='48 ' description='Skill > Language' auth='yes' name='Indian > Bengali'>
<CompetencyEvidence typeDescription='Alias' name='Alias'><StringValue>Bengali</StringValue></CompetencyEvidence>

<CompetencyWeight type='skillLevel'><NumericValue minValue='0' maxValue='100'>35</NumericValue></CompetencyWeight>
</Competency>

<Competency oids='30 ' description='Skill' auth='no' name='GNC training'>
<CompetencyEvidence name='Extent of Experience' typeDescription='Extent of Experience' type='MONTH' lastUsed='2004'><NumericValue description='MONTH'>9</NumericValue></CompetencyEvidence>

<CompetencyWeight type='skillLevel'><NumericValue minValue='0' maxValue='100'>26</NumericValue></CompetencyWeight>

<CompetencyWeight type='skillProficiency'><StringValue minValue='BASIC' maxValue='EXCELLENT'>BASIC</StringValue></CompetencyWeight>
</Competency>

<Competency oids='32 ' description='Skill' auth='yes' name='Bulletins'>
<CompetencyEvidence name='Extent of Experience' typeDescription='Extent of Experience' type='MONTH' lastUsed='2004'><NumericValue description='MONTH'>9</NumericValue></CompetencyEvidence>

<CompetencyWeight type='skillLevel'><NumericValue minValue='0' maxValue='100'>24</NumericValue></CompetencyWeight>

<CompetencyWeight type='skillProficiency'><StringValue minValue='BASIC' maxValue='EXCELLENT'>BASIC</StringValue></CompetencyWeight>
</Competency>

<Competency oids='25 ' description='Skill' auth='yes' name='Air Freight'>
<CompetencyEvidence name='Extent of Experience' typeDescription='Extent of Experience' type='MONTH' lastUsed='2012'><NumericValue description='MONTH'>4</NumericValue></CompetencyEvidence>

<CompetencyEvidence typeDescription='Alias' name='Alias'><StringValue>air cargo</StringValue></CompetencyEvidence>

<CompetencyWeight type='skillLevel'><NumericValue minValue='0' maxValue='100'>95</NumericValue></CompetencyWeight>

<CompetencyWeight type='skillProficiency'><StringValue minValue='BASIC' maxValue='EXCELLENT'>EXCELLENT</StringValue></CompetencyWeight>
</Competency>

<Competency oids='41 ' description='Skill > IT' auth='yes' name='Adobe Photoshop'>
<CompetencyEvidence typeDescription='Alias' name='Alias'><StringValue>Photoshop</StringValue></CompetencyEvidence>

<CompetencyWeight type='skillLevel'><NumericValue minValue='0' maxValue='100'>15</NumericValue></CompetencyWeight>
</Competency>

<Competency oids='20_2 29_3_1 ' description='Held Position' auth='no' name='Sales Associate'>
<CompetencyEvidence name='Extent of Experience' typeDescription='Extent of Experience' type='MONTH' lastUsed='2010'><NumericValue description='MONTH'>81</NumericValue></CompetencyEvidence>

<CompetencyWeight type='skillLevel'><NumericValue minValue='0' maxValue='100'>84</NumericValue></CompetencyWeight>

<CompetencyWeight type='skillProficiency'><StringValue minValue='BASIC' maxValue='EXCELLENT'>GOOD</StringValue></CompetencyWeight>
</Competency>

<Competency oids='38_1 ' description='Held Position' auth='no' name='Volunteer'>
<CompetencyWeight type='skillLevel'><NumericValue minValue='0' maxValue='100'>15</NumericValue></CompetencyWeight>
</Competency>

<Competency oids='13_4_1 ' description='Held Position' auth='no' name='Staff Assistant'>
<CompetencyEvidence name='Extent of Experience' typeDescription='Extent of Experience' type='MONTH' lastUsed='2012'><NumericValue description='MONTH'>17</NumericValue></CompetencyEvidence>

<CompetencyWeight type='skillLevel'><NumericValue minValue='0' maxValue='100'>100</NumericValue></CompetencyWeight>

<CompetencyWeight type='skillProficiency'><StringValue minValue='BASIC' maxValue='EXCELLENT'>EXCELLENT</StringValue></CompetencyWeight>
</Competency>

<Competency oids='23_5_1 ' description='Held Position' auth='no' name='Service Clerk'>
<CompetencyEvidence name='Extent of Experience' typeDescription='Extent of Experience' type='MONTH' lastUsed='2012'><NumericValue description='MONTH'>4</NumericValue></CompetencyEvidence>

<CompetencyWeight type='skillLevel'><NumericValue minValue='0' maxValue='100'>96</NumericValue></CompetencyWeight>

<CompetencyWeight type='skillProficiency'><StringValue minValue='BASIC' maxValue='EXCELLENT'>EXCELLENT</StringValue></CompetencyWeight>
</Competency>

<Competency oids='36_1 ' description='Held Position' auth='no' name='Senator'>
<CompetencyWeight type='skillLevel'><NumericValue minValue='0' maxValue='100'>15</NumericValue></CompetencyWeight>
</Competency>

<Competency oids='8_1 ' description='Held Position' auth='no' name='Project Coordinator'>
<CompetencyWeight type='skillLevel'><NumericValue minValue='0' maxValue='100'>15</NumericValue></CompetencyWeight>
</Competency>

<Competency oids='34_1 ' description='Held Position' auth='no' name='President'>
<CompetencyWeight type='skillLevel'><NumericValue minValue='0' maxValue='100'>15</NumericValue></CompetencyWeight>
</Competency>

<Competency oids='21_1 ' description='Held Position' auth='no' name='Managed front desk'>
<CompetencyEvidence name='Extent of Experience' typeDescription='Extent of Experience' type='MONTH' lastUsed='2010'><NumericValue description='MONTH'>72</NumericValue></CompetencyEvidence>

<CompetencyWeight type='skillLevel'><NumericValue minValue='0' maxValue='100'>82</NumericValue></CompetencyWeight>

<CompetencyWeight type='skillProficiency'><StringValue minValue='BASIC' maxValue='EXCELLENT'>GOOD</StringValue></CompetencyWeight>
</Competency>

<Competency oids='20_1 ' description='Held Position' auth='no' name='Clerk'>
<CompetencyEvidence name='Extent of Experience' typeDescription='Extent of Experience' type='MONTH' lastUsed='2010'><NumericValue description='MONTH'>72</NumericValue></CompetencyEvidence>

<CompetencyWeight type='skillLevel'><NumericValue minValue='0' maxValue='100'>84</NumericValue></CompetencyWeight>

<CompetencyWeight type='skillProficiency'><StringValue minValue='BASIC' maxValue='EXCELLENT'>GOOD</StringValue></CompetencyWeight>
</Competency>

<Competency oids='11_3 ' description='Degree/Qualification' auth='yes' name='Bachelors Degree > Bachelor of Science'>
<CompetencyEvidence typeDescription='Alias' name='Alias'><StringValue>Degree: Bachelor of Science</StringValue></CompetencyEvidence>

<CompetencyWeight type='skillLevel'><NumericValue minValue='0' maxValue='100'>12</NumericValue></CompetencyWeight>
</Competency>

<Competency description='Industry' auth='yes' name='industry~secretarial'>
<CompetencyEvidence name='skillCount' typeDescription='skillCount'><NumericValue>1</NumericValue></CompetencyEvidence>

<CompetencyWeight type='skillLevel'><NumericValue minValue='0' maxValue='100'>100</NumericValue></CompetencyWeight>
</Competency>







<Achievements>
<Achievement><Description>Certificate of Appreciation from GLP (Global Leadership Program in Prague)- Summer 2010
                              Certificate of Appreciation at UAA Aviation Policy Seminar in Washington D.C.</Description></Achievement>

</Achievements>















<RevisionDate id='1'>2013-04-19</RevisionDate>
</StructuredXMLResume>
<NonXMLResume>

<TextResume>



<span inprof='n' id='1' class='date'>{{DOCUMENT_DATESTAMP}} 2013-04-19 23:10:50 {{DOCUMENT_DATESTAMP}}</span>

                                                                          <span inprof='y' id='2' class='nominal'>FAISAL SHAHIM</span>

                        <span inprof='y' id='3' class='location'>*8522, 167 street * Jamaica, NY *11432</span> * <span inprof='y' id='4' class='telephone'>(718) 690-0345</span> *<span inprof='y' id='5' class='email'>Faisal.Shahim@gmail.com</span>




<span inprof='n' id='6' class='skills-qualif-mark'>Skills Summary</span>

    *     <span inprof='y' id='7' class='skill'>Problem Solving</span>        *         Event Management/ <span inprof='y' id='8_1' class='role'>Project Coordinator</span> ; 
    *     Public Speaking        *         <span inprof='n' id='9' class='company'>Intercultural Communication</span> ; 
    *     Customer service       *         Research and Analysis

<span inprof='n' id='10' class='edu-hist-mark'>Education</span>
<span inprof='y' id='11_1' class='educational'>York College</span>, <span inprof='y' id='11_2' class='location'>Jamaica, NY</span>
                              <span inprof='y' id='11_3' class='qualif'>Degree: Bachelor of Science</span>, <span inprof='y' id='11_4' class='date'>Graduated December 2012</span>
                              <span inprof='n' id='11_5_1' class='major'>Major</span>: <span inprof='y' id='11_5_2' class='subject'>Aviation</span> <span inprof='n' id='11_5_3' class='subject'>Management</span>
                              <span inprof='n' id='11_5_4' class='minor'>Minor</span>: <span inprof='n' id='11_5_5' class='subject'>Political Science</span>


<span inprof='n' id='12' class='work-hist-mark'>Experience</span>

<span inprof='y' id='13_1_1' class='date'>08/2011</span>- <span inprof='y' id='13_1_2' class='date'>12/2012</span>              <span inprof='y' id='13_2' class='educational'>Aviation Institute CUNY</span>- <span inprof='y' id='13_3' class='location'>Jamaica, NY</span>
                              <span inprof='y' id='13_4_1' class='role'>Staff Assistant</span>


                                      * *     Coordinating with different departments and organizing different events.  Conducted extensive research on the aviation industry to write about them in an informative, manner to 
                                            stimulate students interest including aviation events at <span inprof='y' id='14' class='educational'>York College</span>
                                      *     Advised incoming students regarding courses in the <span inprof='n' id='15' class='qualif'>aviation</span> <span inprof='n' id='16' class='qualif'>management program</span> ; 
                                      * *     Prepared and <span inprof='y' id='17' class='skill'>proofread</span> marketing materials promoting educational assessments (<span inprof='n' id='18' class='qualif'>Aviation</span>)  Assisted in all other office administrative duties


<span inprof='y' id='19_1_1' class='date'>09/2004</span>- <span inprof='y' id='19_1_2' class='date'>09/2010</span>              <span inprof='y' id='19_2' class='company'>Borders Books Music and Cafe</span> - <span inprof='y' id='19_3' class='location'>New York, NY</span>

                              <span inprof='y' id='20_1' class='role'>Clerk</span>/ <span inprof='y' id='20_2' class='role'>Sales Associate</span>:
                                  * *     Delivered service to customers regarding product description and suggested book regarding their interests.  <span inprof='y' id='21_1' class='role'>Managed front desk</span>, answered questions on Borders <span inprof='y' id='22' class='skill'>rewards Card assisting</span> customers with purchases, 
                                        exchanges and item holding
                                  * *     Trained new employees at the cafe  Researched and Analyzed new ways to improve the efficiency in the cafe sales and operations

                              <span inprof='y' id='23_1' class='company'>American Airlines</span>- <span inprof='y' id='23_2' class='company'>JFK International Airport</span>
<span inprof='y' id='23_3_1' class='date'>06/2012</span> - <span inprof='y' id='23_3_2' class='date'>09/2012</span>
                              <span inprof='y' id='23_4' class='location'>Fleet</span> <span inprof='y' id='23_5_1' class='role'>Service Clerk</span>
                                   * Operated ground equipment and <span inprof='y' id='24' class='skill'>aircraft</span> in flight systems ; 
                                   * Delivered customer <span inprof='y' id='25' class='skill'>air cargo</span> and airmail in designated terminal ; 
                                   * Prepared pre flight operations like in-flight security checks and loading passenger bags into containers/carts ; 
                                   * Inspected the ramp for any FOD around <span inprof='y' id='26' class='skill'>aircraft</span> areas ; 
                                   * Conducted <span inprof='y' id='27' class='skill'>aircraft</span> into final jetway areas by communicating with pilots ; 
                                   * Communicated with the Control Center and other departments to ensure efficient and safe <span inprof='y' id='28' class='skill'>aircraft</span> movement

                                   <span inprof='y' id='29_1' class='company'>GNC</span>
<span inprof='y' id='29_2_1' class='date'>08/2003</span>-<span inprof='y' id='29_2_2' class='date'>04/2004</span>               <span inprof='y' id='29_3_1' class='role'>Sales Associate</span>:
                                   *    Customer interaction and support on different nutritional products ; 
                                   * *    Completed daily cash deposits and reports  Maintained store inventory ; 
                                   * Answer product based questions using knowledge from <span inprof='y' id='30' class='skill'>GNC training</span>, <span inprof='y' id='31' class='skill'>merchandising</span> <span inprof='y' id='32' class='skill'>bulletins</span>, and other
                                        Company approved information.



Awards                        Certificate of Appreciation from GLP (Global Leadership Program in Prague)- Summer 2010
                              Certificate of Appreciation at UAA Aviation Policy Seminar in Washington D.C.



<span inprof='n' id='33' class='skills-qualif-mark'>Professional Affiliations</span>     <span inprof='y' id='34_1' class='role'>President</span> of <span inprof='n' id='35' class='educational'>Aviation Club at York College</span>, <span inprof='y' id='36_1' class='role'>Senator</span> in Student Government (<span inprof='y' id='37' class='educational'>York College</span>) and <span inprof='y' id='38_1' class='role'>Volunteer</span> at <span inprof='n' id='39' class='company'>AAAE</span>

<span inprof='n' id='40' class='skills-qualif-mark'>Computer Skills</span>               <span inprof='y' id='41' class='sofwr'>Photoshop</span>, <span inprof='y' id='42' class='sofwr'>Microsoft Word</span>, <span inprof='y' id='43' class='sofwr'>Excel</span>, <span inprof='y' id='44' class='sofwr'>Access</span> and <span inprof='y' id='45' class='sofwr'>PowerPoint</span>

Special Projects                      * *     Research on <span inprof='n' id='46' class='company'>Gulf Airlines</span> and their impact on consumers  <span inprof='n' id='47' class='company'>Low Cost Airlines</span> in ASEAN
<span inprof='y' id='48' class='skill'>Language Skills               Bengali, Hindi, and Urdu</span>

</TextResume>

</NonXMLResume>



<UserArea>
<DaxResumeUserArea>
<AdditionalPersonalData>
<ExperienceSummary>
<TotalMonthsOfWorkExperience>102</TotalMonthsOfWorkExperience>
<TotalYearsOfWorkExperience>8</TotalYearsOfWorkExperience>
<ExecutiveBrief>Faisal Shahim is a resident of Jamaica, NY, US. He has been working in the Secretarial  occupational sector for more than 8 years. During his last employment he was working as a Staff Assistant at Aviation Institute. So far Faisal has not gained any managerial experience.</ExecutiveBrief>
</ExperienceSummary>
</AdditionalPersonalData>
<TextZones>
<Zone name='achievements'>
Awards                        Certificate of Appreciation from GLP (Global Leadership Program in Prague)- Summer 2010
                              Certificate of Appreciation at UAA Aviation Policy Seminar in Washington D.C.
</Zone>
</TextZones>
<ParserInfo>
<ParserConfiguration>{max_len=50000} {tel_flag=} {send_zip=} {fast_conv=} {DEF_LOCAL=} {sdate=0} {no_email_body=0} {do_clever_zoning=1} {keep_span=1} {complex=1} {accept_langs=} {not_accept_langs=} {prefer_lang_cv=EN} {pers_only=0} {turbo=0} {split_language=0} {picture=0} {picture_inline=0} {name_space=0} {charset=} {hrxml_upgrade_edu_hist=0}{hrxml_add_languages_section=0}{spool=} {docID=} {user=DEFAULT} </ParserConfiguration>
<ParserRelease>0.12.3.32629</ParserRelease>
<ParserReleaseDate>2014-06-18</ParserReleaseDate>
<ParserSchema>2.0.29</ParserSchema>
<ParserSchemaLocation>http://cvx.daxtra.com/cvts/xsd/candidate/2.0.29/Resume.xsd</ParserSchemaLocation>
<ConverterRelease>0.5.2.32629</ConverterRelease>
<ConverterReleaseDate>2014-06-18</ConverterReleaseDate>
</ParserInfo>
<FileStruct filename='/home/izoom/anazarov/grammar/analysis/3rconnect/doc/100_Resumes-Walsh/Aviation Resume ed.pdf'>

<attachment fname='Aviation Resume ed.pdf' ftype='pdf' conv='yes' doc_type='cv' lang='EN'>/home/izoom/anazarov/grammar/analysis/3rconnect/doc/100_Resumes-Walsh/Aviation Resume ed.pdf</attachment>


</FileStruct>
</DaxResumeUserArea>
</UserArea>
</Resume>
