<?xml version='1.0' encoding='ISO-8859-1'?>
<Resume lang='en' src='DAXTRA-CVX schema:2.0.29 release:0.12.3.32629 rdate:2014-06-18'>
<StructuredXMLResume>
<ContactInfo>
<PersonName id='2'>
<FormattedName>Maryum Tucker</FormattedName>
<GivenName>Maryum</GivenName>
<FamilyName>Tucker</FamilyName>
<sex>Female</sex>
</PersonName>
<ContactMethod>
<Telephone id='4' type='home'>
<InternationalCountryCode>1</InternationalCountryCode>
<SubscriberNumber>908 565-2061</SubscriberNumber>
<FormattedNumber>+1 908 565-2061</FormattedNumber></Telephone>

<InternetEmailAddress id='5' type='main'>maryum.tucker@gmail.com</InternetEmailAddress>
<PostalAddress id='3' type='main'>
<CountryCode>US</CountryCode>
<PostalCode>07203</PostalCode>
<Region>NJ</Region>
<Municipality>Roselle</Municipality>
<DeliveryAddress>
<AddressLine>134 East 7th Avenue</AddressLine>
<StreetName>East 7th Avenue</StreetName>
<BuildingNumber>134</BuildingNumber>
</DeliveryAddress>

</PostalAddress>
</ContactMethod>
</ContactInfo>
<ExecutiveSummary>A position as a teller manager.

*    Highly organized and detail oriented ; 
*    Over five years experience as a sales representative. ; 
*    Familiar with retirement accounts including IRA's, KEOGH'S, 401K's. ; 
*    Proficient in accounting software: Lotus 1-2-3, Lacerte, and Class. ;</ExecutiveSummary>


<EmploymentHistory>
<EmployerOrg employerOrgType='soleEmployer'>
<EmployerOrgName id='12_1'>Bank of America</EmployerOrgName>
<EmployerContactInfo>
<LocationSummary id='12_2'>
<Municipality>Jersey City</Municipality>
<Region>NJ</Region>
<CountryCode>US</CountryCode>
</LocationSummary>
</EmployerContactInfo>
<PositionHistory positionType='PERMANENT'>
<Title id='12_3_1'>Sales</Title>
<Title id='12_3_2'>Service Specialist</Title>
<OrgName id='12_1'>Bank of America</OrgName>



<Description>Worked with customers on a daily basis, meeting their banking needs and either taking care of or referring their financial questions to the appropriate supervisory individuals. Accepted and processed customer deposits and loan payments. Maintained and balanced a cash drawer daily. Secured the financial institution nightly Responded to customer inquiries regarding accounts. Helped to increase sales and supervise teller staff. Used 10 key to process monetary transactions.</Description>
<StartDate id='12_4_1'><Year>2005</Year></StartDate>
<EndDate id='12_4_2'>notApplicable</EndDate>




<JobCategory>
<TaxonomyName>JOBAREA</TaxonomyName>
<CategoryCode>accountancy</CategoryCode>
</JobCategory>


<UserArea>
<DaxPositionHistoryUserArea>
<TLSPAN first_id='12' last_id='12' border_id='0'></TLSPAN>
<MonthsOfWork>72</MonthsOfWork>
</DaxPositionHistoryUserArea>
</UserArea>
</PositionHistory>
</EmployerOrg>

</EmploymentHistory>
<EducationHistory>
<SchoolOrInstitution schoolType='university'>
<SchoolName id='14_2'>Rutgers University</SchoolName>



<Degree degreeType='some post-graduate'>
<DegreeName id='14_1'>B.S., Degree</DegreeName>
<DegreeDate id='14_3'><YearMonth>2003-05</YearMonth></DegreeDate>
</Degree>
<Major id='14_1'>English</Major>




</SchoolOrInstitution>

</EducationHistory>











<Competency oids='10 ' description='Skill > IT' auth='yes' name='Lotus 1-2-3'>
<CompetencyWeight type='skillLevel'><NumericValue minValue='0' maxValue='100'>13</NumericValue></CompetencyWeight>
</Competency>

<Competency oids='9_2 ' description='Held Position' auth='no' name='sales representative'>
<CompetencyWeight type='skillLevel'><NumericValue minValue='0' maxValue='100'>13</NumericValue></CompetencyWeight>
</Competency>

<Competency oids='7_2 ' description='Held Position' auth='no' name='a teller manager'>
<CompetencyWeight type='skillLevel'><NumericValue minValue='0' maxValue='100'>13</NumericValue></CompetencyWeight>
</Competency>

<Competency oids='12_3_2 ' description='Held Position' auth='no' name='Service Specialist'>
<CompetencyEvidence name='Extent of Experience' typeDescription='Extent of Experience' type='MONTH' lastUsed='2011'><NumericValue description='MONTH'>72</NumericValue></CompetencyEvidence>

<CompetencyWeight type='skillLevel'><NumericValue minValue='0' maxValue='100'>100</NumericValue></CompetencyWeight>

<CompetencyWeight type='skillProficiency'><StringValue minValue='BASIC' maxValue='EXCELLENT'>EXCELLENT</StringValue></CompetencyWeight>
</Competency>

<Competency oids='12_3_1 ' description='Held Position' auth='no' name='Sales'>
<CompetencyEvidence name='Extent of Experience' typeDescription='Extent of Experience' type='MONTH' lastUsed='2011'><NumericValue description='MONTH'>72</NumericValue></CompetencyEvidence>

<CompetencyWeight type='skillLevel'><NumericValue minValue='0' maxValue='100'>100</NumericValue></CompetencyWeight>

<CompetencyWeight type='skillProficiency'><StringValue minValue='BASIC' maxValue='EXCELLENT'>EXCELLENT</StringValue></CompetencyWeight>
</Competency>

<Competency oids='14_1 ' description='Degree/Qualification' auth='no' name='B.S., Degree > B.S., Degree English'>
<CompetencyEvidence name='Application' typeDescription='Application' type='English'><StringValue>English</StringValue></CompetencyEvidence>

<CompetencyEvidence typeDescription='Alias' name='Alias'><StringValue>B.S., Degree in English</StringValue></CompetencyEvidence>

<CompetencyWeight type='skillLevel'><NumericValue minValue='0' maxValue='100'>12</NumericValue></CompetencyWeight>
</Competency>

<Competency description='Industry' auth='yes' name='industry~accountancy'>
<CompetencyEvidence name='skillCount' typeDescription='skillCount'><NumericValue>1</NumericValue></CompetencyEvidence>

<CompetencyWeight type='skillLevel'><NumericValue minValue='0' maxValue='100'>100</NumericValue></CompetencyWeight>
</Competency>























<RevisionDate id='1'>2011-09-13</RevisionDate>
</StructuredXMLResume>
<NonXMLResume>

<TextResume>



<span inprof='n' id='1' class='date'>{{DOCUMENT_DATESTAMP}} 13 September 2011 {{END_DOCUMENT_DATESTAMP}}</span>


<span inprof='y' id='2' class='nominal'>Maryum Tucker</span>
<span inprof='y' id='3' class='location'>134 East 7th Avenue
Roselle, NJ 07203</span>
<span inprof='y' id='4' class='telephone'>(908) 565-2061</span>
<span inprof='y' id='5' class='email'>maryum.tucker@gmail.com</span>


<span inprof='n' id='6' class='objectives-mark'>OBJECTIVE</span>

A <span inprof='n' id='7_1' class='some-position'>position as</span> <span inprof='y' id='7_2' class='role'>a teller manager</span>.


<span inprof='n' id='8' class='objectives-mark'>SUMMARY</span>

*   Highly organized and detail oriented ; 
*   <span inprof='n' id='9_1' class='duration'>Over five years</span> experience as a <span inprof='y' id='9_2' class='role'>sales representative</span>. ; 
*   Familiar with retirement accounts including IRA's, KEOGH'S, 401K's. ; 
*   Proficient in accounting software: <span inprof='y' id='10' class='sofwr'>Lotus 1-2-3</span>, Lacerte, and Class. ; 
*   Proficient with 10 key.


<span inprof='n' id='11' class='work-hist-mark'>EXPERIENCE</span>

<span inprof='y' id='12_1' class='company'>Bank of America</span>, <span inprof='y' id='12_2' class='location'>Jersey City, NJ</span>
<span inprof='y' id='12_3_1' class='role'>Sales</span> and <span inprof='y' id='12_3_2' class='role'>Service Specialist</span>, <span inprof='y' id='12_4_1' class='date'>2005</span> to <span inprof='y' id='12_4_2' class='date'>Present</span>
Worked with customers on a daily basis, meeting their banking needs and either taking care of or referring their financial questions to the appropriate supervisory individuals. Accepted and processed customer deposits and loan payments. Maintained and balanced a cash drawer daily. Secured the financial institution nightly Responded to customer inquiries regarding accounts. Helped to increase sales and supervise teller staff. Used 10 key to process monetary transactions.

<span inprof='n' id='13' class='edu-hist-mark'>EDUCATION</span>

<span inprof='y' id='14_1' class='qualif'>B.S., Degree in English</span>
<span inprof='y' id='14_2' class='educational'>Rutgers University</span>
<span inprof='y' id='14_3' class='date'>May, 2003</span>

</TextResume>

</NonXMLResume>



<UserArea>
<DaxResumeUserArea>
<AdditionalPersonalData>
<ExperienceSummary>
<TotalMonthsOfWorkExperience>72</TotalMonthsOfWorkExperience>
<TotalYearsOfWorkExperience>6</TotalYearsOfWorkExperience>
<ExecutiveBrief>Maryum Tucker is a resident of Roselle, NJ, US. She has been working in the Accountancy  occupational sector for more than 6 years. Currently she is employed as a Sales/Service Specialist at Bank of America. So far Maryum has not gained any managerial experience.</ExecutiveBrief>
</ExperienceSummary>
</AdditionalPersonalData>
<ParserInfo>
<ParserConfiguration>{max_len=50000} {tel_flag=} {send_zip=} {fast_conv=} {DEF_LOCAL=} {sdate=0} {no_email_body=0} {do_clever_zoning=1} {keep_span=1} {complex=1} {accept_langs=} {not_accept_langs=} {prefer_lang_cv=EN} {pers_only=0} {turbo=0} {split_language=0} {picture=0} {picture_inline=0} {name_space=0} {charset=} {hrxml_upgrade_edu_hist=0}{hrxml_add_languages_section=0}{spool=} {docID=} {user=DEFAULT} </ParserConfiguration>
<ParserRelease>0.12.3.32629</ParserRelease>
<ParserReleaseDate>2014-06-18</ParserReleaseDate>
<ParserSchema>2.0.29</ParserSchema>
<ParserSchemaLocation>http://cvx.daxtra.com/cvts/xsd/candidate/2.0.29/Resume.xsd</ParserSchemaLocation>
<ConverterRelease>0.5.2.32629</ConverterRelease>
<ConverterReleaseDate>2014-06-18</ConverterReleaseDate>
</ParserInfo>
<FileStruct filename='/home/izoom/anazarov/grammar/analysis/3rconnect/doc/100_Resumes-Walsh/bank template.rtf'>

<attachment fname='bank template.rtf' ftype='rtf' conv='yes' doc_type='cv' lang='EN'>/home/izoom/anazarov/grammar/analysis/3rconnect/doc/100_Resumes-Walsh/bank template.rtf</attachment>


</FileStruct>
</DaxResumeUserArea>
</UserArea>
</Resume>
