<?xml version='1.0' encoding='ISO-8859-1'?>
<Resume lang='en' src='DAXTRA-CVX schema:2.0.29 release:0.12.3.32629 rdate:2014-06-18'>
<StructuredXMLResume>
<ContactInfo>
<PersonName>
</PersonName>
<ContactMethod>
<Telephone id='4' type='home'>
<InternationalCountryCode>1</InternationalCountryCode>
<SubscriberNumber>347 557-7402</SubscriberNumber>
<FormattedNumber>+1 347 557-7402</FormattedNumber></Telephone>

<InternetEmailAddress id='5' type='main'>nepalbhaskar@gmail.com</InternetEmailAddress>
<PostalAddress id='3' type='main'>
<CountryCode>US</CountryCode>
<PostalCode>11385</PostalCode>
<Region>NY</Region>
<Municipality>Ridgewood</Municipality>
<DeliveryAddress>
<AddressLine>16-15 Putnam Avenue, Apt-4f</AddressLine>
<StreetName>Putnam Avenue</StreetName>
<BuildingNumber>16-15</BuildingNumber>
<Unit>Apt-4f</Unit>
</DeliveryAddress>

</PostalAddress>
</ContactMethod>
</ContactInfo>


<EmploymentHistory>
<EmployerOrg employerOrgType='soleEmployer'>
<EmployerOrgName id='9_3'>SPS</EmployerOrgName>
<EmployerContactInfo>
<LocationSummary id='9_5'>
<Municipality>New York</Municipality>
<Region>NY</Region>
<CountryCode>US</CountryCode>
</LocationSummary>
</EmployerContactInfo>
<PositionHistory positionType='CONTRACT'>
<Title id='9_7_1'>Volunteer</Title>
<OrgName id='9_4'>CUNY</OrgName>



<Description>The Murphy Institute, SPS, CUNY,  Service in Library
*  Select the donated book from the book donors for the library purposes. ; 
    *  Record the title, publication date, call no., and type of books in the paper sheet. ; 
    *  Attached printed call no. in the books.
    *  Do the work as assigned by the supervisor. ;</Description>
<StartDate id='9_6_1'><YearMonth>2012-03</YearMonth></StartDate>
<EndDate id='9_6_2'><YearMonth>2012-05</YearMonth></EndDate>






<UserArea>
<DaxPositionHistoryUserArea>
<TLSPAN first_id='9' last_id='10' border_id='13'></TLSPAN>
<MonthsOfWork>3</MonthsOfWork>
</DaxPositionHistoryUserArea>
</UserArea>
</PositionHistory>
</EmployerOrg>

<EmployerOrg employerOrgType='soleEmployer'>
<EmployerOrgName id='11'>Dollar Choice</EmployerOrgName>
<EmployerContactInfo>
<LocationSummary id='12'>
<Municipality>Manhattan</Municipality>
<Region>NY</Region>
<CountryCode>US</CountryCode>
</LocationSummary>
</EmployerContactInfo>
<PositionHistory positionType='PERMANENT'>
<Title id='14_1'>Assistant Manager</Title>
<OrgName id='15'>Retail Branch</OrgName>



<Description>Assistant Manager of Retail Branch
    *  Trained and motivated subordinates by adopting different methods for their higher productivity. ; 
    *  Kept financial records and oversaw the financial system for financial transactions. ; 
    *  Working as a book keeper maintaining journal, ledger, trading and profit and loss account manually. ; 
    *  Ordered inventory and determined to maintain a profit margin. ;</Description>
<StartDate id='13_1'><Year>2009</Year></StartDate>
<EndDate id='13_2'><Year>2010</Year></EndDate>



<JobLevelInfo>
<JobGrade>joblevel-management-low</JobGrade>
</JobLevelInfo>

<JobCategory>
<TaxonomyName>JOBAREA</TaxonomyName>
<CategoryCode>accountancy</CategoryCode>
</JobCategory>


<UserArea>
<DaxPositionHistoryUserArea>
<TLSPAN first_id='11' last_id='19' border_id='20'></TLSPAN>
<MonthsOfWork>12</MonthsOfWork>
</DaxPositionHistoryUserArea>
</UserArea>
</PositionHistory>
</EmployerOrg>

<EmployerOrg employerOrgType='soleEmployer'>
<EmployerOrgName id='20_1'>American 1ST Liquor</EmployerOrgName>
<EmployerContactInfo>
<LocationSummary id='20_2'>
<Municipality>New York</Municipality>
<Region>NY</Region>
<CountryCode>US</CountryCode>
</LocationSummary>
</EmployerContactInfo>
<PositionHistory positionType='CONTRACT'>
<Title id='20_4_1'>Salesman</Title>
<OrgName id='20_1'>American 1ST Liquor</OrgName>



<Description>*  Increased liquors and wines sales substantially over the 5 month period of working. ; 
    *  Tracked and updated computer records of inventory. ; 
    *  Disseminated the product information in a massive scale to the customers. ;</Description>
<StartDate id='20_3_1'><Year>2009</Year></StartDate>
<EndDate id='20_3_2'><Year>2009</Year></EndDate>




<JobCategory>
<TaxonomyName>JOBAREA</TaxonomyName>
<CategoryCode>catering</CategoryCode>
</JobCategory>


<UserArea>
<DaxPositionHistoryUserArea>
<TLSPAN first_id='20' last_id='21' border_id='22'></TLSPAN>
<MonthsOfWork>7</MonthsOfWork>
</DaxPositionHistoryUserArea>
</UserArea>
</PositionHistory>
</EmployerOrg>

<EmployerOrg employerOrgType='soleEmployer'>
<EmployerOrgName id='22_1'>N&#38;N Service Station</EmployerOrgName>
<EmployerContactInfo>
<LocationSummary id='22_2'>
<Municipality>Maspeth</Municipality>
<Region>NY</Region>
<CountryCode>US</CountryCode>
</LocationSummary>
</EmployerContactInfo>
<PositionHistory positionType='CONTRACT'>
<Title id='22_4_1'>Salesman</Title>
<OrgName id='22_1'>N&#38;N Service Station</OrgName>



<Description>*  Performed customer service and also worked as a cashier.
*  Placed advertising and publicity material throughout the station. ;</Description>
<StartDate id='22_3_1'><Year>2009</Year></StartDate>
<EndDate id='22_3_2'><Year>2009</Year></EndDate>






<UserArea>
<DaxPositionHistoryUserArea>
<TLSPAN first_id='22' last_id='23' border_id='24'></TLSPAN>
<MonthsOfWork>7</MonthsOfWork>
</DaxPositionHistoryUserArea>
</UserArea>
</PositionHistory>
</EmployerOrg>

<EmployerOrg employerOrgType='soleEmployer'>
<EmployerOrgName id='24_1'>Financial Comptroller</EmployerOrgName>
<EmployerContactInfo>
<LocationSummary id='24_2'>
<Municipality>Kathmandu</Municipality>

</LocationSummary>
</EmployerContactInfo>
<PositionHistory positionType='PERMANENT'>
<Title id='24_4_1'>Account Officer</Title>
<OrgName organizationType='unit' id='24_1'>General Office</OrgName>



<Description>*  Prepared a consolidated financial statement for the Government of Nepal. ; 
    *  Analyzed financial statements to further suggest financial reporting reforms to the Government of Nepal. ; 
    *  Coordinated branch offices to collect financial data in a timely manner. ; 
    *  Participated in the decision making process for proper execution of plan and polices. ; 
    *  Acted as a bookkeeper, accountant and internal auditor. ;</Description>
<StartDate id='24_3_1'><Year>2006</Year></StartDate>
<EndDate id='24_3_2'><Year>2008</Year></EndDate>




<JobCategory>
<TaxonomyName>JOBAREA</TaxonomyName>
<CategoryCode>accountancy</CategoryCode>
</JobCategory>


<UserArea>
<DaxPositionHistoryUserArea>
<TLSPAN first_id='24' last_id='31' border_id='32'></TLSPAN>
<MonthsOfWork>24</MonthsOfWork>
</DaxPositionHistoryUserArea>
</UserArea>
</PositionHistory>
</EmployerOrg>

<EmployerOrg employerOrgType='soleEmployer'>
<EmployerOrgName id='32_1'>General Post Office</EmployerOrgName>
<EmployerContactInfo>
<LocationSummary id='32_2'>
<Municipality>Kathmandu</Municipality>

</LocationSummary>
</EmployerContactInfo>
<PositionHistory positionType='PERMANENT'>
<Title id='32_4_1'>Senior Assistant</Title>
<OrgName id='32_1'>General Post Office</OrgName>



<Description>*  Kept records of all incoming and outgoing stamps to update computer records. ; 
    *  Received general customer  mail for effective service delivery ; 
    *  Delivered privilege service to specific customers. ; 
    *  Performed other administrative support tasks as assigned by supervisor like data entry, report writing and parcel check. ;</Description>
<StartDate id='32_3_1'><Year>1998</Year></StartDate>
<EndDate id='32_3_2'><Year>2006</Year></EndDate>



<JobLevelInfo>
<JobGrade>joblevel-nonmanager-low</JobGrade>
</JobLevelInfo>

<JobCategory>
<TaxonomyName>JOBAREA</TaxonomyName>
<CategoryCode>secretarial</CategoryCode>
</JobCategory>


<UserArea>
<DaxPositionHistoryUserArea>
<TLSPAN first_id='32' last_id='36' border_id='37'></TLSPAN>
<MonthsOfWork>96</MonthsOfWork>
</DaxPositionHistoryUserArea>
</UserArea>
</PositionHistory>
</EmployerOrg>

<EmployerOrg employerOrgType='soleEmployer'>
<EmployerOrgName id='37_1'>Nepal Grindlays Bank</EmployerOrgName>
<EmployerContactInfo>
<LocationSummary id='37_2'>
<Municipality>Kathmandu</Municipality>

</LocationSummary>
</EmployerContactInfo>
<PositionHistory positionType='PERMANENT'>
<Title id='37_4_1'>Marketing Officer</Title>
<OrgName id='37_1'>Nepal Grindlays Bank</OrgName>



<Description>*  Generated over 1000 new credit card membership in a period of one year. ; 
    *  Established a sound interpersonal relationship with related organizations and people to promote the bank's products and services. ; 
    *  Publicized the overall service of banks through different media. ;</Description>
<StartDate id='37_3_1'><Year>1997</Year></StartDate>
<EndDate id='37_3_2'><Year>1998</Year></EndDate>




<JobCategory>
<TaxonomyName>JOBAREA</TaxonomyName>
<CategoryCode>marketing</CategoryCode>
</JobCategory>


<UserArea>
<DaxPositionHistoryUserArea>
<TLSPAN first_id='37' last_id='38' border_id='0'></TLSPAN>
<MonthsOfWork>12</MonthsOfWork>
</DaxPositionHistoryUserArea>
</UserArea>
</PositionHistory>
</EmployerOrg>

</EmploymentHistory>
<EducationHistory>
<SchoolOrInstitution schoolType='college'>
<SchoolName id='41_1'>Baruch College</SchoolName>
<LocationSummary id='41_2'>
<Municipality>New York</Municipality>
<Region>NY</Region>
<CountryCode>US</CountryCode>
</LocationSummary>



<Major id='40_1'>CONTINUING AND PROFESSIONAL STUDIES</Major>



<Comments>Certificate in Project Management,    expecting in2013
    *  CUNY, SCHOOL OF PROFESSIONAL STUDIES, New York, NY ;</Comments>
</SchoolOrInstitution>

<SchoolOrInstitution schoolType='college'>
<SchoolName id='42_1'>SCHOOL OF PROFESSIONAL STUDIES</SchoolName>
<LocationSummary id='42_2'>
<Municipality>New York</Municipality>
<Region>NY</Region>
<CountryCode>US</CountryCode>
</LocationSummary>


<Degree degreeType='certification'>
<DegreeName id='42_3'>Graduate Certificate</DegreeName>
<DegreeDate id='43'><Year>2012</Year></DegreeDate>
</Degree>
<Major id='42_3'>Public Administration and Public Policy</Major>




</SchoolOrInstitution>

<SchoolOrInstitution schoolType='university'>
<SchoolName id='44_1'>TRIBHUVAN UNIVERSITY</SchoolName>
<LocationSummary id='44_2'>
<Municipality>KATHMANDU</Municipality>

</LocationSummary>


<Degree degreeType='masters'>
<DegreeName id='44_3'>Masters Degree</DegreeName>
<DegreeDate id='44_4'><Year>2004</Year></DegreeDate>
</Degree>
<Major id='44_3'>Business Studies</Major>




</SchoolOrInstitution>

<SchoolOrInstitution schoolType='university'>
<SchoolName id='45_1'>TRIBHUVAN UNIVERSITY</SchoolName>
<LocationSummary id='45_2'>
<Municipality>KATHMANDU</Municipality>

</LocationSummary>


<Degree degreeType='bachelors'>
<DegreeName id='45_3'>Bachelors Degree</DegreeName>
<DegreeDate id='45_4'><Year>2000</Year></DegreeDate>
</Degree>
<Major id='45_3'>Business Studies</Major>




</SchoolOrInstitution>

</EducationHistory>











<Competency oids='36 ' description='Skill' auth='no' name='report writing'>
<CompetencyEvidence name='Extent of Experience' typeDescription='Extent of Experience' type='MONTH' lastUsed='2006'><NumericValue description='MONTH'>96</NumericValue></CompetencyEvidence>

<CompetencyWeight type='skillLevel'><NumericValue minValue='0' maxValue='100'>32</NumericValue></CompetencyWeight>

<CompetencyWeight type='skillProficiency'><StringValue minValue='BASIC' maxValue='EXCELLENT'>BASIC</StringValue></CompetencyWeight>
</Competency>

<Competency oids='26 ' description='Skill' auth='no' name='financial statements'>
<CompetencyEvidence name='Extent of Experience' typeDescription='Extent of Experience' type='MONTH' lastUsed='2008'><NumericValue description='MONTH'>24</NumericValue></CompetencyEvidence>

<CompetencyWeight type='skillLevel'><NumericValue minValue='0' maxValue='100'>62</NumericValue></CompetencyWeight>

<CompetencyWeight type='skillProficiency'><StringValue minValue='BASIC' maxValue='EXCELLENT'>WORKING</StringValue></CompetencyWeight>
</Competency>

<Competency oids='33 ' description='Skill' auth='no' name='administrative support'>
<CompetencyEvidence name='Extent of Experience' typeDescription='Extent of Experience' type='MONTH' lastUsed='2006'><NumericValue description='MONTH'>96</NumericValue></CompetencyEvidence>

<CompetencyWeight type='skillLevel'><NumericValue minValue='0' maxValue='100'>34</NumericValue></CompetencyWeight>

<CompetencyWeight type='skillProficiency'><StringValue minValue='BASIC' maxValue='EXCELLENT'>BASIC</StringValue></CompetencyWeight>
</Competency>

<Competency oids='19 ' description='Skill' auth='yes' name='Profit and Loss Accounts'>
<CompetencyEvidence name='Extent of Experience' typeDescription='Extent of Experience' type='MONTH' lastUsed='2010'><NumericValue description='MONTH'>12</NumericValue></CompetencyEvidence>

<CompetencyEvidence typeDescription='Alias' name='Alias'><StringValue>profit and loss account</StringValue></CompetencyEvidence>

<CompetencyWeight type='skillLevel'><NumericValue minValue='0' maxValue='100'>78</NumericValue></CompetencyWeight>

<CompetencyWeight type='skillProficiency'><StringValue minValue='BASIC' maxValue='EXCELLENT'>GOOD</StringValue></CompetencyWeight>
</Competency>

<Competency oids='55 ' description='Skill > Language' auth='yes' name='Nepalese'>
<CompetencyEvidence typeDescription='Alias' name='Alias'><StringValue>Nepali</StringValue></CompetencyEvidence>

<CompetencyWeight type='skillLevel'><NumericValue minValue='0' maxValue='100'>37</NumericValue></CompetencyWeight>
</Competency>

<Competency oids='47 ' description='Skill > IT' auth='yes' name='Microsoft Word'>
<CompetencyEvidence typeDescription='Alias' name='Alias'><StringValue>MS Word</StringValue></CompetencyEvidence>

<CompetencyWeight type='skillLevel'><NumericValue minValue='0' maxValue='100'>15</NumericValue></CompetencyWeight>
</Competency>

<Competency oids='50 ' description='Skill > IT' auth='yes' name='Microsoft Project'>
<CompetencyEvidence typeDescription='Alias' name='Alias'><StringValue>MS Project</StringValue></CompetencyEvidence>

<CompetencyWeight type='skillLevel'><NumericValue minValue='0' maxValue='100'>15</NumericValue></CompetencyWeight>
</Competency>

<Competency oids='49 ' description='Skill > IT' auth='yes' name='Microsoft PowerPoint'>
<CompetencyEvidence typeDescription='Alias' name='Alias'><StringValue>Power point</StringValue></CompetencyEvidence>

<CompetencyWeight type='skillLevel'><NumericValue minValue='0' maxValue='100'>15</NumericValue></CompetencyWeight>
</Competency>

<Competency oids='48 ' description='Skill > IT' auth='yes' name='Microsoft Excel'>
<CompetencyEvidence typeDescription='Alias' name='Alias'><StringValue>Excel</StringValue></CompetencyEvidence>

<CompetencyWeight type='skillLevel'><NumericValue minValue='0' maxValue='100'>15</NumericValue></CompetencyWeight>
</Competency>

<Competency oids='18 ' description='Skill' auth='yes' name='Ledgers'>
<CompetencyEvidence name='Extent of Experience' typeDescription='Extent of Experience' type='MONTH' lastUsed='2010'><NumericValue description='MONTH'>12</NumericValue></CompetencyEvidence>

<CompetencyEvidence typeDescription='Alias' name='Alias'><StringValue>ledger</StringValue></CompetencyEvidence>

<CompetencyWeight type='skillLevel'><NumericValue minValue='0' maxValue='100'>79</NumericValue></CompetencyWeight>

<CompetencyWeight type='skillProficiency'><StringValue minValue='BASIC' maxValue='EXCELLENT'>GOOD</StringValue></CompetencyWeight>
</Competency>

<Competency oids='8 ' description='Skill' auth='no' name='Leadership skills'>
<CompetencyWeight type='skillLevel'><NumericValue minValue='0' maxValue='100'>15</NumericValue></CompetencyWeight>
</Competency>

<Competency oids='17 ' description='Skill' auth='yes' name='Journals'>
<CompetencyEvidence name='Extent of Experience' typeDescription='Extent of Experience' type='MONTH' lastUsed='2010'><NumericValue description='MONTH'>12</NumericValue></CompetencyEvidence>

<CompetencyEvidence typeDescription='Alias' name='Alias'><StringValue>journal</StringValue></CompetencyEvidence>

<CompetencyWeight type='skillLevel'><NumericValue minValue='0' maxValue='100'>80</NumericValue></CompetencyWeight>

<CompetencyWeight type='skillProficiency'><StringValue minValue='BASIC' maxValue='EXCELLENT'>GOOD</StringValue></CompetencyWeight>
</Competency>

<Competency oids='54 ' description='Skill > Language' auth='yes' name='Indian > Urdu'>
<CompetencyEvidence typeDescription='Alias' name='Alias'><StringValue>Urdu</StringValue></CompetencyEvidence>

<CompetencyWeight type='skillLevel'><NumericValue minValue='0' maxValue='100'>37</NumericValue></CompetencyWeight>
</Competency>

<Competency oids='53 ' description='Skill > Language' auth='yes' name='Indian > Hindi'>
<CompetencyEvidence typeDescription='Alias' name='Alias'><StringValue>Hindi</StringValue></CompetencyEvidence>

<CompetencyWeight type='skillLevel'><NumericValue minValue='0' maxValue='100'>37</NumericValue></CompetencyWeight>
</Competency>

<Competency oids='27 ' description='Skill' auth='yes' name='Financial Report Writing'>
<CompetencyEvidence name='Extent of Experience' typeDescription='Extent of Experience' type='MONTH' lastUsed='2008'><NumericValue description='MONTH'>24</NumericValue></CompetencyEvidence>

<CompetencyEvidence typeDescription='Alias' name='Alias'><StringValue>financial reporting</StringValue></CompetencyEvidence>

<CompetencyWeight type='skillLevel'><NumericValue minValue='0' maxValue='100'>61</NumericValue></CompetencyWeight>

<CompetencyWeight type='skillProficiency'><StringValue minValue='BASIC' maxValue='EXCELLENT'>WORKING</StringValue></CompetencyWeight>
</Competency>

<Competency oids='7 ' description='Skill' auth='no' name='Extensive practical experience'>
<CompetencyWeight type='skillLevel'><NumericValue minValue='0' maxValue='100'>15</NumericValue></CompetencyWeight>
</Competency>

<Competency oids='52 ' description='Skill > Language' auth='yes' name='English'>
<CompetencyWeight type='skillLevel'><NumericValue minValue='0' maxValue='100'>37</NumericValue></CompetencyWeight>
</Competency>

<Competency oids='35 ' description='Skill' auth='yes' name='Data Entry'>
<CompetencyEvidence name='Extent of Experience' typeDescription='Extent of Experience' type='MONTH' lastUsed='2006'><NumericValue description='MONTH'>96</NumericValue></CompetencyEvidence>

<CompetencyWeight type='skillLevel'><NumericValue minValue='0' maxValue='100'>33</NumericValue></CompetencyWeight>

<CompetencyWeight type='skillProficiency'><StringValue minValue='BASIC' maxValue='EXCELLENT'>BASIC</StringValue></CompetencyWeight>
</Competency>

<Competency oids='20_4_1 22_4_1 ' description='Held Position' auth='no' name='Salesman'>
<CompetencyEvidence name='Extent of Experience' typeDescription='Extent of Experience' type='MONTH' lastUsed='2009'><NumericValue description='MONTH'>14</NumericValue></CompetencyEvidence>

<CompetencyWeight type='skillLevel'><NumericValue minValue='0' maxValue='100'>61</NumericValue></CompetencyWeight>

<CompetencyWeight type='skillProficiency'><StringValue minValue='BASIC' maxValue='EXCELLENT'>WORKING</StringValue></CompetencyWeight>
</Competency>

<Competency oids='16_2 29_2 ' description='Held Position' auth='no' name='Bookkeeper'>
<CompetencyEvidence name='Extent of Experience' typeDescription='Extent of Experience' type='MONTH' lastUsed='2010'><NumericValue description='MONTH'>36</NumericValue></CompetencyEvidence>

<CompetencyEvidence typeDescription='Alias' name='Alias'><StringValue>a book keeper</StringValue></CompetencyEvidence>

<CompetencyWeight type='skillLevel'><NumericValue minValue='0' maxValue='100'>84</NumericValue></CompetencyWeight>

<CompetencyWeight type='skillProficiency'><StringValue minValue='BASIC' maxValue='EXCELLENT'>GOOD</StringValue></CompetencyWeight>
</Competency>

<Competency oids='31_1 ' description='Held Position' auth='no' name='internal auditor'>
<CompetencyEvidence name='Extent of Experience' typeDescription='Extent of Experience' type='MONTH' lastUsed='2008'><NumericValue description='MONTH'>24</NumericValue></CompetencyEvidence>

<CompetencyWeight type='skillLevel'><NumericValue minValue='0' maxValue='100'>60</NumericValue></CompetencyWeight>

<CompetencyWeight type='skillProficiency'><StringValue minValue='BASIC' maxValue='EXCELLENT'>WORKING</StringValue></CompetencyWeight>
</Competency>

<Competency oids='23_2 ' description='Held Position' auth='no' name='a cashier'>
<CompetencyEvidence name='Extent of Experience' typeDescription='Extent of Experience' type='MONTH' lastUsed='2009'><NumericValue description='MONTH'>7</NumericValue></CompetencyEvidence>

<CompetencyWeight type='skillLevel'><NumericValue minValue='0' maxValue='100'>58</NumericValue></CompetencyWeight>

<CompetencyWeight type='skillProficiency'><StringValue minValue='BASIC' maxValue='EXCELLENT'>WORKING</StringValue></CompetencyWeight>
</Competency>

<Competency oids='9_7_1 ' description='Held Position' auth='no' name='Volunteer'>
<CompetencyEvidence name='Extent of Experience' typeDescription='Extent of Experience' type='MONTH' lastUsed='2012'><NumericValue description='MONTH'>3</NumericValue></CompetencyEvidence>

<CompetencyWeight type='skillLevel'><NumericValue minValue='0' maxValue='100'>100</NumericValue></CompetencyWeight>

<CompetencyWeight type='skillProficiency'><StringValue minValue='BASIC' maxValue='EXCELLENT'>EXCELLENT</StringValue></CompetencyWeight>
</Competency>

<Competency oids='32_4_1 ' description='Held Position' auth='no' name='Senior Assistant'>
<CompetencyEvidence name='Extent of Experience' typeDescription='Extent of Experience' type='MONTH' lastUsed='2006'><NumericValue description='MONTH'>96</NumericValue></CompetencyEvidence>

<CompetencyWeight type='skillLevel'><NumericValue minValue='0' maxValue='100'>34</NumericValue></CompetencyWeight>

<CompetencyWeight type='skillProficiency'><StringValue minValue='BASIC' maxValue='EXCELLENT'>BASIC</StringValue></CompetencyWeight>
</Competency>

<Competency oids='37_4_1 ' description='Held Position' auth='no' name='Marketing Officer'>
<CompetencyEvidence name='Extent of Experience' typeDescription='Extent of Experience' type='MONTH' lastUsed='1998'><NumericValue description='MONTH'>12</NumericValue></CompetencyEvidence>

<CompetencyWeight type='skillLevel'><NumericValue minValue='0' maxValue='100'>27</NumericValue></CompetencyWeight>

<CompetencyWeight type='skillProficiency'><StringValue minValue='BASIC' maxValue='EXCELLENT'>BASIC</StringValue></CompetencyWeight>
</Competency>

<Competency oids='14_1 ' description='Held Position' auth='no' name='Assistant Manager'>
<CompetencyEvidence name='Extent of Experience' typeDescription='Extent of Experience' type='MONTH' lastUsed='2010'><NumericValue description='MONTH'>12</NumericValue></CompetencyEvidence>

<CompetencyWeight type='skillLevel'><NumericValue minValue='0' maxValue='100'>80</NumericValue></CompetencyWeight>

<CompetencyWeight type='skillProficiency'><StringValue minValue='BASIC' maxValue='EXCELLENT'>GOOD</StringValue></CompetencyWeight>
</Competency>

<Competency oids='30_1 ' description='Held Position' auth='no' name='Accountant'>
<CompetencyEvidence name='Extent of Experience' typeDescription='Extent of Experience' type='MONTH' lastUsed='2008'><NumericValue description='MONTH'>24</NumericValue></CompetencyEvidence>

<CompetencyWeight type='skillLevel'><NumericValue minValue='0' maxValue='100'>61</NumericValue></CompetencyWeight>

<CompetencyWeight type='skillProficiency'><StringValue minValue='BASIC' maxValue='EXCELLENT'>WORKING</StringValue></CompetencyWeight>
</Competency>

<Competency oids='24_4_1 ' description='Held Position' auth='no' name='Account Officer'>
<CompetencyEvidence name='Extent of Experience' typeDescription='Extent of Experience' type='MONTH' lastUsed='2008'><NumericValue description='MONTH'>24</NumericValue></CompetencyEvidence>

<CompetencyWeight type='skillLevel'><NumericValue minValue='0' maxValue='100'>62</NumericValue></CompetencyWeight>

<CompetencyWeight type='skillProficiency'><StringValue minValue='BASIC' maxValue='EXCELLENT'>WORKING</StringValue></CompetencyWeight>
</Competency>

<Competency oids='44_3 ' description='Degree/Qualification' auth='yes' name='Masters Degree > Masters Degree Business Studies'>
<CompetencyEvidence name='Application' typeDescription='Application' type='Business Studies'><StringValue>Business Studies</StringValue></CompetencyEvidence>

<CompetencyEvidence typeDescription='Alias' name='Alias'><StringValue>Master's Degree in Business Studies</StringValue></CompetencyEvidence>

<CompetencyWeight type='skillLevel'><NumericValue minValue='0' maxValue='100'>12</NumericValue></CompetencyWeight>
</Competency>

<Competency oids='42_3 ' description='Degree/Qualification' auth='no' name='Graduate Certificate > Graduate Certificate Public Administration and Public Policy'>
<CompetencyEvidence name='Application' typeDescription='Application' type='Public Administration and Public Policy'><StringValue>Public Administration and Public Policy</StringValue></CompetencyEvidence>

<CompetencyEvidence typeDescription='Alias' name='Alias'><StringValue>Graduate Certificate in Public Administration and Public Policy</StringValue></CompetencyEvidence>

<CompetencyWeight type='skillLevel'><NumericValue minValue='0' maxValue='100'>12</NumericValue></CompetencyWeight>
</Competency>

<Competency oids='41_3 ' description='Degree/Qualification' auth='no' name='Certificate > Certificate Project Management'>
<CompetencyEvidence name='Application' typeDescription='Application' type='Project Management'><StringValue>Project Management</StringValue></CompetencyEvidence>

<CompetencyEvidence typeDescription='Alias' name='Alias'><StringValue>Certificate in Project Management</StringValue></CompetencyEvidence>

<CompetencyWeight type='skillLevel'><NumericValue minValue='0' maxValue='100'>12</NumericValue></CompetencyWeight>
</Competency>

<Competency oids='45_3 ' description='Degree/Qualification' auth='yes' name='Bachelors Degree > Bachelors Degree Business Studies'>
<CompetencyEvidence name='Application' typeDescription='Application' type='Business Studies'><StringValue>Business Studies</StringValue></CompetencyEvidence>

<CompetencyEvidence typeDescription='Alias' name='Alias'><StringValue>Bachelor degree in Business Studies</StringValue></CompetencyEvidence>

<CompetencyWeight type='skillLevel'><NumericValue minValue='0' maxValue='100'>12</NumericValue></CompetencyWeight>
</Competency>

<Competency description='Industry' auth='yes' name='industry~accountancy'>
<CompetencyEvidence name='skillCount' typeDescription='skillCount'><NumericValue>2</NumericValue></CompetencyEvidence>

<CompetencyWeight type='skillLevel'><NumericValue minValue='0' maxValue='100'>89</NumericValue></CompetencyWeight>
</Competency>























<RevisionDate id='1'>2013-04-04</RevisionDate>
</StructuredXMLResume>
<NonXMLResume>

<TextResume>



<span inprof='n' id='1' class='date'>{{DOCUMENT_DATESTAMP}} 2013-4-4 {{END_DOCUMENT_DATESTAMP}}</span>


<span inprof='n' id='2' class='company'>BHASKAR SHARMA NEPAL</span>
<span inprof='y' id='3' class='location'>16-15 Putnam Avenue, Apt-4f
Ridgewood, NY, 11385</span>
<span inprof='y' id='4' class='telephone'>(347)557-7402</span>
<span inprof='y' id='5' class='email'>nepalbhaskar@gmail.com</span>

       <span inprof='n' id='6' class='edu-hist-mark'>SUMMARY OF QUALIFICATIONS:</span>
    *  <span inprof='y' id='7' class='skill'>Extensive practical experience</span> from small scale organizations to government sector. ; 
    *  Self-motivated and determined to serve in a public service capacity. ; 
    *  Knowledge of various fields of study to explore and lead the community in the right direction. ; 
    *  <span inprof='y' id='8' class='skill'>Leadership skills</span> and ability to build strong interpersonal relationships with others.

<span inprof='n' id='9_1' class='experience-title'>WORK EXPERIENCE:</span>
            <span inprof='n' id='9_2' class='educational'>The Murphy Institute</span>, <span inprof='y' id='9_3' class='company'>SPS</span>, <span inprof='y' id='9_4' class='company'>CUNY</span>, <span inprof='y' id='9_5' class='location'>New York, NY</span>                             <span inprof='y' id='9_6_1' class='date'>03- 2012</span> -<span inprof='y' id='9_6_2' class='date'>05-2012</span>
       <span inprof='y' id='9_7_1' class='role'>Volunteer</span> Service in Library
    *  Select the donated book from the book donors for the library purposes. ; 
    *  Record the title, publication date, call no., and type of books in the paper sheet. ; 
    *  Attached printed call no. in the books.
    *  Do the work as assigned <span inprof='n' id='10' class='bad-occupation'>by the supervisor</span>.

       <span inprof='y' id='11' class='company'>Dollar Choice</span>, Uptown, <span inprof='y' id='12' class='location'>Manhattan, NY</span>                                                 <span inprof='y' id='13_1' class='date'>2009</span> -<span inprof='y' id='13_2' class='date'>2010</span>
       <span inprof='y' id='14_1' class='role'>Assistant Manager</span> of <span inprof='y' id='15' class='company'>Retail Branch</span>
    *  Trained and motivated subordinates by adopting different methods for their higher productivity. ; 
    *  Kept financial records and oversaw the financial system for financial transactions. ; 
    *  Working <span inprof='n' id='16_1' class='some-position'>as</span> <span inprof='y' id='16_2' class='role'>a book keeper</span> maintaining <span inprof='y' id='17' class='skill'>journal</span>, <span inprof='y' id='18' class='skill'>ledger</span>, trading and <span inprof='y' id='19' class='skill'>profit and loss account</span> manually. ; 
    *  Ordered inventory and determined to maintain a profit margin.

       <span inprof='y' id='20_1' class='company'>American 1ST Liquor</span>, <span inprof='y' id='20_2' class='location'>New York, NY</span>                                                           <span inprof='y' id='20_3_1' class='date'>2009</span> -<span inprof='y' id='20_3_2' class='date'>2009</span>
       <span inprof='y' id='20_4_1' class='role'>Salesman</span>
    *  Increased liquors and wines sales substantially over the <span inprof='n' id='21' class='duration'>5 month</span> period of working. ; 
    *  Tracked and updated computer records of inventory. ; 
    *  Disseminated the product information in a massive scale to the customers.

       <span inprof='y' id='22_1' class='company'>N&#38;N Service Station</span>, <span inprof='y' id='22_2' class='location'>Maspeth, NY</span>                                                             <span inprof='y' id='22_3_1' class='date'>2009</span> - <span inprof='y' id='22_3_2' class='date'>2009</span>
        <span inprof='y' id='22_4_1' class='role'>Salesman</span>
    *  Performed customer service and also <span inprof='n' id='23_1' class='some-position'>worked as</span> <span inprof='y' id='23_2' class='role'>a cashier</span>. ; 
    *  Placed advertising and publicity material throughout the station.

       <span inprof='y' id='24_1' class='company'>Financial Comptroller General Office</span>, <span inprof='y' id='24_2' class='location'>Kathmandu, Nepal</span>                           <span inprof='y' id='24_3_1' class='date'>2006</span> - <span inprof='y' id='24_3_2' class='date'>2008</span>
       <span inprof='y' id='24_4_1' class='role'>Account Officer</span>
    *  Prepared a consolidated financial statement for <span inprof='n' id='25' class='company'>the Government of Nepal</span>. ; 
    *  Analyzed <span inprof='y' id='26' class='skill'>financial statements</span> to further suggest <span inprof='y' id='27' class='skill'>financial reporting</span> reforms to <span inprof='n' id='28' class='company'>the Government of Nepal</span>. ; 
    *  Coordinated branch offices to collect financial data in a timely manner. ; 
    *  Participated in the decision making process for proper execution of plan and polices. ; 
    *  Acted <span inprof='n' id='29_1' class='some-position'>as</span> <span inprof='y' id='29_2' class='role'>a bookkeeper</span>, <span inprof='y' id='30_1' class='role'>accountant</span> and <span inprof='y' id='31_1' class='role'>internal auditor</span>.

       <span inprof='y' id='32_1' class='company'>General Post Office</span>, <span inprof='y' id='32_2' class='location'>Kathmandu, Nepal</span>                                           <span inprof='y' id='32_3_1' class='date'>1998</span> - <span inprof='y' id='32_3_2' class='date'>2006</span>
       <span inprof='y' id='32_4_1' class='role'>Senior Assistant</span>
    *  Kept records of all incoming and outgoing stamps to update computer records. ; 
    *  Received general customer  mail for effective service delivery ; 
    *  Delivered privilege service to specific customers. ; 
    *  Performed other <span inprof='y' id='33' class='skill'>administrative support</span> tasks as assigned <span inprof='n' id='34' class='bad-occupation'>by supervisor</span> like <span inprof='y' id='35' class='skill'>data entry</span>, <span inprof='y' id='36' class='skill'>report writing</span> and parcel check.

              <span inprof='y' id='37_1' class='company'>Nepal Grindlays Bank</span>, <span inprof='y' id='37_2' class='location'>Kathmandu, Nepal</span>           <span inprof='y' id='37_3_1' class='date'>1997</span> - <span inprof='y' id='37_3_2' class='date'>1998</span>
             <span inprof='y' id='37_4_1' class='role'>Marketing Officer</span>
                                                               *  Generated over 1000 new credit card membership in a <span inprof='n' id='38' class='duration'>period of one year</span>. ; 
                                                               *  Established a sound interpersonal relationship with related organizations and people to promote the bank's products and services. ; 
                                                               *  Publicized the overall service of banks through different media.


       <span inprof='n' id='39' class='edu-hist-mark'>EDUCATION:</span>
    *  CUNY, <span inprof='y' id='40_1' class='subject'>CONTINUING AND PROFESSIONAL STUDIES</span>, <span inprof='y' id='41_1' class='educational'>Baruch College</span>, <span inprof='y' id='41_2' class='location'>New York, NY</span>
       <span inprof='y' id='41_3' class='qualif'>Certificate in Project Management</span>,                                                        expecting in2013
    *  CUNY, <span inprof='y' id='42_1' class='educational'>SCHOOL OF PROFESSIONAL STUDIES</span>, <span inprof='y' id='42_2' class='location'>New York, NY</span>
       <span inprof='y' id='42_3' class='qualif'>Graduate Certificate in Public Administration and Public Policy</span>,                          <span inprof='y' id='43' class='date'>2012</span>

    *  <span inprof='y' id='44_1' class='educational'>TRIBHUVAN UNIVERSITY</span>, <span inprof='y' id='44_2' class='location'>SHANKER DEV CAMPUS, KATHMANDU, NEPAL</span>
       <span inprof='y' id='44_3' class='qualif'>Master's Degree in Business Studies</span>,                                                                            <span inprof='y' id='44_4' class='date'>2004</span>

    *  <span inprof='y' id='45_1' class='educational'>TRIBHUVAN UNIVERSITY</span>, <span inprof='y' id='45_2' class='location'>SHANKER DEV CAMPUS, KATHMANDU, NEPAL</span>
            <span inprof='y' id='45_3' class='qualif'>Bachelor degree in Business Studies</span>,                                                                              <span inprof='y' id='45_4' class='date'>2000</span>

       <span inprof='n' id='46' class='skills-qualif-mark'>SKILLS:</span>
    *  <span inprof='y' id='47' class='sofwr'>MS Word</span>, <span inprof='y' id='48' class='sofwr'>Excel</span>, <span inprof='y' id='49' class='sofwr'>Power point</span>
    *  <span inprof='y' id='50' class='sofwr'>MS Project</span>
    *  Quick books

       <span inprof='n' id='51' class='skills-qualif-mark'>LANGUAGE:</span>
    *  <span inprof='y' id='52' class='skill'>English</span>, <span inprof='y' id='53' class='skill'>Hindi</span>, <span inprof='y' id='54' class='skill'>Urdu</span>, <span inprof='y' id='55' class='skill'>Nepali</span>










    *  .

</TextResume>

</NonXMLResume>



<UserArea>
<DaxResumeUserArea>
<AdditionalPersonalData>
<ExperienceSummary>
<TotalMonthsOfWorkExperience>161</TotalMonthsOfWorkExperience>
<TotalYearsOfWorkExperience>13</TotalYearsOfWorkExperience>
<TotalMonthsOfManagementWorkExperience>12</TotalMonthsOfManagementWorkExperience>
<TotalYearsOfManagementWorkExperience>1</TotalYearsOfManagementWorkExperience>
<TotalMonthsOfLowLevelManagementWorkExperience>12</TotalMonthsOfLowLevelManagementWorkExperience>
<TotalYearsOfLowLevelManagementWorkExperience>1</TotalYearsOfLowLevelManagementWorkExperience>
<ExecutiveBrief>This candidate is a resident of Ridgewood, NY, US.  has been working in the Accountancy  occupational sector for more than 13 years. During this candidate's last employment this candidate was working as a Volunteer at SPS. This candidate has some experience in managment (12 months).</ExecutiveBrief>
<ManagementRecord>Since 2009 for 12 months the candidate had experience at a lower grade management level working as a Assistant Manager at Dollar Choice.
</ManagementRecord>
</ExperienceSummary>
</AdditionalPersonalData>
<ParserInfo>
<ParserConfiguration>{max_len=50000} {tel_flag=} {send_zip=} {fast_conv=} {DEF_LOCAL=} {sdate=0} {no_email_body=0} {do_clever_zoning=1} {keep_span=1} {complex=1} {accept_langs=} {not_accept_langs=} {prefer_lang_cv=EN} {pers_only=0} {turbo=0} {split_language=0} {picture=0} {picture_inline=0} {name_space=0} {charset=} {hrxml_upgrade_edu_hist=0}{hrxml_add_languages_section=0}{spool=} {docID=} {user=DEFAULT} </ParserConfiguration>
<ParserRelease>0.12.3.32629</ParserRelease>
<ParserReleaseDate>2014-06-18</ParserReleaseDate>
<ParserSchema>2.0.29</ParserSchema>
<ParserSchemaLocation>http://cvx.daxtra.com/cvts/xsd/candidate/2.0.29/Resume.xsd</ParserSchemaLocation>
<ConverterRelease>0.5.2.32629</ConverterRelease>
<ConverterReleaseDate>2014-06-18</ConverterReleaseDate>
</ParserInfo>
<FileStruct filename='/home/izoom/anazarov/grammar/analysis/3rconnect/doc/100_Resumes-Walsh/bhaskar account and finance resume.doc'>

<attachment fname='bhaskar account and finance resume.doc' ftype='doc' conv='yes' doc_type='cv' lang='EN'>/home/izoom/anazarov/grammar/analysis/3rconnect/doc/100_Resumes-Walsh/bhaskar account and finance resume.doc</attachment>


</FileStruct>
</DaxResumeUserArea>
</UserArea>
</Resume>
