<?xml version='1.0' encoding='ISO-8859-1'?>
<Resume lang='en' src='DAXTRA-CVX schema:2.0.29 release:0.12.3.32629 rdate:2014-06-18'>
<StructuredXMLResume>
<ContactInfo>
<PersonName id='2'>
<FormattedName>Carlos Elim Gomez</FormattedName>
<GivenName>Carlos</GivenName>
<FamilyName>Elim Gomez</FamilyName>
<sex>Male</sex>
</PersonName>
<ContactMethod>
<Mobile id='5'>
<InternationalCountryCode>1</InternationalCountryCode>
<SubscriberNumber>580 559-3670</SubscriberNumber>
<FormattedNumber>+1 580 559-3670</FormattedNumber></Mobile>

<InternetEmailAddress id='4' type='main'>Carloselim16@yahoo.com</InternetEmailAddress>
<PostalAddress id='3' type='main'>
<CountryCode>US</CountryCode>
<Region>NJ</Region>
<Municipality>Clifton</Municipality>
<DeliveryAddress>
<AddressLine>420 Fenlon Boulevard</AddressLine>
<StreetName>Fenlon Boulevard</StreetName>
<BuildingNumber>420</BuildingNumber>
</DeliveryAddress>

</PostalAddress>
</ContactMethod>
</ContactInfo>
<ExecutiveSummary>To obtain an entry level position in the area of finance and/or sales.</ExecutiveSummary>


<EmploymentHistory>
<EmployerOrg employerOrgType='soleEmployer'>
<EmployerOrgName id='16_1'>Bloomfield College</EmployerOrgName>
<EmployerContactInfo>
<LocationSummary id='16_2'>
<Municipality>Bloomfield</Municipality>
<Region>NJ</Region>
<CountryCode>US</CountryCode>
</LocationSummary>
</EmployerContactInfo>
<PositionHistory>
<Title id='17_1'>Junior EOF Admissions Counselor</Title>
<OrgName id='16_1'>Bloomfield College</OrgName>



<Description>*  Assist in the recruitment process of students and evaluate applications. ; 
    *  Attend college fairs representing Bloomfield College. ; 
    *  Mentor EOF ( Equal Opportunity Fund) students and evaluate financial elegibility. ;</Description>
<StartDate id='16_3'><YearMonth>2013-01</YearMonth></StartDate>
<EndDate>notApplicable</EndDate>



<JobLevelInfo>
<JobGrade>joblevel-nonmanager-low</JobGrade>
</JobLevelInfo>

<JobCategory>
<TaxonomyName>JOBAREA</TaxonomyName>
<CategoryCode>hr</CategoryCode>
</JobCategory>


<UserArea>
<DaxPositionHistoryUserArea>
<TLSPAN first_id='16' last_id='21' border_id='22'></TLSPAN>
<MonthsOfWork>3</MonthsOfWork>
</DaxPositionHistoryUserArea>
</UserArea>
</PositionHistory>
</EmployerOrg>

<EmployerOrg employerOrgType='soleEmployer'>
<EmployerOrgName id='22_1'>Governor's Hispanic Fellow Program</EmployerOrgName>
<EmployerContactInfo>
<LocationSummary id='22_2'>
<Municipality>Trenton</Municipality>
<Region>NJ</Region>
<CountryCode>US</CountryCode>
</LocationSummary>
</EmployerContactInfo>
<PositionHistory positionType='CONTRACT'>
<Title id='22_4_1'>Intern</Title>
<OrgName id='22_1'>Governor's Hispanic Fellow Program</OrgName>



<Description>*  Attended weekly leadership building workshops including networking, government affairs and public speaking ; 
    *  Participated in weekly training sessions in topics regarding how to be a leader in the Latino community. ;</Description>
<StartDate id='22_3_1'><YearMonth>2012-05</YearMonth></StartDate>
<EndDate id='22_3_2'><YearMonth>2012-08</YearMonth></EndDate>




<JobCategory>
<TaxonomyName>JOBAREA</TaxonomyName>
<CategoryCode>medicine</CategoryCode>
</JobCategory>


<UserArea>
<DaxPositionHistoryUserArea>
<TLSPAN first_id='22' last_id='23' border_id='24'></TLSPAN>
<MonthsOfWork>4</MonthsOfWork>
</DaxPositionHistoryUserArea>
</UserArea>
</PositionHistory>
</EmployerOrg>

<EmployerOrg employerOrgType='soleEmployer'>
<EmployerOrgName id='24_1'>Frontline Entertainment Agency</EmployerOrgName>
<EmployerContactInfo>
<LocationSummary id='24_2'>
<Municipality>Clifton</Municipality>
<Region>NJ</Region>
<CountryCode>US</CountryCode>
</LocationSummary>
</EmployerContactInfo>
<PositionHistory positionType='CONTRACT'>
<Title id='24_4_1'>Executive Assistant</Title>
<OrgName id='24_1'>Frontline Entertainment Agency</OrgName>



<Description>*  Assisted the Vice President directly in all the business related tasks like meeting scheduling, market
    and prospective clients research and follow up.
    *  Online marketing and new artist's development. Contacted and researched potential business partners.

SKILLS
    *  Potent academic knowledge in International Finance, Advanced Computer Applications, Money and Banking and Security Analysis. ; 
    *  Skilled in computer systems, hardware and various software applications ; 
    *  Trilingual: English, Spanish and French ; 
    *  Able to interact with, communicate and lead diverse groups of people ;</Description>
<StartDate id='24_3_1'><YearMonth>2012-05</YearMonth></StartDate>
<EndDate id='24_3_2'><YearMonth>2012-08</YearMonth></EndDate>



<JobLevelInfo>
<JobGrade>joblevel-nonmanager-low</JobGrade>
</JobLevelInfo>

<JobCategory>
<TaxonomyName>JOBAREA</TaxonomyName>
<CategoryCode>secretarial</CategoryCode>
</JobCategory>


<UserArea>
<DaxPositionHistoryUserArea>
<TLSPAN first_id='24' last_id='31' border_id='0'></TLSPAN>
<MonthsOfWork>4</MonthsOfWork>
</DaxPositionHistoryUserArea>
</UserArea>
</PositionHistory>
</EmployerOrg>

<EmployerOrg employerOrgType='soleEmployer'>
<EmployerOrgName id='14_1'>First Investors Corporation</EmployerOrgName>
<EmployerContactInfo>
<LocationSummary id='14_2'>
<Municipality>Woodbridge</Municipality>
<Region>NJ</Region>
<CountryCode>US</CountryCode>
</LocationSummary>
</EmployerContactInfo>
<PositionHistory positionType='CONTRACT'>
<Title id='14_4_1'>Financial Services Intern</Title>
<OrgName id='14_1'>First Investors Corporation</OrgName>



<Description>*  Prepared investment proposals ; 
    *  Performed database studies, tracked and analyzed office mailings to determine results ; 
    *  Conducted interviews of prospective interns ; 
    *  Participated in weekly sales meetings. ; 
    *  Analyzed retirement and college saving needs ; 
    *  Attended Customer Service Questionnaire meetings and conference calls ;</Description>
<StartDate id='14_3_1'><YearMonth>2011-05</YearMonth></StartDate>
<EndDate id='14_3_2'><YearMonth>2011-08</YearMonth></EndDate>




<JobCategory>
<TaxonomyName>JOBAREA</TaxonomyName>
<CategoryCode>secretarial</CategoryCode>
</JobCategory>


<UserArea>
<DaxPositionHistoryUserArea>
<TLSPAN first_id='14' last_id='14' border_id='16'></TLSPAN>
<MonthsOfWork>4</MonthsOfWork>
</DaxPositionHistoryUserArea>
</UserArea>
</PositionHistory>
</EmployerOrg>

</EmploymentHistory>
<EducationHistory>
<SchoolOrInstitution schoolType='college'>
<SchoolName id='9_1'>IFALPES Institute</SchoolName>
<LocationSummary id='9_2'>
<Municipality>Annecy</Municipality>
<CountryCode>FR</CountryCode>
</LocationSummary>


<Degree degreeType='bachelors'>
<DegreeName id='8_4'>Bachelor of Science</DegreeName>
<DegreeDate id='8_6'><YearMonth>2013-05</YearMonth></DegreeDate>
</Degree>
<Major id='8_4'>Finance</Major>

<Measure>
<MeasureValue id='8_5_1'>GPA: 3.9</MeasureValue>
</Measure>


<Comments>Major: International Business/ Finance (Bachelors of Science)</Comments>
</SchoolOrInstitution>

<SchoolOrInstitution schoolType='college'>
<SchoolName id='10_1'>Mercyhurst College</SchoolName>
<LocationSummary id='10_2'>
<Municipality>Erie</Municipality>
<Region>PA</Region>
<CountryCode>US</CountryCode>
</LocationSummary>






<DatesOfAttendance>
<StartDate id='9_3_1'><YearMonth>2012-09</YearMonth></StartDate>
<EndDate id='9_3_2'><YearMonth>2012-12</YearMonth></EndDate>
</DatesOfAttendance>

</SchoolOrInstitution>

<SchoolOrInstitution schoolType='college'>





<Major id='11'>Business</Major>

<Measure>
<MeasureValue id='12_1'>Management GPA: 4.0</MeasureValue>
</Measure>

<DatesOfAttendance>
<StartDate id='10_3_1'><Year>2009</Year></StartDate>
<EndDate id='10_3_2'><Year>2010</Year></EndDate>
</DatesOfAttendance>

</SchoolOrInstitution>

</EducationHistory>











<Competency oids='26 ' description='Skill' auth='no' name='meeting scheduling'>
<CompetencyEvidence name='Extent of Experience' typeDescription='Extent of Experience' type='MONTH' lastUsed='2012'><NumericValue description='MONTH'>4</NumericValue></CompetencyEvidence>

<CompetencyWeight type='skillLevel'><NumericValue minValue='0' maxValue='100'>90</NumericValue></CompetencyWeight>

<CompetencyWeight type='skillProficiency'><StringValue minValue='BASIC' maxValue='EXCELLENT'>EXCELLENT</StringValue></CompetencyWeight>
</Competency>

<Competency oids='31 ' description='Skill > Language' auth='yes' name='Spanish'>
<CompetencyEvidence name='Extent of Experience' typeDescription='Extent of Experience' type='MONTH' lastUsed='2012'><NumericValue description='MONTH'>4</NumericValue></CompetencyEvidence>

<CompetencyWeight type='skillLevel'><NumericValue minValue='0' maxValue='100'>69</NumericValue></CompetencyWeight>

<CompetencyWeight type='skillProficiency'><StringValue minValue='BASIC' maxValue='EXCELLENT'>ADVANCED</StringValue></CompetencyWeight>
</Competency>

<Competency oids='30 ' description='Skill' auth='no' name='Security Analysis'>
<CompetencyEvidence name='Extent of Experience' typeDescription='Extent of Experience' type='MONTH' lastUsed='2012'><NumericValue description='MONTH'>4</NumericValue></CompetencyEvidence>

<CompetencyWeight type='skillLevel'><NumericValue minValue='0' maxValue='100'>89</NumericValue></CompetencyWeight>

<CompetencyWeight type='skillProficiency'><StringValue minValue='BASIC' maxValue='EXCELLENT'>EXCELLENT</StringValue></CompetencyWeight>
</Competency>

<Competency oids='31 ' description='Skill > Language' auth='yes' name='French'>
<CompetencyEvidence name='Extent of Experience' typeDescription='Extent of Experience' type='MONTH' lastUsed='2012'><NumericValue description='MONTH'>4</NumericValue></CompetencyEvidence>

<CompetencyWeight type='skillLevel'><NumericValue minValue='0' maxValue='100'>69</NumericValue></CompetencyWeight>

<CompetencyWeight type='skillProficiency'><StringValue minValue='BASIC' maxValue='EXCELLENT'>ADVANCED</StringValue></CompetencyWeight>
</Competency>

<Competency oids='31 ' description='Skill > Language' auth='yes' name='English'>
<CompetencyEvidence name='Extent of Experience' typeDescription='Extent of Experience' type='MONTH' lastUsed='2012'><NumericValue description='MONTH'>4</NumericValue></CompetencyEvidence>

<CompetencyWeight type='skillLevel'><NumericValue minValue='0' maxValue='100'>69</NumericValue></CompetencyWeight>

<CompetencyWeight type='skillProficiency'><StringValue minValue='BASIC' maxValue='EXCELLENT'>ADVANCED</StringValue></CompetencyWeight>
</Competency>

<Competency oids='32_1_2 ' description='Held Position' auth='no' name='President, Mercyhurst'>
<CompetencyWeight type='skillLevel'><NumericValue minValue='0' maxValue='100'>14</NumericValue></CompetencyWeight>
</Competency>

<Competency oids='27_1 ' description='Held Position' auth='no' name='Online marketing'>
<CompetencyEvidence name='Extent of Experience' typeDescription='Extent of Experience' type='MONTH' lastUsed='2012'><NumericValue description='MONTH'>4</NumericValue></CompetencyEvidence>

<CompetencyWeight type='skillLevel'><NumericValue minValue='0' maxValue='100'>89</NumericValue></CompetencyWeight>

<CompetencyWeight type='skillProficiency'><StringValue minValue='BASIC' maxValue='EXCELLENT'>EXCELLENT</StringValue></CompetencyWeight>
</Competency>

<Competency oids='20_1 ' description='Held Position' auth='no' name='Mentor'>
<CompetencyEvidence name='Extent of Experience' typeDescription='Extent of Experience' type='MONTH' lastUsed='2013'><NumericValue description='MONTH'>3</NumericValue></CompetencyEvidence>

<CompetencyWeight type='skillLevel'><NumericValue minValue='0' maxValue='100'>99</NumericValue></CompetencyWeight>

<CompetencyWeight type='skillProficiency'><StringValue minValue='BASIC' maxValue='EXCELLENT'>EXCELLENT</StringValue></CompetencyWeight>
</Competency>

<Competency oids='17_1 ' description='Held Position' auth='no' name='Junior EOF Admissions Counselor'>
<CompetencyEvidence name='Extent of Experience' typeDescription='Extent of Experience' type='MONTH' lastUsed='2013'><NumericValue description='MONTH'>3</NumericValue></CompetencyEvidence>

<CompetencyWeight type='skillLevel'><NumericValue minValue='0' maxValue='100'>100</NumericValue></CompetencyWeight>

<CompetencyWeight type='skillProficiency'><StringValue minValue='BASIC' maxValue='EXCELLENT'>EXCELLENT</StringValue></CompetencyWeight>
</Competency>

<Competency oids='22_4_1 ' description='Held Position' auth='no' name='Intern'>
<CompetencyEvidence name='Extent of Experience' typeDescription='Extent of Experience' type='MONTH' lastUsed='2012'><NumericValue description='MONTH'>4</NumericValue></CompetencyEvidence>

<CompetencyWeight type='skillLevel'><NumericValue minValue='0' maxValue='100'>90</NumericValue></CompetencyWeight>

<CompetencyWeight type='skillProficiency'><StringValue minValue='BASIC' maxValue='EXCELLENT'>EXCELLENT</StringValue></CompetencyWeight>
</Competency>

<Competency oids='32_1_1 ' description='Held Position' auth='no' name='Founder'>
<CompetencyWeight type='skillLevel'><NumericValue minValue='0' maxValue='100'>14</NumericValue></CompetencyWeight>
</Competency>

<Competency oids='14_4_1 ' description='Held Position' auth='no' name='Financial Services Intern'>
<CompetencyEvidence name='Extent of Experience' typeDescription='Extent of Experience' type='MONTH' lastUsed='2011'><NumericValue description='MONTH'>4</NumericValue></CompetencyEvidence>

<CompetencyWeight type='skillLevel'><NumericValue minValue='0' maxValue='100'>71</NumericValue></CompetencyWeight>

<CompetencyWeight type='skillProficiency'><StringValue minValue='BASIC' maxValue='EXCELLENT'>GOOD</StringValue></CompetencyWeight>
</Competency>

<Competency oids='24_4_1 ' description='Held Position' auth='no' name='Executive Assistant'>
<CompetencyEvidence name='Extent of Experience' typeDescription='Extent of Experience' type='MONTH' lastUsed='2012'><NumericValue description='MONTH'>4</NumericValue></CompetencyEvidence>

<CompetencyWeight type='skillLevel'><NumericValue minValue='0' maxValue='100'>90</NumericValue></CompetencyWeight>

<CompetencyWeight type='skillProficiency'><StringValue minValue='BASIC' maxValue='EXCELLENT'>EXCELLENT</StringValue></CompetencyWeight>
</Competency>

<Competency oids='11 ' description='Degree/Qualification' auth='yes' name='Business'>
<CompetencyEvidence name='Application' typeDescription='Application' type='Business'><StringValue>Business</StringValue></CompetencyEvidence>

<CompetencyWeight type='skillLevel'><NumericValue minValue='0' maxValue='100'>12</NumericValue></CompetencyWeight>
</Competency>

<Competency oids='8_4 ' description='Degree/Qualification' auth='yes' name='Bachelors Degree > Bachelor of Science > Bachelor of Science Finance'>
<CompetencyEvidence name='Application' typeDescription='Application' type='Finance'><StringValue>Finance</StringValue></CompetencyEvidence>

<CompetencyEvidence typeDescription='Alias' name='Alias'><StringValue>Finance (Bachelors of Science)</StringValue></CompetencyEvidence>

<CompetencyWeight type='skillLevel'><NumericValue minValue='0' maxValue='100'>12</NumericValue></CompetencyWeight>
</Competency>

<Competency description='Industry' auth='yes' name='industry~hr'>
<CompetencyEvidence name='skillCount' typeDescription='skillCount'><NumericValue>1</NumericValue></CompetencyEvidence>

<CompetencyWeight type='skillLevel'><NumericValue minValue='0' maxValue='100'>100</NumericValue></CompetencyWeight>
</Competency>







<Achievements>
<Achievement><Description>*  Dean's List Bloomfield College ;</Description></Achievement>
<Achievement><Description>*  Student Ambassador of the Year `11 &#38; `12 ;</Description></Achievement>
<Achievement><Description>*  Delta Mu Delta Honor Society Member ;</Description></Achievement>
<Achievement><Description>*  Phi Theta Kappa Transfer Scholarship ;</Description></Achievement>
<Achievement><Description>*  Who's Who Among U.S Colleges Award ;</Description></Achievement>
<Achievement><Description>*  Dean's List, Mercyhurst College ;</Description></Achievement>
<Achievement><Description>*  Donor's Scholarship, Mercyhurst College ;</Description></Achievement>
<Achievement><Description>*  Baseball Scholarship, Mercyhurst College</Description></Achievement>

</Achievements>















<RevisionDate id='1'>2013-03-26</RevisionDate>
</StructuredXMLResume>
<NonXMLResume>

<TextResume>



<span inprof='n' id='1' class='date'>{{DOCUMENT_DATESTAMP}} 2013-3-26 {{END_DOCUMENT_DATESTAMP}}</span>


<span inprof='y' id='2' class='nominal'>CARLOS ELIM GOMEZ</span>
<span inprof='y' id='3' class='location'>420 Fenlon Boulevard, Clifton, NJ</span>
<span inprof='y' id='4' class='email'>Email:Carloselim16@yahoo.com</span>              <span inprof='y' id='5' class='telephone'>Cell: (580) 559-3670</span>

<span inprof='n' id='6' class='objectives-mark'>OBJECTIVE:</span> To obtain an entry level position in the area of finance and/or sales.

<span inprof='n' id='7' class='edu-hist-mark'>EDUCATION</span>
<span inprof='n' id='8_1' class='educational'>Bloomfield College</span> 	 <span inprof='n' id='8_2' class='location'>Bloomfield, NJ</span>
<span inprof='n' id='8_3' class='qualif'>Major: International Business</span>/ <span inprof='y' id='8_4' class='qualif'>Finance (Bachelors of Science)</span>
<span inprof='y' id='8_5_1' class='degree-measure'>GPA: 3.9</span> 	 <span inprof='y' id='8_6' class='date'>Expected Graduation: May 2013</span>
<span inprof='y' id='9_1' class='educational'>IFALPES Institute</span> 	 <span inprof='y' id='9_2' class='location'>Annecy, France</span>
 <span inprof='y' id='9_3_1' class='date'>September 2012</span>- <span inprof='y' id='9_3_2' class='date'>December 2012</span> (Intensive French Lessons Program 30hr / Week)
<span inprof='y' id='10_1' class='educational'>Mercyhurst College</span> 	 <span inprof='y' id='10_2' class='location'>Erie, PA</span>
 <span inprof='y' id='10_3_1' class='date'>Fall 2009</span> - <span inprof='y' id='10_3_2' class='date'>Spring 2010</span> 	 <span inprof='y' id='11' class='qualif'>Major:  Business</span> <span inprof='y' id='12_1' class='degree-measure'>Management 	 GPA: 4.0</span>

<span inprof='n' id='13' class='work-hist-mark'>RELEVANT WORK EXPERIENCE</span>
<span inprof='y' id='14_1' class='company'>First Investors Corporation</span> 	 <span inprof='y' id='14_2' class='location'>Woodbridge, NJ</span>          <span inprof='y' id='14_3_1' class='date'>5/2011</span>-<span inprof='y' id='14_3_2' class='date'>8/2011</span>
<span inprof='y' id='14_4_1' class='role'>Financial Services Intern</span>
                                                      *  Prepared investment proposals ; 
                                                      *  Performed database studies, tracked and analyzed office mailings to determine results ; 
                                                      *  Conducted interviews of prospective interns ; 
                                                      *  Participated in weekly sales meetings. ; 
                                                      *  Analyzed retirement and college saving needs ; 
                                                      *  Attended Customer Service Questionnaire meetings and conference calls

<span inprof='n' id='15' class='work-hist-mark'>OTHER SIGNIFICANT WORK EXPERIENCE</span>
<span inprof='y' id='16_1' class='educational'>Bloomfield College</span> 	 <span inprof='y' id='16_2' class='location'>Bloomfield, NJ</span>          <span inprof='y' id='16_3' class='date'>1/2013</span>- prsnt
<span inprof='y' id='17_1' class='role'>Junior EOF Admissions Counselor</span>
                                             *  Assist in the recruitment process of students and evaluate applications. ; 
                                             *  <span inprof='n' id='18' class='educational'>Attend college</span> fairs representing <span inprof='n' id='19' class='educational'>Bloomfield College</span>. ; 
                                             *  <span inprof='y' id='20_1' class='role'>Mentor</span> <span inprof='n' id='21' class='company'>EOF ( Equal Opportunity Fund)</span> students and evaluate financial elegibility.

<span inprof='y' id='22_1' class='company'>Governor's Hispanic Fellow Program</span> 	<span inprof='y' id='22_2' class='location'>Trenton, NJ</span>                                                               <span inprof='y' id='22_3_1' class='date'>5/2012</span>-<span inprof='y' id='22_3_2' class='date'>8/2012</span>
<span inprof='y' id='22_4_1' class='role'>Intern</span>
                                                                                                              *  Attended weekly leadership building workshops including networking, government affairs and public speaking ; 
                                                                                                              *  Participated in weekly training sessions in topics regarding how to be a leader in the <span inprof='n' id='23' class='company'>Latino</span> community.

<span inprof='y' id='24_1' class='company'>Frontline Entertainment Agency</span> 	 <span inprof='y' id='24_2' class='location'>Clifton NJ</span>                                                  <span inprof='y' id='24_3_1' class='date'>5/2012</span>-<span inprof='y' id='24_3_2' class='date'>8/2012</span>
<span inprof='y' id='24_4_1' class='role'>Executive Assistant</span>
                                                                                             *  <span inprof='n' id='25' class='bad-occupation'>Assisted the Vice President</span> directly in all the business related tasks like <span inprof='y' id='26' class='skill'>meeting scheduling</span>, market
                  and prospective clients research and follow up.
                                                                                             *  <span inprof='y' id='27_1' class='role'>Online marketing</span> and new artist's development. Contacted and researched potential business partners.

<span inprof='n' id='28' class='title-line'>SKILLS</span>
    *  Potent academic knowledge in <span inprof='n' id='29' class='qualif'>International Finance, Advanced Computer Applications</span>, Money and Banking and <span inprof='y' id='30' class='skill'>Security Analysis</span>. ; 
    *  Skilled in computer systems, hardware and various software applications ; 
    *  <span inprof='y' id='31' class='skill'>Trilingual: English, Spanish and French</span> ; 
    *  Able to interact with, communicate and lead diverse groups of people


ACADEMIC HONORS
    *

    *  Dean's List Bloomfield College
    *  Student Ambassador of the Year `11 &#38; `12
    *  Delta Mu Delta Honor Society Member
    *  Phi Theta Kappa Transfer Scholarship
    *  Who's Who Among U.S Colleges Award
    *  Dean's List, Mercyhurst College
    *  Donor's Scholarship, Mercyhurst College
    *  Baseball Scholarship, Mercyhurst College



ACTIVITIES
<span inprof='y' id='32_1_1' class='role'>Founder</span> &#38; <span inprof='y' id='32_1_2' class='role'>President, Mercyhurst</span> <span inprof='n' id='32_2' class='educational'>College International Students Club</span> (<span inprof='n' id='32_3' class='date'>Spring 2010</span>)

</TextResume>

</NonXMLResume>



<UserArea>
<DaxResumeUserArea>
<AdditionalPersonalData>
<ExperienceSummary>
<TotalMonthsOfWorkExperience>15</TotalMonthsOfWorkExperience>
<TotalYearsOfWorkExperience>1</TotalYearsOfWorkExperience>
<ExecutiveBrief>Carlos Elim Gomez is a resident of Clifton, NJ, US. He has been working in the HR  occupational sector for 15 months. Currently he is employed as a Junior EOF Admissions Counselor at Bloomfield College. So far Carlos has not gained any managerial experience.</ExecutiveBrief>
</ExperienceSummary>
</AdditionalPersonalData>
<TextZones>
<Zone name='achievements'>
ACADEMIC HONORS
    *

    *  Dean's List Bloomfield College
    *  Student Ambassador of the Year `11 &#38; `12
    *  Delta Mu Delta Honor Society Member
    *  Phi Theta Kappa Transfer Scholarship
    *  Who's Who Among U.S Colleges Award
    *  Dean's List, Mercyhurst College
    *  Donor's Scholarship, Mercyhurst College
    *  Baseball Scholarship, Mercyhurst College
</Zone>
</TextZones>
<ParserInfo>
<ParserConfiguration>{max_len=50000} {tel_flag=} {send_zip=} {fast_conv=} {DEF_LOCAL=} {sdate=0} {no_email_body=0} {do_clever_zoning=1} {keep_span=1} {complex=1} {accept_langs=} {not_accept_langs=} {prefer_lang_cv=EN} {pers_only=0} {turbo=0} {split_language=0} {picture=0} {picture_inline=0} {name_space=0} {charset=} {hrxml_upgrade_edu_hist=0}{hrxml_add_languages_section=0}{spool=} {docID=} {user=DEFAULT} </ParserConfiguration>
<ParserRelease>0.12.3.32629</ParserRelease>
<ParserReleaseDate>2014-06-18</ParserReleaseDate>
<ParserSchema>2.0.29</ParserSchema>
<ParserSchemaLocation>http://cvx.daxtra.com/cvts/xsd/candidate/2.0.29/Resume.xsd</ParserSchemaLocation>
<ConverterRelease>0.5.2.32629</ConverterRelease>
<ConverterReleaseDate>2014-06-18</ConverterReleaseDate>
</ParserInfo>
<FileStruct filename='/home/izoom/anazarov/grammar/analysis/3rconnect/doc/100_Resumes-Walsh/Carlos Gomez Resume.doc'>

<attachment fname='Carlos Gomez Resume.doc' ftype='doc' conv='yes' doc_type='cv' lang='EN'>/home/izoom/anazarov/grammar/analysis/3rconnect/doc/100_Resumes-Walsh/Carlos Gomez Resume.doc</attachment>


</FileStruct>
</DaxResumeUserArea>
</UserArea>
</Resume>
