<?xml version='1.0' encoding='ISO-8859-1'?>
<Resume lang='en' src='DAXTRA-CVX schema:2.0.29 release:0.12.3.32629 rdate:2014-06-18'>
<StructuredXMLResume>
<ContactInfo>
<PersonName id='2'>
<FormattedName>Vadim Yusim</FormattedName>
<GivenName>Vadim</GivenName>
<FamilyName>Yusim</FamilyName>
<sex>Male</sex>
</PersonName>
<ContactMethod>
<Telephone id='4' type='home'>
<InternationalCountryCode>1</InternationalCountryCode>
<SubscriberNumber>917 882-9900</SubscriberNumber>
<FormattedNumber>+1 917 882-9900</FormattedNumber></Telephone>

<InternetEmailAddress id='5' type='main'>vyusim@aol.com</InternetEmailAddress>
<PostalAddress id='3' type='main'>
<CountryCode>US</CountryCode>
<PostalCode>11230</PostalCode>
<Region>NY</Region>
<Municipality>Brooklyn</Municipality>
<DeliveryAddress>
<AddressLine>1001 Avenue H, apt. 1C</AddressLine>
<StreetName>Avenue H</StreetName>
<BuildingNumber>1001</BuildingNumber>
<Unit>apt. 1C</Unit>
</DeliveryAddress>

</PostalAddress>
</ContactMethod>
</ContactInfo>


<EmploymentHistory>
<EmployerOrg employerOrgType='soleEmployer'>
<EmployerOrgName id='6_3'>SPECTRA PROFESSIONAL SERVICES., LLC</EmployerOrgName>

<PositionHistory>
<Title id='6_4_1'>Consultant</Title>
<OrgName id='6_3'>SPECTRA PROFESSIONAL SERVICES., LLC</OrgName>



<Description>Research and analyze financial company information using internet resources, reconcile mutual funds performance returns and benchmarks with market indices.
Analyze and coordinate resolution to various application and systems issues. Review and manage daily issues queue.
Design database queries create reports utilizing a report-writing tool. Monitor application issues and evaluate issues as they arise.
Review operational procedures and methods; maps current business processes; defines and analyzes business activities; conduct benchmarking activities to identify best practices; and recommends changes for improvement.
Locate, gather and analyze information on potential solutions and best practices and evaluates the potential benefits to the organization.</Description>
<StartDate id='6_2_1'><YearMonth>2012-01</YearMonth></StartDate>
<EndDate id='6_2_2'>notApplicable</EndDate>



<JobLevelInfo>
<JobGrade>joblevel-nonmanager-low</JobGrade>
</JobLevelInfo>

<JobCategory>
<TaxonomyName>JOBAREA</TaxonomyName>
<CategoryCode>accountancy</CategoryCode>
</JobCategory>


<UserArea>
<DaxPositionHistoryUserArea>
<TLSPAN first_id='6' last_id='9' border_id='10'></TLSPAN>
<MonthsOfWork>8</MonthsOfWork>
</DaxPositionHistoryUserArea>
</UserArea>
</PositionHistory>
</EmployerOrg>

<EmployerOrg employerOrgType='soleEmployer'>

<PositionHistory>
<Title id='12_1'>Assistant Vice President - Financial Performance</Title>
<Title id='12_2'>Analytics Group Supervisor</Title>




<Description>Responsible for automatically checking and analyzing of mutual fund performance for equity, fixed income, money market, closed
end, foreign and domestic mutual funds using FundStation/Confluence reporting system. 
    Provided and reviewed required performance for prospectus filings including after tax returns. Calculated both fund and benchmark performance including growth graphs for fund financials. 
Designed Crystal reports using FundStation for inter-departmental use and external distribution. Created excel queries to identify
problems in order to reach appropriate business decisions. 
Supplied confidential performance information for mergers, liquidations, proxies and ad hoc requests. 
Researched company information and market indices using internal systems as well as Bloomberg, LANA, FactSet, iMoneyNet
and CraneData.
Maintained and updated Confluence System, was responsible for testing and reviewing upgrades. 
Interfaced with legal, fund accounting and marketing departments to ensure accurate delivery of information.
Oversaw dividend reconciliation as well as prepared annual ICI Reports for the tax department. 
    Analyzed and reviewed data for annual 15C management contract renewal. Prepared and filed 24F-2 filings for mutual funds.
Created graphs and analytical information presentations. 
Responsible for training new employees and assisting senior management with special projects. 
Supervised staff of four.</Description>
<StartDate id='11'><YearMonth>2011-12</YearMonth></StartDate>
<EndDate id='11'><YearMonth>2011-12</YearMonth></EndDate>



<JobLevelInfo>
<JobGrade>joblevel-management-senior</JobGrade>
</JobLevelInfo>

<JobCategory>
<TaxonomyName>JOBAREA</TaxonomyName>
<CategoryCode>banking-finance</CategoryCode>
</JobCategory>


<UserArea>
<DaxPositionHistoryUserArea>
<TLSPAN first_id='11' last_id='27' border_id='28'></TLSPAN>
</DaxPositionHistoryUserArea>
</UserArea>
</PositionHistory>
</EmployerOrg>

<EmployerOrg employerOrgType='soleEmployer'>
<EmployerOrgName id='10_2'>LEGG MASON &#38; Co., LLC</EmployerOrgName>
<EmployerContactInfo>
<LocationSummary id='10_3'>
<Municipality>New York</Municipality>
<Region>NY</Region>
<CountryCode>US</CountryCode>
</LocationSummary>
</EmployerContactInfo>
<PositionHistory>

<OrgName id='10_2'>LEGG MASON &#38; Co., LLC</OrgName>




<StartDate id='10_1'><YearMonth>2004-10</YearMonth></StartDate>
<EndDate id='10_1'><YearMonth>2004-10</YearMonth></EndDate>






<UserArea>
<DaxPositionHistoryUserArea>
<TLSPAN first_id='10' last_id='10' border_id='11'></TLSPAN>
</DaxPositionHistoryUserArea>
</UserArea>
</PositionHistory>
</EmployerOrg>

<EmployerOrg employerOrgType='soleEmployer'>
<EmployerOrgName id='28_2'>UBS GLOBAL ASSET MANAGEMENT</EmployerOrgName>
<EmployerContactInfo>
<LocationSummary id='28_3'>
<Municipality>New York</Municipality>
<Region>NY</Region>
<CountryCode>US</CountryCode>
</LocationSummary>
</EmployerContactInfo>
<PositionHistory positionType='PERMANENT'>
<Title id='28_4_1'>Assistant Manager</Title>
<Title id='28_4_2'>Senior Financial Support Performance Analyst</Title>
<OrgName id='28_2'>UBS GLOBAL ASSET MANAGEMENT</OrgName>



<Description>Prepared and analyzed UBS Board materials, dividend paid, mutual fund and index performance reports using Reuters-Lipper, Bloomberg, Crystal, Excel, Access, and GIS applications. 
Calculated Mutual fund returns, created graphs and set up financial templates using mutual funds performance information. 
Maintained and updated database for all UBS Mutual funds.
Determined monthly and quarterly synthetic returns. Prepared plot points for all funds for growth of $10,000 with and without loads for internal and external websites. 
Provided technical support to accounting group, interacted with application providers to insure calculations and correct running of financial applications. 
Communicated with custodians to insure accuracy of the NAV, Net Assets, Expense Ratio and other downloaded data. Worked
on special projects assigned by senior management. 
Reconciled UBS Mutual funds returns and after tax performance with Reuters-Lipper reports. 
Coordinated and organized performance information included in the quarterly and annual financial reports. 
Resolved different financial issues with portfolio managers and auditors in heavy volume, high-pressure environment.</Description>
<StartDate id='28_1_1'><YearMonth>2000-04</YearMonth></StartDate>
<EndDate id='28_1_2'><YearMonth>2004-10</YearMonth></EndDate>



<JobLevelInfo>
<JobGrade>joblevel-management-low</JobGrade>
</JobLevelInfo>

<JobCategory>
<TaxonomyName>JOBAREA</TaxonomyName>
<CategoryCode>accountancy</CategoryCode>
</JobCategory>


<UserArea>
<DaxPositionHistoryUserArea>
<TLSPAN first_id='28' last_id='48' border_id='49'></TLSPAN>
<MonthsOfWork>55</MonthsOfWork>
</DaxPositionHistoryUserArea>
</UserArea>
</PositionHistory>
</EmployerOrg>

<EmployerOrg employerOrgType='soleEmployer'>
<EmployerOrgName id='49_2'>THE DREYFUS CORPORATION</EmployerOrgName>
<EmployerContactInfo>
<LocationSummary id='49_3'>
<Municipality>New York</Municipality>
<Region>NY</Region>
<CountryCode>US</CountryCode>
</LocationSummary>
</EmployerContactInfo>
<PositionHistory positionType='PERMANENT'>
<Title id='49_4_1'>Senior Treasury Accountant</Title>
<OrgName id='49_2'>THE DREYFUS CORPORATION</OrgName>



<Description>Responsible for the accounting and reporting of the Dreyfus Family of Mutual Funds.
Processed long and short term trade tickets for domestic securities to ensure successful settlement of all trades. Communicated
with custodians, traders and brokers. 
Determined net asset values, dividends, yields and variances working with DST and Bloomberg.
Maintained general ledger, posted daily adjusting entrees, prepared bank reconciliations and net cash reconciliations using
automated bank statement system. 
Performed asset reconciliation, expense accruals and management fees for portfolios on a monthly basis.
Prepared and reconciled work-papers and monthly accounting closes for internal and external auditors.
Filed daily compliance sheets, IRS reports and net asset reconciliations. 
Generated consolidated income statement, balance sheet, statement of investment, trial balance, statement of cash flows and all notes to the financial statements.</Description>
<StartDate id='49_1_1'><YearMonth>1998-02</YearMonth></StartDate>
<EndDate id='49_1_2'><YearMonth>2000-04</YearMonth></EndDate>



<JobLevelInfo>
<JobGrade>joblevel-nonmanager-low</JobGrade>
</JobLevelInfo>

<JobCategory>
<TaxonomyName>JOBAREA</TaxonomyName>
<CategoryCode>accountancy</CategoryCode>
</JobCategory>


<UserArea>
<DaxPositionHistoryUserArea>
<TLSPAN first_id='49' last_id='63' border_id='0'></TLSPAN>
<MonthsOfWork>27</MonthsOfWork>
</DaxPositionHistoryUserArea>
</UserArea>
</PositionHistory>
</EmployerOrg>

</EmploymentHistory>
<EducationHistory>
<SchoolOrInstitution schoolType='university'>
<SchoolName id='64_3'>City University of New York</SchoolName>
<LocationSummary id='64_4'>
<Municipality>Brooklyn</Municipality>
<Region>NY</Region>
<CountryCode>US</CountryCode>
</LocationSummary>

<OrganizationUnit organizationType='unit'>Brooklyn College</OrganizationUnit>
<Degree degreeType='bachelors'>
<DegreeName id='64_5'>Bachelor of Science</DegreeName>
<DegreeDate id='64_2_2'><YearMonth>1997-12</YearMonth></DegreeDate>
</Degree>
<Major id='64_5'>Accounting</Major>


<DatesOfAttendance>
<StartDate id='64_2_1'><YearMonth>1993-02</YearMonth></StartDate>
<EndDate id='64_2_2'><YearMonth>1997-12</YearMonth></EndDate>
</DatesOfAttendance>
<Comments>City University of New York Brooklyn College     Bachelor of Science in Accounting with minor in Computer Information Systems.
COMPUTER    Strong analytical and computer skills which include: FactSet, iMoneyNet, Crystal Reports, CraneData, Rumba, Business Objects</Comments>
</SchoolOrInstitution>

</EducationHistory>











<Competency oids='7 13 16 26 30 37 38 39 43 51 ' description='Skill' auth='yes' name='Mutual Funds'>
<CompetencyEvidence name='Extent of Experience' typeDescription='Extent of Experience' type='MONTH' lastUsed='2012'><NumericValue description='MONTH'>90</NumericValue></CompetencyEvidence>

<CompetencyEvidence typeDescription='Alias' name='Alias'><StringValue>mutual fund</StringValue></CompetencyEvidence>

<CompetencyWeight type='skillLevel'><NumericValue minValue='0' maxValue='100'>100</NumericValue></CompetencyWeight>

<CompetencyWeight type='skillProficiency'><StringValue minValue='BASIC' maxValue='EXCELLENT'>EXCELLENT</StringValue></CompetencyWeight>
</Competency>

<Competency oids='25 44 77 ' description='Skill' auth='yes' name='Taxation'>
<CompetencyEvidence name='Extent of Experience' typeDescription='Extent of Experience' type='MONTH' lastUsed='2011'><NumericValue description='MONTH'>55</NumericValue></CompetencyEvidence>

<CompetencyEvidence typeDescription='Alias' name='Alias'><StringValue>tax</StringValue></CompetencyEvidence>

<CompetencyWeight type='skillLevel'><NumericValue minValue='0' maxValue='100'>86</NumericValue></CompetencyWeight>

<CompetencyWeight type='skillProficiency'><StringValue minValue='BASIC' maxValue='EXCELLENT'>EXCELLENT</StringValue></CompetencyWeight>
</Competency>

<Competency oids='17 19 75 ' description='Skill > IT' auth='yes' name='Confluence Technologies'>
<CompetencyEvidence typeDescription='Alias' name='Alias'><StringValue>FundStation</StringValue></CompetencyEvidence>

<CompetencyWeight type='skillLevel'><NumericValue minValue='0' maxValue='100'>80</NumericValue></CompetencyWeight>

<CompetencyWeight type='skillProficiency'><StringValue minValue='BASIC' maxValue='EXCELLENT'>EXCELLENT</StringValue></CompetencyWeight>
</Competency>

<Competency oids='34 79 ' description='Skill > IT' auth='yes' name='Microsoft Excel'>
<CompetencyEvidence name='Extent of Experience' typeDescription='Extent of Experience' type='MONTH' lastUsed='2004'><NumericValue description='MONTH'>55</NumericValue></CompetencyEvidence>

<CompetencyEvidence typeDescription='Alias' name='Alias'><StringValue>Excel</StringValue></CompetencyEvidence>

<CompetencyWeight type='skillLevel'><NumericValue minValue='0' maxValue='100'>27</NumericValue></CompetencyWeight>

<CompetencyWeight type='skillProficiency'><StringValue minValue='BASIC' maxValue='EXCELLENT'>BASIC</StringValue></CompetencyWeight>
</Competency>

<Competency oids='35 82 ' description='Skill > IT' auth='yes' name='Microsoft Access'>
<CompetencyEvidence name='Extent of Experience' typeDescription='Extent of Experience' type='MONTH' lastUsed='2004'><NumericValue description='MONTH'>55</NumericValue></CompetencyEvidence>

<CompetencyEvidence typeDescription='Alias' name='Alias'><StringValue>Access</StringValue></CompetencyEvidence>

<CompetencyWeight type='skillLevel'><NumericValue minValue='0' maxValue='100'>26</NumericValue></CompetencyWeight>

<CompetencyWeight type='skillProficiency'><StringValue minValue='BASIC' maxValue='EXCELLENT'>BASIC</StringValue></CompetencyWeight>
</Competency>

<Competency oids='36 76 ' description='Skill > IT' auth='yes' name='Geographic Information Systems'>
<CompetencyEvidence name='Extent of Experience' typeDescription='Extent of Experience' type='MONTH' lastUsed='2004'><NumericValue description='MONTH'>55</NumericValue></CompetencyEvidence>

<CompetencyEvidence typeDescription='Alias' name='Alias'><StringValue>GIS</StringValue></CompetencyEvidence>

<CompetencyWeight type='skillLevel'><NumericValue minValue='0' maxValue='100'>25</NumericValue></CompetencyWeight>

<CompetencyWeight type='skillProficiency'><StringValue minValue='BASIC' maxValue='EXCELLENT'>BASIC</StringValue></CompetencyWeight>
</Competency>

<Competency oids='57 59 ' description='Skill' auth='yes' name='Asset Reconciliations'>
<CompetencyEvidence name='Extent of Experience' typeDescription='Extent of Experience' type='MONTH' lastUsed='2000'><NumericValue description='MONTH'>27</NumericValue></CompetencyEvidence>

<CompetencyEvidence typeDescription='Alias' name='Alias'><StringValue>asset reconciliation</StringValue></CompetencyEvidence>

<CompetencyWeight type='skillLevel'><NumericValue minValue='0' maxValue='100'>22</NumericValue></CompetencyWeight>

<CompetencyWeight type='skillProficiency'><StringValue minValue='BASIC' maxValue='EXCELLENT'>BASIC</StringValue></CompetencyWeight>
</Competency>

<Competency oids='41 ' description='Skill' auth='no' name='technical support'>
<CompetencyEvidence name='Extent of Experience' typeDescription='Extent of Experience' type='MONTH' lastUsed='2004'><NumericValue description='MONTH'>55</NumericValue></CompetencyEvidence>

<CompetencyWeight type='skillLevel'><NumericValue minValue='0' maxValue='100'>24</NumericValue></CompetencyWeight>

<CompetencyWeight type='skillProficiency'><StringValue minValue='BASIC' maxValue='EXCELLENT'>BASIC</StringValue></CompetencyWeight>
</Competency>

<Competency oids='52 ' description='Skill' auth='no' name='successful settlement'>
<CompetencyEvidence name='Extent of Experience' typeDescription='Extent of Experience' type='MONTH' lastUsed='2000'><NumericValue description='MONTH'>27</NumericValue></CompetencyEvidence>

<CompetencyWeight type='skillLevel'><NumericValue minValue='0' maxValue='100'>25</NumericValue></CompetencyWeight>

<CompetencyWeight type='skillProficiency'><StringValue minValue='BASIC' maxValue='EXCELLENT'>BASIC</StringValue></CompetencyWeight>
</Competency>

<Competency oids='21 ' description='Skill' auth='no' name='responsible for testing'>
<CompetencyWeight type='skillLevel'><NumericValue minValue='0' maxValue='100'>79</NumericValue></CompetencyWeight>

<CompetencyWeight type='skillProficiency'><StringValue minValue='BASIC' maxValue='EXCELLENT'>EXCELLENT</StringValue></CompetencyWeight>
</Competency>

<Competency oids='46 ' description='Skill' auth='no' name='quarterly Management Accounts'>
<CompetencyEvidence name='Extent of Experience' typeDescription='Extent of Experience' type='MONTH' lastUsed='2004'><NumericValue description='MONTH'>55</NumericValue></CompetencyEvidence>

<CompetencyEvidence typeDescription='Alias' name='Alias'><StringValue>quarterly</StringValue></CompetencyEvidence>

<CompetencyWeight type='skillLevel'><NumericValue minValue='0' maxValue='100'>24</NumericValue></CompetencyWeight>

<CompetencyWeight type='skillProficiency'><StringValue minValue='BASIC' maxValue='EXCELLENT'>BASIC</StringValue></CompetencyWeight>
</Competency>

<Competency oids='8 ' description='Skill' auth='no' name='manage daily issues'>
<CompetencyEvidence name='Extent of Experience' typeDescription='Extent of Experience' type='MONTH' lastUsed='2012'><NumericValue description='MONTH'>8</NumericValue></CompetencyEvidence>

<CompetencyWeight type='skillLevel'><NumericValue minValue='0' maxValue='100'>93</NumericValue></CompetencyWeight>

<CompetencyWeight type='skillProficiency'><StringValue minValue='BASIC' maxValue='EXCELLENT'>EXCELLENT</StringValue></CompetencyWeight>
</Competency>

<Competency oids='63 ' description='Skill' auth='no' name='financial statements'>
<CompetencyEvidence name='Extent of Experience' typeDescription='Extent of Experience' type='MONTH' lastUsed='2000'><NumericValue description='MONTH'>27</NumericValue></CompetencyEvidence>

<CompetencyWeight type='skillLevel'><NumericValue minValue='0' maxValue='100'>22</NumericValue></CompetencyWeight>

<CompetencyWeight type='skillProficiency'><StringValue minValue='BASIC' maxValue='EXCELLENT'>BASIC</StringValue></CompetencyWeight>
</Competency>

<Competency oids='9 ' description='Skill' auth='no' name='benchmarking'>
<CompetencyEvidence name='Extent of Experience' typeDescription='Extent of Experience' type='MONTH' lastUsed='2012'><NumericValue description='MONTH'>8</NumericValue></CompetencyEvidence>

<CompetencyWeight type='skillLevel'><NumericValue minValue='0' maxValue='100'>92</NumericValue></CompetencyWeight>

<CompetencyWeight type='skillProficiency'><StringValue minValue='BASIC' maxValue='EXCELLENT'>EXCELLENT</StringValue></CompetencyWeight>
</Competency>

<Competency oids='47 ' description='Skill' auth='no' name='annual Management Accounts'>
<CompetencyEvidence name='Extent of Experience' typeDescription='Extent of Experience' type='MONTH' lastUsed='2004'><NumericValue description='MONTH'>55</NumericValue></CompetencyEvidence>

<CompetencyEvidence typeDescription='Alias' name='Alias'><StringValue>annual financial reports</StringValue></CompetencyEvidence>

<CompetencyWeight type='skillLevel'><NumericValue minValue='0' maxValue='100'>24</NumericValue></CompetencyWeight>

<CompetencyWeight type='skillProficiency'><StringValue minValue='BASIC' maxValue='EXCELLENT'>BASIC</StringValue></CompetencyWeight>
</Competency>

<Competency oids='61 ' description='Skill' auth='yes' name='Trial Balance'>
<CompetencyEvidence name='Extent of Experience' typeDescription='Extent of Experience' type='MONTH' lastUsed='2000'><NumericValue description='MONTH'>27</NumericValue></CompetencyEvidence>

<CompetencyWeight type='skillLevel'><NumericValue minValue='0' maxValue='100'>22</NumericValue></CompetencyWeight>

<CompetencyWeight type='skillProficiency'><StringValue minValue='BASIC' maxValue='EXCELLENT'>BASIC</StringValue></CompetencyWeight>
</Competency>

<Competency oids='18 ' description='Skill' auth='yes' name='Tax Returns'>
<CompetencyWeight type='skillLevel'><NumericValue minValue='0' maxValue='100'>80</NumericValue></CompetencyWeight>

<CompetencyWeight type='skillProficiency'><StringValue minValue='BASIC' maxValue='EXCELLENT'>EXCELLENT</StringValue></CompetencyWeight>
</Competency>

<Competency oids='66 ' description='Skill > IT' auth='yes' name='Seagate Crystal Reports'>
<CompetencyEvidence typeDescription='Alias' name='Alias'><StringValue>Crystal Reports</StringValue></CompetencyEvidence>

<CompetencyWeight type='skillLevel'><NumericValue minValue='0' maxValue='100'>13</NumericValue></CompetencyWeight>
</Competency>

<Competency oids='33 ' description='Skill > IT' auth='yes' name='Seagate Crystal'>
<CompetencyEvidence name='Extent of Experience' typeDescription='Extent of Experience' type='MONTH' lastUsed='2004'><NumericValue description='MONTH'>55</NumericValue></CompetencyEvidence>

<CompetencyEvidence typeDescription='Alias' name='Alias'><StringValue>Crystal</StringValue></CompetencyEvidence>

<CompetencyWeight type='skillLevel'><NumericValue minValue='0' maxValue='100'>28</NumericValue></CompetencyWeight>

<CompetencyWeight type='skillProficiency'><StringValue minValue='BASIC' maxValue='EXCELLENT'>BASIC</StringValue></CompetencyWeight>
</Competency>

<Competency oids='68 ' description='Skill > IT' auth='yes' name='Rumba'>
<CompetencyWeight type='skillLevel'><NumericValue minValue='0' maxValue='100'>13</NumericValue></CompetencyWeight>
</Competency>

<Competency oids='50 ' description='Skill' auth='no' name='Responsible for the accounting'>
<CompetencyEvidence name='Extent of Experience' typeDescription='Extent of Experience' type='MONTH' lastUsed='2000'><NumericValue description='MONTH'>27</NumericValue></CompetencyEvidence>

<CompetencyWeight type='skillLevel'><NumericValue minValue='0' maxValue='100'>27</NumericValue></CompetencyWeight>

<CompetencyWeight type='skillProficiency'><StringValue minValue='BASIC' maxValue='EXCELLENT'>BASIC</StringValue></CompetencyWeight>
</Competency>

<Competency oids='24 ' description='Skill' auth='yes' name='Reconciliations'>
<CompetencyEvidence typeDescription='Alias' name='Alias'><StringValue>reconciliation</StringValue></CompetencyEvidence>

<CompetencyWeight type='skillLevel'><NumericValue minValue='0' maxValue='100'>79</NumericValue></CompetencyWeight>

<CompetencyWeight type='skillProficiency'><StringValue minValue='BASIC' maxValue='EXCELLENT'>EXCELLENT</StringValue></CompetencyWeight>
</Competency>

<Competency oids='80 ' description='Skill > IT' auth='yes' name='Microsoft Word'>
<CompetencyWeight type='skillLevel'><NumericValue minValue='0' maxValue='100'>13</NumericValue></CompetencyWeight>
</Competency>

<Competency oids='78 ' description='Skill > IT' auth='yes' name='Microsoft Windows'>
<CompetencyWeight type='skillLevel'><NumericValue minValue='0' maxValue='100'>13</NumericValue></CompetencyWeight>
</Competency>

<Competency oids='81 ' description='Skill > IT' auth='yes' name='Microsoft PowerPoint'>
<CompetencyWeight type='skillLevel'><NumericValue minValue='0' maxValue='100'>13</NumericValue></CompetencyWeight>
</Competency>

<Competency oids='23 ' description='Skill' auth='yes' name='Marketing'>
<CompetencyWeight type='skillLevel'><NumericValue minValue='0' maxValue='100'>79</NumericValue></CompetencyWeight>

<CompetencyWeight type='skillProficiency'><StringValue minValue='BASIC' maxValue='EXCELLENT'>EXCELLENT</StringValue></CompetencyWeight>
</Competency>

<Competency oids='42 ' description='Skill' auth='yes' name='Managerial Skills'>
<CompetencyEvidence name='Extent of Experience' typeDescription='Extent of Experience' type='MONTH' lastUsed='2004'><NumericValue description='MONTH'>55</NumericValue></CompetencyEvidence>

<CompetencyEvidence typeDescription='Alias' name='Alias'><StringValue>senior management</StringValue></CompetencyEvidence>

<CompetencyWeight type='skillLevel'><NumericValue minValue='0' maxValue='100'>24</NumericValue></CompetencyWeight>

<CompetencyWeight type='skillProficiency'><StringValue minValue='BASIC' maxValue='EXCELLENT'>BASIC</StringValue></CompetencyWeight>
</Competency>

<Competency oids='54 ' description='Skill' auth='yes' name='General Ledger'>
<CompetencyEvidence name='Extent of Experience' typeDescription='Extent of Experience' type='MONTH' lastUsed='2000'><NumericValue description='MONTH'>27</NumericValue></CompetencyEvidence>

<CompetencyWeight type='skillLevel'><NumericValue minValue='0' maxValue='100'>25</NumericValue></CompetencyWeight>

<CompetencyWeight type='skillProficiency'><StringValue minValue='BASIC' maxValue='EXCELLENT'>BASIC</StringValue></CompetencyWeight>
</Competency>

<Competency oids='22 ' description='Skill' auth='yes' name='Fund Accounting'>
<CompetencyWeight type='skillLevel'><NumericValue minValue='0' maxValue='100'>79</NumericValue></CompetencyWeight>

<CompetencyWeight type='skillProficiency'><StringValue minValue='BASIC' maxValue='EXCELLENT'>EXCELLENT</StringValue></CompetencyWeight>
</Competency>

<Competency oids='15 ' description='Skill' auth='yes' name='Fixed Income'>
<CompetencyWeight type='skillLevel'><NumericValue minValue='0' maxValue='100'>82</NumericValue></CompetencyWeight>

<CompetencyWeight type='skillProficiency'><StringValue minValue='BASIC' maxValue='EXCELLENT'>EXCELLENT</StringValue></CompetencyWeight>
</Competency>

<Competency oids='14 ' description='Skill' auth='yes' name='Equities'>
<CompetencyEvidence typeDescription='Alias' name='Alias'><StringValue>equity</StringValue></CompetencyEvidence>

<CompetencyWeight type='skillLevel'><NumericValue minValue='0' maxValue='100'>82</NumericValue></CompetencyWeight>

<CompetencyWeight type='skillProficiency'><StringValue minValue='BASIC' maxValue='EXCELLENT'>EXCELLENT</StringValue></CompetencyWeight>
</Competency>

<Competency oids='67 ' description='Skill > IT' auth='no' name='CraneData'>
<CompetencyWeight type='skillLevel'><NumericValue minValue='0' maxValue='100'>13</NumericValue></CompetencyWeight>
</Competency>

<Competency oids='74 ' description='Skill > IT' auth='no' name='Confluence Perform'>
<CompetencyWeight type='skillLevel'><NumericValue minValue='0' maxValue='100'>13</NumericValue></CompetencyWeight>
</Competency>

<Competency oids='73 ' description='Skill > IT' auth='yes' name='Citrix Winframe'>
<CompetencyEvidence typeDescription='Alias' name='Alias'><StringValue>Citrix</StringValue></CompetencyEvidence>

<CompetencyWeight type='skillLevel'><NumericValue minValue='0' maxValue='100'>13</NumericValue></CompetencyWeight>
</Competency>

<Competency oids='56 ' description='Skill' auth='yes' name='Cash Reconciliations'>
<CompetencyEvidence name='Extent of Experience' typeDescription='Extent of Experience' type='MONTH' lastUsed='2000'><NumericValue description='MONTH'>27</NumericValue></CompetencyEvidence>

<CompetencyWeight type='skillLevel'><NumericValue minValue='0' maxValue='100'>23</NumericValue></CompetencyWeight>

<CompetencyWeight type='skillProficiency'><StringValue minValue='BASIC' maxValue='EXCELLENT'>BASIC</StringValue></CompetencyWeight>
</Competency>

<Competency oids='62 ' description='Skill' auth='yes' name='Cash Flows'>
<CompetencyEvidence name='Extent of Experience' typeDescription='Extent of Experience' type='MONTH' lastUsed='2000'><NumericValue description='MONTH'>27</NumericValue></CompetencyEvidence>

<CompetencyWeight type='skillLevel'><NumericValue minValue='0' maxValue='100'>22</NumericValue></CompetencyWeight>

<CompetencyWeight type='skillProficiency'><StringValue minValue='BASIC' maxValue='EXCELLENT'>BASIC</StringValue></CompetencyWeight>
</Competency>

<Competency oids='69 ' description='Skill > IT' auth='yes' name='Business Objects'>
<CompetencyWeight type='skillLevel'><NumericValue minValue='0' maxValue='100'>13</NumericValue></CompetencyWeight>
</Competency>

<Competency oids='55 ' description='Skill' auth='yes' name='Bank Reconciliations'>
<CompetencyEvidence name='Extent of Experience' typeDescription='Extent of Experience' type='MONTH' lastUsed='2000'><NumericValue description='MONTH'>27</NumericValue></CompetencyEvidence>

<CompetencyWeight type='skillLevel'><NumericValue minValue='0' maxValue='100'>24</NumericValue></CompetencyWeight>

<CompetencyWeight type='skillProficiency'><StringValue minValue='BASIC' maxValue='EXCELLENT'>BASIC</StringValue></CompetencyWeight>
</Competency>

<Competency oids='60 ' description='Skill' auth='yes' name='Balance Sheet'>
<CompetencyEvidence name='Extent of Experience' typeDescription='Extent of Experience' type='MONTH' lastUsed='2000'><NumericValue description='MONTH'>27</NumericValue></CompetencyEvidence>

<CompetencyWeight type='skillLevel'><NumericValue minValue='0' maxValue='100'>22</NumericValue></CompetencyWeight>

<CompetencyWeight type='skillProficiency'><StringValue minValue='BASIC' maxValue='EXCELLENT'>BASIC</StringValue></CompetencyWeight>
</Competency>

<Competency oids='58 ' description='Skill' auth='yes' name='Accruals'>
<CompetencyEvidence name='Extent of Experience' typeDescription='Extent of Experience' type='MONTH' lastUsed='2000'><NumericValue description='MONTH'>27</NumericValue></CompetencyEvidence>

<CompetencyWeight type='skillLevel'><NumericValue minValue='0' maxValue='100'>22</NumericValue></CompetencyWeight>

<CompetencyWeight type='skillProficiency'><StringValue minValue='BASIC' maxValue='EXCELLENT'>BASIC</StringValue></CompetencyWeight>
</Competency>

<Competency oids='48_1 ' description='Held Position' auth='no' name='managers'>
<CompetencyEvidence name='Extent of Experience' typeDescription='Extent of Experience' type='MONTH' lastUsed='2004'><NumericValue description='MONTH'>55</NumericValue></CompetencyEvidence>

<CompetencyWeight type='skillLevel'><NumericValue minValue='0' maxValue='100'>27</NumericValue></CompetencyWeight>

<CompetencyWeight type='skillProficiency'><StringValue minValue='BASIC' maxValue='EXCELLENT'>BASIC</StringValue></CompetencyWeight>
</Competency>

<Competency oids='49_4_1 ' description='Held Position' auth='no' name='Senior Treasury Accountant'>
<CompetencyEvidence name='Extent of Experience' typeDescription='Extent of Experience' type='MONTH' lastUsed='2000'><NumericValue description='MONTH'>27</NumericValue></CompetencyEvidence>

<CompetencyWeight type='skillLevel'><NumericValue minValue='0' maxValue='100'>27</NumericValue></CompetencyWeight>

<CompetencyWeight type='skillProficiency'><StringValue minValue='BASIC' maxValue='EXCELLENT'>BASIC</StringValue></CompetencyWeight>
</Competency>

<Competency oids='28_4_2 ' description='Held Position' auth='no' name='Senior Financial Support Performance Analyst'>
<CompetencyEvidence name='Extent of Experience' typeDescription='Extent of Experience' type='MONTH' lastUsed='2004'><NumericValue description='MONTH'>55</NumericValue></CompetencyEvidence>

<CompetencyWeight type='skillLevel'><NumericValue minValue='0' maxValue='100'>28</NumericValue></CompetencyWeight>

<CompetencyWeight type='skillProficiency'><StringValue minValue='BASIC' maxValue='EXCELLENT'>BASIC</StringValue></CompetencyWeight>
</Competency>

<Competency oids='6_4_1 ' description='Held Position' auth='no' name='Consultant'>
<CompetencyEvidence name='Extent of Experience' typeDescription='Extent of Experience' type='MONTH' lastUsed='2012'><NumericValue description='MONTH'>8</NumericValue></CompetencyEvidence>

<CompetencyWeight type='skillLevel'><NumericValue minValue='0' maxValue='100'>94</NumericValue></CompetencyWeight>

<CompetencyWeight type='skillProficiency'><StringValue minValue='BASIC' maxValue='EXCELLENT'>EXCELLENT</StringValue></CompetencyWeight>
</Competency>

<Competency oids='12_1 ' description='Held Position' auth='no' name='Assistant Vice President - Financial Performance'>
<CompetencyWeight type='skillLevel'><NumericValue minValue='0' maxValue='100'>83</NumericValue></CompetencyWeight>

<CompetencyWeight type='skillProficiency'><StringValue minValue='BASIC' maxValue='EXCELLENT'>EXCELLENT</StringValue></CompetencyWeight>
</Competency>

<Competency oids='28_4_1 ' description='Held Position' auth='no' name='Assistant Manager'>
<CompetencyEvidence name='Extent of Experience' typeDescription='Extent of Experience' type='MONTH' lastUsed='2004'><NumericValue description='MONTH'>55</NumericValue></CompetencyEvidence>

<CompetencyWeight type='skillLevel'><NumericValue minValue='0' maxValue='100'>28</NumericValue></CompetencyWeight>

<CompetencyWeight type='skillProficiency'><StringValue minValue='BASIC' maxValue='EXCELLENT'>BASIC</StringValue></CompetencyWeight>
</Competency>

<Competency oids='12_2 ' description='Held Position' auth='no' name='Analytics Group Supervisor'>
<CompetencyWeight type='skillLevel'><NumericValue minValue='0' maxValue='100'>83</NumericValue></CompetencyWeight>

<CompetencyWeight type='skillProficiency'><StringValue minValue='BASIC' maxValue='EXCELLENT'>EXCELLENT</StringValue></CompetencyWeight>
</Competency>

<Competency oids='64_5 65 ' description='Degree/Qualification' auth='yes' name='Bachelors Degree > Bachelor of Science > Bachelor of Science Accounting'>
<CompetencyEvidence name='Application' typeDescription='Application' type='Accounting'><StringValue>Accounting</StringValue></CompetencyEvidence>

<CompetencyEvidence typeDescription='Alias' name='Alias'><StringValue>Bachelor of Science in Accounting</StringValue></CompetencyEvidence>

<CompetencyWeight type='skillLevel'><NumericValue minValue='0' maxValue='100'>12</NumericValue></CompetencyWeight>
</Competency>

<Competency description='Industry' auth='yes' name='industry~accountancy'>
<CompetencyEvidence name='skillCount' typeDescription='skillCount'><NumericValue>3</NumericValue></CompetencyEvidence>

<CompetencyWeight type='skillLevel'><NumericValue minValue='0' maxValue='100'>100</NumericValue></CompetencyWeight>
</Competency>























<RevisionDate id='1'>2012-08-07</RevisionDate>
</StructuredXMLResume>
<NonXMLResume>

<TextResume>



<span inprof='n' id='1' class='date'>{{DOCUMENT_DATESTAMP}} 2012-08-07 {{END_DOCUMENT_DATESTAMP}}</span> 

<span inprof='y' id='2' class='nominal'>Vadim Yusim</span>

<span inprof='y' id='3' class='location'>1001 Avenue H, apt. 1C, Brooklyn, New York, 11230</span>; <span inprof='y' id='4' class='telephone'>Phone: (917) 882-9900</span>; <span inprof='y' id='5' class='email'>E-mail: vyusim@aol.com</span>

<span inprof='n' id='6_1' class='experience-title'>EXPERIENCE:</span>
    <span inprof='y' id='6_2_1' class='date'>January '12</span>- <span inprof='y' id='6_2_2' class='date'>Present</span> <span inprof='y' id='6_3' class='company'>SPECTRA PROFESSIONAL SERVICES., LLC http://www.SpectraPS.com</span>
         <span inprof='y' id='6_4_1' class='role'>Consultant</span>
Research and analyze financial company information using internet resources, reconcile <span inprof='y' id='7' class='skill'>mutual funds</span> performance returns and benchmarks with market indices.
Analyze and coordinate resolution to various application and systems issues. Review and <span inprof='y' id='8' class='skill'>manage daily issues</span> queue.
Design database queries create reports utilizing a report-writing tool. Monitor application issues and evaluate issues as they arise.
Review operational procedures and methods; maps current business processes; defines and analyzes business activities; conduct <span inprof='y' id='9' class='skill'>benchmarking</span> activities to identify best practices; and recommends changes for improvement.
Locate, gather and analyze information on potential solutions and best practices and evaluates the potential benefits to the organization.

        <span inprof='y' id='10_1' class='date'>October '04</span>- <span inprof='y' id='10_2' class='company'>LEGG MASON &#38; Co., LLC (formerly Citigroup Asset Management)</span> <span inprof='y' id='10_3' class='location'>New York, New York</span>.


<span inprof='y' id='11' class='date'>December `11</span>
<span inprof='y' id='12_1' class='role'>Assistant Vice President - Financial Performance</span> and <span inprof='y' id='12_2' class='role'>Analytics Group Supervisor</span>
Responsible for automatically checking and analyzing of <span inprof='y' id='13' class='skill'>mutual fund</span> performance for <span inprof='y' id='14' class='skill'>equity</span>, <span inprof='y' id='15' class='skill'>fixed income</span>, money market, closed
end, foreign and domestic <span inprof='y' id='16' class='skill'>mutual funds</span> using <span inprof='y' id='17' class='sofwr'>FundStation</span>/Confluence reporting system. 
    Provided and reviewed required performance for prospectus filings including after <span inprof='y' id='18' class='skill'>tax returns</span>. Calculated both fund and benchmark performance including growth graphs for fund financials. 
Designed Crystal reports using <span inprof='y' id='19' class='sofwr'>FundStation</span> for inter-departmental use and external distribution. Created excel queries to identify
problems in order to reach appropriate business decisions. 
Supplied confidential performance information for mergers, liquidations, proxies and ad hoc requests. 
Researched company information and market indices using internal systems as well as <span inprof='n' id='20' class='nominal'>Bloomberg, LANA</span>, FactSet, iMoneyNet
and CraneData.
Maintained and updated Confluence System, was <span inprof='y' id='21' class='skill'>responsible for testing</span> and reviewing upgrades. 
Interfaced with legal, <span inprof='y' id='22' class='skill'>fund accounting</span> and <span inprof='y' id='23' class='skill'>marketing</span> departments to ensure accurate delivery of information.
Oversaw dividend <span inprof='y' id='24' class='skill'>reconciliation</span> as well as prepared annual ICI Reports for the <span inprof='y' id='25' class='skill'>tax</span> department. 
        Analyzed and reviewed data for annual 15C management contract renewal. Prepared and filed 24F-2 filings for <span inprof='y' id='26' class='skill'>mutual funds</span>.
Created graphs and analytical information presentations. 
Responsible for training new employees and assisting senior <span inprof='n' id='27' class='qualif'>management with special projects</span>. 
Supervised staff of four.

    <span inprof='y' id='28_1_1' class='date'>April '00</span>- <span inprof='y' id='28_1_2' class='date'>October `04</span>    <span inprof='y' id='28_2' class='company'>UBS GLOBAL ASSET MANAGEMENT</span> <span inprof='y' id='28_3' class='location'>New York, New York</span>.
<span inprof='y' id='28_4_1' class='role'>Assistant Manager</span> - <span inprof='y' id='28_4_2' class='role'>Senior Financial Support Performance Analyst</span>
Prepared and analyzed <span inprof='n' id='29' class='company'>UBS Board</span> materials, dividend paid, <span inprof='y' id='30' class='skill'>mutual fund</span> and index performance reports using <span inprof='n' id='31' class='company'>Reuters</span>-Lipper, <span inprof='n' id='32' class='nominal'>Bloomberg</span>, <span inprof='y' id='33' class='sofwr'>Crystal</span>, <span inprof='y' id='34' class='sofwr'>Excel</span>, <span inprof='y' id='35' class='sofwr'>Access</span>, and <span inprof='y' id='36' class='sofwr'>GIS</span> applications. 
Calculated <span inprof='y' id='37' class='skill'>Mutual fund</span> returns, created graphs and set up financial templates using <span inprof='y' id='38' class='skill'>mutual funds</span> performance information. 
Maintained and updated database for all UBS <span inprof='y' id='39' class='skill'>Mutual funds</span>.
Determined monthly and quarterly synthetic returns. Prepared plot points for all funds for growth of <span inprof='n' id='40' class='money'>$10,000</span> with and without loads for internal and external websites. 
Provided <span inprof='y' id='41' class='skill'>technical support</span> to accounting group, interacted with application providers to insure calculations and correct running of financial applications. 
Communicated with custodians to insure accuracy of the NAV, Net Assets, Expense Ratio and other downloaded data. Worked
on special projects assigned by <span inprof='y' id='42' class='skill'>senior management</span>. 
Reconciled UBS <span inprof='y' id='43' class='skill'>Mutual funds</span> returns and after <span inprof='y' id='44' class='skill'>tax</span> performance with <span inprof='n' id='45' class='company'>Reuters</span>-Lipper reports. 
Coordinated and organized performance information included in the <span inprof='y' id='46' class='skill'>quarterly</span> and <span inprof='y' id='47' class='skill'>annual financial reports</span>. 
Resolved different financial issues with portfolio <span inprof='y' id='48_1' class='role'>managers</span> and auditors in heavy volume, high-pressure environment.

    <span inprof='y' id='49_1_1' class='date'>February '98</span>- <span inprof='y' id='49_1_2' class='date'>April `00</span>    <span inprof='y' id='49_2' class='company'>THE DREYFUS CORPORATION</span> <span inprof='y' id='49_3' class='location'>New York, New York</span>.
<span inprof='y' id='49_4_1' class='role'>Senior Treasury Accountant</span>
<span inprof='y' id='50' class='skill'>Responsible for the accounting</span> and reporting of the Dreyfus Family of <span inprof='y' id='51' class='skill'>Mutual Funds</span>.
Processed long and short term trade tickets for domestic securities to ensure <span inprof='y' id='52' class='skill'>successful settlement</span> of all trades. Communicated
with custodians, traders and brokers. 
Determined net asset values, dividends, yields and variances working with DST and <span inprof='n' id='53' class='nominal'>Bloomberg</span>.
Maintained <span inprof='y' id='54' class='skill'>general ledger</span>, posted daily adjusting entrees, prepared <span inprof='y' id='55' class='skill'>bank reconciliations</span> and net <span inprof='y' id='56' class='skill'>cash reconciliations</span> using
automated bank statement system. 
Performed <span inprof='y' id='57' class='skill'>asset reconciliation</span>, expense <span inprof='y' id='58' class='skill'>accruals</span> and management fees for portfolios on a monthly basis.
Prepared and reconciled work-papers and monthly accounting closes for internal and external auditors.
Filed daily compliance sheets, IRS reports and net <span inprof='y' id='59' class='skill'>asset reconciliations</span>. 
Generated consolidated income statement, <span inprof='y' id='60' class='skill'>balance sheet</span>, statement of investment, <span inprof='y' id='61' class='skill'>trial balance</span>, statement of <span inprof='y' id='62' class='skill'>cash flows</span> and all notes to the <span inprof='y' id='63' class='skill'>financial statements</span>.

<span inprof='n' id='64_1' class='education-title'>EDUCATION:</span>
    <span inprof='y' id='64_2_1' class='date'>February '93</span>-     <span inprof='y' id='64_2_2' class='date'>December '97</span>    <span inprof='y' id='64_3' class='educational'>City University of New York Brooklyn College</span> <span inprof='y' id='64_4' class='location'>Brooklyn, New York</span>.
    <span inprof='y' id='64_5' class='qualif'>Bachelor of Science in Accounting</span> with <span inprof='y' id='65' class='qualif'>minor in Computer Information Systems</span>.

COMPUTER    Strong analytical and computer skills which include: FactSet, iMoneyNet, <span inprof='y' id='66' class='sofwr'>Crystal Reports</span>, <span inprof='y' id='67' class='sofwr'>CraneData</span>, <span inprof='y' id='68' class='sofwr'>Rumba</span>, <span inprof='y' id='69' class='sofwr'>Business Objects</span>
<span inprof='n' id='70' class='skills-qualif-mark'>SKILLS:</span>
MorningStar, Reuters Lipper/<span inprof='n' id='71' class='nominal'>LANA</span>, <span inprof='n' id='72' class='nominal'>Bloomberg</span>, <span inprof='y' id='73' class='sofwr'>Citrix</span>, <span inprof='y' id='74' class='sofwr'>Confluence Perform</span> and <span inprof='y' id='75' class='sofwr'>FundStation</span>, Database IV, DST, <span inprof='y' id='76' class='sofwr'>GIS</span>, Turbo <span inprof='y' id='77' class='skill'>Tax</span>, GPW, Command, CAPS, <span inprof='y' id='78' class='sofwr'>Microsoft Windows</span>, <span inprof='y' id='79' class='sofwr'>Microsoft Excel</span>, <span inprof='y' id='80' class='sofwr'>Microsoft Word</span>, <span inprof='y' id='81' class='sofwr'>Microsoft Power Point</span>, <span inprof='y' id='82' class='sofwr'>Microsoft Access</span>.

REFERENCES AVAILABLE UPON REQUEST

</TextResume>

</NonXMLResume>



<UserArea>
<DaxResumeUserArea>
<AdditionalPersonalData>
<ExperienceSummary>
<TotalMonthsOfWorkExperience>90</TotalMonthsOfWorkExperience>
<TotalYearsOfWorkExperience>7</TotalYearsOfWorkExperience>
<TotalMonthsOfManagementWorkExperience>61</TotalMonthsOfManagementWorkExperience>
<TotalYearsOfManagementWorkExperience>5</TotalYearsOfManagementWorkExperience>
<TotalMonthsOfSeniorManagementWorkExperience>6</TotalMonthsOfSeniorManagementWorkExperience>
<TotalYearsOfSeniorManagementWorkExperience>0.5</TotalYearsOfSeniorManagementWorkExperience>
<TotalMonthsOfLowLevelManagementWorkExperience>55</TotalMonthsOfLowLevelManagementWorkExperience>
<TotalYearsOfLowLevelManagementWorkExperience>4.5</TotalYearsOfLowLevelManagementWorkExperience>
<ExecutiveBrief>Vadim Yusim is a resident of Brooklyn, NY, US. He has been working in the Accountancy  occupational sector for more than 7 years. Currently he is employed as a Consultant at SPECTRA PROFESSIONAL SERVICES., LLC. Vadim has an extensive management experience (5 years) with exposure to senior management positions.</ExecutiveBrief>
<ManagementRecord>Since 2011-12 the candidate had experience at a senior management level working as a Assistant Vice President - Financial Performance/Analytics Group Supervisor.
Since 2000-04 for 55 months the candidate had experience at a lower grade management level working as a Assistant Manager/Analytics Group Supervisor at UBS GLOBAL ASSET MANAGEMENT.
</ManagementRecord>
</ExperienceSummary>
</AdditionalPersonalData>
<ParserInfo>
<ParserConfiguration>{max_len=50000} {tel_flag=} {send_zip=} {fast_conv=} {DEF_LOCAL=} {sdate=0} {no_email_body=0} {do_clever_zoning=1} {keep_span=1} {complex=1} {accept_langs=} {not_accept_langs=} {prefer_lang_cv=EN} {pers_only=0} {turbo=0} {split_language=0} {picture=0} {picture_inline=0} {name_space=0} {charset=} {hrxml_upgrade_edu_hist=0}{hrxml_add_languages_section=0}{spool=} {docID=} {user=DEFAULT} </ParserConfiguration>
<ParserRelease>0.12.3.32629</ParserRelease>
<ParserReleaseDate>2014-06-18</ParserReleaseDate>
<ParserSchema>2.0.29</ParserSchema>
<ParserSchemaLocation>http://cvx.daxtra.com/cvts/xsd/candidate/2.0.29/Resume.xsd</ParserSchemaLocation>
<ConverterRelease>0.5.2.32629</ConverterRelease>
<ConverterReleaseDate>2014-06-18</ConverterReleaseDate>
</ParserInfo>
<FileStruct filename='/home/izoom/anazarov/grammar/analysis/3rconnect/doc/100_Resumes-Walsh/Consulting_Main.docx'>

<attachment fname='Consulting_Main.docx' ftype='docx' conv='yes' doc_type='cv' lang='EN'>/home/izoom/anazarov/grammar/analysis/3rconnect/doc/100_Resumes-Walsh/Consulting_Main.docx</attachment>


</FileStruct>
</DaxResumeUserArea>
</UserArea>
</Resume>
