<?xml version='1.0' encoding='ISO-8859-1'?>
<Resume lang='en' src='DAXTRA-CVX schema:2.0.29 release:0.12.3.32629 rdate:2014-06-18'>
<StructuredXMLResume>
<ContactInfo>
<PersonName id='2'>
<FormattedName>Vincent Calvaruso</FormattedName>
<GivenName>Vincent</GivenName>
<FamilyName>Calvaruso</FamilyName>
<sex>Male</sex>
</PersonName>
<ContactMethod>
<Telephone id='4' type='home'>
<InternationalCountryCode>1</InternationalCountryCode>
<SubscriberNumber>631 532.6977</SubscriberNumber>
<FormattedNumber>+1 631 532.6977</FormattedNumber></Telephone>

<Telephone id='5' type='alt'>
<InternationalCountryCode>1</InternationalCountryCode>
<SubscriberNumber>516 319.5722</SubscriberNumber>
<FormattedNumber>+1 516 319.5722</FormattedNumber></Telephone>

<InternetEmailAddress id='6' type='main'>vgc_cco@hotmail.com</InternetEmailAddress>
<PostalAddress id='3' type='main'>
<CountryCode>US</CountryCode>
<Region>NY</Region>
<Municipality>Amityville</Municipality>

</PostalAddress>
</ContactMethod>
</ContactInfo>
<ExecutiveSummary>*    Compliance professional-registered with FINRA (formerly NASD) since 1984 / (KYC / CIP 20+ years). ; 
    *    Excellent analytical skills in seeing a potential problem and correcting it before becoming costly to the firm. ; 
    *    Outstanding abilities in resolving disputes to the satisfaction of all concerned, including ``conflicts of interest.'' ; 
    *    Detail-oriented in discovering and solving issues on a daily basis. ; 
    *    Coordination with legal in constructing and implementing rules and regulations into the Written Supervisory Procedures. On receipt of information regarding a possible violation of any application law or standard of conduct, made a determination whether the compliance policies and procedures should be enhanced to address the occurrence that resulted in the violation and made recommendations to senior management, as appropriate. ; 
    *    Kept abreast of the latest changes in regulations and informed senior management of such changes. ; 
    *    Extensive knowledge and experience regarding AML, encompassing BSA, USA Patriot Act, OFAC, Correspondent Banking, Customer Identification Program Compliance.</ExecutiveSummary>


<EmploymentHistory>
<EmployerOrg employerOrgType='soleEmployer'>
<EmployerOrgName id='26_2'>Credit-Suisse</EmployerOrgName>
<EmployerContactInfo>
<LocationSummary id='26_4'>
<Municipality>Manhattan</Municipality>
<Region>NY</Region>
<CountryCode>US</CountryCode>
</LocationSummary>
</EmployerContactInfo>
<PositionHistory positionType='CONTRACT'>
<Title id='26_6_1'>Compliance Officer</Title>
<OrgName id='26_2'>Credit-Suisse</OrgName>



<Description>*    Responsible for AML Compliance function (inclusive of Sanctions and Anti-Corruption) for ensuring compliance with the Firm's AML program for its investment banking, private banking and asset management businesses. ; 
    *    AML Transaction Surveillance Conducted initial analysis and assessment of alerts generated from Mantas using internal/external research tools. Accurately documented rationale for case closure or escalation as appropriate Made suitable recommendations for alert suppression. ; 
    *    These resources were required to ensure that the bank met regulatory expectations for remediation of look back accounts for closing within 30 days. ; 
    *    CL Search Screening Conducted initial analysis and assessment of negative news/sanctions/reputational risk alerts generated from CL Search tool using internal/external research resources. ; 
    *    Accurately documented rationale for case closure or escalation as appropriate. ; 
    *    Carried out varying levels of research/investigation, depending on the complexity of each alert/case. ; 
    *    Required to reduce the backlog in the CL Search hit clearing queues. ; 
    *    Assisted the Regional Anti-Corruption and Sanctions Compliance Programs Assist in administrative tasks associated with the bank's anti-corruption and sanctions programs including logging cases, maintaining SharePoint site, among other tasks. Performed AML Investigations utilizing various peripheral supporting applications, i.e., search engines (Google, NetX360); proprietary database services (including, but not limited to Lexis-Nexis and World Check). Obtained familiarity with TS vendor tools such as Mantas through direct project work.</Description>
<StartDate id='26_5_1'><YearMonth>2013-01</YearMonth></StartDate>
<EndDate id='26_5_2'><YearMonth>2013-03</YearMonth></EndDate>




<JobCategory>
<TaxonomyName>JOBAREA</TaxonomyName>
<CategoryCode>banking-finance</CategoryCode>
</JobCategory>


<UserArea>
<DaxPositionHistoryUserArea>
<TLSPAN first_id='26' last_id='35' border_id='36'></TLSPAN>
<MonthsOfWork>3</MonthsOfWork>
</DaxPositionHistoryUserArea>
</UserArea>
</PositionHistory>
</EmployerOrg>

<EmployerOrg employerOrgType='soleEmployer'>
<EmployerOrgName id='36_1'>Capital One Bank</EmployerOrgName>
<EmployerContactInfo>
<LocationSummary id='36_3'>
<Municipality>Melville</Municipality>
<Region>NY</Region>
<CountryCode>US</CountryCode>
</LocationSummary>
</EmployerContactInfo>
<PositionHistory positionType='CONTRACT'>
<Title id='36_5_1'>Compliance Analyst</Title>
<OrgName id='36_1'>Capital One Bank</OrgName>



<Description>*    Utilized Compliance 11 / Dow Jones / Bloomberg / Pandia / RegEd / XChange / Lexis-Nexis / Excel / Word and Outlook in my daily activities along with branch audits. ; 
    *    Coordinated, monitored and tracked the status of colleague securities / insurance licensing. ; 
    *    Code of Ethics surveillance. ; 
    *    Communicated with Bank's legal counsel and relevant regulatory/government agencies regarding regulatory compliance issues. ; 
    *    Data entry into various monitoring program metrics reports.</Description>
<StartDate id='36_4_1'><YearMonth>2012-06</YearMonth></StartDate>
<EndDate id='36_4_2'><YearMonth>2012-10</YearMonth></EndDate>




<JobCategory>
<TaxonomyName>JOBAREA</TaxonomyName>
<CategoryCode>social-services</CategoryCode>
</JobCategory>


<UserArea>
<DaxPositionHistoryUserArea>
<TLSPAN first_id='36' last_id='43' border_id='45'></TLSPAN>
<MonthsOfWork>5</MonthsOfWork>
</DaxPositionHistoryUserArea>
</UserArea>
</PositionHistory>
</EmployerOrg>

<EmployerOrg employerOrgType='soleEmployer'>
<EmployerOrgName id='44'>Salomon Whitney LLC</EmployerOrgName>
<EmployerContactInfo>
<LocationSummary id='50'>
<CountryCode>US</CountryCode>
</LocationSummary>
</EmployerContactInfo>
<PositionHistory positionType='PERMANENT'>
<Title id='46_1'>Chief Compliance Officer</Title>
<OrgName id='44'>Salomon Whitney LLC</OrgName>



<Description>*    Successfully coordinated with legal in structuring, administering and certifying WSPs. ; 
    *    Examined trade blotters, exception reports, trade orders and action notices daily. ; 
    *    Researched, advised and wrote memos on pertinent areas of regulatory rules based upon various fact patterns that arose in selling of securities, but not limited to, licensing issues. ; 
    *    Highly skilled in dispute resolution utilizing my law background together with my many years of experience within the financial field. ; 
    *    Proficient at documenting disciplinary issues and actions taken via Excel logs. ; 
    *    Filed Form 4530 (formerly NASD Rule 3070) disclosures effectively.

    *    Monitored registered representatives' emails and their subscribed social media sites. ; 
    *    Administrated and completed FINRA audits / examinations in a timely and efficient manner. ; 
    *    Carefully scrutinized all prospective account holders' history against OFAC (Office of Foreign Assets Control) list and FinCEN (Financial Crimes Enforcement Network) reports. ; 
    *    Financial information sharing in co-operation with other firms-USA Patriot Act 314(b). ; 
    *    Effectively sent Activity Letters to active account holders in a timely fashion. ; 
    *    Filed SARs when necessary with FinCEN and
    *    Maintained AML records and SARs Filings. ; 
    *    Worked on IT issues relating to vendor selection for AML/OFAC and suspicious activity monitoring software.</Description>
<StartDate id='45_1'><YearMonth>2010-04</YearMonth></StartDate>
<EndDate id='45_2'><YearMonth>2011-12</YearMonth></EndDate>



<JobLevelInfo>
<JobGrade>joblevel-management-mid</JobGrade>
</JobLevelInfo>

<JobCategory>
<TaxonomyName>JOBAREA</TaxonomyName>
<CategoryCode>accountancy</CategoryCode>
</JobCategory>


<UserArea>
<DaxPositionHistoryUserArea>
<TLSPAN first_id='44' last_id='51' border_id='52'></TLSPAN>
<MonthsOfWork>21</MonthsOfWork>
</DaxPositionHistoryUserArea>
</UserArea>
</PositionHistory>
</EmployerOrg>

<EmployerOrg employerOrgType='soleEmployer'>
<EmployerOrgName id='52_1'>Perrin Holden &#38; Davenport Capital</EmployerOrgName>
<EmployerContactInfo>
<LocationSummary id='52_2'>
<Municipality>Islandia</Municipality>
<Region>NY</Region>
<CountryCode>US</CountryCode>
</LocationSummary>
</EmployerContactInfo>
<PositionHistory positionType='CONTRACT'>
<Title id='52_4_1'>Chief Compliance Officer</Title>
<OrgName id='52_1'>Perrin Holden &#38; Davenport Capital</OrgName>



<Description>*    Managed, updated and coordinated the firm's day-to-day operations. ; 
    *    Reviewed new account documentation for accuracy, suitability and completeness. ; 
    *    Monitored and trained registered representatives on relevant compliance issues. ; 
    *    Periodically reviewed compliance methodologies to insure regulatory standards were met.</Description>
<StartDate id='52_3_1'><YearMonth>2010-01</YearMonth></StartDate>
<EndDate id='52_3_2'><YearMonth>2010-04</YearMonth></EndDate>



<JobLevelInfo>
<JobGrade>joblevel-management-mid</JobGrade>
</JobLevelInfo>



<UserArea>
<DaxPositionHistoryUserArea>
<TLSPAN first_id='52' last_id='52' border_id='53'></TLSPAN>
<MonthsOfWork>4</MonthsOfWork>
</DaxPositionHistoryUserArea>
</UserArea>
</PositionHistory>
</EmployerOrg>

<EmployerOrg employerOrgType='soleEmployer'>
<EmployerOrgName id='53_1'>Woodstock Financial Group</EmployerOrgName>
<EmployerContactInfo>
<LocationSummary id='53_2'>
<Municipality>Garden City</Municipality>
<Region>NY</Region>
<CountryCode>US</CountryCode>
</LocationSummary>
</EmployerContactInfo>
<PositionHistory positionType='CONTRACT'>
<Title id='53_4_1'>Compliance Officer</Title>
<Title id='53_4_2'>Branch Office Manager</Title>
<OrgName id='53_1'>Woodstock Financial Group</OrgName>



<Description>*    Advised senior management on regulatory changes and notices. ; 
    *    Conducted book review examinations regarding trade and margin practices.</Description>
<StartDate id='53_3_1'><YearMonth>2009-03</YearMonth></StartDate>
<EndDate id='53_3_2'><YearMonth>2009-08</YearMonth></EndDate>



<JobLevelInfo>
<JobGrade>joblevel-management-low</JobGrade>
</JobLevelInfo>

<JobCategory>
<TaxonomyName>JOBAREA</TaxonomyName>
<CategoryCode>secretarial</CategoryCode>
</JobCategory>


<UserArea>
<DaxPositionHistoryUserArea>
<TLSPAN first_id='53' last_id='55' border_id='56'></TLSPAN>
<MonthsOfWork>6</MonthsOfWork>
</DaxPositionHistoryUserArea>
</UserArea>
</PositionHistory>
</EmployerOrg>

<EmployerOrg employerOrgType='soleEmployer'>
<EmployerOrgName id='56_1'>EKN Financial Services</EmployerOrgName>
<EmployerContactInfo>
<LocationSummary id='56_2'>
<Municipality>Woodbury</Municipality>
<Region>NY</Region>
<CountryCode>US</CountryCode>
</LocationSummary>
</EmployerContactInfo>
<PositionHistory positionType='PERMANENT'>
<Title id='56_4_1'>Branch Office Manager</Title>
<Title id='56_4_2'>Anti-Money Laundering Officer</Title>
<OrgName id='56_1'>EKN Financial Services</OrgName>



<Description>*    Conducted trade surveillance via TRF (Trade Reporting Facility). ; 
    *    OATS, TRACE and MSRB reported; including equity surveillance. ; 
    *    Processed and administered CRD registrations including U-4 / U-5. ; 
    *    Monitored outgoing and incoming correspondence. ; 
    *    Developed AML programs and procedures in accordance with USA Patriot Act. ; 
    *    Conducted ongoing training of employees on AML procedures on how to identify signs for potential money laundering practices. ; 
    *    Ensured AML-CIP (Customer Identification Program) policies were in place and implemented. ; 
    *    Monitored all (domestic / international) incoming wires and checks; 
    *    Reviewed new account documents on control person (KYC) and verified ID. ; 
    *    Verified clientele's source of funds. ; 
    *    Conducted all required AML Compliance meetings. ; 
    *    After taking over the AML division, FINRA commented that there was a vast improvement.
    *</Description>
<StartDate id='56_3_1'><YearMonth>2006-05</YearMonth></StartDate>
<EndDate id='56_3_2'><YearMonth>2009-03</YearMonth></EndDate>



<JobLevelInfo>
<JobGrade>joblevel-management-low</JobGrade>
</JobLevelInfo>

<JobCategory>
<TaxonomyName>JOBAREA</TaxonomyName>
<CategoryCode>secretarial</CategoryCode>
</JobCategory>


<UserArea>
<DaxPositionHistoryUserArea>
<TLSPAN first_id='56' last_id='59' border_id='60'></TLSPAN>
<MonthsOfWork>35</MonthsOfWork>
</DaxPositionHistoryUserArea>
</UserArea>
</PositionHistory>
</EmployerOrg>

<EmployerOrg employerOrgType='soleEmployer'>
<EmployerOrgName id='60_1'>S.W. Bach &#38; Company</EmployerOrgName>
<EmployerContactInfo>
<LocationSummary id='60_3'>
<Municipality>Port Washington</Municipality>
<Region>NY</Region>
<CountryCode>US</CountryCode>
</LocationSummary>
</EmployerContactInfo>
<PositionHistory positionType='PERMANENT'>
<Title id='60_5_1'>Compliance Officer</Title>
<OrgName id='60_2'>Harrison Securities Incorporated</OrgName>



<Description>S.W. Bach &#38; Company / Harrison Securities Incorporated; 
*    Reviewed `Regulation T' extensions, margin / maintenance calls. ; 
    *    Maintained all books and records for compliance division. ; 
    *    Held supervisory meetings with supervisory staff on new procedures to be implemented. ; 
    *    Updated due diligence files.</Description>
<StartDate id='60_4_1'><YearMonth>2001-12</YearMonth></StartDate>
<EndDate id='60_4_2'><YearMonth>2006-04</YearMonth></EndDate>




<JobCategory>
<TaxonomyName>JOBAREA</TaxonomyName>
<CategoryCode>insurance</CategoryCode>
</JobCategory>


<UserArea>
<DaxPositionHistoryUserArea>
<TLSPAN first_id='60' last_id='61' border_id='0'></TLSPAN>
<MonthsOfWork>53</MonthsOfWork>
</DaxPositionHistoryUserArea>
</UserArea>
</PositionHistory>
</EmployerOrg>

</EmploymentHistory>
<EducationHistory>
<SchoolOrInstitution schoolType='university'>
<SchoolName id='62_3'>Long Island University</SchoolName>
<LocationSummary id='62_4'>
<Municipality>Greenvale</Municipality>
<Region>NY</Region>
<CountryCode>US</CountryCode>
</LocationSummary>

<OrganizationUnit organizationType='unit'>C.W. Post College</OrganizationUnit>
<Degree degreeType='masters'>
<DegreeName id='62_2'>Masters</DegreeName>

</Degree>
<Major id='62_2'>Public Administration</Major>



<Comments>Thomas M. Cooley Law School- Lansing, Michigan (3 years of study)</Comments>
</SchoolOrInstitution>

</EducationHistory>











<Competency oids='38 48 ' description='Skill > IT' auth='yes' name='Microsoft Excel'>
<CompetencyEvidence name='Extent of Experience' typeDescription='Extent of Experience' type='MONTH' lastUsed='2012'><NumericValue description='MONTH'>26</NumericValue></CompetencyEvidence>

<CompetencyEvidence typeDescription='Alias' name='Alias'><StringValue>Excel</StringValue></CompetencyEvidence>

<CompetencyWeight type='skillLevel'><NumericValue minValue='0' maxValue='100'>88</NumericValue></CompetencyWeight>

<CompetencyWeight type='skillProficiency'><StringValue minValue='BASIC' maxValue='EXCELLENT'>EXCELLENT</StringValue></CompetencyWeight>
</Competency>

<Competency oids='35 37 ' description='Skill > IT' auth='yes' name='LexisNexis'>
<CompetencyEvidence name='Extent of Experience' typeDescription='Extent of Experience' type='MONTH' lastUsed='2013'><NumericValue description='MONTH'>8</NumericValue></CompetencyEvidence>

<CompetencyWeight type='skillLevel'><NumericValue minValue='0' maxValue='100'>90</NumericValue></CompetencyWeight>

<CompetencyWeight type='skillProficiency'><StringValue minValue='BASIC' maxValue='EXCELLENT'>EXCELLENT</StringValue></CompetencyWeight>
</Competency>

<Competency oids='20 28 ' description='Skill' auth='yes' name='Investment Banking'>
<CompetencyEvidence name='Extent of Experience' typeDescription='Extent of Experience' type='MONTH' lastUsed='2013'><NumericValue description='MONTH'>3</NumericValue></CompetencyEvidence>

<CompetencyWeight type='skillLevel'><NumericValue minValue='0' maxValue='100'>91</NumericValue></CompetencyWeight>

<CompetencyWeight type='skillProficiency'><StringValue minValue='BASIC' maxValue='EXCELLENT'>EXCELLENT</StringValue></CompetencyWeight>
</Competency>

<Competency oids='9 59 ' description='Skill' auth='yes' name='FSA Know Your Client'>
<CompetencyEvidence name='Extent of Experience' typeDescription='Extent of Experience' type='MONTH' lastUsed='2009'><NumericValue description='MONTH'>35</NumericValue></CompetencyEvidence>

<CompetencyEvidence typeDescription='Alias' name='Alias'><StringValue>KYC</StringValue></CompetencyEvidence>

<CompetencyWeight type='skillLevel'><NumericValue minValue='0' maxValue='100'>53</NumericValue></CompetencyWeight>

<CompetencyWeight type='skillProficiency'><StringValue minValue='BASIC' maxValue='EXCELLENT'>WORKING</StringValue></CompetencyWeight>
</Competency>

<Competency oids='41 49 ' description='Skill' auth='yes' name='Audit'>
<CompetencyEvidence name='Extent of Experience' typeDescription='Extent of Experience' type='MONTH' lastUsed='2012'><NumericValue description='MONTH'>26</NumericValue></CompetencyEvidence>

<CompetencyEvidence typeDescription='Alias' name='Alias'><StringValue>audits</StringValue></CompetencyEvidence>

<CompetencyWeight type='skillLevel'><NumericValue minValue='0' maxValue='100'>86</NumericValue></CompetencyWeight>

<CompetencyWeight type='skillProficiency'><StringValue minValue='BASIC' maxValue='EXCELLENT'>EXCELLENT</StringValue></CompetencyWeight>
</Competency>

<Competency oids='23 30 ' description='Skill' auth='yes' name='Anti-Money Laundering'>
<CompetencyEvidence name='Extent of Experience' typeDescription='Extent of Experience' type='MONTH' lastUsed='2013'><NumericValue description='MONTH'>3</NumericValue></CompetencyEvidence>

<CompetencyEvidence typeDescription='Alias' name='Alias'><StringValue>AML</StringValue></CompetencyEvidence>

<CompetencyWeight type='skillLevel'><NumericValue minValue='0' maxValue='100'>90</NumericValue></CompetencyWeight>

<CompetencyWeight type='skillProficiency'><StringValue minValue='BASIC' maxValue='EXCELLENT'>EXCELLENT</StringValue></CompetencyWeight>
</Competency>

<Competency oids='13 ' description='Skill' auth='no' name='informed senior management'>
<CompetencyWeight type='skillLevel'><NumericValue minValue='0' maxValue='100'>13</NumericValue></CompetencyWeight>
</Competency>

<Competency oids='47 ' description='Skill' auth='no' name='dispute resolution'>
<CompetencyEvidence name='Extent of Experience' typeDescription='Extent of Experience' type='MONTH' lastUsed='2011'><NumericValue description='MONTH'>21</NumericValue></CompetencyEvidence>

<CompetencyWeight type='skillLevel'><NumericValue minValue='0' maxValue='100'>70</NumericValue></CompetencyWeight>

<CompetencyWeight type='skillProficiency'><StringValue minValue='BASIC' maxValue='EXCELLENT'>GOOD</StringValue></CompetencyWeight>
</Competency>

<Competency oids='11 ' description='Skill' auth='no' name='analytical skills'>
<CompetencyEvidence typeDescription='Alias' name='Alias'><StringValue>Excellent analytical skills</StringValue></CompetencyEvidence>

<CompetencyWeight type='skillLevel'><NumericValue minValue='0' maxValue='100'>84</NumericValue></CompetencyWeight>

<CompetencyWeight type='skillProficiency'><StringValue minValue='BASIC' maxValue='EXCELLENT'>EXCELLENT</StringValue></CompetencyWeight>
</Competency>

<Competency oids='51 ' description='Skill' auth='yes' name='Vendor Selection'>
<CompetencyEvidence name='Extent of Experience' typeDescription='Extent of Experience' type='MONTH' lastUsed='2011'><NumericValue description='MONTH'>21</NumericValue></CompetencyEvidence>

<CompetencyWeight type='skillLevel'><NumericValue minValue='0' maxValue='100'>68</NumericValue></CompetencyWeight>

<CompetencyWeight type='skillProficiency'><StringValue minValue='BASIC' maxValue='EXCELLENT'>GOOD</StringValue></CompetencyWeight>
</Competency>

<Competency oids='27 ' description='Skill' auth='no' name='Responsible for AML Compliance function'>
<CompetencyEvidence name='Extent of Experience' typeDescription='Extent of Experience' type='MONTH' lastUsed='2013'><NumericValue description='MONTH'>3</NumericValue></CompetencyEvidence>

<CompetencyWeight type='skillLevel'><NumericValue minValue='0' maxValue='100'>92</NumericValue></CompetencyWeight>

<CompetencyWeight type='skillProficiency'><StringValue minValue='BASIC' maxValue='EXCELLENT'>EXCELLENT</StringValue></CompetencyWeight>
</Competency>

<Competency oids='39 ' description='Skill > IT' auth='yes' name='Microsoft Word'>
<CompetencyEvidence name='Extent of Experience' typeDescription='Extent of Experience' type='MONTH' lastUsed='2012'><NumericValue description='MONTH'>5</NumericValue></CompetencyEvidence>

<CompetencyEvidence typeDescription='Alias' name='Alias'><StringValue>Word</StringValue></CompetencyEvidence>

<CompetencyWeight type='skillLevel'><NumericValue minValue='0' maxValue='100'>82</NumericValue></CompetencyWeight>

<CompetencyWeight type='skillProficiency'><StringValue minValue='BASIC' maxValue='EXCELLENT'>EXCELLENT</StringValue></CompetencyWeight>
</Competency>

<Competency oids='33 ' description='Skill > IT' auth='yes' name='Microsoft SharePoint'>
<CompetencyEvidence name='Extent of Experience' typeDescription='Extent of Experience' type='MONTH' lastUsed='2013'><NumericValue description='MONTH'>3</NumericValue></CompetencyEvidence>

<CompetencyEvidence typeDescription='Alias' name='Alias'><StringValue>SharePoint</StringValue></CompetencyEvidence>

<CompetencyWeight type='skillLevel'><NumericValue minValue='0' maxValue='100'>89</NumericValue></CompetencyWeight>

<CompetencyWeight type='skillProficiency'><StringValue minValue='BASIC' maxValue='EXCELLENT'>EXCELLENT</StringValue></CompetencyWeight>
</Competency>

<Competency oids='40 ' description='Skill > IT' auth='yes' name='Microsoft Outlook'>
<CompetencyEvidence name='Extent of Experience' typeDescription='Extent of Experience' type='MONTH' lastUsed='2012'><NumericValue description='MONTH'>5</NumericValue></CompetencyEvidence>

<CompetencyEvidence typeDescription='Alias' name='Alias'><StringValue>Outlook</StringValue></CompetencyEvidence>

<CompetencyWeight type='skillLevel'><NumericValue minValue='0' maxValue='100'>81</NumericValue></CompetencyWeight>

<CompetencyWeight type='skillProficiency'><StringValue minValue='BASIC' maxValue='EXCELLENT'>EXCELLENT</StringValue></CompetencyWeight>
</Competency>

<Competency oids='12 ' description='Skill' auth='yes' name='Managerial Skills'>
<CompetencyEvidence typeDescription='Alias' name='Alias'><StringValue>senior management</StringValue></CompetencyEvidence>

<CompetencyWeight type='skillLevel'><NumericValue minValue='0' maxValue='100'>13</NumericValue></CompetencyWeight>
</Competency>

<Competency oids='57 ' description='Skill' auth='yes' name='Equities'>
<CompetencyEvidence name='Extent of Experience' typeDescription='Extent of Experience' type='MONTH' lastUsed='2009'><NumericValue description='MONTH'>35</NumericValue></CompetencyEvidence>

<CompetencyEvidence typeDescription='Alias' name='Alias'><StringValue>equity</StringValue></CompetencyEvidence>

<CompetencyWeight type='skillLevel'><NumericValue minValue='0' maxValue='100'>54</NumericValue></CompetencyWeight>

<CompetencyWeight type='skillProficiency'><StringValue minValue='BASIC' maxValue='EXCELLENT'>WORKING</StringValue></CompetencyWeight>
</Competency>

<Competency oids='61 ' description='Skill' auth='yes' name='Due Diligence'>
<CompetencyEvidence name='Extent of Experience' typeDescription='Extent of Experience' type='MONTH' lastUsed='2006'><NumericValue description='MONTH'>53</NumericValue></CompetencyEvidence>

<CompetencyWeight type='skillLevel'><NumericValue minValue='0' maxValue='100'>28</NumericValue></CompetencyWeight>

<CompetencyWeight type='skillProficiency'><StringValue minValue='BASIC' maxValue='EXCELLENT'>BASIC</StringValue></CompetencyWeight>
</Competency>

<Competency oids='43 ' description='Skill' auth='yes' name='Data Entry'>
<CompetencyEvidence name='Extent of Experience' typeDescription='Extent of Experience' type='MONTH' lastUsed='2012'><NumericValue description='MONTH'>5</NumericValue></CompetencyEvidence>

<CompetencyWeight type='skillLevel'><NumericValue minValue='0' maxValue='100'>80</NumericValue></CompetencyWeight>

<CompetencyWeight type='skillProficiency'><StringValue minValue='BASIC' maxValue='EXCELLENT'>EXCELLENT</StringValue></CompetencyWeight>
</Competency>

<Competency oids='55 ' description='Skill' auth='yes' name='Book Reviews'>
<CompetencyEvidence name='Extent of Experience' typeDescription='Extent of Experience' type='MONTH' lastUsed='2009'><NumericValue description='MONTH'>6</NumericValue></CompetencyEvidence>

<CompetencyEvidence typeDescription='Alias' name='Alias'><StringValue>book review</StringValue></CompetencyEvidence>

<CompetencyWeight type='skillLevel'><NumericValue minValue='0' maxValue='100'>47</NumericValue></CompetencyWeight>

<CompetencyWeight type='skillProficiency'><StringValue minValue='BASIC' maxValue='EXCELLENT'>WORKING</StringValue></CompetencyWeight>
</Competency>

<Competency oids='29 ' description='Skill' auth='yes' name='Asset Allocation'>
<CompetencyEvidence name='Extent of Experience' typeDescription='Extent of Experience' type='MONTH' lastUsed='2013'><NumericValue description='MONTH'>3</NumericValue></CompetencyEvidence>

<CompetencyEvidence typeDescription='Alias' name='Alias'><StringValue>asset management</StringValue></CompetencyEvidence>

<CompetencyWeight type='skillLevel'><NumericValue minValue='0' maxValue='100'>91</NumericValue></CompetencyWeight>

<CompetencyWeight type='skillProficiency'><StringValue minValue='BASIC' maxValue='EXCELLENT'>EXCELLENT</StringValue></CompetencyWeight>
</Competency>

<Competency oids='54 ' description='Skill' auth='no' name='Advised senior management'>
<CompetencyEvidence name='Extent of Experience' typeDescription='Extent of Experience' type='MONTH' lastUsed='2009'><NumericValue description='MONTH'>6</NumericValue></CompetencyEvidence>

<CompetencyWeight type='skillLevel'><NumericValue minValue='0' maxValue='100'>48</NumericValue></CompetencyWeight>

<CompetencyWeight type='skillProficiency'><StringValue minValue='BASIC' maxValue='EXCELLENT'>WORKING</StringValue></CompetencyWeight>
</Competency>

<Competency oids='26_6_1 53_4_1 60_5_1 ' description='Held Position' auth='no' name='Compliance Officer'>
<CompetencyEvidence name='Extent of Experience' typeDescription='Extent of Experience' type='MONTH' lastUsed='2013'><NumericValue description='MONTH'>62</NumericValue></CompetencyEvidence>

<CompetencyWeight type='skillLevel'><NumericValue minValue='0' maxValue='100'>100</NumericValue></CompetencyWeight>

<CompetencyWeight type='skillProficiency'><StringValue minValue='BASIC' maxValue='EXCELLENT'>EXCELLENT</StringValue></CompetencyWeight>
</Competency>

<Competency oids='46_1 52_4_1 ' description='Held Position' auth='no' name='Chief Compliance Officer'>
<CompetencyEvidence name='Extent of Experience' typeDescription='Extent of Experience' type='MONTH' lastUsed='2011'><NumericValue description='MONTH'>25</NumericValue></CompetencyEvidence>

<CompetencyWeight type='skillLevel'><NumericValue minValue='0' maxValue='100'>71</NumericValue></CompetencyWeight>

<CompetencyWeight type='skillProficiency'><StringValue minValue='BASIC' maxValue='EXCELLENT'>GOOD</StringValue></CompetencyWeight>
</Competency>

<Competency oids='53_4_2 56_4_1 ' description='Held Position' auth='no' name='Branch Office Manager'>
<CompetencyEvidence name='Extent of Experience' typeDescription='Extent of Experience' type='MONTH' lastUsed='2009'><NumericValue description='MONTH'>41</NumericValue></CompetencyEvidence>

<CompetencyWeight type='skillLevel'><NumericValue minValue='0' maxValue='100'>55</NumericValue></CompetencyWeight>

<CompetencyWeight type='skillProficiency'><StringValue minValue='BASIC' maxValue='EXCELLENT'>WORKING</StringValue></CompetencyWeight>
</Competency>

<Competency oids='42_1 ' description='Held Position' auth='no' name='legal counsel'>
<CompetencyEvidence name='Extent of Experience' typeDescription='Extent of Experience' type='MONTH' lastUsed='2012'><NumericValue description='MONTH'>5</NumericValue></CompetencyEvidence>

<CompetencyWeight type='skillLevel'><NumericValue minValue='0' maxValue='100'>82</NumericValue></CompetencyWeight>

<CompetencyWeight type='skillProficiency'><StringValue minValue='BASIC' maxValue='EXCELLENT'>EXCELLENT</StringValue></CompetencyWeight>
</Competency>

<Competency oids='17_1 ' description='Held Position' auth='no' name='General Securities Representative'>
<CompetencyWeight type='skillLevel'><NumericValue minValue='0' maxValue='100'>13</NumericValue></CompetencyWeight>
</Competency>

<Competency oids='22_1 ' description='Held Position' auth='no' name='General Securities Principal'>
<CompetencyWeight type='skillLevel'><NumericValue minValue='0' maxValue='100'>13</NumericValue></CompetencyWeight>
</Competency>

<Competency oids='15_1 ' description='Held Position' auth='no' name='Correspondent Banking'>
<CompetencyWeight type='skillLevel'><NumericValue minValue='0' maxValue='100'>13</NumericValue></CompetencyWeight>
</Competency>

<Competency oids='36_5_1 ' description='Held Position' auth='no' name='Compliance Analyst'>
<CompetencyEvidence name='Extent of Experience' typeDescription='Extent of Experience' type='MONTH' lastUsed='2012'><NumericValue description='MONTH'>5</NumericValue></CompetencyEvidence>

<CompetencyWeight type='skillLevel'><NumericValue minValue='0' maxValue='100'>83</NumericValue></CompetencyWeight>

<CompetencyWeight type='skillProficiency'><StringValue minValue='BASIC' maxValue='EXCELLENT'>EXCELLENT</StringValue></CompetencyWeight>
</Competency>

<Competency oids='56_4_2 ' description='Held Position' auth='no' name='Anti-Money Laundering Officer'>
<CompetencyEvidence name='Extent of Experience' typeDescription='Extent of Experience' type='MONTH' lastUsed='2009'><NumericValue description='MONTH'>35</NumericValue></CompetencyEvidence>

<CompetencyWeight type='skillLevel'><NumericValue minValue='0' maxValue='100'>54</NumericValue></CompetencyWeight>

<CompetencyWeight type='skillProficiency'><StringValue minValue='BASIC' maxValue='EXCELLENT'>WORKING</StringValue></CompetencyWeight>
</Competency>

<Competency oids='19 ' description='Degree/Qualification > Professional' auth='no' name='Series 79'>
<CompetencyWeight type='skillLevel'><NumericValue minValue='0' maxValue='100'>12</NumericValue></CompetencyWeight>
</Competency>

<Competency oids='16 ' description='Degree/Qualification > Professional' auth='no' name='Series 7'>
<CompetencyWeight type='skillLevel'><NumericValue minValue='0' maxValue='100'>12</NumericValue></CompetencyWeight>
</Competency>

<Competency oids='18 ' description='Degree/Qualification > Professional' auth='no' name='Series 63'>
<CompetencyWeight type='skillLevel'><NumericValue minValue='0' maxValue='100'>12</NumericValue></CompetencyWeight>
</Competency>

<Competency oids='21 ' description='Degree/Qualification > Professional' auth='no' name='Series 24'>
<CompetencyWeight type='skillLevel'><NumericValue minValue='0' maxValue='100'>12</NumericValue></CompetencyWeight>
</Competency>

<Competency oids='62_2 ' description='Degree/Qualification' auth='no' name='Masters > Masters Public Administration'>
<CompetencyEvidence name='Application' typeDescription='Application' type='Public Administration'><StringValue>Public Administration</StringValue></CompetencyEvidence>

<CompetencyEvidence typeDescription='Alias' name='Alias'><StringValue>Masters in Public Administration</StringValue></CompetencyEvidence>

<CompetencyWeight type='skillLevel'><NumericValue minValue='0' maxValue='100'>12</NumericValue></CompetencyWeight>
</Competency>

<Competency oids='24 ' description='Degree/Qualification > Professional' auth='no' name='CAMS Certified'>
<CompetencyWeight type='skillLevel'><NumericValue minValue='0' maxValue='100'>12</NumericValue></CompetencyWeight>
</Competency>

<Competency description='Industry' auth='yes' name='industry~banking-finance'>
<CompetencyEvidence name='skillCount' typeDescription='skillCount'><NumericValue>1</NumericValue></CompetencyEvidence>

<CompetencyWeight type='skillLevel'><NumericValue minValue='0' maxValue='100'>100</NumericValue></CompetencyWeight>
</Competency>























<RevisionDate id='1'>2013-04-09</RevisionDate>
</StructuredXMLResume>
<NonXMLResume>

<TextResume>



<span inprof='n' id='1' class='date'>{{DOCUMENT_DATESTAMP}} 2013-04-09 {{END_DOCUMENT_DATESTAMP}}</span> 

<span inprof='y' id='2' class='nominal'>VINCENT CALVARUSO</span>
<span inprof='y' id='3' class='location'>Amityville NY</span>
<span inprof='y' id='4' class='telephone'>H: 631.532.6977</span> C: <span inprof='y' id='5' class='telephone'>516.319.5722</span>
<span inprof='y' id='6' class='email'>vgc_cco@hotmail.com</span>


<span inprof='n' id='7' class='work-hist-mark'>PROFESSIONAL SUMMARY:</span>
    *    Compliance professional-registered with FINRA (formerly NASD) <span inprof='n' id='8' class='date'>since 1984</span> / (<span inprof='y' id='9' class='skill'>KYC</span> / CIP <span inprof='n' id='10' class='duration'>20+ years</span>). ; 
    *    <span inprof='y' id='11' class='skill'>Excellent analytical skills</span> in seeing a potential problem and correcting it before becoming costly to the firm. ; 
    *    Outstanding abilities in resolving disputes to the satisfaction of all concerned, including ``conflicts of interest.'' ; 
    *    Detail-oriented in discovering and solving issues on a daily basis. ; 
    *    Coordination with legal in constructing and implementing rules and regulations into the Written Supervisory Procedures. On receipt of information regarding a possible violation of any application law or standard of conduct, made a determination whether the compliance policies and procedures should be enhanced to address the occurrence that resulted in the violation and made recommendations to <span inprof='y' id='12' class='skill'>senior management</span>, as appropriate. ; 
    *    Kept abreast of the latest changes in regulations and <span inprof='y' id='13' class='skill'>informed senior management</span> of such changes. ; 
    *    Extensive knowledge and experience regarding AML, encompassing BSA, <span inprof='n' id='14' class='location'>USA</span> Patriot Act, OFAC, <span inprof='y' id='15_1' class='role'>Correspondent Banking</span>, Customer Identification Program Compliance.

LICENSES and CERTIFICATIONS:
    *    <span inprof='y' id='16' class='qualif'>Series 7</span>-<span inprof='y' id='17_1' class='role'>General Securities Representative</span>; 
    *    <span inprof='y' id='18' class='qualif'>Series 63</span>-Uniform Security Agent State Law; 
    *    <span inprof='y' id='19' class='qualif'>Series 79</span>-Limited Representative <span inprof='y' id='20' class='skill'>Investment Banking</span>; 
    *    <span inprof='y' id='21' class='qualif'>Series 24</span>-<span inprof='y' id='22_1' class='role'>General Securities Principal</span>;
    *    <span inprof='y' id='23' class='skill'>AML</span>-<span inprof='y' id='24' class='qualif'>CAMS Certified</span> in <span inprof='n' id='25' class='date'>2007</span>.

<span inprof='n' id='26_1' class='experience-title'>PROFESSIONAL EXPERIENCE:</span>
<span inprof='y' id='26_2' class='company'>Credit-Suisse</span> (<span inprof='n' id='26_3' class='empl-type'>Contract</span>): <span inprof='y' id='26_4' class='location'>Manhattan, NY</span>                             <span inprof='y' id='26_5_1' class='date'>Jan'13</span> - <span inprof='y' id='26_5_2' class='date'>Mar'13</span>
<span inprof='y' id='26_6_1' class='role'>Compliance Officer</span>
    *    <span inprof='y' id='27' class='skill'>Responsible for AML Compliance function</span> (inclusive of Sanctions and Anti-Corruption) for ensuring compliance with the Firm's AML program for its <span inprof='y' id='28' class='skill'>investment banking</span>, private banking and <span inprof='y' id='29' class='skill'>asset management</span> businesses. ; 
    *    <span inprof='y' id='30' class='skill'>AML</span> Transaction Surveillance Conducted initial analysis and assessment of alerts generated from Mantas using internal/external research tools. Accurately documented rationale for case closure or escalation as appropriate Made suitable recommendations for alert suppression. ; 
    *    These resources were required to ensure that the bank met regulatory expectations for remediation of look back accounts for closing within <span inprof='n' id='31' class='duration'>30 days</span>. ; 
    *    CL Search Screening Conducted initial analysis and assessment of negative news/sanctions/reputational risk alerts generated from CL Search tool using internal/external research resources. ; 
    *    Accurately documented rationale for case closure or escalation as appropriate. ; 
    *    Carried out varying levels of research/investigation, depending on the complexity of each alert/case. ; 
    *    Required to reduce the backlog in the CL Search hit clearing queues. ; 
    *    Assisted the Regional Anti-Corruption and Sanctions Compliance Programs Assist <span inprof='n' id='32' class='qualif'>in administrative</span> tasks associated with the bank's anti-corruption and sanctions programs including logging cases, maintaining <span inprof='y' id='33' class='sofwr'>SharePoint</span> site, among other tasks. Performed AML Investigations utilizing various peripheral supporting applications, i.e., search engines (<span inprof='n' id='34' class='company'>Google</span>, NetX360); proprietary database services (including, but not limited to <span inprof='y' id='35' class='sofwr'>Lexis-Nexis</span> and World Check). Obtained familiarity with TS vendor tools such as Mantas through direct project work.

<span inprof='y' id='36_1' class='company'>Capital One Bank</span> (<span inprof='n' id='36_2' class='empl-type'>Contract</span>); <span inprof='y' id='36_3' class='location'>Melville, NY</span>                              <span inprof='y' id='36_4_1' class='date'>Jun'12</span> - <span inprof='y' id='36_4_2' class='date'>Oct'12</span>
<span inprof='y' id='36_5_1' class='role'>Compliance Analyst</span>
    *    Utilized Compliance 11 / Dow Jones / Bloomberg / Pandia / RegEd / XChange / <span inprof='y' id='37' class='sofwr'>Lexis-Nexis</span> / <span inprof='y' id='38' class='sofwr'>Excel</span> / <span inprof='y' id='39' class='sofwr'>Word</span> and <span inprof='y' id='40' class='sofwr'>Outlook</span> in my daily activities along with branch <span inprof='y' id='41' class='skill'>audits</span>. ; 
    *    Coordinated, monitored and tracked the status of colleague securities / insurance licensing. ; 
    *    Code of Ethics surveillance. ; 
    *    Communicated with Bank's <span inprof='y' id='42_1' class='role'>legal counsel</span> and relevant regulatory/government agencies regarding regulatory compliance issues. ; 
    *    <span inprof='y' id='43' class='skill'>Data entry</span> into various monitoring program metrics reports.


<span inprof='y' id='44' class='company'>Salomon Whitney LLC</span>; Babylon Village, NY                            <span inprof='y' id='45_1' class='date'>Apr'10</span> - <span inprof='y' id='45_2' class='date'>Dec'11</span>
<span inprof='y' id='46_1' class='role'>Chief Compliance Officer</span>
    *    Successfully coordinated with legal in structuring, administering and certifying WSPs. ; 
    *    Examined trade blotters, exception reports, trade orders and action notices daily. ; 
    *    Researched, advised and wrote memos on pertinent areas of regulatory rules based upon various fact patterns that arose in selling of securities, but not limited to, licensing issues. ; 
    *    Highly skilled in <span inprof='y' id='47' class='skill'>dispute resolution</span> utilizing my law background together with my many years of experience within the financial field. ; 
    *    Proficient at documenting disciplinary issues and actions taken via <span inprof='y' id='48' class='sofwr'>Excel</span> logs. ; 
    *    Filed Form 4530 (formerly NASD Rule 3070) disclosures effectively.


    *    Monitored registered representatives' emails and their subscribed social media sites. ; 
    *    Administrated and completed FINRA <span inprof='y' id='49' class='skill'>audits</span> / examinations in a timely and efficient manner. ; 
    *    Carefully scrutinized all prospective account holders' history against OFAC (Office of Foreign Assets Control) list and FinCEN (Financial Crimes Enforcement Network) reports. ; 
    *    Financial information sharing in co-operation with other firms-<span inprof='y' id='50' class='location'>USA</span> Patriot Act 314(b). ; 
    *    Effectively sent Activity Letters to active account holders in a timely fashion. ; 
    *    Filed SARs when necessary with FinCEN and
    *    Maintained AML records and SARs Filings. ; 
    *    Worked on IT issues relating to <span inprof='y' id='51' class='skill'>vendor selection</span> for AML/OFAC and suspicious activity monitoring software.

<span inprof='y' id='52_1' class='company'>Perrin Holden &#38; Davenport Capital</span>; <span inprof='y' id='52_2' class='location'>Islandia, NY</span>               <span inprof='y' id='52_3_1' class='date'>Jan'10</span> - <span inprof='y' id='52_3_2' class='date'>Apr'10</span>
<span inprof='y' id='52_4_1' class='role'>Chief Compliance Officer</span>
    *    Managed, updated and coordinated the firm's day-to-day operations. ; 
    *    Reviewed new account documentation for accuracy, suitability and completeness. ; 
    *    Monitored and trained registered representatives on relevant compliance issues. ; 
    *    Periodically reviewed compliance methodologies to insure regulatory standards were met.

<span inprof='y' id='53_1' class='company'>Woodstock Financial Group</span>; <span inprof='y' id='53_2' class='location'>Garden City, NY</span>                         <span inprof='y' id='53_3_1' class='date'>Mar'09</span> - <span inprof='y' id='53_3_2' class='date'>Aug'09</span>
<span inprof='y' id='53_4_1' class='role'>Compliance Officer</span>/<span inprof='y' id='53_4_2' class='role'>Branch Office Manager</span>
    *    <span inprof='y' id='54' class='skill'>Advised senior management</span> on regulatory changes and notices. ; 
    *    Conducted <span inprof='y' id='55' class='skill'>book review</span> examinations regarding trade and margin practices.

<span inprof='y' id='56_1' class='company'>EKN Financial Services</span>; <span inprof='y' id='56_2' class='location'>Woodbury, NY</span>                             <span inprof='y' id='56_3_1' class='date'>May'06</span> - <span inprof='y' id='56_3_2' class='date'>Mar'09</span>
<span inprof='y' id='56_4_1' class='role'>Branch Office Manager</span>/<span inprof='y' id='56_4_2' class='role'>Anti-Money Laundering Officer</span>
    *    Conducted trade surveillance via TRF (Trade Reporting Facility). ; 
    *    OATS, TRACE and MSRB reported; including <span inprof='y' id='57' class='skill'>equity</span> surveillance. ; 
    *    Processed and administered CRD registrations including U-4 / U-5. ; 
    *    Monitored outgoing and incoming correspondence. ; 
    *    Developed AML programs and procedures in accordance with <span inprof='n' id='58' class='location'>USA</span> Patriot Act. ; 
    *    Conducted ongoing training of employees on AML procedures on how to identify signs for potential money laundering practices. ; 
    *    Ensured AML-CIP (Customer Identification Program) policies were in place and implemented. ; 
    *    Monitored all (domestic / international) incoming wires and checks; 
    *    Reviewed new account documents on control person (<span inprof='y' id='59' class='skill'>KYC</span>) and verified ID. ; 
    *    Verified clientele's source of funds. ; 
    *    Conducted all required AML Compliance meetings. ; 
    *    After taking over the AML division, FINRA commented that there was a vast improvement.
    *
<span inprof='y' id='60_1' class='company'>S.W. Bach &#38; Company</span> / <span inprof='y' id='60_2' class='company'>Harrison Securities Incorporated</span>; <span inprof='y' id='60_3' class='location'>Port Washington, NY</span>                   <span inprof='y' id='60_4_1' class='date'>Dec'01</span> - <span inprof='y' id='60_4_2' class='date'>Apr'06</span>
<span inprof='y' id='60_5_1' class='role'>Compliance Officer</span>
    *    Reviewed `Regulation T' extensions, margin / maintenance calls. ; 
    *    Maintained all books and records for compliance division. ; 
    *    Held supervisory meetings with supervisory staff on new procedures to be implemented. ; 
    *    Updated <span inprof='y' id='61' class='skill'>due diligence</span> files.

<span inprof='n' id='62_1' class='education-title'>EDUCATION:</span>
<span inprof='y' id='62_2' class='qualif'>Masters in Public Administration</span>-<span inprof='y' id='62_3' class='educational'>Long Island University-C.W. Post College</span>, <span inprof='y' id='62_4' class='location'>Greenvale, NY</span>
<span inprof='n' id='63' class='educational'>Thomas M. Cooley Law School</span>- <span inprof='n' id='64' class='location'>Lansing, Michigan</span> (<span inprof='n' id='65' class='duration'>3 years</span> of study)

</TextResume>

</NonXMLResume>



<UserArea>
<DaxResumeUserArea>
<AdditionalPersonalData>
<ExperienceSummary>
<TotalMonthsOfWorkExperience>127</TotalMonthsOfWorkExperience>
<TotalYearsOfWorkExperience>10</TotalYearsOfWorkExperience>
<TotalMonthsOfManagementWorkExperience>66</TotalMonthsOfManagementWorkExperience>
<TotalYearsOfManagementWorkExperience>5.5</TotalYearsOfManagementWorkExperience>
<TotalMonthsOfMidLevelManagementWorkExperience>25</TotalMonthsOfMidLevelManagementWorkExperience>
<TotalYearsOfMidLevelManagementWorkExperience>2</TotalYearsOfMidLevelManagementWorkExperience>
<TotalMonthsOfLowLevelManagementWorkExperience>41</TotalMonthsOfLowLevelManagementWorkExperience>
<TotalYearsOfLowLevelManagementWorkExperience>3.4</TotalYearsOfLowLevelManagementWorkExperience>
<ExecutiveBrief>Vincent Calvaruso is a resident of Amityville, NY, US. He has been working in the Banking-finance  occupational sector for more than 10 years. During his last employment he was working as a Compliance Officer at Credit-Suisse. Vincent has an extensive management experience (5.5 years) with exposure to executive/middle management positions.</ExecutiveBrief>
<ManagementRecord>Since 2010-04 for 21 months the candidate had experience at a executive/middle management level working as a Chief Compliance Officer/Branch Office Manager at Salomon Whitney LLC.
Since 2010-01 for 4 months the candidate had experience at a executive/middle management level working as a Chief Compliance Officer/Branch Office Manager at Perrin Holden &amp; Davenport Capital.
Since 2009-03 for 6 months the candidate had experience at a lower grade management level working as a Compliance Officer/Branch Office Manager at Woodstock Financial Group.
Since 2006-05 for 35 months the candidate had experience at a lower grade management level working as a Branch Office Manager/Branch Office Manager at EKN Financial Services.
</ManagementRecord>
</ExperienceSummary>
</AdditionalPersonalData>
<ParserInfo>
<ParserConfiguration>{max_len=50000} {tel_flag=} {send_zip=} {fast_conv=} {DEF_LOCAL=} {sdate=0} {no_email_body=0} {do_clever_zoning=1} {keep_span=1} {complex=1} {accept_langs=} {not_accept_langs=} {prefer_lang_cv=EN} {pers_only=0} {turbo=0} {split_language=0} {picture=0} {picture_inline=0} {name_space=0} {charset=} {hrxml_upgrade_edu_hist=0}{hrxml_add_languages_section=0}{spool=} {docID=} {user=DEFAULT} </ParserConfiguration>
<ParserRelease>0.12.3.32629</ParserRelease>
<ParserReleaseDate>2014-06-18</ParserReleaseDate>
<ParserSchema>2.0.29</ParserSchema>
<ParserSchemaLocation>http://cvx.daxtra.com/cvts/xsd/candidate/2.0.29/Resume.xsd</ParserSchemaLocation>
<ConverterRelease>0.5.2.32629</ConverterRelease>
<ConverterReleaseDate>2014-06-18</ConverterReleaseDate>
</ParserInfo>
<FileStruct filename='/home/izoom/anazarov/grammar/analysis/3rconnect/doc/100_Resumes-Walsh/CV..docx'>

<attachment fname='CV..docx' ftype='docx' conv='yes' doc_type='cv' lang='EN'>/home/izoom/anazarov/grammar/analysis/3rconnect/doc/100_Resumes-Walsh/CV..docx</attachment>


</FileStruct>
</DaxResumeUserArea>
</UserArea>
</Resume>
