<?xml version='1.0' encoding='ISO-8859-1'?>
<Resume lang='en' src='DAXTRA-CVX schema:2.0.29 release:0.12.3.32629 rdate:2014-06-18'>
<StructuredXMLResume>
<ContactInfo>
<PersonName id='2'>
<FormattedName>Diana E. Walker</FormattedName>
<GivenName>Diana</GivenName>
<MiddleName>E.</MiddleName>
<FamilyName>Walker</FamilyName>
<sex>Female</sex>
</PersonName>
<ContactMethod>
<Telephone id='4' type='home'>
<InternationalCountryCode>1</InternationalCountryCode>
<SubscriberNumber>201 535.5352</SubscriberNumber>
<FormattedNumber>+1 201 535.5352</FormattedNumber></Telephone>

<Mobile id='5'>
<InternationalCountryCode>1</InternationalCountryCode>
<SubscriberNumber>201 344.6026</SubscriberNumber>
<FormattedNumber>+1 201 344.6026</FormattedNumber></Mobile>

<InternetEmailAddress id='6' type='main'>dianajam@hotmail.com</InternetEmailAddress>
<PostalAddress id='3' type='main'>
<CountryCode>US</CountryCode>
<Region>NJ</Region>
<Municipality>Bayonne</Municipality>
<DeliveryAddress>
<AddressLine>49 Parkside Lane</AddressLine>
<StreetName>Parkside Lane</StreetName>
<BuildingNumber>49</BuildingNumber>
</DeliveryAddress>

</PostalAddress>
</ContactMethod>
</ContactInfo>


<EmploymentHistory>
<EmployerOrg employerOrgType='soleEmployer'>
<EmployerOrgName id='15_2'>NYU Langone Medical Center</EmployerOrgName>
<EmployerContactInfo>
<LocationSummary id='15_3'>
<Municipality>NY</Municipality>
<Region>NY</Region>
<CountryCode>US</CountryCode>
</LocationSummary>
</EmployerContactInfo>
<PositionHistory positionType='PERMANENT'>
<Title id='15_1_1'>Sourcing Associate</Title>
<OrgName id='15_2'>NYU Langone Medical Center</OrgName>



<Description>*  Negotiate and developed many contracts for various medical and non-medical products used for continuous quality patient care; Strategic partnership and relationship through negotiation for various products/services with many top suppliers. ; 
    *  Conducted financial analysis that generated substantial savings for customers/end-users that helps the company to put money into other required areas of concern and advancement. ; 
    *  Meet and communicates with vendors of Medical/Non-Medical products/services which have resulted in supplier diversity relationships. ;</Description>
<StartDate id='15_4_1'><YearMonth>2011-06</YearMonth></StartDate>
<EndDate id='15_4_2'><YearMonth>2012-04</YearMonth></EndDate>




<JobCategory>
<TaxonomyName>JOBAREA</TaxonomyName>
<CategoryCode>medicine</CategoryCode>
</JobCategory>


<UserArea>
<DaxPositionHistoryUserArea>
<TLSPAN first_id='15' last_id='16' border_id='17'></TLSPAN>
<MonthsOfWork>11</MonthsOfWork>
</DaxPositionHistoryUserArea>
</UserArea>
</PositionHistory>
</EmployerOrg>

<EmployerOrg employerOrgType='soleEmployer'>
<EmployerOrgName id='17_2'>NYU Langone Medical Center</EmployerOrgName>
<EmployerContactInfo>
<LocationSummary id='17_3'>
<Municipality>NY</Municipality>
<Region>NY</Region>
<CountryCode>US</CountryCode>
</LocationSummary>
</EmployerContactInfo>
<PositionHistory positionType='CONTRACT'>
<Title id='17_1_1'>Data Integrity Manager</Title>
<OrgName id='17_2'>NYU Langone Medical Center</OrgName>



<Description>Position Overview
Responsible for the successful execution of strategic data management projects- primarily in the areas of pricing and contract management, New System implementation and GPO contract data management. Leads and manage initiatives and projects in the areas of data migration, item master data management, data clean up, data governance and quality.

Duties
    *  Extensive validation of data in procurement system, verifying quality and accuracy. ; 
    *  Resolved data issues early on in the process to avoid costly corrections. ; 
    *  Provided quality service to NYU internal and external customers in all assigned tasks, while upholding NYU's Values at all times. ; 
    *  Partnered with marketing, IT, sales, and finance to define and establish the overall management strategy and approach to data clean up, maintenance and quality control ; 
    *  Maintained contract/item database including additions, deletions, research, corrections and cleaning ; 
    *  Identified and leverage opportunities to continually improve the quality of data management systems, processes and standards ; 
    *  Leverage existing and implement new technologies in the data management arena to deliver an improved procurement  database ; 
    *  Engaged and partner with third party vendors, IT and other parties as required ; 
    *  Takes a ``hands on'' approach to data cleaning as required. ; 
    *  Managed a team of eight to ten (8 - 10) individuals including temporary employees. ; 
    *  Assisted Buyers and purchasing team with invoice and price discrepancy. ;</Description>
<StartDate id='17_4_1'><YearMonth>2011-01</YearMonth></StartDate>
<EndDate id='17_4_2'><YearMonth>2011-06</YearMonth></EndDate>



<JobLevelInfo>
<JobGrade>joblevel-management-low</JobGrade>
</JobLevelInfo>

<JobCategory>
<TaxonomyName>JOBAREA</TaxonomyName>
<CategoryCode>procurement</CategoryCode>
</JobCategory>


<UserArea>
<DaxPositionHistoryUserArea>
<TLSPAN first_id='17' last_id='32' border_id='33'></TLSPAN>
<MonthsOfWork>6</MonthsOfWork>
</DaxPositionHistoryUserArea>
</UserArea>
</PositionHistory>
</EmployerOrg>

<EmployerOrg employerOrgType='soleEmployer'>
<EmployerOrgName id='33_2'>NYU Langone Medical Center</EmployerOrgName>
<EmployerContactInfo>
<LocationSummary id='33_3'>
<Municipality>NY</Municipality>
<Region>NY</Region>
<CountryCode>US</CountryCode>
</LocationSummary>
</EmployerContactInfo>
<PositionHistory positionType='PERMANENT'>
<Title id='33_1_1'>Data Integrity Supervisor</Title>
<OrgName id='33_2'>NYU Langone Medical Center</OrgName>



<Description>Duties
  *  Responsible for working with IT, and finance to define and establish the overall management strategy and approach to data clean up, maintenance and quality control. ; 
  *  Established, coordinates and maintains data integrity procedures, processes and policies that efficiently enhance data integrity.    Assisted with item master conversion &#38; GPO conversion. ; 
  *  Managed contract expiration reports and communicate expired contract inform to sourcing team for contract price negotiations. ; 
  *  Interacted with numerous vendors to resolve pricing discrepancy, and obtain credit/credit memo on behalf of the hospital. ; 
  *  Maintained customer and contact database including additions, deletions, research, corrections and cleaning ; 
  *  Organized, train, and supervise data integrity staff, when applicable to the position ;</Description>
<StartDate id='33_4_1'><YearMonth>2010-01</YearMonth></StartDate>
<EndDate id='33_4_2'><YearMonth>2010-12</YearMonth></EndDate>



<JobLevelInfo>
<JobGrade>joblevel-management-low</JobGrade>
</JobLevelInfo>

<JobCategory>
<TaxonomyName>JOBAREA</TaxonomyName>
<CategoryCode>it</CategoryCode>
</JobCategory>


<UserArea>
<DaxPositionHistoryUserArea>
<TLSPAN first_id='33' last_id='35' border_id='36'></TLSPAN>
<MonthsOfWork>12</MonthsOfWork>
</DaxPositionHistoryUserArea>
</UserArea>
</PositionHistory>
</EmployerOrg>

<EmployerOrg employerOrgType='soleEmployer'>
<EmployerOrgName id='36_2'>NYU Langone Medical Center</EmployerOrgName>
<EmployerContactInfo>
<LocationSummary id='36_3'>
<Municipality>NY</Municipality>
<Region>NY</Region>
<CountryCode>US</CountryCode>
</LocationSummary>
</EmployerContactInfo>
<PositionHistory positionType='PERMANENT'>
<Title id='36_1_1'>Data Specialist</Title>
<OrgName id='36_2'>NYU Langone Medical Center</OrgName>



<Description>*  Managed GPO conversion process that resulted in 90% contracted pricing updates. ; 
    *  Maintained GPO and local contract price on internal database. ; 
    *  Generated and distribute monthly reports of expiring and extending contracts to produce savings. ; 
    *  Updated contracted items in PMM system which resulted in an 80% cost savings. ; 
    *  Supported Purchasing team with contract price verification and solve invoice pricing discrepancies ; 
    *  Compiled and distribute expired contract notification weekly, manage and track progress of contract renewal. ; 
    *  Interacted with all vendors, manufacturers and distributors to verify accuracy of information prior to price upload ;</Description>
<StartDate id='36_4_1'><YearMonth>2008-09</YearMonth></StartDate>
<EndDate id='36_4_2'><YearMonth>2009-12</YearMonth></EndDate>




<JobCategory>
<TaxonomyName>JOBAREA</TaxonomyName>
<CategoryCode>procurement</CategoryCode>
</JobCategory>


<UserArea>
<DaxPositionHistoryUserArea>
<TLSPAN first_id='36' last_id='38' border_id='41'></TLSPAN>
<MonthsOfWork>16</MonthsOfWork>
</DaxPositionHistoryUserArea>
</UserArea>
</PositionHistory>
</EmployerOrg>

<EmployerOrg employerOrgType='soleEmployer'>
<EmployerOrgName id='39'>NYU Langone Medical Center</EmployerOrgName>
<EmployerContactInfo>
<LocationSummary id='40'>
<Municipality>NY</Municipality>
<Region>NY</Region>
<CountryCode>US</CountryCode>
</LocationSummary>
</EmployerContactInfo>
<PositionHistory positionType='PERMANENT'>

<OrgName id='39'>NYU Langone Medical Center</OrgName>



<Description>Data Processer - NYU Langone Medical Center, NY, NY,  
*  Managed and maintained contract pricing in Pathway Material Management database ; 
    *  Reviewed and resolve all purchase order discrepancy on contracted items ; 
    *  Verified all contract pricing submitted by Group Purchasing Organization (Premier &#38; Novation) ; 
    *  Communicated with buyers and management daily to report system updates. ;</Description>
<StartDate id='41_1'><YearMonth>2007-01</YearMonth></StartDate>
<EndDate id='41_2'><YearMonth>2008-09</YearMonth></EndDate>






<UserArea>
<DaxPositionHistoryUserArea>
<TLSPAN first_id='39' last_id='44' border_id='0'></TLSPAN>
<MonthsOfWork>21</MonthsOfWork>
</DaxPositionHistoryUserArea>
</UserArea>
</PositionHistory>
</EmployerOrg>

</EmploymentHistory>
<EducationHistory>
<SchoolOrInstitution schoolType='college'>
<SchoolName id='7_3'>Metropolitan College of New York</SchoolName>



<Degree degreeType='masters'>
<DegreeName id='7_1'>Master's</DegreeName>
<DegreeDate id='7_2'><YearMonth>2008-01</YearMonth></DegreeDate>
</Degree>
<Major id='7_1'>Public Administration</Major>




</SchoolOrInstitution>

<SchoolOrInstitution schoolType='university'>
<SchoolName id='8_3'>City University of New York</SchoolName>
<LocationSummary id='8_4'>
<Municipality>Brooklyn</Municipality>
<Region>NY</Region>
<CountryCode>US</CountryCode>
</LocationSummary>

<OrganizationUnit organizationType='unit'>Medgar Evers College</OrganizationUnit>
<Degree degreeType='some college'>
<DegreeName id='8_1'>British Psychological Society</DegreeName>
<DegreeDate id='8_2'><YearMonth>2006-12</YearMonth></DegreeDate>
</Degree>
<Major id='8_1'>Applied Management</Major>




</SchoolOrInstitution>

</EducationHistory>











<Competency oids='28 34 ' description='Skill' auth='no' name='maintenance'>
<CompetencyEvidence name='Extent of Experience' typeDescription='Extent of Experience' type='MONTH' lastUsed='2011'><NumericValue description='MONTH'>18</NumericValue></CompetencyEvidence>

<CompetencyEvidence typeDescription='Alias' name='Alias'><StringValue>maintenance and</StringValue></CompetencyEvidence>

<CompetencyWeight type='skillLevel'><NumericValue minValue='0' maxValue='100'>87</NumericValue></CompetencyWeight>

<CompetencyWeight type='skillProficiency'><StringValue minValue='BASIC' maxValue='EXCELLENT'>EXCELLENT</StringValue></CompetencyWeight>
</Competency>

<Competency oids='29 35 ' description='Skill' auth='yes' name='Quality Control'>
<CompetencyEvidence name='Extent of Experience' typeDescription='Extent of Experience' type='MONTH' lastUsed='2011'><NumericValue description='MONTH'>18</NumericValue></CompetencyEvidence>

<CompetencyWeight type='skillLevel'><NumericValue minValue='0' maxValue='100'>87</NumericValue></CompetencyWeight>

<CompetencyWeight type='skillProficiency'><StringValue minValue='BASIC' maxValue='EXCELLENT'>EXCELLENT</StringValue></CompetencyWeight>
</Competency>

<Competency oids='25 30 ' description='Skill' auth='yes' name='Procurement'>
<CompetencyEvidence name='Extent of Experience' typeDescription='Extent of Experience' type='MONTH' lastUsed='2011'><NumericValue description='MONTH'>6</NumericValue></CompetencyEvidence>

<CompetencyWeight type='skillLevel'><NumericValue minValue='0' maxValue='100'>84</NumericValue></CompetencyWeight>

<CompetencyWeight type='skillProficiency'><StringValue minValue='BASIC' maxValue='EXCELLENT'>EXCELLENT</StringValue></CompetencyWeight>
</Competency>

<Competency oids='42 50 ' description='Skill' auth='no' name='Pathway Material Management'>
<CompetencyEvidence name='Extent of Experience' typeDescription='Extent of Experience' type='MONTH' lastUsed='2008'><NumericValue description='MONTH'>21</NumericValue></CompetencyEvidence>

<CompetencyWeight type='skillLevel'><NumericValue minValue='0' maxValue='100'>55</NumericValue></CompetencyWeight>

<CompetencyWeight type='skillProficiency'><StringValue minValue='BASIC' maxValue='EXCELLENT'>WORKING</StringValue></CompetencyWeight>
</Competency>

<Competency oids='18 ' description='Skill' auth='no' name='strategic data management'>
<CompetencyEvidence name='Extent of Experience' typeDescription='Extent of Experience' type='MONTH' lastUsed='2011'><NumericValue description='MONTH'>6</NumericValue></CompetencyEvidence>

<CompetencyWeight type='skillLevel'><NumericValue minValue='0' maxValue='100'>88</NumericValue></CompetencyWeight>

<CompetencyWeight type='skillProficiency'><StringValue minValue='BASIC' maxValue='EXCELLENT'>EXCELLENT</StringValue></CompetencyWeight>
</Competency>

<Competency oids='24 ' description='Skill' auth='no' name='master data management'>
<CompetencyEvidence name='Extent of Experience' typeDescription='Extent of Experience' type='MONTH' lastUsed='2011'><NumericValue description='MONTH'>6</NumericValue></CompetencyEvidence>

<CompetencyWeight type='skillLevel'><NumericValue minValue='0' maxValue='100'>84</NumericValue></CompetencyWeight>

<CompetencyWeight type='skillProficiency'><StringValue minValue='BASIC' maxValue='EXCELLENT'>EXCELLENT</StringValue></CompetencyWeight>
</Competency>

<Competency oids='22 ' description='Skill' auth='no' name='manage initiatives'>
<CompetencyEvidence name='Extent of Experience' typeDescription='Extent of Experience' type='MONTH' lastUsed='2011'><NumericValue description='MONTH'>6</NumericValue></CompetencyEvidence>

<CompetencyWeight type='skillLevel'><NumericValue minValue='0' maxValue='100'>85</NumericValue></CompetencyWeight>

<CompetencyWeight type='skillProficiency'><StringValue minValue='BASIC' maxValue='EXCELLENT'>EXCELLENT</StringValue></CompetencyWeight>
</Competency>

<Competency oids='19 ' description='Skill' auth='no' name='contract management'>
<CompetencyEvidence name='Extent of Experience' typeDescription='Extent of Experience' type='MONTH' lastUsed='2011'><NumericValue description='MONTH'>6</NumericValue></CompetencyEvidence>

<CompetencyWeight type='skillLevel'><NumericValue minValue='0' maxValue='100'>88</NumericValue></CompetencyWeight>

<CompetencyWeight type='skillProficiency'><StringValue minValue='BASIC' maxValue='EXCELLENT'>EXCELLENT</StringValue></CompetencyWeight>
</Competency>

<Competency oids='12 ' description='Skill' auth='no' name='central sterile processing'>
<CompetencyWeight type='skillLevel'><NumericValue minValue='0' maxValue='100'>14</NumericValue></CompetencyWeight>
</Competency>

<Competency oids='32 ' description='Skill' auth='yes' name='Team Management'>
<CompetencyEvidence name='Extent of Experience' typeDescription='Extent of Experience' type='MONTH' lastUsed='2011'><NumericValue description='MONTH'>6</NumericValue></CompetencyEvidence>

<CompetencyEvidence typeDescription='Alias' name='Alias'><StringValue>Managed a team</StringValue></CompetencyEvidence>

<CompetencyWeight type='skillLevel'><NumericValue minValue='0' maxValue='100'>84</NumericValue></CompetencyWeight>

<CompetencyWeight type='skillProficiency'><StringValue minValue='BASIC' maxValue='EXCELLENT'>EXCELLENT</StringValue></CompetencyWeight>
</Competency>

<Competency oids='43 ' description='Skill' auth='yes' name='Purchase Orders'>
<CompetencyEvidence name='Extent of Experience' typeDescription='Extent of Experience' type='MONTH' lastUsed='2008'><NumericValue description='MONTH'>21</NumericValue></CompetencyEvidence>

<CompetencyEvidence typeDescription='Alias' name='Alias'><StringValue>purchase order</StringValue></CompetencyEvidence>

<CompetencyWeight type='skillLevel'><NumericValue minValue='0' maxValue='100'>55</NumericValue></CompetencyWeight>

<CompetencyWeight type='skillProficiency'><StringValue minValue='BASIC' maxValue='EXCELLENT'>WORKING</StringValue></CompetencyWeight>
</Competency>

<Competency oids='49 ' description='Skill > IT' auth='yes' name='PeopleSoft'>
<CompetencyWeight type='skillLevel'><NumericValue minValue='0' maxValue='100'>14</NumericValue></CompetencyWeight>
</Competency>

<Competency oids='48 ' description='Skill > IT' auth='yes' name='Oracle'>
<CompetencyWeight type='skillLevel'><NumericValue minValue='0' maxValue='100'>14</NumericValue></CompetencyWeight>
</Competency>

<Competency oids='20 ' description='Skill' auth='no' name='New System implementation'>
<CompetencyEvidence name='Extent of Experience' typeDescription='Extent of Experience' type='MONTH' lastUsed='2011'><NumericValue description='MONTH'>6</NumericValue></CompetencyEvidence>

<CompetencyWeight type='skillLevel'><NumericValue minValue='0' maxValue='100'>87</NumericValue></CompetencyWeight>

<CompetencyWeight type='skillProficiency'><StringValue minValue='BASIC' maxValue='EXCELLENT'>EXCELLENT</StringValue></CompetencyWeight>
</Competency>

<Competency oids='45 ' description='Skill > IT' auth='yes' name='Microsoft Word'>
<CompetencyWeight type='skillLevel'><NumericValue minValue='0' maxValue='100'>14</NumericValue></CompetencyWeight>
</Competency>

<Competency oids='47 ' description='Skill > IT' auth='yes' name='Microsoft PowerPoint'>
<CompetencyEvidence typeDescription='Alias' name='Alias'><StringValue>PowerPoint</StringValue></CompetencyEvidence>

<CompetencyWeight type='skillLevel'><NumericValue minValue='0' maxValue='100'>14</NumericValue></CompetencyWeight>
</Competency>

<Competency oids='46 ' description='Skill > IT' auth='yes' name='Microsoft Excel'>
<CompetencyEvidence typeDescription='Alias' name='Alias'><StringValue>Excel</StringValue></CompetencyEvidence>

<CompetencyWeight type='skillLevel'><NumericValue minValue='0' maxValue='100'>14</NumericValue></CompetencyWeight>
</Competency>

<Competency oids='21 ' description='Skill' auth='no' name='GPO contract data management'>
<CompetencyEvidence name='Extent of Experience' typeDescription='Extent of Experience' type='MONTH' lastUsed='2011'><NumericValue description='MONTH'>6</NumericValue></CompetencyEvidence>

<CompetencyWeight type='skillLevel'><NumericValue minValue='0' maxValue='100'>86</NumericValue></CompetencyWeight>

<CompetencyWeight type='skillProficiency'><StringValue minValue='BASIC' maxValue='EXCELLENT'>EXCELLENT</StringValue></CompetencyWeight>
</Competency>

<Competency oids='23 ' description='Skill > IT' auth='yes' name='Data Migration'>
<CompetencyEvidence name='Extent of Experience' typeDescription='Extent of Experience' type='MONTH' lastUsed='2011'><NumericValue description='MONTH'>6</NumericValue></CompetencyEvidence>

<CompetencyWeight type='skillLevel'><NumericValue minValue='0' maxValue='100'>85</NumericValue></CompetencyWeight>

<CompetencyWeight type='skillProficiency'><StringValue minValue='BASIC' maxValue='EXCELLENT'>EXCELLENT</StringValue></CompetencyWeight>
</Competency>

<Competency oids='16 ' description='Skill' auth='no' name='Conducted financial analysis'>
<CompetencyEvidence name='Extent of Experience' typeDescription='Extent of Experience' type='MONTH' lastUsed='2012'><NumericValue description='MONTH'>11</NumericValue></CompetencyEvidence>

<CompetencyWeight type='skillLevel'><NumericValue minValue='0' maxValue='100'>100</NumericValue></CompetencyWeight>

<CompetencyWeight type='skillProficiency'><StringValue minValue='BASIC' maxValue='EXCELLENT'>EXCELLENT</StringValue></CompetencyWeight>
</Competency>

<Competency oids='11_1 ' description='Held Position' auth='no' name='purchasing/supply chain management'>
<CompetencyWeight type='skillLevel'><NumericValue minValue='0' maxValue='100'>14</NumericValue></CompetencyWeight>
</Competency>

<Competency oids='51_1 ' description='Held Position' auth='no' name='Volunteer'>
<CompetencyWeight type='skillLevel'><NumericValue minValue='0' maxValue='100'>14</NumericValue></CompetencyWeight>
</Competency>

<Competency oids='15_1_1 ' description='Held Position' auth='no' name='Sourcing Associate'>
<CompetencyEvidence name='Extent of Experience' typeDescription='Extent of Experience' type='MONTH' lastUsed='2012'><NumericValue description='MONTH'>11</NumericValue></CompetencyEvidence>

<CompetencyWeight type='skillLevel'><NumericValue minValue='0' maxValue='100'>100</NumericValue></CompetencyWeight>

<CompetencyWeight type='skillProficiency'><StringValue minValue='BASIC' maxValue='EXCELLENT'>EXCELLENT</StringValue></CompetencyWeight>
</Competency>

<Competency oids='31_1 ' description='Held Position' auth='no' name='Engaged and partner'>
<CompetencyEvidence name='Extent of Experience' typeDescription='Extent of Experience' type='MONTH' lastUsed='2011'><NumericValue description='MONTH'>6</NumericValue></CompetencyEvidence>

<CompetencyWeight type='skillLevel'><NumericValue minValue='0' maxValue='100'>88</NumericValue></CompetencyWeight>

<CompetencyWeight type='skillProficiency'><StringValue minValue='BASIC' maxValue='EXCELLENT'>EXCELLENT</StringValue></CompetencyWeight>
</Competency>

<Competency oids='36_1_1 ' description='Held Position' auth='no' name='Data Specialist'>
<CompetencyEvidence name='Extent of Experience' typeDescription='Extent of Experience' type='MONTH' lastUsed='2009'><NumericValue description='MONTH'>16</NumericValue></CompetencyEvidence>

<CompetencyWeight type='skillLevel'><NumericValue minValue='0' maxValue='100'>73</NumericValue></CompetencyWeight>

<CompetencyWeight type='skillProficiency'><StringValue minValue='BASIC' maxValue='EXCELLENT'>GOOD</StringValue></CompetencyWeight>
</Competency>

<Competency oids='33_1_1 ' description='Held Position' auth='no' name='Data Integrity Supervisor'>
<CompetencyEvidence name='Extent of Experience' typeDescription='Extent of Experience' type='MONTH' lastUsed='2010'><NumericValue description='MONTH'>12</NumericValue></CompetencyEvidence>

<CompetencyWeight type='skillLevel'><NumericValue minValue='0' maxValue='100'>71</NumericValue></CompetencyWeight>

<CompetencyWeight type='skillProficiency'><StringValue minValue='BASIC' maxValue='EXCELLENT'>GOOD</StringValue></CompetencyWeight>
</Competency>

<Competency oids='17_1_1 ' description='Held Position' auth='no' name='Data Integrity Manager'>
<CompetencyEvidence name='Extent of Experience' typeDescription='Extent of Experience' type='MONTH' lastUsed='2011'><NumericValue description='MONTH'>6</NumericValue></CompetencyEvidence>

<CompetencyWeight type='skillLevel'><NumericValue minValue='0' maxValue='100'>88</NumericValue></CompetencyWeight>

<CompetencyWeight type='skillProficiency'><StringValue minValue='BASIC' maxValue='EXCELLENT'>EXCELLENT</StringValue></CompetencyWeight>
</Competency>

<Competency oids='7_1 ' description='Degree/Qualification' auth='no' name='Master&#39;s > Master&#39;s Public Administration'>
<CompetencyEvidence name='Application' typeDescription='Application' type='Public Administration'><StringValue>Public Administration</StringValue></CompetencyEvidence>

<CompetencyEvidence typeDescription='Alias' name='Alias'><StringValue>Education: Master's in Public Administration</StringValue></CompetencyEvidence>

<CompetencyWeight type='skillLevel'><NumericValue minValue='0' maxValue='100'>12</NumericValue></CompetencyWeight>
</Competency>

<Competency oids='8_1 ' description='Degree/Qualification' auth='yes' name='British Psychological Society > British Psychological Society Applied Management'>
<CompetencyEvidence name='Application' typeDescription='Application' type='Applied Management'><StringValue>Applied Management</StringValue></CompetencyEvidence>

<CompetencyEvidence typeDescription='Alias' name='Alias'><StringValue>B.P.S. in Applied Management</StringValue></CompetencyEvidence>

<CompetencyWeight type='skillLevel'><NumericValue minValue='0' maxValue='100'>12</NumericValue></CompetencyWeight>
</Competency>

<Competency description='Industry' auth='yes' name='industry~medicine'>
<CompetencyEvidence name='skillCount' typeDescription='skillCount'><NumericValue>1</NumericValue></CompetencyEvidence>

<CompetencyWeight type='skillLevel'><NumericValue minValue='0' maxValue='100'>100</NumericValue></CompetencyWeight>
</Competency>























<RevisionDate id='1'>2012-08-23</RevisionDate>
</StructuredXMLResume>
<NonXMLResume>

<TextResume>



<span inprof='n' id='1' class='date'>{{DOCUMENT_DATESTAMP}} 2012-8-23 {{END_DOCUMENT_DATESTAMP}}</span>


<span inprof='y' id='2' class='nominal'>Diana E. Walker</span>
<span inprof='y' id='3' class='location'>49 Parkside Lane. Bayonne. NJ.</span> <span inprof='y' id='4' class='telephone'>201.535.5352 (h).</span> <span inprof='y' id='5' class='telephone'>201.344.6026 (m) .</span><span inprof='y' id='6' class='email'>dianajam@hotmail.com</span>
<span inprof='y' id='7_1' class='qualif'>Education:
Master's in Public Administration</span> - <span inprof='y' id='7_2' class='date'>Jan 2008</span>
                    <span inprof='y' id='7_3' class='educational'>Metropolitan College of New York</span>

                    <span inprof='y' id='8_1' class='qualif'>B.P.S. in Applied Management</span> <span inprof='y' id='8_2' class='date'>Dec 2006</span>
                    <span inprof='y' id='8_3' class='educational'>City University of New York, Medgar Evers College</span>, <span inprof='y' id='8_4' class='location'>Brooklyn, NY</span>

<span inprof='n' id='9' class='edu-hist-mark'>SUMMARY OF QUALIFICATIONS:</span>
<span inprof='n' id='10' class='duration'>Five+ years</span> experience in healthcare <span inprof='y' id='11_1' class='role'>purchasing/supply chain management</span>.  Manages contract pricing for all items purchased across a 1,000 bed hospitals system, including <span inprof='y' id='12' class='skill'>central sterile processing</span>, OR and <span inprof='n' id='13' class='industry-sector'>food services</span>. Proven record for leading small team to successfully meet department goals.

<span inprof='n' id='14' class='work-hist-mark'>Professional Experiences</span>

<span inprof='y' id='15_1_1' class='role'>Sourcing Associate</span> - <span inprof='y' id='15_2' class='company'>NYU Langone Medical Center</span>, <span inprof='y' id='15_3' class='location'>NY, NY</span> - <span inprof='y' id='15_4_1' class='date'>June 2011</span> -<span inprof='y' id='15_4_2' class='date'>April 2012</span>
    *  Negotiate and developed many contracts for various medical and non-medical products used for continuous quality patient care; Strategic partnership and relationship through negotiation for various products/services with many top suppliers. ; 
    *  <span inprof='y' id='16' class='skill'>Conducted financial analysis</span> that generated substantial savings for customers/end-users that helps the company to put money into other required areas of concern and advancement. ; 
    *  Meet and communicates with vendors of Medical/Non-Medical products/services which have resulted in supplier diversity relationships.

<span inprof='y' id='17_1_1' class='role'>Data Integrity Manager</span> - <span inprof='y' id='17_2' class='company'>NYU Langone Medical Center</span>, <span inprof='y' id='17_3' class='location'>NY NY</span> - <span inprof='y' id='17_4_1' class='date'>Jan 2011</span> - <span inprof='y' id='17_4_2' class='date'>June 2011</span>
Position Overview
Responsible for the successful execution of <span inprof='y' id='18' class='skill'>strategic data management</span> projects- primarily in the areas of pricing and <span inprof='y' id='19' class='skill'>contract management</span>, <span inprof='y' id='20' class='skill'>New System implementation</span> and <span inprof='y' id='21' class='skill'>GPO contract data management</span>. Leads and <span inprof='y' id='22' class='skill'>manage initiatives</span> and projects in the areas of <span inprof='y' id='23' class='sofwr'>data migration</span>, item <span inprof='y' id='24' class='skill'>master data management</span>, data clean up, data governance and quality.

Duties
    *  Extensive validation of data in <span inprof='y' id='25' class='skill'>procurement</span> system, verifying quality and accuracy. ; 
    *  Resolved data issues early on in the process to avoid costly corrections. ; 
    *  Provided quality service to <span inprof='n' id='26' class='company'>NYU</span> internal and external customers in all assigned tasks, while upholding <span inprof='n' id='27' class='company'>NYU</span>'s Values at all times. ; 
    *  Partnered with marketing, IT, sales, and finance to define and establish the overall management strategy and approach to data clean up, <span inprof='y' id='28' class='skill'>maintenance and</span> <span inprof='y' id='29' class='skill'>quality control</span> ; 
    *  Maintained contract/item database including additions, deletions, research, corrections and cleaning ; 
    *  Identified and leverage opportunities to continually improve the quality of data management systems, processes and standards ; 
    *  Leverage existing and implement new technologies in the data management arena to deliver an improved <span inprof='y' id='30' class='skill'>procurement</span>  database ; 
    *  <span inprof='y' id='31_1' class='role'>Engaged and partner</span> with third party vendors, IT and other parties as required ; 
    *  Takes a ``hands on'' approach to data cleaning as required. ; 
    *  <span inprof='y' id='32' class='skill'>Managed a team</span> of eight to ten (8 - 10) individuals including temporary employees. ; 
    *  Assisted Buyers and purchasing team with invoice and price discrepancy.


<span inprof='y' id='33_1_1' class='role'>Data Integrity Supervisor</span> - <span inprof='y' id='33_2' class='company'>NYU Langone Medical Center</span>, <span inprof='y' id='33_3' class='location'>NY, NY</span> - <span inprof='y' id='33_4_1' class='date'>Jan 2010</span> - <span inprof='y' id='33_4_2' class='date'>Dec 2010</span>
Duties
  *  Responsible for working with IT, and finance to define and establish the overall management strategy and approach to data clean up, <span inprof='y' id='34' class='skill'>maintenance and</span> <span inprof='y' id='35' class='skill'>quality control</span>. ; 
  *  Established, coordinates and maintains data integrity procedures, processes and policies that efficiently enhance data integrity.   Assisted with item master conversion &#38; GPO conversion. ; 
  *  Managed contract expiration reports and communicate expired contract inform to sourcing team for contract price negotiations. ; 
  *  Interacted with numerous vendors to resolve pricing discrepancy, and obtain credit/credit memo on behalf of the hospital. ; 
  *  Maintained customer and contact database including additions, deletions, research, corrections and cleaning ; 
  *  Organized, train, and supervise data integrity staff, when applicable to the position

<span inprof='y' id='36_1_1' class='role'>Data Specialist</span> - <span inprof='y' id='36_2' class='company'>NYU Langone Medical Center</span>, <span inprof='y' id='36_3' class='location'>NY, NY</span> - <span inprof='y' id='36_4_1' class='date'>Sept 2008</span> - <span inprof='y' id='36_4_2' class='date'>Dec 2009</span>
    *  Managed GPO conversion process that resulted in <span inprof='n' id='37' class='percent'>90%</span> contracted pricing updates. ; 
    *  Maintained GPO and local contract price on internal database. ; 
    *  Generated and distribute monthly reports of expiring and extending contracts to produce savings. ; 
    *  Updated contracted items in PMM system which resulted in an <span inprof='n' id='38' class='percent'>80%</span> cost savings. ; 
    *  Supported Purchasing team with contract price verification and solve invoice pricing discrepancies ; 
    *  Compiled and distribute expired contract notification weekly, manage and track progress of contract renewal. ; 
    *  Interacted with all vendors, manufacturers and distributors to verify accuracy of information prior to price upload

Data Processer - <span inprof='y' id='39' class='company'>NYU Langone Medical Center</span>, <span inprof='y' id='40' class='location'>NY, NY</span>, <span inprof='y' id='41_1' class='date'>Jan 2007</span>-<span inprof='y' id='41_2' class='date'>Sept 2008</span>
    *  Managed and maintained contract pricing in <span inprof='y' id='42' class='skill'>Pathway Material Management</span> database ; 
    *  Reviewed and resolve all <span inprof='y' id='43' class='skill'>purchase order</span> discrepancy on contracted items ; 
    *  Verified all contract pricing submitted by <span inprof='n' id='44' class='company'>Group Purchasing Organization</span> (Premier &#38; Novation) ; 
    *  Communicated with buyers and management daily to report system updates.

Proficiency:
<span inprof='y' id='45' class='sofwr'>Microsoft Word</span>, <span inprof='y' id='46' class='sofwr'>Excel</span>, <span inprof='y' id='47' class='sofwr'>PowerPoint</span>, <span inprof='y' id='48' class='sofwr'>Oracle</span>/<span inprof='y' id='49' class='sofwr'>PeopleSoft</span>, <span inprof='y' id='50' class='skill'>Pathway Material Management</span>,

<span inprof='y' id='51_1' class='role'>Volunteer</span> Services: Patient Satisfaction (Ready Resolve Program, <span inprof='n' id='52' class='company'>NYU Medical Center</span>)

</TextResume>

</NonXMLResume>



<UserArea>
<DaxResumeUserArea>
<AdditionalPersonalData>
<ExperienceSummary>
<TotalMonthsOfWorkExperience>66</TotalMonthsOfWorkExperience>
<TotalYearsOfWorkExperience>5</TotalYearsOfWorkExperience>
<TotalMonthsOfManagementWorkExperience>18</TotalMonthsOfManagementWorkExperience>
<TotalYearsOfManagementWorkExperience>1.5</TotalYearsOfManagementWorkExperience>
<TotalMonthsOfLowLevelManagementWorkExperience>18</TotalMonthsOfLowLevelManagementWorkExperience>
<TotalYearsOfLowLevelManagementWorkExperience>1.5</TotalYearsOfLowLevelManagementWorkExperience>
<ExecutiveBrief>Diana E. Walker is a resident of Bayonne, NJ, US. She has been working in the Medicine  occupational sector for more than 5 years. During her last employment she was working as a Sourcing Associate at NYU Langone Medical Center. Diana has some experience in managment (18 months).</ExecutiveBrief>
<ManagementRecord>Since 2011-01 for 6 months the candidate had experience at a lower grade management level working as a Data Integrity Manager at NYU Langone Medical Center.
Since 2010-01 for 12 months the candidate had experience at a lower grade management level working as a Data Integrity Supervisor at NYU Langone Medical Center.
</ManagementRecord>
</ExperienceSummary>
</AdditionalPersonalData>
<ParserInfo>
<ParserConfiguration>{max_len=50000} {tel_flag=} {send_zip=} {fast_conv=} {DEF_LOCAL=} {sdate=0} {no_email_body=0} {do_clever_zoning=1} {keep_span=1} {complex=1} {accept_langs=} {not_accept_langs=} {prefer_lang_cv=EN} {pers_only=0} {turbo=0} {split_language=0} {picture=0} {picture_inline=0} {name_space=0} {charset=} {hrxml_upgrade_edu_hist=0}{hrxml_add_languages_section=0}{spool=} {docID=} {user=DEFAULT} </ParserConfiguration>
<ParserRelease>0.12.3.32629</ParserRelease>
<ParserReleaseDate>2014-06-18</ParserReleaseDate>
<ParserSchema>2.0.29</ParserSchema>
<ParserSchemaLocation>http://cvx.daxtra.com/cvts/xsd/candidate/2.0.29/Resume.xsd</ParserSchemaLocation>
<ConverterRelease>0.5.2.32629</ConverterRelease>
<ConverterReleaseDate>2014-06-18</ConverterReleaseDate>
</ParserInfo>
<FileStruct filename='/home/izoom/anazarov/grammar/analysis/3rconnect/doc/100_Resumes-Walsh/dew07002.doc'>

<attachment fname='dew07002.doc' ftype='doc' conv='yes' doc_type='cv' lang='EN'>/home/izoom/anazarov/grammar/analysis/3rconnect/doc/100_Resumes-Walsh/dew07002.doc</attachment>


</FileStruct>
</DaxResumeUserArea>
</UserArea>
</Resume>
