<?xml version='1.0' encoding='ISO-8859-1'?>
<Resume lang='en' src='DAXTRA-CVX schema:2.0.29 release:0.12.3.32629 rdate:2014-06-18'>
<StructuredXMLResume>
<ContactInfo>
<PersonName id='2'>
<FormattedName>Elan N. Michael</FormattedName>
<GivenName>Elan</GivenName>
<MiddleName>N.</MiddleName>
<FamilyName>Michael</FamilyName>
</PersonName>
<ContactMethod>
<Telephone id='4' type='home'>
<InternationalCountryCode>1</InternationalCountryCode>
<SubscriberNumber>516 343.3203</SubscriberNumber>
<FormattedNumber>+1 516 343.3203</FormattedNumber></Telephone>

<InternetEmailAddress id='5' type='main'>Elan.N.Michael@gmail.com</InternetEmailAddress>
<PostalAddress id='3' type='main'>
<CountryCode>US</CountryCode>
<PostalCode>10028</PostalCode>
<Region>N.Y</Region>
<Municipality>New York</Municipality>
<DeliveryAddress>
<AddressLine>240 East 82nd Street Apt. 18F</AddressLine>
<StreetName>East 82nd Street</StreetName>
<BuildingNumber>240</BuildingNumber>
<Unit>Apt. 18F</Unit>
</DeliveryAddress>

</PostalAddress>
</ContactMethod>
</ContactInfo>
<ExecutiveSummary>Skilled financial professional with a 3 + year track record demonstrating strong analytical and problem solving skills, with extensive financial sales and marketing background.  Equally strong performance in new business development, growth, and diversification.  Respected leader with a team-player mindset and a ``roll up your sleeves'' work ethics.</ExecutiveSummary>


<EmploymentHistory>
<EmployerOrg employerOrgType='soleEmployer'>
<EmployerOrgName id='10_3'>Wells Fargo</EmployerOrgName>

<PositionHistory positionType='PERMANENT'>
<Title id='10_1_1'>FINANCIAL ADVISOR</Title>
<OrgName id='10_3'>Wells Fargo</OrgName>



<Description>*  Helped manage 150 + client accounts valued at 30 million and monitored and executed 100 trades weekly within timeline-critical environment. ; 
    *  Developed marketing campaigns to grow client base and assets under management adding approximately 20 new clients for firm.  Earned a reputation for expert financial advice and superior customer service that resulted in strong referral business. ; 
    *  Worked with employees of major companies on executing short and long term financial strategies and retirement solutions customized to meet client needs in profit-driven, customer focused environment. ; 
    *  Responsible for the coordinated management of multiple related projects directed toward strategic business. ; 
    *  Performed financial modeling/analysis and risk tolerance assessment on quarterly basis to ensure that both high-net-worth and low-income clients' needs aligned with projected results. ; 
    *  Handled transactions involving stocks, bonds, mutual funds, variable annuities, syndicates, and options for clients from diverse cultural and social-economic backgrounds. ;</Description>
<StartDate id='10_2_1'><YearMonth>2011-04</YearMonth></StartDate>
<EndDate id='10_2_2'><YearMonth>2012-01</YearMonth></EndDate>



<JobLevelInfo>
<JobGrade>joblevel-nonmanager-low</JobGrade>
</JobLevelInfo>

<JobCategory>
<TaxonomyName>JOBAREA</TaxonomyName>
<CategoryCode>banking-finance</CategoryCode>
</JobCategory>


<UserArea>
<DaxPositionHistoryUserArea>
<TLSPAN first_id='10' last_id='15' border_id='16'></TLSPAN>
<MonthsOfWork>10</MonthsOfWork>
</DaxPositionHistoryUserArea>
</UserArea>
</PositionHistory>
</EmployerOrg>

<EmployerOrg employerOrgType='soleEmployer'>
<EmployerOrgName id='16_1'>INDEPENDENT INVESTOR</EmployerOrgName>

<PositionHistory positionType='Full-time'>
<Title id='16_4_1'>Trader</Title>
<OrgName id='16_1'>INDEPENDENT INVESTOR</OrgName>



<Description>Trader specializing in discretionary and technical long/short equity strategies
*  Delivered 48% year over year annual growth for personally managed portfolios during the last 3 years. ; 
    *  Followed up on past trades to optimize valuation/trading models. ; 
    *  Used technical analysis to forecast price movements and assigned disciplinary stop losses. ; 
    *  Tracked macro-economic trends to create trading bias to prepare for each day/week/month. ; 
    *  Regularly scanned SEC files, observed analyst conference calls to revise expectations and identify future opportunities, and tracked insider trading for possible price movement. ; 
    *  Maintained constant research and study to determine which sectors are leading the current market. ;</Description>
<StartDate id='16_2_1'><YearMonth>2009-05</YearMonth></StartDate>
<EndDate id='16_2_2'>notApplicable</EndDate>




<JobCategory>
<TaxonomyName>JOBAREA</TaxonomyName>
<CategoryCode>banking-finance</CategoryCode>
</JobCategory>


<UserArea>
<DaxPositionHistoryUserArea>
<TLSPAN first_id='16' last_id='21' border_id='22'></TLSPAN>
<MonthsOfWork>36</MonthsOfWork>
</DaxPositionHistoryUserArea>
</UserArea>
</PositionHistory>
</EmployerOrg>

<EmployerOrg employerOrgType='soleEmployer'>
<EmployerOrgName id='22_3'>Smith Barney</EmployerOrgName>
<EmployerContactInfo>
<LocationSummary id='22_4'>
<Municipality>East Meadow</Municipality>
<Region>NY</Region>
<CountryCode>US</CountryCode>
<PostalCode>10019</PostalCode>
</LocationSummary>
</EmployerContactInfo>
<PositionHistory positionType='PERMANENT'>

<OrgName id='22_3'>Smith Barney</OrgName>



<Description>*  Provided strategic quantitative models to high-net worth clients to reduce beta and unsystematic risk, while adding alpha. ; 
    *  Served as direct client liaison for quarterly consultations, maintained client relationships, and arbitrated customer conflicts regarding market dissatisfaction. ; 
    *  Tracked and reviewed daily trading activity and analyzed client margin balance and buying power. ; 
    *  Developed a targeted marketing plan to grow assets under management and revenue. ; 
    *  Performed detailed equity research, as well as provided recommendations for purchase within advisory accounts. ;</Description>
<StartDate id='22_2_1'><YearMonth>2007-06</YearMonth></StartDate>
<EndDate id='22_2_2'><YearMonth>2009-05</YearMonth></EndDate>




<JobCategory>
<TaxonomyName>JOBAREA</TaxonomyName>
<CategoryCode>marketing</CategoryCode>
</JobCategory>


<UserArea>
<DaxPositionHistoryUserArea>
<TLSPAN first_id='22' last_id='24' border_id='0'></TLSPAN>
<MonthsOfWork>24</MonthsOfWork>
</DaxPositionHistoryUserArea>
</UserArea>
</PositionHistory>
</EmployerOrg>

</EmploymentHistory>
<EducationHistory>
<SchoolOrInstitution schoolType='college'>








<DatesOfAttendance>
<StartDate><AnyDate>notKnown</AnyDate></StartDate>
<EndDate id='26_5'><YearMonth>2007-05</YearMonth></EndDate>
</DatesOfAttendance>
<Comments>Licenses:  Series 7 and Series 66 ; Life Accident and Health</Comments>
</SchoolOrInstitution>

<SchoolOrInstitution schoolType='university'>
<SchoolName id='26_2'>University at Albany</SchoolName>
<LocationSummary id='26_3'>
<Municipality>Albany</Municipality>
<Region>NY</Region>
<CountryCode>US</CountryCode>
</LocationSummary>


<Degree degreeType='some post-graduate'>
<DegreeName id='26_4'>Bachelor of Science</DegreeName>
<DegreeDate id='27_2'><Year>2007</Year></DegreeDate>
</Degree>
<Major id='26_4'>Marketing/Management</Major>


<DatesOfAttendance>
<StartDate id='27_1'><Year>2004</Year></StartDate>
<EndDate id='27_2'><Year>2007</Year></EndDate>
</DatesOfAttendance>
<Comments>Licenses:  Series 7 and Series 66 ; Life Accident and Health</Comments>
</SchoolOrInstitution>

</EducationHistory>











<Competency oids='7 ' description='Skill' auth='no' name='problem solving'>
<CompetencyEvidence typeDescription='Alias' name='Alias'><StringValue>problem solving skills</StringValue></CompetencyEvidence>

<CompetencyWeight type='skillLevel'><NumericValue minValue='0' maxValue='100'>85</NumericValue></CompetencyWeight>

<CompetencyWeight type='skillProficiency'><StringValue minValue='BASIC' maxValue='EXCELLENT'>EXCELLENT</StringValue></CompetencyWeight>
</Competency>

<Competency oids='20 ' description='Skill' auth='no' name='Used technical analysis'>
<CompetencyEvidence name='Extent of Experience' typeDescription='Extent of Experience' type='MONTH' lastUsed='2012'><NumericValue description='MONTH'>36</NumericValue></CompetencyEvidence>

<CompetencyWeight type='skillLevel'><NumericValue minValue='0' maxValue='100'>99</NumericValue></CompetencyWeight>

<CompetencyWeight type='skillProficiency'><StringValue minValue='BASIC' maxValue='EXCELLENT'>EXCELLENT</StringValue></CompetencyWeight>
</Competency>

<Competency oids='13 ' description='Skill' auth='no' name='Responsible for the coordinated management'>
<CompetencyEvidence name='Extent of Experience' typeDescription='Extent of Experience' type='MONTH' lastUsed='2012'><NumericValue description='MONTH'>10</NumericValue></CompetencyEvidence>

<CompetencyWeight type='skillLevel'><NumericValue minValue='0' maxValue='100'>95</NumericValue></CompetencyWeight>

<CompetencyWeight type='skillProficiency'><StringValue minValue='BASIC' maxValue='EXCELLENT'>EXCELLENT</StringValue></CompetencyWeight>
</Competency>

<Competency oids='25 ' description='Skill' auth='no' name='Professions Development'>
<CompetencyWeight type='skillLevel'><NumericValue minValue='0' maxValue='100'>13</NumericValue></CompetencyWeight>
</Competency>

<Competency oids='8 ' description='Skill' auth='yes' name='New Business Development'>
<CompetencyWeight type='skillLevel'><NumericValue minValue='0' maxValue='100'>85</NumericValue></CompetencyWeight>

<CompetencyWeight type='skillProficiency'><StringValue minValue='BASIC' maxValue='EXCELLENT'>EXCELLENT</StringValue></CompetencyWeight>
</Competency>

<Competency oids='15 ' description='Skill' auth='yes' name='Mutual Funds'>
<CompetencyEvidence name='Extent of Experience' typeDescription='Extent of Experience' type='MONTH' lastUsed='2012'><NumericValue description='MONTH'>10</NumericValue></CompetencyEvidence>

<CompetencyWeight type='skillLevel'><NumericValue minValue='0' maxValue='100'>93</NumericValue></CompetencyWeight>

<CompetencyWeight type='skillProficiency'><StringValue minValue='BASIC' maxValue='EXCELLENT'>EXCELLENT</StringValue></CompetencyWeight>
</Competency>

<Competency oids='31 ' description='Skill > IT' auth='yes' name='Microsoft Office'>
<CompetencyWeight type='skillLevel'><NumericValue minValue='0' maxValue='100'>13</NumericValue></CompetencyWeight>
</Competency>

<Competency oids='32 ' description='Skill > IT' auth='no' name='Internet Research'>
<CompetencyWeight type='skillLevel'><NumericValue minValue='0' maxValue='100'>13</NumericValue></CompetencyWeight>
</Competency>

<Competency oids='14 ' description='Skill' auth='yes' name='Financial Modelling'>
<CompetencyEvidence name='Extent of Experience' typeDescription='Extent of Experience' type='MONTH' lastUsed='2012'><NumericValue description='MONTH'>10</NumericValue></CompetencyEvidence>

<CompetencyEvidence typeDescription='Alias' name='Alias'><StringValue>financial modeling</StringValue></CompetencyEvidence>

<CompetencyWeight type='skillLevel'><NumericValue minValue='0' maxValue='100'>94</NumericValue></CompetencyWeight>

<CompetencyWeight type='skillProficiency'><StringValue minValue='BASIC' maxValue='EXCELLENT'>EXCELLENT</StringValue></CompetencyWeight>
</Competency>

<Competency oids='24 ' description='Skill' auth='yes' name='Equity Analysis'>
<CompetencyEvidence name='Extent of Experience' typeDescription='Extent of Experience' type='MONTH' lastUsed='2009'><NumericValue description='MONTH'>24</NumericValue></CompetencyEvidence>

<CompetencyEvidence typeDescription='Alias' name='Alias'><StringValue>equity research</StringValue></CompetencyEvidence>

<CompetencyWeight type='skillLevel'><NumericValue minValue='0' maxValue='100'>70</NumericValue></CompetencyWeight>

<CompetencyWeight type='skillProficiency'><StringValue minValue='BASIC' maxValue='EXCELLENT'>GOOD</StringValue></CompetencyWeight>
</Competency>

<Competency oids='17 ' description='Skill' auth='yes' name='Equities'>
<CompetencyEvidence name='Extent of Experience' typeDescription='Extent of Experience' type='MONTH' lastUsed='2012'><NumericValue description='MONTH'>36</NumericValue></CompetencyEvidence>

<CompetencyEvidence typeDescription='Alias' name='Alias'><StringValue>equity</StringValue></CompetencyEvidence>

<CompetencyWeight type='skillLevel'><NumericValue minValue='0' maxValue='100'>100</NumericValue></CompetencyWeight>

<CompetencyWeight type='skillProficiency'><StringValue minValue='BASIC' maxValue='EXCELLENT'>EXCELLENT</StringValue></CompetencyWeight>
</Competency>

<Competency oids='33 ' description='Skill > IT' auth='no' name='Email'>
<CompetencyWeight type='skillLevel'><NumericValue minValue='0' maxValue='100'>13</NumericValue></CompetencyWeight>
</Competency>

<Competency oids='23 ' description='Skill' auth='yes' name='Client Liaison'>
<CompetencyEvidence name='Extent of Experience' typeDescription='Extent of Experience' type='MONTH' lastUsed='2009'><NumericValue description='MONTH'>24</NumericValue></CompetencyEvidence>

<CompetencyWeight type='skillLevel'><NumericValue minValue='0' maxValue='100'>71</NumericValue></CompetencyWeight>

<CompetencyWeight type='skillProficiency'><StringValue minValue='BASIC' maxValue='EXCELLENT'>GOOD</StringValue></CompetencyWeight>
</Competency>

<Competency oids='21_1 ' description='Held Position' auth='no' name='analyst'>
<CompetencyEvidence name='Extent of Experience' typeDescription='Extent of Experience' type='MONTH' lastUsed='2012'><NumericValue description='MONTH'>36</NumericValue></CompetencyEvidence>

<CompetencyWeight type='skillLevel'><NumericValue minValue='0' maxValue='100'>99</NumericValue></CompetencyWeight>

<CompetencyWeight type='skillProficiency'><StringValue minValue='BASIC' maxValue='EXCELLENT'>EXCELLENT</StringValue></CompetencyWeight>
</Competency>

<Competency oids='16_4_1 ' description='Held Position' auth='no' name='Trader'>
<CompetencyEvidence name='Extent of Experience' typeDescription='Extent of Experience' type='MONTH' lastUsed='2012'><NumericValue description='MONTH'>36</NumericValue></CompetencyEvidence>

<CompetencyWeight type='skillLevel'><NumericValue minValue='0' maxValue='100'>100</NumericValue></CompetencyWeight>

<CompetencyWeight type='skillProficiency'><StringValue minValue='BASIC' maxValue='EXCELLENT'>EXCELLENT</StringValue></CompetencyWeight>
</Competency>

<Competency oids='10_1_1 ' description='Held Position' auth='no' name='FINANCIAL ADVISOR'>
<CompetencyEvidence name='Extent of Experience' typeDescription='Extent of Experience' type='MONTH' lastUsed='2012'><NumericValue description='MONTH'>10</NumericValue></CompetencyEvidence>

<CompetencyWeight type='skillLevel'><NumericValue minValue='0' maxValue='100'>95</NumericValue></CompetencyWeight>

<CompetencyWeight type='skillProficiency'><StringValue minValue='BASIC' maxValue='EXCELLENT'>EXCELLENT</StringValue></CompetencyWeight>
</Competency>

<Competency oids='35_1 ' description='Held Position' auth='no' name='Entrepreneur'>
<CompetencyWeight type='skillLevel'><NumericValue minValue='0' maxValue='100'>13</NumericValue></CompetencyWeight>
</Competency>

<Competency oids='28 ' description='Degree/Qualification > Professional' auth='no' name='Series 7'>
<CompetencyWeight type='skillLevel'><NumericValue minValue='0' maxValue='100'>12</NumericValue></CompetencyWeight>
</Competency>

<Competency oids='29 ' description='Degree/Qualification > Professional' auth='no' name='Series 66'>
<CompetencyWeight type='skillLevel'><NumericValue minValue='0' maxValue='100'>12</NumericValue></CompetencyWeight>
</Competency>

<Competency oids='22_1 ' description='Degree/Qualification > Professional' auth='no' name='REGISTERED CLIENT SERVICE ASSOCIATE'>
<CompetencyWeight type='skillLevel'><NumericValue minValue='0' maxValue='100'>12</NumericValue></CompetencyWeight>
</Competency>

<Competency oids='26_4 ' description='Degree/Qualification' auth='yes' name='Bachelors Degree > Bachelor of Science > Bachelor of Science Marketing/Management'>
<CompetencyEvidence name='Application' typeDescription='Application' type='Marketing/Management'><StringValue>Marketing/Management</StringValue></CompetencyEvidence>

<CompetencyEvidence typeDescription='Alias' name='Alias'><StringValue>B.S. Marketing/Management</StringValue></CompetencyEvidence>

<CompetencyWeight type='skillLevel'><NumericValue minValue='0' maxValue='100'>12</NumericValue></CompetencyWeight>
</Competency>

<Competency description='Industry' auth='yes' name='industry~banking-finance'>
<CompetencyEvidence name='skillCount' typeDescription='skillCount'><NumericValue>2</NumericValue></CompetencyEvidence>

<CompetencyWeight type='skillLevel'><NumericValue minValue='0' maxValue='100'>100</NumericValue></CompetencyWeight>
</Competency>























<RevisionDate id='1'>2012-05-09</RevisionDate>
</StructuredXMLResume>
<NonXMLResume>

<TextResume>



<span inprof='n' id='1' class='date'>{{DOCUMENT_DATESTAMP}} 2012-5-9 {{END_DOCUMENT_DATESTAMP}}</span>


<span inprof='y' id='2' class='nominal'>Elan N. Michael</span>

<span inprof='y' id='3' class='location'>240 East 82nd Street 	 Apt. 18F 	 New York , N.Y. 10028</span> 	 <span inprof='y' id='4' class='telephone'>516.343.3203</span> 	  <span inprof='y' id='5' class='email'>Elan.N.Michael@gmail.com</span>

Skilled financial professional with a <span inprof='n' id='6' class='duration'>3 + year</span> track record demonstrating strong analytical and <span inprof='y' id='7' class='skill'>problem solving skills</span>, with extensive financial sales and marketing background.  Equally strong performance in <span inprof='y' id='8' class='skill'>new business development</span>, growth, and diversification.  Respected leader with a team-player mindset and a ``roll up your sleeves'' work ethics.

<span inprof='n' id='9' class='work-hist-mark'>Professional Experience</span>

<span inprof='y' id='10_1_1' class='role'>FINANCIAL ADVISOR</span>                                                                                                            <span inprof='y' id='10_2_1' class='date'>April 2011</span> - <span inprof='y' id='10_2_2' class='date'>January 2012</span>
<span inprof='y' id='10_3' class='company'>Wells Fargo</span> Advisors                                                                                                                   280 <span inprof='y' id='11' class='location'>Park Ave</span>, NY 10017
    *  Helped manage 150 + client accounts valued at 30 million and monitored and executed 100 trades weekly within timeline-critical environment. ; 
    *  Developed marketing campaigns to grow client base and assets under management adding approximately 20 new clients for firm.  Earned a reputation <span inprof='n' id='12' class='bad-occupation'>for expert financial advice</span> and superior customer service that resulted in strong referral business. ; 
    *  Worked with employees of major companies on executing short and long term financial strategies and retirement solutions customized to meet client needs in profit-driven, customer focused environment. ; 
    *  <span inprof='y' id='13' class='skill'>Responsible for the coordinated management</span> of multiple related projects directed toward strategic business. ; 
    *  Performed <span inprof='y' id='14' class='skill'>financial modeling</span>/analysis and risk tolerance assessment on quarterly basis to ensure that both high-net-worth and low-income clients' needs aligned with projected results. ; 
    *  Handled transactions involving stocks, bonds, <span inprof='y' id='15' class='skill'>mutual funds</span>, variable annuities, syndicates, and options for clients from diverse cultural and social-economic backgrounds.

<span inprof='y' id='16_1' class='company'>INDEPENDENT INVESTOR</span>                                                                                                                    <span inprof='y' id='16_2_1' class='date'>May 09</span> - <span inprof='y' id='16_2_2' class='date'>Present</span>
<span inprof='n' id='16_3' class='occupation'>Full-time</span> <span inprof='y' id='16_4_1' class='role'>Trader</span> specializing in discretionary and technical long/short <span inprof='y' id='17' class='skill'>equity</span> strategies 
    *  Delivered <span inprof='n' id='18' class='percent'>48%</span> year over year annual growth for personally managed portfolios during the last <span inprof='n' id='19' class='duration'>3 years</span>. ; 
    *  Followed up on past trades to optimize valuation/trading models. ; 
    *  <span inprof='y' id='20' class='skill'>Used technical analysis</span> to forecast price movements and assigned disciplinary stop losses. ; 
    *  Tracked macro-economic trends to create trading bias to prepare for each day/week/month. ; 
    *  Regularly scanned SEC files, observed <span inprof='y' id='21_1' class='role'>analyst</span> conference calls to revise expectations and identify future opportunities, and tracked insider trading for possible price movement. ; 
    *  Maintained constant research and study to determine which sectors are leading the current market.

<span inprof='y' id='22_1' class='qualif'>REGISTERED CLIENT SERVICE ASSOCIATE</span>                                                                      <span inprof='y' id='22_2_1' class='date'>June 2007</span> - <span inprof='y' id='22_2_2' class='date'>May. 2009</span>
<span inprof='y' id='22_3' class='company'>Smith Barney</span>                                                                                                                                  <span inprof='y' id='22_4' class='location'>East Meadow, NY 10019</span>
    *  Provided strategic quantitative models to high-net worth clients to reduce beta and unsystematic risk, while adding alpha. ; 
    *  Served as direct <span inprof='y' id='23' class='skill'>client liaison</span> for quarterly consultations, maintained client relationships, and arbitrated customer conflicts regarding market dissatisfaction. ; 
    *  Tracked and reviewed daily trading activity and analyzed client margin balance and buying power. ; 
    *  Developed a targeted marketing plan to grow assets under management and revenue. ; 
    *  Performed detailed <span inprof='y' id='24' class='skill'>equity research</span>, as well as provided recommendations for purchase within advisory accounts.

<span inprof='y' id='25' class='skill'>Professions Development</span>

<span inprof='n' id='26_1' class='education-title'>Education:</span>
<span inprof='y' id='26_2' class='educational'>University at Albany</span>, <span inprof='y' id='26_3' class='location'>Albany, NY</span>.  <span inprof='y' id='26_4' class='qualif'>B.S. Marketing/Management</span> <span inprof='y' id='26_5' class='date'>May 2007</span> Deans list <span inprof='y' id='27_1' class='date'>2004</span>-<span inprof='y' id='27_2' class='date'>2007</span>
Licenses:  <span inprof='y' id='28' class='qualif'>Series 7</span> and <span inprof='y' id='29' class='qualif'>Series 66</span> ; Life Accident and Health
<span inprof='n' id='30' class='skills-qualif-mark'>Skills:</span>
Proficient using <span inprof='y' id='31' class='sofwr'>Microsoft Office</span>, <span inprof='y' id='32' class='sofwr'>Internet Research</span>, <span inprof='y' id='33' class='sofwr'>Email</span>, <span inprof='n' id='34' class='company'>Reuters</span>, as well as Bloomberg


<span inprof='y' id='35_1' class='role'>Entrepreneur</span> - <span inprof='n' id='36' class='company'>Started Timeless Video</span> <span inprof='n' id='37' class='company'>NY (www.TimelessVideoNY.com
)</span> a Video and Photography Studio.

</TextResume>

</NonXMLResume>



<UserArea>
<DaxResumeUserArea>
<AdditionalPersonalData>
<ExperienceSummary>
<TotalMonthsOfWorkExperience>70</TotalMonthsOfWorkExperience>
<TotalYearsOfWorkExperience>6</TotalYearsOfWorkExperience>
<ExecutiveBrief>Elan N. Michael is a resident of New York, N.Y, US.  has been working in the Banking-finance  occupational sector for more than 6 years. During this candidate's last employment this candidate was working as a FINANCIAL ADVISOR at Wells Fargo. So far Elan has not gained any managerial experience.</ExecutiveBrief>
</ExperienceSummary>
</AdditionalPersonalData>
<ParserInfo>
<ParserConfiguration>{max_len=50000} {tel_flag=} {send_zip=} {fast_conv=} {DEF_LOCAL=} {sdate=0} {no_email_body=0} {do_clever_zoning=1} {keep_span=1} {complex=1} {accept_langs=} {not_accept_langs=} {prefer_lang_cv=EN} {pers_only=0} {turbo=0} {split_language=0} {picture=0} {picture_inline=0} {name_space=0} {charset=} {hrxml_upgrade_edu_hist=0}{hrxml_add_languages_section=0}{spool=} {docID=} {user=DEFAULT} </ParserConfiguration>
<ParserRelease>0.12.3.32629</ParserRelease>
<ParserReleaseDate>2014-06-18</ParserReleaseDate>
<ParserSchema>2.0.29</ParserSchema>
<ParserSchemaLocation>http://cvx.daxtra.com/cvts/xsd/candidate/2.0.29/Resume.xsd</ParserSchemaLocation>
<ConverterRelease>0.5.2.32629</ConverterRelease>
<ConverterReleaseDate>2014-06-18</ConverterReleaseDate>
</ParserInfo>
<FileStruct filename='/home/izoom/anazarov/grammar/analysis/3rconnect/doc/100_Resumes-Walsh/Elans Resume 1 2012..doc'>

<attachment fname='Elans Resume 1 2012..doc' ftype='doc' conv='yes' doc_type='cv' lang='EN'>/home/izoom/anazarov/grammar/analysis/3rconnect/doc/100_Resumes-Walsh/Elans Resume 1 2012..doc</attachment>


</FileStruct>
</DaxResumeUserArea>
</UserArea>
</Resume>
