<?xml version='1.0' encoding='ISO-8859-1'?>
<Resume lang='en' src='DAXTRA-CVX schema:2.0.29 release:0.12.3.32629 rdate:2014-06-18'>
<StructuredXMLResume>
<ContactInfo>
<PersonName id='1' oids='1 4 '>
<FormattedName>Erich Engelhardt</FormattedName>
<GivenName>Erich</GivenName>
<FamilyName>Engelhardt</FamilyName>
<sex>Male</sex>
</PersonName>
<ContactMethod>
<Telephone id='5' type='home'><AreaCityCode>908</AreaCityCode>
<SubscriberNumber>461.2033</SubscriberNumber>
<FormattedNumber>908 461.2033</FormattedNumber></Telephone>

<InternetEmailAddress id='6' type='main'>TradeSettlements@gmail.com</InternetEmailAddress>
</ContactMethod>
</ContactInfo>


<EmploymentHistory>
<EmployerOrg employerOrgType='soleEmployer'>
<EmployerOrgName id='26_1'>Citigroup</EmployerOrgName>
<EmployerContactInfo>
<LocationSummary id='26_2'>
<Municipality>New York</Municipality>
<Region>NY</Region>
<CountryCode>US</CountryCode>
</LocationSummary>
</EmployerContactInfo>
<PositionHistory positionType='PERMANENT'>
<Title id='26_3_1'>Senior Settlements Associate</Title>
<OrgName id='26_1'>Citigroup</OrgName>



<Description>Provide oversight and support for fail report reconciliation efforts and ensure trades are affirmed before settlement date by collaborating with custodians and brokers to ensure timely trade settlement success.  Draft client account reports to ensure all client accounts are accurately balanced.  Problem resolution expert.</Description>
<StartDate id='26_4_1'><Year>2011</Year></StartDate>
<EndDate id='26_4_2'>notApplicable</EndDate>




<JobCategory>
<TaxonomyName>JOBAREA</TaxonomyName>
<CategoryCode>banking-finance</CategoryCode>
</JobCategory>


<UserArea>
<DaxPositionHistoryUserArea>
<TLSPAN first_id='26' last_id='27' border_id='28'></TLSPAN>
<MonthsOfWork>12</MonthsOfWork>
</DaxPositionHistoryUserArea>
</UserArea>
</PositionHistory>
</EmployerOrg>

<EmployerOrg employerOrgType='soleEmployer'>
<EmployerOrgName id='28_1'>Enlace</EmployerOrgName>
<EmployerContactInfo>
<LocationSummary id='28_2'>
<Municipality>New York</Municipality>
<Region>NY</Region>
<CountryCode>US</CountryCode>
</LocationSummary>
</EmployerContactInfo>
<PositionHistory positionType='PERMANENT'>
<Title id='28_3_1'>Settlements Manager</Title>
<OrgName id='28_1'>Enlace</OrgName>



<Description>Responsible for timely settlement of all trades.  Kept open communications with offices in Mexico utilizing strong English/Spanish bilingual skills, supported outside vendor audits that reviewed internal financial controls and effectively supervised input of invoices for client accounts.  Monitored firm P/L reports, developed all accounting reports and made sure all accounts were in balance.</Description>
<StartDate id='28_4_1'><Year>2008</Year></StartDate>
<EndDate id='28_4_2'><Year>2009</Year></EndDate>



<JobLevelInfo>
<JobGrade>joblevel-management-low</JobGrade>
</JobLevelInfo>

<JobCategory>
<TaxonomyName>JOBAREA</TaxonomyName>
<CategoryCode>banking-finance</CategoryCode>
</JobCategory>


<UserArea>
<DaxPositionHistoryUserArea>
<TLSPAN first_id='28' last_id='33' border_id='37'></TLSPAN>
<MonthsOfWork>12</MonthsOfWork>
</DaxPositionHistoryUserArea>
</UserArea>
</PositionHistory>
</EmployerOrg>

<EmployerOrg employerOrgType='soleEmployer'>
<EmployerOrgName id='34'>Emmet &#38; Company</EmployerOrgName>
<EmployerContactInfo>
<LocationSummary id='35'>
<Municipality>Far Hills</Municipality>
<Region>NJ</Region>
<CountryCode>US</CountryCode>
</LocationSummary>
</EmployerContactInfo>
<PositionHistory positionType='PERMANENT'>
<Title id='36_1'>Settlements Manager</Title>
<OrgName id='34'>Emmet &#38; Company</OrgName>



<Description>Managed the trade settlements operations division and reported directly to the President with emphasis on the company's financial initiatives.  Collaborated closely with accounting firm to accurately develop the monthly FINRA reports and acquired necessary license (Series 27) to complete all compliance standards for report generation initiatives. Performed all compliance functions that included KYC, email monitoring and FINRA interaction. Successfully monitored P/L reports, firm costs and expense account allocation and developed accounting reports. Provided client interest calculations, managed input of interest rate derivatives in P&#38;S back office system and clearance/settlement of physical and DTCC trades. Served as liaison between company and FINRA, SEC and DTCC pertaining to company financial records and supported outside audits that conducted internal financial controls reviews.</Description>
<StartDate id='37_1'><Year>2003</Year></StartDate>
<EndDate id='37_2'><Year>2008</Year></EndDate>



<JobLevelInfo>
<JobGrade>joblevel-management-low</JobGrade>
</JobLevelInfo>

<JobCategory>
<TaxonomyName>JOBAREA</TaxonomyName>
<CategoryCode>banking-finance</CategoryCode>
</JobCategory>


<UserArea>
<DaxPositionHistoryUserArea>
<TLSPAN first_id='34' last_id='45' border_id='48'></TLSPAN>
<MonthsOfWork>60</MonthsOfWork>
</DaxPositionHistoryUserArea>
</UserArea>
</PositionHistory>
</EmployerOrg>

<EmployerOrg employerOrgType='soleEmployer'>
<EmployerContactInfo>
<LocationSummary id='46'>
<Municipality>Commonwealth</Municipality>
<Region>NY</Region>
<CountryCode>US</CountryCode>
</LocationSummary>
</EmployerContactInfo>
<PositionHistory positionType='CONTRACT'>
<Title id='47_1'>Controller</Title>




<Description>Traveled to Florida on a short-term assignment to assist in moving accounting department to New York.</Description>
<StartDate id='48'><Year>2003</Year></StartDate>
<EndDate id='48'><Year>2003</Year></EndDate>



<JobLevelInfo>
<JobGrade>joblevel-management-low</JobGrade>
</JobLevelInfo>

<JobCategory>
<TaxonomyName>JOBAREA</TaxonomyName>
<CategoryCode>accountancy</CategoryCode>
</JobCategory>


<UserArea>
<DaxPositionHistoryUserArea>
<TLSPAN first_id='46' last_id='50' border_id='51'></TLSPAN>
<MonthsOfWork>7</MonthsOfWork>
</DaxPositionHistoryUserArea>
</UserArea>
</PositionHistory>
</EmployerOrg>

<EmployerOrg employerOrgType='soleEmployer'>
<EmployerOrgName id='51_1'>Carlin Financial</EmployerOrgName>
<EmployerContactInfo>
<LocationSummary id='51_2'>
<Municipality>New York</Municipality>
<Region>NY</Region>
<CountryCode>US</CountryCode>
</LocationSummary>
</EmployerContactInfo>
<PositionHistory positionType='PERMANENT'>
<Title id='51_3_1'>Institutional Trade Support Supervisor</Title>
<OrgName id='51_1'>Carlin Financial</OrgName>



<Description>Provided trade support and collaborated with registered representatives to settle institutional trades and monitored non-affirmed trades with various brokerage firms, institutions and hedge funds. Served as liaison between brokerage firm and hedge fund middle office and accepted trades on OASYS terminal, verifying that accounts traded were updated with ALERT CODE data. Cancelled and rebilled trades on the DTCC ID system and created stock loan list for open trades that failed.

EARLY CAREER

Ferris, Baker Watts, Silver Spring, MD
Morgan Stanley Dean Witter, Washington, DC
S.G. Warburg &#38; Co., Inc, New York, NY

Supervisor Receive and Delivery Area ,</Description>
<StartDate id='51_4_1'><Year>2001</Year></StartDate>
<EndDate id='51_4_2'><Year>2003</Year></EndDate>



<JobLevelInfo>
<JobGrade>joblevel-management-low</JobGrade>
</JobLevelInfo>

<JobCategory>
<TaxonomyName>JOBAREA</TaxonomyName>
<CategoryCode>banking-finance</CategoryCode>
</JobCategory>


<UserArea>
<DaxPositionHistoryUserArea>
<TLSPAN first_id='51' last_id='63' border_id='0'></TLSPAN>
<MonthsOfWork>24</MonthsOfWork>
</DaxPositionHistoryUserArea>
</UserArea>
</PositionHistory>
</EmployerOrg>

</EmploymentHistory>
<EducationHistory>
<SchoolOrInstitution schoolType='college'>
<SchoolName id='67_1'>Universidad Nacional de Honduras</SchoolName>



<Degree degreeType='some college'>
<DegreeName id='67_2'>B.A.</DegreeName>

</Degree>
<Major id='67_2'>History - Concentration in Business</Major>



<Comments>Member - Association of Certified Anti-Money Laundering Specialists
The Cashiers' Association of Wall Street, Inc.
Securities Industry Association/Dividend and Securities Operations Division</Comments>
</SchoolOrInstitution>

</EducationHistory>











<Competency oids='7 10 22 ' description='Skill' auth='yes' name='Account Reconciliations'>
<CompetencyEvidence typeDescription='Alias' name='Alias'><StringValue>ACCOUNT RECONCILIATION</StringValue></CompetencyEvidence>

<CompetencyEvidence typeDescription='Alias' name='Alias'><StringValue>Accounts Reconciliation</StringValue></CompetencyEvidence>

<CompetencyWeight type='skillLevel'><NumericValue minValue='0' maxValue='100'>14</NumericValue></CompetencyWeight>
</Competency>

<Competency oids='20 32 ' description='Skill > Language' auth='yes' name='Spanish'>
<CompetencyEvidence name='Extent of Experience' typeDescription='Extent of Experience' type='MONTH' lastUsed='2009'><NumericValue description='MONTH'>12</NumericValue></CompetencyEvidence>

<CompetencyWeight type='skillLevel'><NumericValue minValue='0' maxValue='100'>88</NumericValue></CompetencyWeight>

<CompetencyWeight type='skillProficiency'><StringValue minValue='BASIC' maxValue='EXCELLENT'>NATIVE</StringValue></CompetencyWeight>
</Competency>

<Competency oids='52 54 ' description='Skill' auth='yes' name='Hedge Fund'>
<CompetencyEvidence name='Extent of Experience' typeDescription='Extent of Experience' type='MONTH' lastUsed='2003'><NumericValue description='MONTH'>24</NumericValue></CompetencyEvidence>

<CompetencyEvidence typeDescription='Alias' name='Alias'><StringValue>hedge funds</StringValue></CompetencyEvidence>

<CompetencyWeight type='skillLevel'><NumericValue minValue='0' maxValue='100'>27</NumericValue></CompetencyWeight>

<CompetencyWeight type='skillProficiency'><StringValue minValue='BASIC' maxValue='EXCELLENT'>BASIC</StringValue></CompetencyWeight>
</Competency>

<Competency oids='20 31 ' description='Skill > Language' auth='yes' name='English'>
<CompetencyEvidence name='Extent of Experience' typeDescription='Extent of Experience' type='MONTH' lastUsed='2009'><NumericValue description='MONTH'>12</NumericValue></CompetencyEvidence>

<CompetencyWeight type='skillLevel'><NumericValue minValue='0' maxValue='100'>89</NumericValue></CompetencyWeight>

<CompetencyWeight type='skillProficiency'><StringValue minValue='BASIC' maxValue='EXCELLENT'>NATIVE</StringValue></CompetencyWeight>
</Competency>

<Competency oids='33 45 ' description='Skill' auth='yes' name='Audit'>
<CompetencyEvidence name='Extent of Experience' typeDescription='Extent of Experience' type='MONTH' lastUsed='2009'><NumericValue description='MONTH'>72</NumericValue></CompetencyEvidence>

<CompetencyEvidence typeDescription='Alias' name='Alias'><StringValue>audits</StringValue></CompetencyEvidence>

<CompetencyWeight type='skillLevel'><NumericValue minValue='0' maxValue='100'>94</NumericValue></CompetencyWeight>

<CompetencyWeight type='skillProficiency'><StringValue minValue='BASIC' maxValue='EXCELLENT'>NATIVE</StringValue></CompetencyWeight>
</Competency>

<Competency oids='16 ' description='Skill' auth='no' name='regulator liaison skills'>
<CompetencyWeight type='skillLevel'><NumericValue minValue='0' maxValue='100'>14</NumericValue></CompetencyWeight>
</Competency>

<Competency oids='14 ' description='Skill' auth='no' name='operational principal skills'>
<CompetencyWeight type='skillLevel'><NumericValue minValue='0' maxValue='100'>14</NumericValue></CompetencyWeight>
</Competency>

<Competency oids='55 ' description='Skill' auth='no' name='middle office'>
<CompetencyEvidence name='Extent of Experience' typeDescription='Extent of Experience' type='MONTH' lastUsed='2003'><NumericValue description='MONTH'>24</NumericValue></CompetencyEvidence>

<CompetencyWeight type='skillLevel'><NumericValue minValue='0' maxValue='100'>25</NumericValue></CompetencyWeight>

<CompetencyWeight type='skillProficiency'><StringValue minValue='BASIC' maxValue='EXCELLENT'>BASIC</StringValue></CompetencyWeight>
</Competency>

<Competency oids='42 ' description='Skill' auth='no' name='email monitoring'>
<CompetencyEvidence name='Extent of Experience' typeDescription='Extent of Experience' type='MONTH' lastUsed='2008'><NumericValue description='MONTH'>60</NumericValue></CompetencyEvidence>

<CompetencyWeight type='skillLevel'><NumericValue minValue='0' maxValue='100'>57</NumericValue></CompetencyWeight>

<CompetencyWeight type='skillProficiency'><StringValue minValue='BASIC' maxValue='EXCELLENT'>WORKING</StringValue></CompetencyWeight>
</Competency>

<Competency oids='39 ' description='Skill' auth='no' name='develop the monthly FINRA'>
<CompetencyEvidence name='Extent of Experience' typeDescription='Extent of Experience' type='MONTH' lastUsed='2008'><NumericValue description='MONTH'>60</NumericValue></CompetencyEvidence>

<CompetencyWeight type='skillLevel'><NumericValue minValue='0' maxValue='100'>59</NumericValue></CompetencyWeight>

<CompetencyWeight type='skillProficiency'><StringValue minValue='BASIC' maxValue='EXCELLENT'>WORKING</StringValue></CompetencyWeight>
</Competency>

<Competency oids='12 ' description='Skill' auth='no' name='compliance experience'>
<CompetencyWeight type='skillLevel'><NumericValue minValue='0' maxValue='100'>14</NumericValue></CompetencyWeight>
</Competency>

<Competency oids='44 ' description='Skill' auth='no' name='back office'>
<CompetencyEvidence name='Extent of Experience' typeDescription='Extent of Experience' type='MONTH' lastUsed='2008'><NumericValue description='MONTH'>60</NumericValue></CompetencyEvidence>

<CompetencyWeight type='skillLevel'><NumericValue minValue='0' maxValue='100'>55</NumericValue></CompetencyWeight>

<CompetencyWeight type='skillProficiency'><StringValue minValue='BASIC' maxValue='EXCELLENT'>WORKING</StringValue></CompetencyWeight>
</Competency>

<Competency oids='8 ' description='Skill' auth='no' name='Trade Settlement'>
<CompetencyWeight type='skillLevel'><NumericValue minValue='0' maxValue='100'>14</NumericValue></CompetencyWeight>
</Competency>

<Competency oids='56 ' description='Skill' auth='yes' name='Stock Loan Operations'>
<CompetencyEvidence name='Extent of Experience' typeDescription='Extent of Experience' type='MONTH' lastUsed='2003'><NumericValue description='MONTH'>24</NumericValue></CompetencyEvidence>

<CompetencyEvidence typeDescription='Alias' name='Alias'><StringValue>stock loan</StringValue></CompetencyEvidence>

<CompetencyWeight type='skillLevel'><NumericValue minValue='0' maxValue='100'>24</NumericValue></CompetencyWeight>

<CompetencyWeight type='skillProficiency'><StringValue minValue='BASIC' maxValue='EXCELLENT'>BASIC</StringValue></CompetencyWeight>
</Competency>

<Competency oids='29 ' description='Skill' auth='no' name='Responsible for timely settlement'>
<CompetencyEvidence name='Extent of Experience' typeDescription='Extent of Experience' type='MONTH' lastUsed='2009'><NumericValue description='MONTH'>12</NumericValue></CompetencyEvidence>

<CompetencyWeight type='skillLevel'><NumericValue minValue='0' maxValue='100'>71</NumericValue></CompetencyWeight>

<CompetencyWeight type='skillProficiency'><StringValue minValue='BASIC' maxValue='EXCELLENT'>GOOD</StringValue></CompetencyWeight>
</Competency>

<Competency oids='27 ' description='Skill' auth='yes' name='Reconciliations'>
<CompetencyEvidence name='Extent of Experience' typeDescription='Extent of Experience' type='MONTH' lastUsed='2012'><NumericValue description='MONTH'>12</NumericValue></CompetencyEvidence>

<CompetencyEvidence typeDescription='Alias' name='Alias'><StringValue>reconciliation</StringValue></CompetencyEvidence>

<CompetencyWeight type='skillLevel'><NumericValue minValue='0' maxValue='100'>100</NumericValue></CompetencyWeight>

<CompetencyWeight type='skillProficiency'><StringValue minValue='BASIC' maxValue='EXCELLENT'>EXCELLENT</StringValue></CompetencyWeight>
</Competency>

<Competency oids='11 ' description='Skill > IT' auth='yes' name='Microsoft Office'>
<CompetencyEvidence typeDescription='Alias' name='Alias'><StringValue>Proficient in MS Office Suite</StringValue></CompetencyEvidence>

<CompetencyWeight type='skillLevel'><NumericValue minValue='0' maxValue='100'>89</NumericValue></CompetencyWeight>

<CompetencyWeight type='skillProficiency'><StringValue minValue='BASIC' maxValue='EXCELLENT'>EXCELLENT</StringValue></CompetencyWeight>
</Competency>

<Competency oids='43 ' description='Skill' auth='yes' name='Interest Rate Derivatives'>
<CompetencyEvidence name='Extent of Experience' typeDescription='Extent of Experience' type='MONTH' lastUsed='2008'><NumericValue description='MONTH'>60</NumericValue></CompetencyEvidence>

<CompetencyWeight type='skillLevel'><NumericValue minValue='0' maxValue='100'>56</NumericValue></CompetencyWeight>

<CompetencyWeight type='skillProficiency'><StringValue minValue='BASIC' maxValue='EXCELLENT'>WORKING</StringValue></CompetencyWeight>
</Competency>

<Competency oids='41 ' description='Skill' auth='yes' name='FSA Know Your Client'>
<CompetencyEvidence name='Extent of Experience' typeDescription='Extent of Experience' type='MONTH' lastUsed='2008'><NumericValue description='MONTH'>60</NumericValue></CompetencyEvidence>

<CompetencyEvidence typeDescription='Alias' name='Alias'><StringValue>KYC</StringValue></CompetencyEvidence>

<CompetencyWeight type='skillLevel'><NumericValue minValue='0' maxValue='100'>58</NumericValue></CompetencyWeight>

<CompetencyWeight type='skillProficiency'><StringValue minValue='BASIC' maxValue='EXCELLENT'>WORKING</StringValue></CompetencyWeight>
</Competency>

<Competency oids='18 ' description='Skill' auth='yes' name='Equities'>
<CompetencyWeight type='skillLevel'><NumericValue minValue='0' maxValue='100'>14</NumericValue></CompetencyWeight>
</Competency>

<Competency oids='19 ' description='Skill' auth='yes' name='Derivatives'>
<CompetencyWeight type='skillLevel'><NumericValue minValue='0' maxValue='100'>14</NumericValue></CompetencyWeight>
</Competency>

<Competency oids='53 ' description='Skill' auth='yes' name='Brokerage'>
<CompetencyEvidence name='Extent of Experience' typeDescription='Extent of Experience' type='MONTH' lastUsed='2003'><NumericValue description='MONTH'>24</NumericValue></CompetencyEvidence>

<CompetencyWeight type='skillLevel'><NumericValue minValue='0' maxValue='100'>26</NumericValue></CompetencyWeight>

<CompetencyWeight type='skillProficiency'><StringValue minValue='BASIC' maxValue='EXCELLENT'>BASIC</StringValue></CompetencyWeight>
</Competency>

<Competency oids='15 ' description='Skill' auth='yes' name='Anti-Money Laundering'>
<CompetencyWeight type='skillLevel'><NumericValue minValue='0' maxValue='100'>14</NumericValue></CompetencyWeight>
</Competency>

<Competency oids='17_2 47_1 ' description='Held Position' auth='no' name='a Controller'>
<CompetencyEvidence name='Extent of Experience' typeDescription='Extent of Experience' type='MONTH' lastUsed='2003'><NumericValue description='MONTH'>7</NumericValue></CompetencyEvidence>

<CompetencyEvidence typeDescription='Alias' name='Alias'><StringValue>Controller</StringValue></CompetencyEvidence>

<CompetencyWeight type='skillLevel'><NumericValue minValue='0' maxValue='100'>24</NumericValue></CompetencyWeight>

<CompetencyWeight type='skillProficiency'><StringValue minValue='BASIC' maxValue='EXCELLENT'>BASIC</StringValue></CompetencyWeight>
</Competency>

<Competency oids='28_3_1 36_1 ' description='Held Position' auth='no' name='Settlements Manager'>
<CompetencyEvidence name='Extent of Experience' typeDescription='Extent of Experience' type='MONTH' lastUsed='2009'><NumericValue description='MONTH'>72</NumericValue></CompetencyEvidence>

<CompetencyWeight type='skillLevel'><NumericValue minValue='0' maxValue='100'>77</NumericValue></CompetencyWeight>

<CompetencyWeight type='skillProficiency'><StringValue minValue='BASIC' maxValue='EXCELLENT'>GOOD</StringValue></CompetencyWeight>
</Competency>

<Competency oids='9_2 ' description='Held Position' auth='no' name='dealer'>
<CompetencyWeight type='skillLevel'><NumericValue minValue='0' maxValue='100'>14</NumericValue></CompetencyWeight>
</Competency>

<Competency oids='9_1 ' description='Held Position' auth='no' name='broker'>
<CompetencyWeight type='skillLevel'><NumericValue minValue='0' maxValue='100'>14</NumericValue></CompetencyWeight>
</Competency>

<Competency oids='63_1 ' description='Held Position' auth='no' name='Supervisor Receive and Delivery'>
<CompetencyEvidence name='Extent of Experience' typeDescription='Extent of Experience' type='MONTH' lastUsed='2003'><NumericValue description='MONTH'>24</NumericValue></CompetencyEvidence>

<CompetencyWeight type='skillLevel'><NumericValue minValue='0' maxValue='100'>26</NumericValue></CompetencyWeight>

<CompetencyWeight type='skillProficiency'><StringValue minValue='BASIC' maxValue='EXCELLENT'>BASIC</StringValue></CompetencyWeight>
</Competency>

<Competency oids='65_1 ' description='Held Position' auth='no' name='Stock Loan Clerk'>
<CompetencyWeight type='skillLevel'><NumericValue minValue='0' maxValue='100'>14</NumericValue></CompetencyWeight>
</Competency>

<Competency oids='26_3_1 ' description='Held Position' auth='no' name='Senior Settlements Associate'>
<CompetencyEvidence name='Extent of Experience' typeDescription='Extent of Experience' type='MONTH' lastUsed='2012'><NumericValue description='MONTH'>12</NumericValue></CompetencyEvidence>

<CompetencyWeight type='skillLevel'><NumericValue minValue='0' maxValue='100'>100</NumericValue></CompetencyWeight>

<CompetencyWeight type='skillProficiency'><StringValue minValue='BASIC' maxValue='EXCELLENT'>EXCELLENT</StringValue></CompetencyWeight>
</Competency>

<Competency oids='51_3_1 ' description='Held Position' auth='no' name='Institutional Trade Support Supervisor'>
<CompetencyEvidence name='Extent of Experience' typeDescription='Extent of Experience' type='MONTH' lastUsed='2003'><NumericValue description='MONTH'>24</NumericValue></CompetencyEvidence>

<CompetencyWeight type='skillLevel'><NumericValue minValue='0' maxValue='100'>27</NumericValue></CompetencyWeight>

<CompetencyWeight type='skillProficiency'><StringValue minValue='BASIC' maxValue='EXCELLENT'>BASIC</StringValue></CompetencyWeight>
</Competency>

<Competency oids='17_3 ' description='Held Position' auth='no' name='Financial Operations Principal'>
<CompetencyWeight type='skillLevel'><NumericValue minValue='0' maxValue='100'>14</NumericValue></CompetencyWeight>
</Competency>

<Competency oids='64_1 ' description='Held Position' auth='no' name='Financial Adviser'>
<CompetencyWeight type='skillLevel'><NumericValue minValue='0' maxValue='100'>14</NumericValue></CompetencyWeight>
</Competency>

<Competency oids='21_1 ' description='Held Position' auth='no' name='Expert with Numbers'>
<CompetencyWeight type='skillLevel'><NumericValue minValue='0' maxValue='100'>14</NumericValue></CompetencyWeight>
</Competency>

<Competency oids='40 ' description='Degree/Qualification > Professional' auth='no' name='Series 27'>
<CompetencyWeight type='skillLevel'><NumericValue minValue='0' maxValue='100'>12</NumericValue></CompetencyWeight>
</Competency>

<Competency oids='68 ' description='Degree/Qualification > Professional' auth='no' name='Member - Association of Certified Anti-Money Laundering Specialists'>
<CompetencyWeight type='skillLevel'><NumericValue minValue='0' maxValue='100'>12</NumericValue></CompetencyWeight>
</Competency>

<Competency oids='13 ' description='Degree/Qualification > Professional' auth='no' name='Finra Series 7'>
<CompetencyWeight type='skillLevel'><NumericValue minValue='0' maxValue='100'>12</NumericValue></CompetencyWeight>
</Competency>

<Competency oids='67_2 ' description='Degree/Qualification' auth='yes' name='Bachelors Degree > Bachelor of Arts > Bachelor of Arts History - Concentration in Business'>
<CompetencyEvidence name='Application' typeDescription='Application' type='History - Concentration in Business'><StringValue>History - Concentration in Business</StringValue></CompetencyEvidence>

<CompetencyEvidence typeDescription='Alias' name='Alias'><StringValue>B.A. History - Concentration in Business</StringValue></CompetencyEvidence>

<CompetencyWeight type='skillLevel'><NumericValue minValue='0' maxValue='100'>12</NumericValue></CompetencyWeight>
</Competency>

<Competency description='Industry' auth='yes' name='industry~banking-finance'>
<CompetencyEvidence name='skillCount' typeDescription='skillCount'><NumericValue>4</NumericValue></CompetencyEvidence>

<CompetencyWeight type='skillLevel'><NumericValue minValue='0' maxValue='100'>100</NumericValue></CompetencyWeight>
</Competency>























<RevisionDate id='3'>2012-09-14</RevisionDate>
</StructuredXMLResume>
<NonXMLResume>

<TextResume>



{{HEADER}}



<span inprof='y' id='1' class='nominal'>Erich Engelhardt</span> - <span inprof='n' id='2' class='page'>Page 2</span>





{{END_HEADER}}

<span inprof='n' id='3' class='date'>{{DOCUMENT_DATESTAMP}} 2012-9-14 {{END_DOCUMENT_DATESTAMP}}</span>


<span inprof='y' id='4' class='nominal'>Erich Engelhardt</span>
 <span inprof='y' id='5' class='telephone'>908.461.2033</span>  <span inprof='y' id='6' class='email'>TradeSettlements@gmail.com</span>

FINANCE AND ACCOUNTING PROFESSIONAL
DOMESTIC AND INTERNATIONAL SETTLEMENTS  <span inprof='y' id='7' class='skill'>ACCOUNT RECONCILIATION</span>  PROBLEM RESOLUTION EXPERTISE

*  <span inprof='y' id='8' class='skill'>Trade Settlement</span> and Accounting professional with a demonstrated track record of dealing with small to large international <span inprof='y' id='9_1' class='role'>broker</span>/<span inprof='y' id='9_2' class='role'>dealer</span> firms by exhibiting dedication to details, natural leadership talent and excellent accounting business acumen. ; 
*  Effectively manage global/domestic settlements, oversee <span inprof='y' id='10' class='skill'>account reconciliation</span> and possesses superior ``numbers'' application expertise; guide accounting strategies that results in improved efficiencies, productivity, client relations and organization across the board.  <span inprof='y' id='11' class='sofwr'>Proficient in MS Office Suite</span>. ; 
*  Multi-faceted accounting leadership, <span inprof='y' id='12' class='skill'>compliance experience</span> and <span inprof='y' id='13' class='qualif'>Finra Series 7</span>, 63, and 27 financial/<span inprof='y' id='14' class='skill'>operational principal skills</span>, <span inprof='y' id='15' class='skill'>anti-money laundering</span> and <span inprof='y' id='16' class='skill'>regulator liaison skills</span> toward optimizing the performance of a world-class organization <span inprof='n' id='17_1' class='some-position'>as</span> <span inprof='y' id='17_2' class='role'>a Controller</span>/<span inprof='y' id='17_3' class='role'>Financial Operations Principal</span> role.
CORE COMPETENCIES

* ; 
*  Settling <span inprof='y' id='18' class='skill'>Equities</span>, Debt Securities &#38; <span inprof='y' id='19' class='skill'>Derivatives</span> ; 
*  <span inprof='y' id='20' class='skill'>Bilingual English and Spanish</span> ; 
*  Domestic and International Settlements / <span inprof='y' id='21_1' class='role'>Expert with Numbers</span> ; 
*  <span inprof='y' id='22' class='skill'>Accounts Reconciliation</span> / Report Generation ; 
*  Follow-up with Custodians/Counter Parties
*  Ability to Resolve Difficult Trades
*  Excellent Problem Resolutions Expert
*  Accounting / Compliance
*  <span inprof='n' id='23' class='company'>Liaison Between Regulators and Company</span>
*  <span inprof='n' id='24' class='company'>Calculate Net Capital</span> Requirement Report


<span inprof='n' id='25' class='work-hist-mark'>PROFESSIONAL EXPERIENCE</span>


<span inprof='y' id='26_1' class='company'>Citigroup</span> - <span inprof='y' id='26_2' class='location'>New York, NY</span>          <span inprof='y' id='26_3_1' class='role'>Senior Settlements Associate</span>                                                            <span inprof='y' id='26_4_1' class='date'>2011</span> to <span inprof='y' id='26_4_2' class='date'>Present</span>
Provide oversight and support for fail report <span inprof='y' id='27' class='skill'>reconciliation</span> efforts and ensure trades are affirmed before settlement date by collaborating with custodians and brokers to ensure timely trade settlement success.  Draft client account reports to ensure all client accounts are accurately balanced.  Problem resolution expert.


<span inprof='y' id='28_1' class='company'>Enlace</span> - <span inprof='y' id='28_2' class='location'>New York, NY</span>          <span inprof='y' id='28_3_1' class='role'>Settlements Manager</span>                                                                                  <span inprof='y' id='28_4_1' class='date'>2008</span> to <span inprof='y' id='28_4_2' class='date'>2009</span>
<span inprof='y' id='29' class='skill'>Responsible for timely settlement</span> of all trades.  Kept open communications with offices in <span inprof='n' id='30' class='location'>Mexico</span> utilizing <span inprof='y' id='31' class='skill'>strong English</span>/<span inprof='y' id='32' class='skill'>Spanish bilingual skills</span>, supported outside vendor <span inprof='y' id='33' class='skill'>audits</span> that reviewed internal financial controls and effectively supervised input of invoices for client accounts.  Monitored firm P/L reports, developed all accounting reports and made sure all accounts were in balance.


<span inprof='y' id='34' class='company'>Emmet &#38; Company</span> - <span inprof='y' id='35' class='location'>Far Hills, NJ</span>          FINOP and <span inprof='y' id='36_1' class='role'>Settlements Manager</span>                                                           <span inprof='y' id='37_1' class='date'>2003</span> to <span inprof='y' id='37_2' class='date'>2008</span>
Managed the trade settlements operations division and <span inprof='n' id='38' class='bad-occupation'>reported directly to the President</span> with emphasis on the company's financial initiatives.  Collaborated closely with accounting firm to accurately <span inprof='y' id='39' class='skill'>develop the monthly FINRA</span> reports and acquired necessary license (<span inprof='y' id='40' class='qualif'>Series 27</span>) to complete all compliance standards for report generation initiatives. Performed all compliance functions that included <span inprof='y' id='41' class='skill'>KYC</span>, <span inprof='y' id='42' class='skill'>email monitoring</span> and FINRA interaction. Successfully monitored P/L reports, firm costs and expense account allocation and developed accounting reports. Provided client interest calculations, managed input of <span inprof='y' id='43' class='skill'>interest rate derivatives</span> in P&#38;S <span inprof='y' id='44' class='skill'>back office</span> system and clearance/settlement of physical and DTCC trades. Served as liaison between company and FINRA, SEC and DTCC pertaining to company financial records and supported outside <span inprof='y' id='45' class='skill'>audits</span> that conducted internal financial controls reviews.







<span inprof='y' id='46' class='location'>Commonwealth, New York, NY</span>          <span inprof='y' id='47_1' class='role'>Controller</span>                                                                                                                        <span inprof='y' id='48' class='date'>2003</span>
Traveled to <span inprof='n' id='49' class='location'>Florida</span> on a short-term assignment to assist in moving accounting department to <span inprof='n' id='50' class='location'>New York</span>.

<span inprof='y' id='51_1' class='company'>Carlin Financial</span>, <span inprof='y' id='51_2' class='location'>New York, NY</span>  <span inprof='y' id='51_3_1' class='role'>Institutional Trade Support Supervisor</span>                                         <span inprof='y' id='51_4_1' class='date'>2001</span> to <span inprof='y' id='51_4_2' class='date'>2003</span>
Provided trade support and collaborated with registered representatives to settle institutional trades and monitored non-affirmed trades with various brokerage firms, institutions and <span inprof='y' id='52' class='skill'>hedge funds</span>. Served as liaison between <span inprof='y' id='53' class='skill'>brokerage</span> firm and <span inprof='y' id='54' class='skill'>hedge fund</span> <span inprof='y' id='55' class='skill'>middle office</span> and accepted trades on OASYS terminal, verifying that accounts traded were updated with ALERT CODE data. Cancelled and rebilled trades on the DTCC ID system and created <span inprof='y' id='56' class='skill'>stock loan</span> list for open trades that failed.

EARLY CAREER

Ferris, Baker Watts, <span inprof='n' id='57' class='location'>Silver Spring, MD</span>
<span inprof='n' id='58' class='company'>Morgan Stanley</span> <span inprof='n' id='59' class='company'>Dean Witter</span>, <span inprof='n' id='60' class='location'>Washington, DC</span>
<span inprof='n' id='61' class='company'>S.G. Warburg &#38; Co., Inc</span>, <span inprof='y' id='62' class='location'>New York, NY</span>

<span inprof='y' id='63_1' class='role'>Supervisor Receive and Delivery</span> Area
<span inprof='y' id='64_1' class='role'>Financial Adviser</span>
DTC/<span inprof='y' id='65_1' class='role'>Stock Loan Clerk</span>



<span inprof='n' id='66' class='edu-hist-mark'>EDUCATION / AFFILIATIONS</span>

<span inprof='y' id='67_1' class='educational'>Universidad Nacional de Honduras</span>
<span inprof='y' id='67_2' class='qualif'>B.A. History - Concentration in Business</span>


<span inprof='y' id='68' class='qualif'>Member - Association of Certified Anti-Money Laundering Specialists</span>
The Cashiers' <span inprof='n' id='69' class='company'>Association of Wall</span> <span inprof='n' id='70' class='company'>Street, Inc.</span>
<span inprof='n' id='71' class='company'>Securities Industry Association</span>/Dividend and <span inprof='n' id='72' class='company'>Securities Operations Division</span>

</TextResume>

</NonXMLResume>



<UserArea>
<DaxResumeUserArea>
<AdditionalPersonalData>
<ExperienceSummary>
<TotalMonthsOfWorkExperience>115</TotalMonthsOfWorkExperience>
<TotalYearsOfWorkExperience>9</TotalYearsOfWorkExperience>
<TotalMonthsOfManagementWorkExperience>103</TotalMonthsOfManagementWorkExperience>
<TotalYearsOfManagementWorkExperience>8.5</TotalYearsOfManagementWorkExperience>
<TotalMonthsOfLowLevelManagementWorkExperience>103</TotalMonthsOfLowLevelManagementWorkExperience>
<TotalYearsOfLowLevelManagementWorkExperience>8.5</TotalYearsOfLowLevelManagementWorkExperience>
<ExecutiveBrief>Erich Engelhardt has been working in the Banking-finance  occupational sector for more than 9 years. Currently he is employed as a Senior Settlements Associate at Citigroup. Erich has an extensive management experience (8.5 years).</ExecutiveBrief>
<ManagementRecord>Since 2008 for 12 months the candidate had experience at a lower grade management level working as a Settlements Manager at Enlace.
Since 2003 for 60 months the candidate had experience at a lower grade management level working as a Settlements Manager at Emmet &amp; Company.
Since 2003 for 7 months the candidate had experience at a lower grade management level working as a Controller.
Since 2001 for 24 months the candidate had experience at a lower grade management level working as a Institutional Trade Support Supervisor at Carlin Financial.
</ManagementRecord>
</ExperienceSummary>
</AdditionalPersonalData>
<ParserInfo>
<ParserConfiguration>{max_len=50000} {tel_flag=} {send_zip=} {fast_conv=} {DEF_LOCAL=} {sdate=0} {no_email_body=0} {do_clever_zoning=1} {keep_span=1} {complex=1} {accept_langs=} {not_accept_langs=} {prefer_lang_cv=EN} {pers_only=0} {turbo=0} {split_language=0} {picture=0} {picture_inline=0} {name_space=0} {charset=} {hrxml_upgrade_edu_hist=0}{hrxml_add_languages_section=0}{spool=} {docID=} {user=DEFAULT} </ParserConfiguration>
<ParserRelease>0.12.3.32629</ParserRelease>
<ParserReleaseDate>2014-06-18</ParserReleaseDate>
<ParserSchema>2.0.29</ParserSchema>
<ParserSchemaLocation>http://cvx.daxtra.com/cvts/xsd/candidate/2.0.29/Resume.xsd</ParserSchemaLocation>
<ConverterRelease>0.5.2.32629</ConverterRelease>
<ConverterReleaseDate>2014-06-18</ConverterReleaseDate>
</ParserInfo>
<FileStruct filename='/home/izoom/anazarov/grammar/analysis/3rconnect/doc/100_Resumes-Walsh/Erich_Engelhardt_-_Settlements_2012..doc'>

<attachment fname='Erich_Engelhardt_-_Settlements_2012..doc' ftype='doc' conv='yes' doc_type='cv' lang='EN'>/home/izoom/anazarov/grammar/analysis/3rconnect/doc/100_Resumes-Walsh/Erich_Engelhardt_-_Settlements_2012..doc</attachment>


</FileStruct>
</DaxResumeUserArea>
</UserArea>
</Resume>
