<?xml version='1.0' encoding='ISO-8859-1'?>
<Resume lang='en' src='DAXTRA-CVX schema:2.0.29 release:0.12.3.32629 rdate:2014-06-18'>
<StructuredXMLResume>
<ContactInfo>
<PersonName id='2'>
<FormattedName>Eric Enz</FormattedName>
<GivenName>Eric</GivenName>
<FamilyName>Enz</FamilyName>
<sex>Male</sex>
</PersonName>
<ContactMethod>
<Telephone id='5' type='home'>
<InternationalCountryCode>1</InternationalCountryCode>
<SubscriberNumber>937 216-9032</SubscriberNumber>
<FormattedNumber>+1 937 216-9032</FormattedNumber></Telephone>

<InternetEmailAddress id='3' type='main'>ee279707@ohio.edu</InternetEmailAddress>
<PostalAddress id='4' type='main'>
<CountryCode>US</CountryCode>
<PostalCode>45434</PostalCode>
<Region>OH</Region>
<Municipality>Beavercreek</Municipality>
<DeliveryAddress>
<AddressLine>3435Arlington Place</AddressLine>
<StreetName>Arlington Place</StreetName>
<BuildingNumber>3435</BuildingNumber>
</DeliveryAddress>

</PostalAddress>
</ContactMethod>
</ContactInfo>


<EmploymentHistory>
<EmployerOrg employerOrgType='soleEmployer'>
<EmployerOrgName id='12'>Applebee's Restaurant</EmployerOrgName>

<PositionHistory positionType='CONTRACT'>
<Title id='14_1_1'>Server</Title>
<OrgName id='13'>South Carolina</OrgName>



<Description>*    Abundance of customer interaction    843-357-1938</Description>
<StartDate id='14_2_1'><YearMonth>2011-06</YearMonth></StartDate>
<EndDate id='14_2_2'><YearMonth>2011-08</YearMonth></EndDate>




<JobCategory>
<TaxonomyName>JOBAREA</TaxonomyName>
<CategoryCode>it</CategoryCode>
</JobCategory>


<UserArea>
<DaxPositionHistoryUserArea>
<TLSPAN first_id='12' last_id='15' border_id='20'></TLSPAN>
<MonthsOfWork>3</MonthsOfWork>
</DaxPositionHistoryUserArea>
</UserArea>
</PositionHistory>
</EmployerOrg>

<EmployerOrg employerOrgType='soleEmployer'>
<EmployerOrgName id='32_1'>Delta Upsilon Fraternity</EmployerOrgName>
<EmployerContactInfo>
<LocationSummary id='33'>
<Municipality>Cambridge</Municipality>
<Region>OH</Region>
<CountryCode>US</CountryCode>
</LocationSummary>
</EmployerContactInfo>
<PositionHistory positionType='PERMANENT'>
<Title id='32_3_1'>Assistant Treasurer</Title>
<Title id='32_3_2'>House Manager</Title>
<OrgName id='32_1'>Delta Upsilon Fraternity</OrgName>



<Description>*    Participation in various philanthropic events ; 
    *    Attended LeaderShape retreat in Cambridge, Ohio</Description>
<StartDate id='32_2_1'><YearMonth>2009-01</YearMonth></StartDate>
<EndDate id='32_2_2'><YearMonth>2010-11</YearMonth></EndDate>



<JobLevelInfo>
<JobGrade>joblevel-management-mid</JobGrade>
</JobLevelInfo>

<JobCategory>
<TaxonomyName>JOBAREA</TaxonomyName>
<CategoryCode>caretaking-cleaning</CategoryCode>
</JobCategory>


<UserArea>
<DaxPositionHistoryUserArea>
<TLSPAN first_id='32' last_id='33' border_id='0'></TLSPAN>
<MonthsOfWork>23</MonthsOfWork>
</DaxPositionHistoryUserArea>
</UserArea>
</PositionHistory>
</EmployerOrg>

<EmployerOrg employerOrgType='soleEmployer'>
<EmployerOrgName id='16'>Staffmark/F&#38;P America</EmployerOrgName>
<EmployerContactInfo>
<LocationSummary id='17'>
<Municipality>Troy</Municipality>
<Region>OH</Region>
<CountryCode>US</CountryCode>
</LocationSummary>
</EmployerContactInfo>
<PositionHistory positionType='CONTRACT'>
<Title id='18_1'>Welder</Title>
<OrgName id='16'>Staffmark/F&#38;P America</OrgName>



<Description>*    Manual Labor    937-335-0118
    *    Time and quality management (quotas + deadlines)</Description>
<StartDate id='20_1'><YearMonth>2010-06</YearMonth></StartDate>
<EndDate id='20_2'><YearMonth>2010-08</YearMonth></EndDate>




<JobCategory>
<TaxonomyName>JOBAREA</TaxonomyName>
<CategoryCode>engineering</CategoryCode>
</JobCategory>


<UserArea>
<DaxPositionHistoryUserArea>
<TLSPAN first_id='16' last_id='22' border_id='23'></TLSPAN>
<MonthsOfWork>3</MonthsOfWork>
</DaxPositionHistoryUserArea>
</UserArea>
</PositionHistory>
</EmployerOrg>

<EmployerOrg employerOrgType='soleEmployer'>
<EmployerOrgName id='23_1'>Nelson Dining Hall</EmployerOrgName>
<EmployerContactInfo>
<LocationSummary id='23_2'>
<Municipality>Athens</Municipality>
<Region>OH</Region>
<CountryCode>US</CountryCode>
</LocationSummary>
</EmployerContactInfo>
<PositionHistory positionType='CONTRACT'>
<Title id='23_3_1'>Server</Title>
<Title id='23_3_2'>Cleaner</Title>
<OrgName id='23_1'>Nelson Dining Hall</OrgName>



<Description>*    Time management to balance school/work    740-597-7112 ; 
    *    Customer Service ,</Description>
<StartDate id='23_4_1'><YearMonth>2010-01</YearMonth></StartDate>
<EndDate id='23_4_2'><YearMonth>2010-06</YearMonth></EndDate>




<JobCategory>
<TaxonomyName>JOBAREA</TaxonomyName>
<CategoryCode>caretaking-cleaning</CategoryCode>
</JobCategory>


<UserArea>
<DaxPositionHistoryUserArea>
<TLSPAN first_id='23' last_id='25' border_id='28'></TLSPAN>
<MonthsOfWork>6</MonthsOfWork>
</DaxPositionHistoryUserArea>
</UserArea>
</PositionHistory>
</EmployerOrg>

<EmployerOrg employerOrgType='soleEmployer'>
<EmployerOrgName id='26'>Troy Country Club</EmployerOrgName>
<EmployerContactInfo>
<LocationSummary id='27'>
<Municipality>Troy</Municipality>
<Region>OH</Region>
<CountryCode>US</CountryCode>
</LocationSummary>
</EmployerContactInfo>
<PositionHistory positionType='CONTRACT'>

<OrgName id='26'>Troy Country Club</OrgName>



<Description>*    Customer Service    937-335-5691</Description>
<StartDate id='28_1'><YearMonth>2009-04</YearMonth></StartDate>
<EndDate id='28_2'><YearMonth>2009-07</YearMonth></EndDate>




<JobCategory>
<TaxonomyName>JOBAREA</TaxonomyName>
<CategoryCode>customer-service</CategoryCode>
</JobCategory>


<UserArea>
<DaxPositionHistoryUserArea>
<TLSPAN first_id='26' last_id='29' border_id='30'></TLSPAN>
<MonthsOfWork>4</MonthsOfWork>
</DaxPositionHistoryUserArea>
</UserArea>
</PositionHistory>
</EmployerOrg>

<EmployerOrg employerOrgType='soleEmployer'>
<EmployerOrgName id='30_1'>Kroger</EmployerOrgName>
<EmployerContactInfo>
<LocationSummary id='30_2'>
<Municipality>Troy</Municipality>
<Region>OH</Region>
<CountryCode>US</CountryCode>
</LocationSummary>
</EmployerContactInfo>
<PositionHistory positionType='PERMANENT'>
<Title id='30_3_1'>Customer Service</Title>
<OrgName id='30_1'>Kroger</OrgName>



<Description>*    Assistance with customers    937-339-7774 ,</Description>
<StartDate id='30_4_1'><YearMonth>2007-12</YearMonth></StartDate>
<EndDate id='30_4_2'><YearMonth>2009-04</YearMonth></EndDate>




<JobCategory>
<TaxonomyName>JOBAREA</TaxonomyName>
<CategoryCode>customer-service</CategoryCode>
</JobCategory>


<UserArea>
<DaxPositionHistoryUserArea>
<TLSPAN first_id='30' last_id='31' border_id='32'></TLSPAN>
<MonthsOfWork>17</MonthsOfWork>
</DaxPositionHistoryUserArea>
</UserArea>
</PositionHistory>
</EmployerOrg>

</EmploymentHistory>
<EducationHistory>
<SchoolOrInstitution schoolType='university'>
<SchoolName id='7_1'>Ohio University</SchoolName>
<LocationSummary id='7_2'>
<Municipality>Athens</Municipality>
<Region>OH</Region>
<CountryCode>US</CountryCode>
</LocationSummary>


<Degree degreeType='bachelors'>
<DegreeName id='7_3'>Bachelor of Business Administration</DegreeName>
<DegreeDate id='7_4'><AnyDate>2012-06-09</AnyDate></DegreeDate>
</Degree>
<Major id='7_3'>Finance</Major>

<Measure>
<MeasureValue id='7_3'>Cumulative GPA: 3.23</MeasureValue>
</Measure>



</SchoolOrInstitution>

<SchoolOrInstitution schoolType='college'>








<DatesOfAttendance>
<StartDate><AnyDate>notKnown</AnyDate></StartDate>
<EndDate id='9'><Year>2011</Year></EndDate>
</DatesOfAttendance>

</SchoolOrInstitution>

</EducationHistory>











<Competency oids='22 ' description='Skill' auth='no' name='quality management'>
<CompetencyEvidence name='Extent of Experience' typeDescription='Extent of Experience' type='MONTH' lastUsed='2010'><NumericValue description='MONTH'>3</NumericValue></CompetencyEvidence>

<CompetencyWeight type='skillLevel'><NumericValue minValue='0' maxValue='100'>76</NumericValue></CompetencyWeight>

<CompetencyWeight type='skillProficiency'><StringValue minValue='BASIC' maxValue='EXCELLENT'>GOOD</StringValue></CompetencyWeight>
</Competency>

<Competency oids='24 ' description='Skill' auth='no' name='Time management'>
<CompetencyEvidence name='Extent of Experience' typeDescription='Extent of Experience' type='MONTH' lastUsed='2010'><NumericValue description='MONTH'>6</NumericValue></CompetencyEvidence>

<CompetencyWeight type='skillLevel'><NumericValue minValue='0' maxValue='100'>77</NumericValue></CompetencyWeight>

<CompetencyWeight type='skillProficiency'><StringValue minValue='BASIC' maxValue='EXCELLENT'>GOOD</StringValue></CompetencyWeight>
</Competency>

<Competency oids='19 ' description='Skill' auth='yes' name='Quality Control'>
<CompetencyEvidence name='Extent of Experience' typeDescription='Extent of Experience' type='MONTH' lastUsed='2010'><NumericValue description='MONTH'>3</NumericValue></CompetencyEvidence>

<CompetencyWeight type='skillLevel'><NumericValue minValue='0' maxValue='100'>77</NumericValue></CompetencyWeight>

<CompetencyWeight type='skillProficiency'><StringValue minValue='BASIC' maxValue='EXCELLENT'>GOOD</StringValue></CompetencyWeight>
</Competency>

<Competency oids='14_1_1 23_3_1 ' description='Held Position' auth='no' name='Server'>
<CompetencyEvidence name='Extent of Experience' typeDescription='Extent of Experience' type='MONTH' lastUsed='2011'><NumericValue description='MONTH'>9</NumericValue></CompetencyEvidence>

<CompetencyWeight type='skillLevel'><NumericValue minValue='0' maxValue='100'>100</NumericValue></CompetencyWeight>

<CompetencyWeight type='skillProficiency'><StringValue minValue='BASIC' maxValue='EXCELLENT'>EXCELLENT</StringValue></CompetencyWeight>
</Competency>

<Competency oids='18_1 ' description='Held Position' auth='no' name='Welder'>
<CompetencyEvidence name='Extent of Experience' typeDescription='Extent of Experience' type='MONTH' lastUsed='2010'><NumericValue description='MONTH'>3</NumericValue></CompetencyEvidence>

<CompetencyWeight type='skillLevel'><NumericValue minValue='0' maxValue='100'>77</NumericValue></CompetencyWeight>

<CompetencyWeight type='skillProficiency'><StringValue minValue='BASIC' maxValue='EXCELLENT'>GOOD</StringValue></CompetencyWeight>
</Competency>

<Competency oids='32_3_2 ' description='Held Position' auth='no' name='House Manager'>
<CompetencyEvidence name='Extent of Experience' typeDescription='Extent of Experience' type='MONTH' lastUsed='2010'><NumericValue description='MONTH'>23</NumericValue></CompetencyEvidence>

<CompetencyWeight type='skillLevel'><NumericValue minValue='0' maxValue='100'>82</NumericValue></CompetencyWeight>

<CompetencyWeight type='skillProficiency'><StringValue minValue='BASIC' maxValue='EXCELLENT'>GOOD</StringValue></CompetencyWeight>
</Competency>

<Competency oids='30_3_1 ' description='Held Position' auth='no' name='Customer Service'>
<CompetencyEvidence name='Extent of Experience' typeDescription='Extent of Experience' type='MONTH' lastUsed='2009'><NumericValue description='MONTH'>17</NumericValue></CompetencyEvidence>

<CompetencyWeight type='skillLevel'><NumericValue minValue='0' maxValue='100'>80</NumericValue></CompetencyWeight>

<CompetencyWeight type='skillProficiency'><StringValue minValue='BASIC' maxValue='EXCELLENT'>GOOD</StringValue></CompetencyWeight>
</Competency>

<Competency oids='23_3_2 ' description='Held Position' auth='no' name='Cleaner'>
<CompetencyEvidence name='Extent of Experience' typeDescription='Extent of Experience' type='MONTH' lastUsed='2010'><NumericValue description='MONTH'>6</NumericValue></CompetencyEvidence>

<CompetencyWeight type='skillLevel'><NumericValue minValue='0' maxValue='100'>77</NumericValue></CompetencyWeight>

<CompetencyWeight type='skillProficiency'><StringValue minValue='BASIC' maxValue='EXCELLENT'>GOOD</StringValue></CompetencyWeight>
</Competency>

<Competency oids='32_3_1 ' description='Held Position' auth='no' name='Assistant Treasurer'>
<CompetencyEvidence name='Extent of Experience' typeDescription='Extent of Experience' type='MONTH' lastUsed='2010'><NumericValue description='MONTH'>23</NumericValue></CompetencyEvidence>

<CompetencyWeight type='skillLevel'><NumericValue minValue='0' maxValue='100'>82</NumericValue></CompetencyWeight>

<CompetencyWeight type='skillProficiency'><StringValue minValue='BASIC' maxValue='EXCELLENT'>GOOD</StringValue></CompetencyWeight>
</Competency>

<Competency oids='7_3 ' description='Degree/Qualification' auth='yes' name='Bachelors Degree > Bachelor of Business Administration > Bachelor of Business Administration Finance'>
<CompetencyEvidence name='Application' typeDescription='Application' type='Finance'><StringValue>Finance</StringValue></CompetencyEvidence>

<CompetencyEvidence typeDescription='Alias' name='Alias'><StringValue>Bachelor of Business Administration Cumulative GPA: 3.23 Major: Finance</StringValue></CompetencyEvidence>

<CompetencyWeight type='skillLevel'><NumericValue minValue='0' maxValue='100'>12</NumericValue></CompetencyWeight>

<CompetencyWeight type='skillProficiency'><StringValue minValue='BASIC' maxValue='EXCELLENT'>Cumulative GPA: 3.23</StringValue></CompetencyWeight>
</Competency>

<Competency description='Industry' auth='yes' name='industry~it'>
<CompetencyEvidence name='skillCount' typeDescription='skillCount'><NumericValue>1</NumericValue></CompetencyEvidence>

<CompetencyWeight type='skillLevel'><NumericValue minValue='0' maxValue='100'>100</NumericValue></CompetencyWeight>
</Competency>























<RevisionDate id='1'>2012-07-30</RevisionDate>
</StructuredXMLResume>
<NonXMLResume>

<TextResume>



<span inprof='n' id='1' class='date'>{{DOCUMENT_DATESTAMP}} 2012-07-30 {{END_DOCUMENT_DATESTAMP}}</span> 


<span inprof='y' id='2' class='nominal'>Eric Enz</span>
<span inprof='y' id='3' class='email'>ee279707@ohio.edu</span>

<span inprof='y' id='4' class='location'>3435Arlington Place
Beavercreek, OH 45434</span>
<span inprof='y' id='5' class='telephone'>937-216-9032</span>

<span inprof='n' id='6' class='edu-hist-mark'>Education</span>
    <span inprof='y' id='7_1' class='educational'>Ohio University</span>     <span inprof='y' id='7_2' class='location'>Athens, Ohio</span>
    <span inprof='y' id='7_3' class='qualif'>Bachelor of Business Administration     Cumulative GPA: 3.23
    Major: Finance</span>    <span inprof='y' id='7_4' class='date'>Graduated: June 9, 2012</span>

    <span inprof='n' id='8' class='bad-occupation'>Dean's</span> List    <span inprof='y' id='9' class='date'>Fall 2011</span>

    BAT Exam Participant    <span inprof='n' id='10' class='date'>Winter 2011</span>
<span inprof='n' id='11' class='work-hist-mark'>Work Experience</span>
    <span inprof='y' id='12' class='company'>Applebee's Restaurant</span>    Murrell's Inlet, <span inprof='y' id='13' class='educational'>South Carolina</span>
    <span inprof='y' id='14_1_1' class='role'>Server</span>    <span inprof='y' id='14_2_1' class='date'>June 2011</span>-<span inprof='y' id='14_2_2' class='date'>August 2011</span>


           *    Abundance of customer interaction    <span inprof='n' id='15' class='telephone'>843-357-1938</span>

    <span inprof='y' id='16' class='company'>Staffmark/F&#38;P America</span>    <span inprof='y' id='17' class='location'>Troy, Ohio</span>
    <span inprof='y' id='18_1' class='role'>Welder</span>/<span inprof='y' id='19' class='skill'>Quality Control</span>    <span inprof='y' id='20_1' class='date'>June 2010</span>-<span inprof='y' id='20_2' class='date'>August 2010</span>
           *    Manual Labor    <span inprof='n' id='21' class='telephone'>937-335-0118</span>
           *    Time and <span inprof='y' id='22' class='skill'>quality management</span> (quotas + deadlines)

    <span inprof='y' id='23_1' class='company'>Nelson Dining Hall</span>    <span inprof='y' id='23_2' class='location'>Athens, Ohio</span>
    <span inprof='y' id='23_3_1' class='role'>Server</span>/<span inprof='y' id='23_3_2' class='role'>Cleaner</span>    <span inprof='y' id='23_4_1' class='date'>January 2010</span>-<span inprof='y' id='23_4_2' class='date'>June 2010</span>
           *    <span inprof='y' id='24' class='skill'>Time management</span> to balance school/<span inprof='n' id='25' class='telephone'>work    740-597-7112</span> ; 
           *    Customer Service

    <span inprof='y' id='26' class='company'>Troy Country Club</span>    <span inprof='y' id='27' class='location'>Troy, Ohio</span>
    Bag Assistance    <span inprof='y' id='28_1' class='date'>April 2009</span> - <span inprof='y' id='28_2' class='date'>July 2009</span>
           *    Customer Service    <span inprof='n' id='29' class='telephone'>937-335-5691</span>

    <span inprof='y' id='30_1' class='company'>Kroger</span>     <span inprof='y' id='30_2' class='location'>Troy, Ohio</span>
    <span inprof='y' id='30_3_1' class='role'>Customer Service</span>    <span inprof='y' id='30_4_1' class='date'>December 2007</span> - <span inprof='y' id='30_4_2' class='date'>April 2009</span>
*    Assistance with customers    <span inprof='n' id='31' class='telephone'>937-339-7774</span>


Groups/Organizations
    <span inprof='y' id='32_1' class='company'>Delta Upsilon Fraternity</span>    <span inprof='y' id='32_2_1' class='date'>January 2009</span> - <span inprof='y' id='32_2_2' class='date'>November 2010</span>
           *    <span inprof='y' id='32_3_1' class='role'>Assistant Treasurer</span> / <span inprof='y' id='32_3_2' class='role'>House Manager</span> ; 
           *    Participation in various philanthropic events ; 
           *    Attended LeaderShape retreat in <span inprof='y' id='33' class='location'>Cambridge, Ohio</span>

</TextResume>

</NonXMLResume>



<UserArea>
<DaxResumeUserArea>
<AdditionalPersonalData>
<ExperienceSummary>
<TotalMonthsOfWorkExperience>56</TotalMonthsOfWorkExperience>
<TotalYearsOfWorkExperience>5</TotalYearsOfWorkExperience>
<TotalMonthsOfManagementWorkExperience>23</TotalMonthsOfManagementWorkExperience>
<TotalYearsOfManagementWorkExperience>1.9</TotalYearsOfManagementWorkExperience>
<TotalMonthsOfMidLevelManagementWorkExperience>23</TotalMonthsOfMidLevelManagementWorkExperience>
<TotalYearsOfMidLevelManagementWorkExperience>1.9</TotalYearsOfMidLevelManagementWorkExperience>
<ExecutiveBrief>Eric Enz is a resident of Beavercreek, OH, US. He has been working in the IT  occupational sector for more than 5 years. During his last employment he was working as a Server at Applebee's Restaurant. Eric has some experience in managment (23 months) with exposure to executive/middle management positions.</ExecutiveBrief>
<ManagementRecord>Since 2009-01 for 23 months the candidate had experience at a executive/middle management level working as a Assistant Treasurer/House Manager at Delta Upsilon Fraternity.
</ManagementRecord>
</ExperienceSummary>
</AdditionalPersonalData>
<ParserInfo>
<ParserConfiguration>{max_len=50000} {tel_flag=} {send_zip=} {fast_conv=} {DEF_LOCAL=} {sdate=0} {no_email_body=0} {do_clever_zoning=1} {keep_span=1} {complex=1} {accept_langs=} {not_accept_langs=} {prefer_lang_cv=EN} {pers_only=0} {turbo=0} {split_language=0} {picture=0} {picture_inline=0} {name_space=0} {charset=} {hrxml_upgrade_edu_hist=0}{hrxml_add_languages_section=0}{spool=} {docID=} {user=DEFAULT} </ParserConfiguration>
<ParserRelease>0.12.3.32629</ParserRelease>
<ParserReleaseDate>2014-06-18</ParserReleaseDate>
<ParserSchema>2.0.29</ParserSchema>
<ParserSchemaLocation>http://cvx.daxtra.com/cvts/xsd/candidate/2.0.29/Resume.xsd</ParserSchemaLocation>
<ConverterRelease>0.5.2.32629</ConverterRelease>
<ConverterReleaseDate>2014-06-18</ConverterReleaseDate>
</ParserInfo>
<FileStruct filename='/home/izoom/anazarov/grammar/analysis/3rconnect/doc/100_Resumes-Walsh/ERICresume.docx'>

<attachment fname='ERICresume.docx' ftype='docx' conv='yes' doc_type='cv' lang='EN'>/home/izoom/anazarov/grammar/analysis/3rconnect/doc/100_Resumes-Walsh/ERICresume.docx</attachment>


</FileStruct>
</DaxResumeUserArea>
</UserArea>
</Resume>
