<?xml version='1.0' encoding='ISO-8859-1'?>
<Resume lang='en' src='DAXTRA-CVX schema:2.0.29 release:0.12.3.32629 rdate:2014-06-18'>
<StructuredXMLResume>
<ContactInfo>
<PersonName id='2'>
<FormattedName>Ewart O. Whyte</FormattedName>
<GivenName>Ewart</GivenName>
<MiddleName>O.</MiddleName>
<FamilyName>Whyte</FamilyName>
<sex>Male</sex>
</PersonName>
<ContactMethod>
<Telephone id='5' type='home'>
<InternationalCountryCode>1</InternationalCountryCode>
<SubscriberNumber>917 736-0689</SubscriberNumber>
<FormattedNumber>+1 917 736-0689</FormattedNumber></Telephone>

<InternetEmailAddress id='3' type='main'>EwartOWhyte@gmail.com</InternetEmailAddress>
<PostalAddress id='4' type='main'>
<CountryCode>US</CountryCode>
<PostalCode>10475</PostalCode>
<Region>NY</Region>
<Municipality>Bronx</Municipality>
<DeliveryAddress>
<AddressLine>140 Elgar Place, Apt. 32H</AddressLine>
<StreetName>Elgar Place</StreetName>
<BuildingNumber>140</BuildingNumber>
<Unit>Apt. 32H</Unit>
</DeliveryAddress>

</PostalAddress>
</ContactMethod>
</ContactInfo>
<ExecutiveSummary>An accomplished and talented goal oriented professional who is a creative out of the box thinker capable of adapting to the constantly evolving business environment.  Self-motivated and efficient with a proven track record in database management, reconciliation, trade settlement and other back office operations functions.</ExecutiveSummary>


<EmploymentHistory>
<EmployerOrg employerOrgType='soleEmployer'>
<EmployerOrgName id='20_1'>Hudson Valley Bank NA</EmployerOrgName>
<EmployerContactInfo>
<LocationSummary id='20_2'>
<Municipality>Yonkers</Municipality>
<Region>NY</Region>
<CountryCode>US</CountryCode>
</LocationSummary>
</EmployerContactInfo>
<PositionHistory positionType='PERMANENT'>
<Title id='22_1'>Operations Manager</Title>
<OrgName id='21'>AVP, Trust</OrgName>



<Description>AVP, Trust Operations Manager
Manage the Operation area of the Investment &#38; Trust Department with over $345 million dollar asset under management and over 500 accounts. Manage the day-to-day operational function of the Trust Department using the Infovisa Maui Trust system. Supervise two Trust Representatives whose main responsibilities are to process the daily work on the Maui Trust System. Prepare monthly and quarterly reports for both Trust Committee and Trust Sub Committee meetings. Process Quarterly and annual fees charged to all Trust accounts. Handle all corporate actions, Re-Org, stock split and spin-offs. Execute various mutual fund &#38; money market trades. Oversee all trade settlements, dividend and interest posting as well as all wires and ACH creation and release. Ensure all operational procedures are followed. Interact with internal &#38; external auditors (provide requested information, respond to any operational questions, draft written response to audit issues with regards to operations &#38; ensure timely compliance with all audit issues). Responsible for monthly reconciliation of all department accounts for both cash and custody position. Provide monthly cash and position reports to various departments within the bank. I am the designated disaster recovery specialist responsible for disaster recovery documentation and procedural implementation. Responsible for year-end tax processing, liaison between Trust Department and Thomson Reuters responsible Misc. 1099 and 1099R generation and Trust Return filing. I am responsible for the accuracy of Docuware paperless document management system including E-Distribution initiative
  Key Highlights
    *  Spearhead system conversion from Sungard Charlotte Trust System to Infovisa Maui Trust System ; 
    *  Reduced conversion cost by $15,000 by manually building all the files required to map one Trust System to the other ; 
    *  Manage all trade settlements, dividend &#38; interest posting as well as all wires &#38; ACH creation &#38; release ; 
    *  Place and settlement mutual fund trades, confirmation and affirmation of equity and fixed income trades ; 
    *  Draft, Test &#38; implement Disaster Recovery Plan for the Trust Department ; 
    *  Tax Liaison between Trust Department and Thomson Reuters responsible for 1099 &#38; 1099R generation Trust Return filing. ; 
    *  Manage &#38; create report for compliance &#38; risk management ; 
    *  Web Manager for online access to Trust Accounts ; 
    *  Manage Paychex Payroll processing for Trust Employee's, unemployment insurance &#38; workers compensation ; 
    *  Review and Vote Proxy's using Broadridge online proxy service ; 
    *  Draft audit responses and interact with both external and internal auditors ; 
    *  Responsible for variance Compliance reporting and documentation ; 
    *  Buy Treasury Bills for High Net Worth bank customers ; 
    *  Manage Dreyfus Money Market product ;</Description>
<StartDate id='20_3_1'><YearMonth>2005-01</YearMonth></StartDate>
<EndDate id='20_3_2'>notApplicable</EndDate>



<JobLevelInfo>
<JobGrade>joblevel-management-mid</JobGrade>
</JobLevelInfo>

<JobCategory>
<TaxonomyName>JOBAREA</TaxonomyName>
<CategoryCode>accountancy</CategoryCode>
</JobCategory>


<UserArea>
<DaxPositionHistoryUserArea>
<TLSPAN first_id='20' last_id='63' border_id='0'></TLSPAN>
<MonthsOfWork>100</MonthsOfWork>
</DaxPositionHistoryUserArea>
</UserArea>
</PositionHistory>
</EmployerOrg>

<EmployerOrg employerOrgType='soleEmployer'>
<EmployerOrgName id='64_1'>First County Bank</EmployerOrgName>
<EmployerContactInfo>
<LocationSummary id='64_2'>
<Municipality>Stamford</Municipality>
<Region>CT</Region>
<CountryCode>US</CountryCode>
</LocationSummary>
</EmployerContactInfo>
<PositionHistory positionType='PERMANENT'>
<Title id='64_4_1'>Trust Operations Administrator</Title>
<OrgName id='64_1'>First County Bank</OrgName>



<Description>Maintain Trust Accounting System (Sungard Charlotte System).  Reconcile Trust system cash position to bank account daily as well as all money market and mutual fund positions.  Execute mutual fund trades using expediter &#38; Wright trading platform within Sungard system. Setup &#38; print all disbursement from Sungard via checks, wires or electronic transfers. Use SEI online trading platform for mutual fund trades. Use FTI (Financial Technology Integrators) web base system for portfolio management including account maintenance and portfolio rebalancing.</Description>
<StartDate id='64_3_1'><YearMonth>2006-02</YearMonth></StartDate>
<EndDate id='64_3_2'><YearMonth>2006-11</YearMonth></EndDate>




<JobCategory>
<TaxonomyName>JOBAREA</TaxonomyName>
<CategoryCode>accountancy</CategoryCode>
</JobCategory>


<UserArea>
<DaxPositionHistoryUserArea>
<TLSPAN first_id='64' last_id='74' border_id='75'></TLSPAN>
<MonthsOfWork>10</MonthsOfWork>
</DaxPositionHistoryUserArea>
</UserArea>
</PositionHistory>
</EmployerOrg>

<EmployerOrg employerOrgType='soleEmployer'>
<EmployerOrgName id='75_1'>Tremont Capital Management Inc</EmployerOrgName>
<EmployerContactInfo>
<LocationSummary id='75_2'>
<Municipality>Rye</Municipality>
<Region>NY</Region>
<CountryCode>US</CountryCode>
</LocationSummary>
</EmployerContactInfo>
<PositionHistory positionType='PERMANENT'>
<Title id='75_3_1'>Data Analyst</Title>
<OrgName id='75_1'>Tremont Capital Management Inc</OrgName>



<Description>Maintain and manage the TASS Database by researching and listing all Hedge Funds on TASS. Contact various fund managers to see if they are interested in listing their fund on the TASS Database. Disperse questionnaire packages to potential clients &#38; fund profiles to clients at their request. Update indices &#38; funds on the TASS Database (calculate ROR &#38; NAV). Handle various projects &#38; queries as they arise. Conduct daily market research on the hedge fund industry as well as the overall market</Description>
<StartDate id='75_4_1'><YearMonth>2002-09</YearMonth></StartDate>
<EndDate id='75_4_2'><YearMonth>2004-12</YearMonth></EndDate>




<JobCategory>
<TaxonomyName>JOBAREA</TaxonomyName>
<CategoryCode>marketing</CategoryCode>
</JobCategory>


<UserArea>
<DaxPositionHistoryUserArea>
<TLSPAN first_id='75' last_id='80' border_id='0'></TLSPAN>
<MonthsOfWork>28</MonthsOfWork>
</DaxPositionHistoryUserArea>
</UserArea>
</PositionHistory>
</EmployerOrg>

</EmploymentHistory>
<EducationHistory>
<SchoolOrInstitution schoolType='university'>
<SchoolName id='82_1'>University at Albany</SchoolName>



<Degree degreeType='bachelors'>
<DegreeName id='82_2'>Bachelor of Science</DegreeName>
<DegreeDate id='82_3'><Year>2002</Year></DegreeDate>
</Degree>
<Major id='82_2'>Finance / Marketing</Major>



<Comments>Microsoft Office suite, Bloomberg Terminal, Dreyfus Sub- Accounting System, Sungard Charlotte System, Dimension 3000, Advent Axys &#38; APX, Infovisa Maui system, Fiserv Signature &#38; Nautilus, Completed 2 of 3 levels of CSOP Certification</Comments>
</SchoolOrInstitution>

</EducationHistory>











<Competency oids='31 48 67 68 71 ' description='Skill' auth='yes' name='Mutual Funds'>
<CompetencyEvidence name='Extent of Experience' typeDescription='Extent of Experience' type='MONTH' lastUsed='2013'><NumericValue description='MONTH'>110</NumericValue></CompetencyEvidence>

<CompetencyEvidence typeDescription='Alias' name='Alias'><StringValue>mutual fund</StringValue></CompetencyEvidence>

<CompetencyWeight type='skillLevel'><NumericValue minValue='0' maxValue='100'>97</NumericValue></CompetencyWeight>

<CompetencyWeight type='skillProficiency'><StringValue minValue='BASIC' maxValue='EXCELLENT'>EXCELLENT</StringValue></CompetencyWeight>
</Competency>

<Competency oids='32 33 60 ' description='Skill' auth='yes' name='Audit'>
<CompetencyEvidence name='Extent of Experience' typeDescription='Extent of Experience' type='MONTH' lastUsed='2013'><NumericValue description='MONTH'>100</NumericValue></CompetencyEvidence>

<CompetencyWeight type='skillLevel'><NumericValue minValue='0' maxValue='100'>97</NumericValue></CompetencyWeight>

<CompetencyWeight type='skillProficiency'><StringValue minValue='BASIC' maxValue='EXCELLENT'>EXCELLENT</StringValue></CompetencyWeight>
</Competency>

<Competency oids='7 11 ' description='Skill' auth='no' name='database management'>
<CompetencyWeight type='skillLevel'><NumericValue minValue='0' maxValue='100'>84</NumericValue></CompetencyWeight>

<CompetencyWeight type='skillProficiency'><StringValue minValue='BASIC' maxValue='EXCELLENT'>EXCELLENT</StringValue></CompetencyWeight>
</Competency>

<Competency oids='17 39 ' description='Skill' auth='yes' name='Taxation'>
<CompetencyEvidence name='Extent of Experience' typeDescription='Extent of Experience' type='MONTH' lastUsed='2013'><NumericValue description='MONTH'>100</NumericValue></CompetencyEvidence>

<CompetencyEvidence typeDescription='Alias' name='Alias'><StringValue>Tax</StringValue></CompetencyEvidence>

<CompetencyWeight type='skillLevel'><NumericValue minValue='0' maxValue='100'>95</NumericValue></CompetencyWeight>

<CompetencyWeight type='skillProficiency'><StringValue minValue='BASIC' maxValue='EXCELLENT'>EXCELLENT</StringValue></CompetencyWeight>
</Competency>

<Competency oids='18 54 ' description='Skill' auth='yes' name='Risk Management'>
<CompetencyEvidence name='Extent of Experience' typeDescription='Extent of Experience' type='MONTH' lastUsed='2013'><NumericValue description='MONTH'>100</NumericValue></CompetencyEvidence>

<CompetencyWeight type='skillLevel'><NumericValue minValue='0' maxValue='100'>95</NumericValue></CompetencyWeight>

<CompetencyWeight type='skillProficiency'><StringValue minValue='BASIC' maxValue='EXCELLENT'>EXCELLENT</StringValue></CompetencyWeight>
</Competency>

<Competency oids='8 12 ' description='Skill' auth='yes' name='Reconciliations'>
<CompetencyEvidence typeDescription='Alias' name='Alias'><StringValue>reconciliation</StringValue></CompetencyEvidence>

<CompetencyWeight type='skillLevel'><NumericValue minValue='0' maxValue='100'>84</NumericValue></CompetencyWeight>

<CompetencyWeight type='skillProficiency'><StringValue minValue='BASIC' maxValue='EXCELLENT'>EXCELLENT</StringValue></CompetencyWeight>
</Competency>

<Competency oids='77 80 ' description='Skill' auth='yes' name='Hedge Fund'>
<CompetencyEvidence name='Extent of Experience' typeDescription='Extent of Experience' type='MONTH' lastUsed='2004'><NumericValue description='MONTH'>28</NumericValue></CompetencyEvidence>

<CompetencyEvidence typeDescription='Alias' name='Alias'><StringValue>Hedge Funds</StringValue></CompetencyEvidence>

<CompetencyWeight type='skillLevel'><NumericValue minValue='0' maxValue='100'>26</NumericValue></CompetencyWeight>

<CompetencyWeight type='skillProficiency'><StringValue minValue='BASIC' maxValue='EXCELLENT'>BASIC</StringValue></CompetencyWeight>
</Competency>

<Competency oids='14 30 ' description='Skill' auth='yes' name='Corporate Actions'>
<CompetencyEvidence name='Extent of Experience' typeDescription='Extent of Experience' type='MONTH' lastUsed='2013'><NumericValue description='MONTH'>100</NumericValue></CompetencyEvidence>

<CompetencyWeight type='skillLevel'><NumericValue minValue='0' maxValue='100'>98</NumericValue></CompetencyWeight>

<CompetencyWeight type='skillProficiency'><StringValue minValue='BASIC' maxValue='EXCELLENT'>EXCELLENT</StringValue></CompetencyWeight>
</Competency>

<Competency oids='9 ' description='Skill' auth='no' name='trade settlement'>
<CompetencyWeight type='skillLevel'><NumericValue minValue='0' maxValue='100'>84</NumericValue></CompetencyWeight>

<CompetencyWeight type='skillProficiency'><StringValue minValue='BASIC' maxValue='EXCELLENT'>EXCELLENT</StringValue></CompetencyWeight>
</Competency>

<Competency oids='42 ' description='Skill' auth='no' name='responsible for the accuracy'>
<CompetencyEvidence name='Extent of Experience' typeDescription='Extent of Experience' type='MONTH' lastUsed='2013'><NumericValue description='MONTH'>100</NumericValue></CompetencyEvidence>

<CompetencyWeight type='skillLevel'><NumericValue minValue='0' maxValue='100'>95</NumericValue></CompetencyWeight>

<CompetencyWeight type='skillProficiency'><StringValue minValue='BASIC' maxValue='EXCELLENT'>EXCELLENT</StringValue></CompetencyWeight>
</Competency>

<Competency oids='36 ' description='Skill' auth='no' name='responsible for disaster recovery documentation'>
<CompetencyEvidence name='Extent of Experience' typeDescription='Extent of Experience' type='MONTH' lastUsed='2013'><NumericValue description='MONTH'>100</NumericValue></CompetencyEvidence>

<CompetencyWeight type='skillLevel'><NumericValue minValue='0' maxValue='100'>95</NumericValue></CompetencyWeight>

<CompetencyWeight type='skillProficiency'><StringValue minValue='BASIC' maxValue='EXCELLENT'>EXCELLENT</StringValue></CompetencyWeight>
</Competency>

<Competency oids='37 ' description='Skill' auth='no' name='procedural implementation'>
<CompetencyEvidence name='Extent of Experience' typeDescription='Extent of Experience' type='MONTH' lastUsed='2013'><NumericValue description='MONTH'>100</NumericValue></CompetencyEvidence>

<CompetencyWeight type='skillLevel'><NumericValue minValue='0' maxValue='100'>95</NumericValue></CompetencyWeight>

<CompetencyWeight type='skillProficiency'><StringValue minValue='BASIC' maxValue='EXCELLENT'>EXCELLENT</StringValue></CompetencyWeight>
</Competency>

<Competency oids='79 ' description='Skill' auth='no' name='market research'>
<CompetencyEvidence name='Extent of Experience' typeDescription='Extent of Experience' type='MONTH' lastUsed='2004'><NumericValue description='MONTH'>28</NumericValue></CompetencyEvidence>

<CompetencyWeight type='skillLevel'><NumericValue minValue='0' maxValue='100'>25</NumericValue></CompetencyWeight>

<CompetencyWeight type='skillProficiency'><StringValue minValue='BASIC' maxValue='EXCELLENT'>BASIC</StringValue></CompetencyWeight>
</Competency>

<Competency oids='76 ' description='Skill' auth='no' name='manage the TASS Database'>
<CompetencyEvidence name='Extent of Experience' typeDescription='Extent of Experience' type='MONTH' lastUsed='2004'><NumericValue description='MONTH'>28</NumericValue></CompetencyEvidence>

<CompetencyWeight type='skillLevel'><NumericValue minValue='0' maxValue='100'>27</NumericValue></CompetencyWeight>

<CompetencyWeight type='skillProficiency'><StringValue minValue='BASIC' maxValue='EXCELLENT'>BASIC</StringValue></CompetencyWeight>
</Competency>

<Competency oids='10 ' description='Skill' auth='no' name='back office'>
<CompetencyWeight type='skillLevel'><NumericValue minValue='0' maxValue='100'>84</NumericValue></CompetencyWeight>

<CompetencyWeight type='skillProficiency'><StringValue minValue='BASIC' maxValue='EXCELLENT'>EXCELLENT</StringValue></CompetencyWeight>
</Competency>

<Competency oids='73 ' description='Skill' auth='no' name='account maintenance'>
<CompetencyEvidence name='Extent of Experience' typeDescription='Extent of Experience' type='MONTH' lastUsed='2006'><NumericValue description='MONTH'>10</NumericValue></CompetencyEvidence>

<CompetencyWeight type='skillLevel'><NumericValue minValue='0' maxValue='100'>19</NumericValue></CompetencyWeight>

<CompetencyWeight type='skillProficiency'><StringValue minValue='BASIC' maxValue='EXCELLENT'>BASIC</StringValue></CompetencyWeight>
</Competency>

<Competency oids='15 ' description='Skill' auth='yes' name='Vendor Management'>
<CompetencyWeight type='skillLevel'><NumericValue minValue='0' maxValue='100'>13</NumericValue></CompetencyWeight>
</Competency>

<Competency oids='58 ' description='Skill' auth='yes' name='Unemployment insurance'>
<CompetencyEvidence name='Extent of Experience' typeDescription='Extent of Experience' type='MONTH' lastUsed='2013'><NumericValue description='MONTH'>100</NumericValue></CompetencyEvidence>

<CompetencyWeight type='skillLevel'><NumericValue minValue='0' maxValue='100'>95</NumericValue></CompetencyWeight>

<CompetencyWeight type='skillProficiency'><StringValue minValue='BASIC' maxValue='EXCELLENT'>EXCELLENT</StringValue></CompetencyWeight>
</Competency>

<Competency oids='65 ' description='Skill' auth='yes' name='Trust Accounting'>
<CompetencyEvidence name='Extent of Experience' typeDescription='Extent of Experience' type='MONTH' lastUsed='2006'><NumericValue description='MONTH'>10</NumericValue></CompetencyEvidence>

<CompetencyWeight type='skillLevel'><NumericValue minValue='0' maxValue='100'>22</NumericValue></CompetencyWeight>

<CompetencyWeight type='skillProficiency'><StringValue minValue='BASIC' maxValue='EXCELLENT'>BASIC</StringValue></CompetencyWeight>
</Competency>

<Competency oids='62 ' description='Skill' auth='yes' name='Treasury Operations'>
<CompetencyEvidence name='Extent of Experience' typeDescription='Extent of Experience' type='MONTH' lastUsed='2013'><NumericValue description='MONTH'>100</NumericValue></CompetencyEvidence>

<CompetencyEvidence typeDescription='Alias' name='Alias'><StringValue>Treasury Bills</StringValue></CompetencyEvidence>

<CompetencyWeight type='skillLevel'><NumericValue minValue='0' maxValue='100'>95</NumericValue></CompetencyWeight>

<CompetencyWeight type='skillProficiency'><StringValue minValue='BASIC' maxValue='EXCELLENT'>EXCELLENT</StringValue></CompetencyWeight>
</Competency>

<Competency oids='51 ' description='Skill' auth='no' name='Tax Liaison'>
<CompetencyEvidence name='Extent of Experience' typeDescription='Extent of Experience' type='MONTH' lastUsed='2013'><NumericValue description='MONTH'>100</NumericValue></CompetencyEvidence>

<CompetencyWeight type='skillLevel'><NumericValue minValue='0' maxValue='100'>95</NumericValue></CompetencyWeight>

<CompetencyWeight type='skillProficiency'><StringValue minValue='BASIC' maxValue='EXCELLENT'>EXCELLENT</StringValue></CompetencyWeight>
</Competency>

<Competency oids='38 ' description='Skill' auth='no' name='Responsible for year'>
<CompetencyEvidence name='Extent of Experience' typeDescription='Extent of Experience' type='MONTH' lastUsed='2013'><NumericValue description='MONTH'>100</NumericValue></CompetencyEvidence>

<CompetencyWeight type='skillLevel'><NumericValue minValue='0' maxValue='100'>95</NumericValue></CompetencyWeight>

<CompetencyWeight type='skillProficiency'><StringValue minValue='BASIC' maxValue='EXCELLENT'>EXCELLENT</StringValue></CompetencyWeight>
</Competency>

<Competency oids='61 ' description='Skill' auth='no' name='Responsible for variance Compliance'>
<CompetencyEvidence name='Extent of Experience' typeDescription='Extent of Experience' type='MONTH' lastUsed='2013'><NumericValue description='MONTH'>100</NumericValue></CompetencyEvidence>

<CompetencyWeight type='skillLevel'><NumericValue minValue='0' maxValue='100'>95</NumericValue></CompetencyWeight>

<CompetencyWeight type='skillProficiency'><StringValue minValue='BASIC' maxValue='EXCELLENT'>EXCELLENT</StringValue></CompetencyWeight>
</Competency>

<Competency oids='34 ' description='Skill' auth='no' name='Responsible for monthly reconciliation'>
<CompetencyEvidence name='Extent of Experience' typeDescription='Extent of Experience' type='MONTH' lastUsed='2013'><NumericValue description='MONTH'>100</NumericValue></CompetencyEvidence>

<CompetencyWeight type='skillLevel'><NumericValue minValue='0' maxValue='100'>95</NumericValue></CompetencyWeight>

<CompetencyWeight type='skillProficiency'><StringValue minValue='BASIC' maxValue='EXCELLENT'>EXCELLENT</StringValue></CompetencyWeight>
</Competency>

<Competency oids='72 ' description='Skill' auth='yes' name='Portfolio Administration'>
<CompetencyEvidence name='Extent of Experience' typeDescription='Extent of Experience' type='MONTH' lastUsed='2006'><NumericValue description='MONTH'>10</NumericValue></CompetencyEvidence>

<CompetencyEvidence typeDescription='Alias' name='Alias'><StringValue>portfolio management</StringValue></CompetencyEvidence>

<CompetencyWeight type='skillLevel'><NumericValue minValue='0' maxValue='100'>20</NumericValue></CompetencyWeight>

<CompetencyWeight type='skillProficiency'><StringValue minValue='BASIC' maxValue='EXCELLENT'>BASIC</StringValue></CompetencyWeight>
</Competency>

<Competency oids='56 ' description='Skill' auth='yes' name='Payroll'>
<CompetencyEvidence name='Extent of Experience' typeDescription='Extent of Experience' type='MONTH' lastUsed='2013'><NumericValue description='MONTH'>100</NumericValue></CompetencyEvidence>

<CompetencyWeight type='skillLevel'><NumericValue minValue='0' maxValue='100'>95</NumericValue></CompetencyWeight>

<CompetencyWeight type='skillProficiency'><StringValue minValue='BASIC' maxValue='EXCELLENT'>EXCELLENT</StringValue></CompetencyWeight>
</Competency>

<Competency oids='26 ' description='Skill' auth='no' name='Manage the day'>
<CompetencyEvidence name='Extent of Experience' typeDescription='Extent of Experience' type='MONTH' lastUsed='2013'><NumericValue description='MONTH'>100</NumericValue></CompetencyEvidence>

<CompetencyWeight type='skillLevel'><NumericValue minValue='0' maxValue='100'>99</NumericValue></CompetencyWeight>

<CompetencyWeight type='skillProficiency'><StringValue minValue='BASIC' maxValue='EXCELLENT'>EXCELLENT</StringValue></CompetencyWeight>
</Competency>

<Competency oids='23 ' description='Skill' auth='no' name='Manage the Operation area'>
<CompetencyEvidence name='Extent of Experience' typeDescription='Extent of Experience' type='MONTH' lastUsed='2013'><NumericValue description='MONTH'>100</NumericValue></CompetencyEvidence>

<CompetencyWeight type='skillLevel'><NumericValue minValue='0' maxValue='100'>100</NumericValue></CompetencyWeight>

<CompetencyWeight type='skillProficiency'><StringValue minValue='BASIC' maxValue='EXCELLENT'>EXCELLENT</StringValue></CompetencyWeight>
</Competency>

<Competency oids='47 ' description='Skill' auth='no' name='Manage all trade settlements'>
<CompetencyEvidence name='Extent of Experience' typeDescription='Extent of Experience' type='MONTH' lastUsed='2013'><NumericValue description='MONTH'>100</NumericValue></CompetencyEvidence>

<CompetencyWeight type='skillLevel'><NumericValue minValue='0' maxValue='100'>95</NumericValue></CompetencyWeight>

<CompetencyWeight type='skillProficiency'><StringValue minValue='BASIC' maxValue='EXCELLENT'>EXCELLENT</StringValue></CompetencyWeight>
</Competency>

<Competency oids='50 ' description='Skill' auth='yes' name='Fixed Income'>
<CompetencyEvidence name='Extent of Experience' typeDescription='Extent of Experience' type='MONTH' lastUsed='2013'><NumericValue description='MONTH'>100</NumericValue></CompetencyEvidence>

<CompetencyWeight type='skillLevel'><NumericValue minValue='0' maxValue='100'>95</NumericValue></CompetencyWeight>

<CompetencyWeight type='skillProficiency'><StringValue minValue='BASIC' maxValue='EXCELLENT'>EXCELLENT</StringValue></CompetencyWeight>
</Competency>

<Competency oids='49 ' description='Skill' auth='yes' name='Equities'>
<CompetencyEvidence name='Extent of Experience' typeDescription='Extent of Experience' type='MONTH' lastUsed='2013'><NumericValue description='MONTH'>100</NumericValue></CompetencyEvidence>

<CompetencyEvidence typeDescription='Alias' name='Alias'><StringValue>equity</StringValue></CompetencyEvidence>

<CompetencyWeight type='skillLevel'><NumericValue minValue='0' maxValue='100'>95</NumericValue></CompetencyWeight>

<CompetencyWeight type='skillProficiency'><StringValue minValue='BASIC' maxValue='EXCELLENT'>EXCELLENT</StringValue></CompetencyWeight>
</Competency>

<Competency oids='16 ' description='Skill' auth='yes' name='Disaster Recovery'>
<CompetencyWeight type='skillLevel'><NumericValue minValue='0' maxValue='100'>13</NumericValue></CompetencyWeight>
</Competency>

<Competency oids='13 ' description='Skill' auth='yes' name='Asset Reconciliations'>
<CompetencyEvidence typeDescription='Alias' name='Alias'><StringValue>Asset Reconciliation</StringValue></CompetencyEvidence>

<CompetencyWeight type='skillLevel'><NumericValue minValue='0' maxValue='100'>13</NumericValue></CompetencyWeight>
</Competency>

<Competency oids='6_1 22_1 ' description='Held Position' auth='no' name='OPERATIONS MANAGER'>
<CompetencyEvidence name='Extent of Experience' typeDescription='Extent of Experience' type='MONTH' lastUsed='2013'><NumericValue description='MONTH'>100</NumericValue></CompetencyEvidence>

<CompetencyWeight type='skillLevel'><NumericValue minValue='0' maxValue='100'>100</NumericValue></CompetencyWeight>

<CompetencyWeight type='skillProficiency'><StringValue minValue='BASIC' maxValue='EXCELLENT'>EXCELLENT</StringValue></CompetencyWeight>
</Competency>

<Competency oids='35_1 ' description='Held Position' auth='no' name='the designated disaster recovery specialist'>
<CompetencyEvidence name='Extent of Experience' typeDescription='Extent of Experience' type='MONTH' lastUsed='2013'><NumericValue description='MONTH'>100</NumericValue></CompetencyEvidence>

<CompetencyWeight type='skillLevel'><NumericValue minValue='0' maxValue='100'>99</NumericValue></CompetencyWeight>

<CompetencyWeight type='skillProficiency'><StringValue minValue='BASIC' maxValue='EXCELLENT'>EXCELLENT</StringValue></CompetencyWeight>
</Competency>

<Competency oids='78_1 ' description='Held Position' auth='no' name='managers'>
<CompetencyEvidence name='Extent of Experience' typeDescription='Extent of Experience' type='MONTH' lastUsed='2004'><NumericValue description='MONTH'>28</NumericValue></CompetencyEvidence>

<CompetencyWeight type='skillLevel'><NumericValue minValue='0' maxValue='100'>26</NumericValue></CompetencyWeight>

<CompetencyWeight type='skillProficiency'><StringValue minValue='BASIC' maxValue='EXCELLENT'>BASIC</StringValue></CompetencyWeight>
</Competency>

<Competency oids='55_1 ' description='Held Position' auth='no' name='Web Manager'>
<CompetencyEvidence name='Extent of Experience' typeDescription='Extent of Experience' type='MONTH' lastUsed='2013'><NumericValue description='MONTH'>100</NumericValue></CompetencyEvidence>

<CompetencyWeight type='skillLevel'><NumericValue minValue='0' maxValue='100'>98</NumericValue></CompetencyWeight>

<CompetencyWeight type='skillProficiency'><StringValue minValue='BASIC' maxValue='EXCELLENT'>EXCELLENT</StringValue></CompetencyWeight>
</Competency>

<Competency oids='64_4_1 ' description='Held Position' auth='no' name='Trust Operations Administrator'>
<CompetencyEvidence name='Extent of Experience' typeDescription='Extent of Experience' type='MONTH' lastUsed='2006'><NumericValue description='MONTH'>10</NumericValue></CompetencyEvidence>

<CompetencyWeight type='skillLevel'><NumericValue minValue='0' maxValue='100'>22</NumericValue></CompetencyWeight>

<CompetencyWeight type='skillProficiency'><StringValue minValue='BASIC' maxValue='EXCELLENT'>BASIC</StringValue></CompetencyWeight>
</Competency>

<Competency oids='75_3_1 ' description='Held Position' auth='no' name='Data Analyst'>
<CompetencyEvidence name='Extent of Experience' typeDescription='Extent of Experience' type='MONTH' lastUsed='2004'><NumericValue description='MONTH'>28</NumericValue></CompetencyEvidence>

<CompetencyWeight type='skillLevel'><NumericValue minValue='0' maxValue='100'>27</NumericValue></CompetencyWeight>

<CompetencyWeight type='skillProficiency'><StringValue minValue='BASIC' maxValue='EXCELLENT'>BASIC</StringValue></CompetencyWeight>
</Competency>

<Competency oids='87 ' description='Degree/Qualification > Professional' auth='no' name='CSOP Certification'>
<CompetencyWeight type='skillLevel'><NumericValue minValue='0' maxValue='100'>12</NumericValue></CompetencyWeight>
</Competency>

<Competency oids='82_2 ' description='Degree/Qualification' auth='yes' name='Bachelors Degree > Bachelor of Science > Bachelor of Science Finance / Marketing'>
<CompetencyEvidence name='Application' typeDescription='Application' type='Finance / Marketing'><StringValue>Finance / Marketing</StringValue></CompetencyEvidence>

<CompetencyEvidence typeDescription='Alias' name='Alias'><StringValue>Bachelors of Science in Finance / Marketing</StringValue></CompetencyEvidence>

<CompetencyWeight type='skillLevel'><NumericValue minValue='0' maxValue='100'>12</NumericValue></CompetencyWeight>
</Competency>

<Competency description='Industry' auth='yes' name='industry~accountancy'>
<CompetencyEvidence name='skillCount' typeDescription='skillCount'><NumericValue>2</NumericValue></CompetencyEvidence>

<CompetencyWeight type='skillLevel'><NumericValue minValue='0' maxValue='100'>100</NumericValue></CompetencyWeight>
</Competency>























<RevisionDate id='1'>2013-04-25</RevisionDate>
</StructuredXMLResume>
<NonXMLResume>

<TextResume>



<span inprof='n' id='1' class='date'>{{DOCUMENT_DATESTAMP}} 2013-4-25 {{END_DOCUMENT_DATESTAMP}}</span>


<span inprof='y' id='2' class='nominal'>EWART O. WHYTE</span>



<span inprof='y' id='3' class='email'>EwartOWhyte@gmail.com</span>
             <span inprof='y' id='4' class='location'>140 Elgar Place, Apt. 32H, Bronx NY 10475</span>                              <span inprof='y' id='5' class='telephone'>(917)736-0689</span>



<span inprof='y' id='6_1' class='role'>OPERATIONS MANAGER</span>
An accomplished and talented goal oriented professional who is a creative out of the box thinker capable of adapting to the constantly evolving business environment.  Self-motivated and efficient with a proven track record in <span inprof='y' id='7' class='skill'>database management</span>, <span inprof='y' id='8' class='skill'>reconciliation</span>, <span inprof='y' id='9' class='skill'>trade settlement</span> and other <span inprof='y' id='10' class='skill'>back office</span> operations functions.
Core Competencies
<span inprof='y' id='11' class='skill'>Database Management</span>*Account Setup*Trade Settlement*Trade Break <span inprof='y' id='12' class='skill'>Reconciliation</span>*Cash and <span inprof='y' id='13' class='skill'>Asset Reconciliation</span>*<span inprof='y' id='14' class='skill'>Corporate Actions</span> &#38; ReOrg*<span inprof='y' id='15' class='skill'>Vendor Management</span>*<span inprof='y' id='16' class='skill'>Disaster Recovery</span>*Staff Management &#38; Development*Check Printing*Wire &#38; ACH Originations*<span inprof='y' id='17' class='skill'>Tax</span> Liaison*Compliance reporting &#38; <span inprof='y' id='18' class='skill'>Risk Management</span>

<span inprof='n' id='19' class='work-hist-mark'>PROFESSIONAL EXPERIENCE</span>
<span inprof='y' id='20_1' class='company'>Hudson Valley Bank NA</span>, <span inprof='y' id='20_2' class='location'>Yonkers NY</span>          <span inprof='y' id='20_3_1' class='date'>01/2005</span> to <span inprof='y' id='20_3_2' class='date'>Present</span>
<span inprof='y' id='21' class='company'>AVP, Trust</span> <span inprof='y' id='22_1' class='role'>Operations Manager</span>
<span inprof='y' id='23' class='skill'>Manage the Operation area</span> of <span inprof='n' id='24' class='educational'>the Investment &#38; Trust Department</span> with over <span inprof='n' id='25' class='money'>$345 million dollar</span> asset under management and over 500 accounts. <span inprof='y' id='26' class='skill'>Manage the day</span>-to-day operational function of the Trust Department using <span inprof='n' id='27' class='company'>the Infovisa Maui Trust</span> system. Supervise two Trust Representatives whose main responsibilities are to process the daily work on <span inprof='n' id='28' class='company'>the Maui Trust</span> System. Prepare monthly and quarterly reports for both <span inprof='n' id='29' class='committee'>Trust Committee</span> and Trust Sub Committee meetings. Process Quarterly and annual fees charged to all Trust accounts. Handle all <span inprof='y' id='30' class='skill'>corporate actions</span>, Re-Org, stock split and spin-offs. Execute various <span inprof='y' id='31' class='skill'>mutual fund</span> &#38; money market trades. Oversee all trade settlements, dividend and interest posting as well as all wires and ACH creation and release. Ensure all operational procedures are followed. Interact with internal &#38; external auditors (provide requested information, respond to any operational questions, draft written response to <span inprof='y' id='32' class='skill'>audit</span> issues with regards to operations &#38; ensure timely compliance with all <span inprof='y' id='33' class='skill'>audit</span> issues). <span inprof='y' id='34' class='skill'>Responsible for monthly reconciliation</span> of all department accounts for both cash and custody position. Provide monthly cash and position reports to various departments within the bank. I am <span inprof='y' id='35_1' class='role'>the designated disaster recovery specialist</span> <span inprof='y' id='36' class='skill'>responsible for disaster recovery documentation</span> and <span inprof='y' id='37' class='skill'>procedural implementation</span>. <span inprof='y' id='38' class='skill'>Responsible for year</span>-end <span inprof='y' id='39' class='skill'>tax</span> processing, liaison between Trust Department and <span inprof='n' id='40' class='company'>Thomson</span> <span inprof='n' id='41' class='location'>Reuters</span> responsible Misc. 1099 and 1099R generation and Trust Return filing. I am <span inprof='y' id='42' class='skill'>responsible for the accuracy</span> of Docuware paperless document management system including E-Distribution initiative
  <span inprof='n' id='43' class='title-line'>Key Highlights</span>
    *  Spearhead system conversion from <span inprof='n' id='44' class='company'>Sungard Charlotte Trust</span> System to <span inprof='n' id='45' class='company'>Infovisa Maui Trust</span> System ; 
    *  Reduced conversion cost by <span inprof='n' id='46' class='money'>$15,000</span> by manually building all the files required to map one Trust System to the other ; 
    *  <span inprof='y' id='47' class='skill'>Manage all trade settlements</span>, dividend &#38; interest posting as well as all wires &#38; ACH creation &#38; release ; 
    *  Place and settlement <span inprof='y' id='48' class='skill'>mutual fund</span> trades, confirmation and affirmation of <span inprof='y' id='49' class='skill'>equity</span> and <span inprof='y' id='50' class='skill'>fixed income</span> trades ; 
    *  Draft, Test &#38; implement Disaster Recovery Plan for the Trust Department ; 
    *  <span inprof='y' id='51' class='skill'>Tax Liaison</span> between Trust Department and <span inprof='n' id='52' class='company'>Thomson</span> <span inprof='n' id='53' class='location'>Reuters</span> responsible for 1099 &#38; 1099R generation Trust Return filing. ; 
    *  Manage &#38; create report for compliance &#38; <span inprof='y' id='54' class='skill'>risk management</span> ; 
    *  <span inprof='y' id='55_1' class='role'>Web Manager</span> for online access to Trust Accounts ; 
    *  Manage Paychex <span inprof='y' id='56' class='skill'>Payroll</span> processing for Trust <span inprof='n' id='57' class='bad-occupation'>Employee's</span>, <span inprof='y' id='58' class='skill'>unemployment insurance</span> &#38; workers compensation ; 
    *  Review and Vote Proxy's using <span inprof='n' id='59' class='company'>Broadridge online</span> proxy service ; 
    *  Draft <span inprof='y' id='60' class='skill'>audit</span> responses and interact with both external and internal auditors ; 
    *  <span inprof='y' id='61' class='skill'>Responsible for variance Compliance</span> reporting and documentation ; 
    *  Buy <span inprof='y' id='62' class='skill'>Treasury Bills</span> for <span inprof='n' id='63' class='company'>High Net Worth bank</span> customers ; 
    *  Manage Dreyfus Money Market product

<span inprof='y' id='64_1' class='company'>First County Bank</span>, <span inprof='y' id='64_2' class='location'>Stamford CT</span>          <span inprof='y' id='64_3_1' class='date'>02/06</span> to <span inprof='y' id='64_3_2' class='date'>11/06</span>
<span inprof='y' id='64_4_1' class='role'>Trust Operations Administrator</span>
                                        Maintain <span inprof='y' id='65' class='skill'>Trust Accounting</span> System (<span inprof='n' id='66' class='company'>Sungard Charlotte</span> System).  Reconcile Trust system cash position to bank account daily as well as all money market and <span inprof='y' id='67' class='skill'>mutual fund</span> positions.  Execute <span inprof='y' id='68' class='skill'>mutual fund</span> trades using expediter &#38; Wright trading platform within <span inprof='n' id='69' class='company'>Sungard</span> system. Setup &#38; print all disbursement from <span inprof='n' id='70' class='company'>Sungard</span> via checks, wires or electronic transfers. Use SEI online trading platform for <span inprof='y' id='71' class='skill'>mutual fund</span> trades. Use FTI (Financial Technology Integrators) web base system for <span inprof='y' id='72' class='skill'>portfolio management</span> including <span inprof='y' id='73' class='skill'>account maintenance</span> and <span inprof='n' id='74' class='internet-web-address'>portfolio rebalancing</span>.

<span inprof='y' id='75_1' class='company'>Tremont Capital Management Inc</span>, <span inprof='y' id='75_2' class='location'>Rye NY</span>
<span inprof='y' id='75_3_1' class='role'>Data Analyst</span>          <span inprof='y' id='75_4_1' class='date'>09/02</span> to <span inprof='y' id='75_4_2' class='date'>12/04</span>
                      Maintain and <span inprof='y' id='76' class='skill'>manage the TASS Database</span> by researching and listing all <span inprof='y' id='77' class='skill'>Hedge Funds</span> on TASS. Contact various fund <span inprof='y' id='78_1' class='role'>managers</span> to see if they are interested in listing their fund on the TASS Database. Disperse questionnaire packages to potential clients &#38; fund profiles to clients at their request. Update indices &#38; funds on the TASS Database (calculate ROR &#38; NAV). Handle various projects &#38; queries as they arise. Conduct daily <span inprof='y' id='79' class='skill'>market research</span> on the <span inprof='y' id='80' class='skill'>hedge fund</span> industry as well as the overall market

<span inprof='n' id='81' class='edu-hist-mark'>Education &#38; Skills</span>
<span inprof='y' id='82_1' class='educational'>University at Albany</span> - <span inprof='y' id='82_2' class='qualif'>Bachelors of Science in Finance / Marketing</span>, <span inprof='y' id='82_3' class='date'>2002</span>
<span inprof='n' id='82_4' class='qualif'>Microsoft Office suite</span>, Bloomberg Terminal, Dreyfus <span inprof='n' id='83' class='qualif'>Sub- Accounting</span> System, <span inprof='n' id='84' class='company'>Sungard Charlotte</span> System, Dimension 3000, <span inprof='n' id='85' class='company'>Advent Axys &#38; APX</span>, <span inprof='n' id='86' class='company'>Infovisa Maui</span> system, Fiserv Signature &#38; Nautilus, Completed 2 of 3 levels of <span inprof='y' id='87' class='qualif'>CSOP Certification</span>

</TextResume>

</NonXMLResume>



<UserArea>
<DaxResumeUserArea>
<AdditionalPersonalData>
<ExperienceSummary>
<TotalMonthsOfWorkExperience>138</TotalMonthsOfWorkExperience>
<TotalYearsOfWorkExperience>11</TotalYearsOfWorkExperience>
<TotalMonthsOfManagementWorkExperience>100</TotalMonthsOfManagementWorkExperience>
<TotalYearsOfManagementWorkExperience>8.3</TotalYearsOfManagementWorkExperience>
<TotalMonthsOfMidLevelManagementWorkExperience>100</TotalMonthsOfMidLevelManagementWorkExperience>
<TotalYearsOfMidLevelManagementWorkExperience>8.3</TotalYearsOfMidLevelManagementWorkExperience>
<ExecutiveBrief>Ewart O. Whyte is a resident of Bronx, NY, US. He has been working in the Accountancy  occupational sector for more than 11 years. Currently he is employed as an Operations Manager at Hudson Valley Bank NA. Ewart has an extensive management experience (8.3 years) with exposure to executive/middle management positions.</ExecutiveBrief>
<ManagementRecord>Currently since 2005-01 the candidate had experience at a executive/middle management level working as a Operations Manager at Hudson Valley Bank NA.
</ManagementRecord>
</ExperienceSummary>
</AdditionalPersonalData>
<ParserInfo>
<ParserConfiguration>{max_len=50000} {tel_flag=} {send_zip=} {fast_conv=} {DEF_LOCAL=} {sdate=0} {no_email_body=0} {do_clever_zoning=1} {keep_span=1} {complex=1} {accept_langs=} {not_accept_langs=} {prefer_lang_cv=EN} {pers_only=0} {turbo=0} {split_language=0} {picture=0} {picture_inline=0} {name_space=0} {charset=} {hrxml_upgrade_edu_hist=0}{hrxml_add_languages_section=0}{spool=} {docID=} {user=DEFAULT} </ParserConfiguration>
<ParserRelease>0.12.3.32629</ParserRelease>
<ParserReleaseDate>2014-06-18</ParserReleaseDate>
<ParserSchema>2.0.29</ParserSchema>
<ParserSchemaLocation>http://cvx.daxtra.com/cvts/xsd/candidate/2.0.29/Resume.xsd</ParserSchemaLocation>
<ConverterRelease>0.5.2.32629</ConverterRelease>
<ConverterReleaseDate>2014-06-18</ConverterReleaseDate>
</ParserInfo>
<FileStruct filename='/home/izoom/anazarov/grammar/analysis/3rconnect/doc/100_Resumes-Walsh/EWART Whyte Operations Professional updated.doc'>

<attachment fname='EWART Whyte Operations Professional updated.doc' ftype='doc' conv='yes' doc_type='cv' lang='EN'>/home/izoom/anazarov/grammar/analysis/3rconnect/doc/100_Resumes-Walsh/EWART Whyte Operations Professional updated.doc</attachment>


</FileStruct>
</DaxResumeUserArea>
</UserArea>
</Resume>
