<?xml version='1.0' encoding='ISO-8859-1'?>
<Resume lang='en' src='DAXTRA-CVX schema:2.0.29 release:0.12.3.32629 rdate:2014-06-18'>
<StructuredXMLResume>
<ContactInfo>
<PersonName id='2'>
<FormattedName>Eugene Zompa</FormattedName>
<GivenName>Eugene</GivenName>
<FamilyName>Zompa</FamilyName>
<sex>Male</sex>
</PersonName>
<ContactMethod>
<Telephone id='4' type='home'>
<InternationalCountryCode>1</InternationalCountryCode>
<SubscriberNumber>516 328-3834</SubscriberNumber>
<FormattedNumber>+1 516 328-3834</FormattedNumber></Telephone>

<InternetEmailAddress id='5' oids='5 6 ' type='main'>nyzomp@aol.com</InternetEmailAddress>
<PostalAddress id='3' type='main'>
<CountryCode>US</CountryCode>
<PostalCode>11040</PostalCode>
<Region>NY</Region>
<Municipality>New Hyde Park</Municipality>
<DeliveryAddress>
<AddressLine>630 South 11th Street</AddressLine>
<StreetName>South 11th Street</StreetName>
<BuildingNumber>630</BuildingNumber>
</DeliveryAddress>

</PostalAddress>
</ContactMethod>
</ContactInfo>


<EmploymentHistory>
<EmployerOrg employerOrgType='soleEmployer'>
<EmployerOrgName id='11_1'>Humes-Schmidlapp Associates</EmployerOrgName>
<EmployerContactInfo>
<LocationSummary id='11_2'>
<Municipality>New York</Municipality>
<Region>NY</Region>
<CountryCode>US</CountryCode>
</LocationSummary>
</EmployerContactInfo>
<PositionHistory positionType='PERMANENT'>
<Title id='13_1'>General Office Manager</Title>
<OrgName id='11_1'>Humes-Schmidlapp Associates</OrgName>

<OrgIndustry primaryIndicator='true'><IndustryDescription>Experience</IndustryDescription></OrgIndustry>

<Description>Industry Experience: Internal and External Auditing, Recordkeeping, Banking, Brokerage, Legal, Insurance, Purchasing and Event Planning.
Notable Clients: The Honorable John P. Humes, former United States Ambassador to Austria; Thomas J. Watson, Jr., former Chairman of IBM and Hildegarde G. van Roijen, Washington, DC artist and sculptor.

    *    Plan and perform all aspects of daily internal projects controlling clients' assets and personal activities. ; 
    *    Developed and monitored multi-million dollar budgets for all aspects of clients' personal and business affairs. ; 
    *    Maintained detailed records of all client activity including investment portfolios in excess of $90M, legal, insurance, taxes and personal and business income and outgo. ; 
    *    Perform analysis of financial and statistical reports for confidence in existing methods and development of new and more efficient procedures. ; 
    *    Preparation of oral and written presentations to assist management's decision-making process. ; 
    *    Composed recommendations to management based on internal and external audit findings. ; 
    *    Planned and conducted effective meetings with management and clients. ; 
    *    Responsible for supervision, review and finalization of work performed by staff. ; 
    *    Responsible for training of new staff in office procedures and equipment.

PricewaterhouseCoopers; New York, NY    3 Years ,</Description>
<StartDate id='11_3_1'><Year>1989</Year></StartDate>
<EndDate id='11_3_2'><Year>2012</Year></EndDate>



<JobLevelInfo>
<JobGrade>joblevel-management-low</JobGrade>
</JobLevelInfo>

<JobCategory>
<TaxonomyName>JOBAREA</TaxonomyName>
<CategoryCode>accountancy</CategoryCode>
</JobCategory>


<UserArea>
<DaxPositionHistoryUserArea>
<TLSPAN first_id='11' last_id='33' border_id='0'></TLSPAN>
<MonthsOfWork>276</MonthsOfWork>
</DaxPositionHistoryUserArea>
</UserArea>
</PositionHistory>
</EmployerOrg>

</EmploymentHistory>
<EducationHistory>
<SchoolOrInstitution schoolType='university'>
<SchoolName id='47_1'>Villanova University</SchoolName>



<Degree degreeType='bachelors'>
<DegreeName id='47_2'>Bachelor of Science</DegreeName>

</Degree>
<Major id='47_2'>Business Administration-Accounting</Major>




</SchoolOrInstitution>

</EducationHistory>











<Competency oids='15 30 ' description='Skill' auth='yes' name='External Audit'>
<CompetencyEvidence name='Extent of Experience' typeDescription='Extent of Experience' type='MONTH' lastUsed='2012'><NumericValue description='MONTH'>276</NumericValue></CompetencyEvidence>

<CompetencyEvidence typeDescription='Alias' name='Alias'><StringValue>External Auditing</StringValue></CompetencyEvidence>

<CompetencyWeight type='skillLevel'><NumericValue minValue='0' maxValue='100'>99</NumericValue></CompetencyWeight>

<CompetencyWeight type='skillProficiency'><StringValue minValue='BASIC' maxValue='EXCELLENT'>EXCELLENT</StringValue></CompetencyWeight>
</Competency>

<Competency oids='35 ' description='Skill' auth='no' name='transactional testing'>
<CompetencyWeight type='skillLevel'><NumericValue minValue='0' maxValue='100'>14</NumericValue></CompetencyWeight>
</Competency>

<Competency oids='7 ' description='Skill' auth='no' name='strong leadership skills'>
<CompetencyWeight type='skillLevel'><NumericValue minValue='0' maxValue='100'>14</NumericValue></CompetencyWeight>
</Competency>

<Competency oids='8 ' description='Skill' auth='no' name='not only support'>
<CompetencyWeight type='skillLevel'><NumericValue minValue='0' maxValue='100'>14</NumericValue></CompetencyWeight>
</Competency>

<Competency oids='27 ' description='Skill' auth='no' name='budgets'>
<CompetencyEvidence name='Extent of Experience' typeDescription='Extent of Experience' type='MONTH' lastUsed='2012'><NumericValue description='MONTH'>276</NumericValue></CompetencyEvidence>

<CompetencyWeight type='skillLevel'><NumericValue minValue='0' maxValue='100'>96</NumericValue></CompetencyWeight>

<CompetencyWeight type='skillProficiency'><StringValue minValue='BASIC' maxValue='EXCELLENT'>EXCELLENT</StringValue></CompetencyWeight>
</Competency>

<Competency oids='42 ' description='Skill' auth='no' name='audit testing'>
<CompetencyWeight type='skillLevel'><NumericValue minValue='0' maxValue='100'>14</NumericValue></CompetencyWeight>
</Competency>

<Competency oids='32 ' description='Skill' auth='no' name='Responsible for training'>
<CompetencyEvidence name='Extent of Experience' typeDescription='Extent of Experience' type='MONTH' lastUsed='2012'><NumericValue description='MONTH'>276</NumericValue></CompetencyEvidence>

<CompetencyWeight type='skillLevel'><NumericValue minValue='0' maxValue='100'>95</NumericValue></CompetencyWeight>

<CompetencyWeight type='skillProficiency'><StringValue minValue='BASIC' maxValue='EXCELLENT'>EXCELLENT</StringValue></CompetencyWeight>
</Competency>

<Competency oids='31 ' description='Skill' auth='no' name='Responsible for supervision'>
<CompetencyEvidence name='Extent of Experience' typeDescription='Extent of Experience' type='MONTH' lastUsed='2012'><NumericValue description='MONTH'>276</NumericValue></CompetencyEvidence>

<CompetencyWeight type='skillLevel'><NumericValue minValue='0' maxValue='100'>95</NumericValue></CompetencyWeight>

<CompetencyWeight type='skillProficiency'><StringValue minValue='BASIC' maxValue='EXCELLENT'>EXCELLENT</StringValue></CompetencyWeight>
</Competency>

<Competency oids='45 ' description='Skill > IT' auth='yes' name='Microsoft Word'>
<CompetencyEvidence typeDescription='Alias' name='Alias'><StringValue>Word</StringValue></CompetencyEvidence>

<CompetencyWeight type='skillLevel'><NumericValue minValue='0' maxValue='100'>14</NumericValue></CompetencyWeight>
</Competency>

<Competency oids='44 ' description='Skill > IT' auth='yes' name='Microsoft Excel'>
<CompetencyWeight type='skillLevel'><NumericValue minValue='0' maxValue='100'>14</NumericValue></CompetencyWeight>
</Competency>

<Competency oids='34 ' description='Skill' auth='yes' name='Ledgers'>
<CompetencyWeight type='skillLevel'><NumericValue minValue='0' maxValue='100'>14</NumericValue></CompetencyWeight>
</Competency>

<Competency oids='17 ' description='Skill' auth='no' name='Event Planning'>
<CompetencyEvidence name='Extent of Experience' typeDescription='Extent of Experience' type='MONTH' lastUsed='2012'><NumericValue description='MONTH'>276</NumericValue></CompetencyEvidence>

<CompetencyWeight type='skillLevel'><NumericValue minValue='0' maxValue='100'>97</NumericValue></CompetencyWeight>

<CompetencyWeight type='skillProficiency'><StringValue minValue='BASIC' maxValue='EXCELLENT'>EXCELLENT</StringValue></CompetencyWeight>
</Competency>

<Competency oids='16 ' description='Skill' auth='yes' name='Brokerage'>
<CompetencyEvidence name='Extent of Experience' typeDescription='Extent of Experience' type='MONTH' lastUsed='2012'><NumericValue description='MONTH'>276</NumericValue></CompetencyEvidence>

<CompetencyWeight type='skillLevel'><NumericValue minValue='0' maxValue='100'>98</NumericValue></CompetencyWeight>

<CompetencyWeight type='skillProficiency'><StringValue minValue='BASIC' maxValue='EXCELLENT'>EXCELLENT</StringValue></CompetencyWeight>
</Competency>

<Competency oids='12 ' description='Skill' auth='yes' name='Audit'>
<CompetencyEvidence name='Extent of Experience' typeDescription='Extent of Experience' type='MONTH' lastUsed='2012'><NumericValue description='MONTH'>276</NumericValue></CompetencyEvidence>

<CompetencyWeight type='skillLevel'><NumericValue minValue='0' maxValue='100'>100</NumericValue></CompetencyWeight>

<CompetencyWeight type='skillProficiency'><StringValue minValue='BASIC' maxValue='EXCELLENT'>EXCELLENT</StringValue></CompetencyWeight>
</Competency>

<Competency oids='26_2 ' description='Held Position' auth='no' name='sculptor'>
<CompetencyEvidence name='Extent of Experience' typeDescription='Extent of Experience' type='MONTH' lastUsed='2012'><NumericValue description='MONTH'>276</NumericValue></CompetencyEvidence>

<CompetencyWeight type='skillLevel'><NumericValue minValue='0' maxValue='100'>99</NumericValue></CompetencyWeight>

<CompetencyWeight type='skillProficiency'><StringValue minValue='BASIC' maxValue='EXCELLENT'>EXCELLENT</StringValue></CompetencyWeight>
</Competency>

<Competency oids='9_1 ' description='Held Position' auth='no' name='managers'>
<CompetencyWeight type='skillLevel'><NumericValue minValue='0' maxValue='100'>14</NumericValue></CompetencyWeight>
</Competency>

<Competency oids='26_1 ' description='Held Position' auth='no' name='artist'>
<CompetencyEvidence name='Extent of Experience' typeDescription='Extent of Experience' type='MONTH' lastUsed='2012'><NumericValue description='MONTH'>276</NumericValue></CompetencyEvidence>

<CompetencyWeight type='skillLevel'><NumericValue minValue='0' maxValue='100'>99</NumericValue></CompetencyWeight>

<CompetencyWeight type='skillProficiency'><StringValue minValue='BASIC' maxValue='EXCELLENT'>EXCELLENT</StringValue></CompetencyWeight>
</Competency>

<Competency oids='33_4_1 ' description='Held Position' auth='no' name='Staff Accountant'>
<CompetencyEvidence name='Extent of Experience' typeDescription='Extent of Experience' type='MONTH' lastUsed='2012'><NumericValue description='MONTH'>276</NumericValue></CompetencyEvidence>

<CompetencyWeight type='skillLevel'><NumericValue minValue='0' maxValue='100'>97</NumericValue></CompetencyWeight>

<CompetencyWeight type='skillProficiency'><StringValue minValue='BASIC' maxValue='EXCELLENT'>EXCELLENT</StringValue></CompetencyWeight>
</Competency>

<Competency oids='13_1 ' description='Held Position' auth='no' name='General Office Manager'>
<CompetencyEvidence name='Extent of Experience' typeDescription='Extent of Experience' type='MONTH' lastUsed='2012'><NumericValue description='MONTH'>276</NumericValue></CompetencyEvidence>

<CompetencyWeight type='skillLevel'><NumericValue minValue='0' maxValue='100'>100</NumericValue></CompetencyWeight>

<CompetencyWeight type='skillProficiency'><StringValue minValue='BASIC' maxValue='EXCELLENT'>EXCELLENT</StringValue></CompetencyWeight>
</Competency>

<Competency oids='33_4_2 ' description='Held Position' auth='no' name='Auditor'>
<CompetencyEvidence name='Extent of Experience' typeDescription='Extent of Experience' type='MONTH' lastUsed='2012'><NumericValue description='MONTH'>276</NumericValue></CompetencyEvidence>

<CompetencyWeight type='skillLevel'><NumericValue minValue='0' maxValue='100'>97</NumericValue></CompetencyWeight>

<CompetencyWeight type='skillProficiency'><StringValue minValue='BASIC' maxValue='EXCELLENT'>EXCELLENT</StringValue></CompetencyWeight>
</Competency>

<Competency oids='47_2 ' description='Degree/Qualification' auth='yes' name='Bachelors Degree > Bachelor of Science > Bachelor of Science Business Administration-Accounting'>
<CompetencyEvidence name='Application' typeDescription='Application' type='Business Administration-Accounting'><StringValue>Business Administration-Accounting</StringValue></CompetencyEvidence>

<CompetencyEvidence typeDescription='Alias' name='Alias'><StringValue>Bachelor of Science in Business Administration-Accounting</StringValue></CompetencyEvidence>

<CompetencyWeight type='skillLevel'><NumericValue minValue='0' maxValue='100'>12</NumericValue></CompetencyWeight>
</Competency>

<Competency description='Industry' auth='yes' name='industry~accountancy'>
<CompetencyEvidence name='skillCount' typeDescription='skillCount'><NumericValue>1</NumericValue></CompetencyEvidence>

<CompetencyWeight type='skillLevel'><NumericValue minValue='0' maxValue='100'>100</NumericValue></CompetencyWeight>
</Competency>























<RevisionDate id='1'>2013-03-27</RevisionDate>
</StructuredXMLResume>
<NonXMLResume>

<TextResume>



<span inprof='n' id='1' class='date'>{{DOCUMENT_DATESTAMP}} 2013-03-27 {{END_DOCUMENT_DATESTAMP}}</span> 

<span inprof='y' id='2' class='nominal'>Eugene Zompa</span>
<span inprof='y' id='3' class='location'>630 South 11th Street, New Hyde Park, NY 11040</span>
<span inprof='y' id='4' class='telephone'>516-328-3834</span>
<span inprof='y' id='5' class='email'>E-mail: nyzomp@aol.com</span> - <span inprof='y' id='6' class='email'>email: nyzomp@aol.com</span>



Summary of Professional Qualifications:

Possess <span inprof='y' id='7' class='skill'>strong leadership skills</span> to <span inprof='y' id='8' class='skill'>not only support</span> the goals, vision and values of a growth-oriented organization on a business level, but also caring on a personal level in achieving them. Successful in developing and nurturing relationships with staff, <span inprof='y' id='9_1' class='role'>managers</span> and executives in multi-faceted business and industrial environments.

<span inprof='n' id='10' class='work-hist-mark'>Professional Experiences:</span>

<span inprof='y' id='11_1' class='company'>Humes-Schmidlapp Associates</span>; <span inprof='y' id='11_2' class='location'>New York, NY</span>                            <span inprof='y' id='11_3_1' class='date'>1989</span>-<span inprof='y' id='11_3_2' class='date'>2012</span>
<span inprof='y' id='12' class='skill'>Audit</span> Experienced/Accounting Senior/<span inprof='y' id='13_1' class='role'>General Office Manager</span>
<span inprof='n' id='14' class='industry-sector'>Industry Experience</span>: Internal and <span inprof='y' id='15' class='skill'>External Auditing</span>, Recordkeeping, Banking, <span inprof='y' id='16' class='skill'>Brokerage</span>, Legal, Insurance, Purchasing and <span inprof='y' id='17' class='skill'>Event Planning</span>.
Notable Clients: The Honorable <span inprof='n' id='18' class='nominal'>John P. Humes</span>, <span inprof='n' id='19' class='occupation'>former United States Ambassador</span> to <span inprof='n' id='20' class='location'>Austria</span>; <span inprof='n' id='21' class='nominal'>Thomas J. Watson, Jr.</span>, <span inprof='n' id='22' class='occupation'>former Chairman</span> of <span inprof='n' id='23' class='company'>IBM</span> and <span inprof='n' id='24' class='nominal'>Hildegarde G. van Roijen</span>, <span inprof='n' id='25' class='location'>Washington, DC</span> <span inprof='y' id='26_1' class='role'>artist</span> and <span inprof='y' id='26_2' class='role'>sculptor</span>.

    *    Plan and perform all aspects of daily internal projects controlling clients' assets and personal activities. ; 
    *    Developed and monitored multi-million dollar <span inprof='y' id='27' class='skill'>budgets</span> for all aspects of clients' personal and business affairs. ; 
    *    Maintained detailed records of all client activity including investment portfolios in excess of <span inprof='n' id='28' class='money'>$90M</span>, legal, <span inprof='n' id='29' class='qualif'>insurance, taxes and personal and business</span> income and outgo. ; 
    *    Perform analysis of financial and statistical reports for confidence in existing methods and development of new and more efficient procedures. ; 
    *    Preparation of oral and written presentations to assist management's decision-making process. ; 
    *    Composed recommendations to management based on internal and <span inprof='y' id='30' class='skill'>external audit</span> findings. ; 
    *    Planned and conducted effective meetings with management and clients. ; 
    *    <span inprof='y' id='31' class='skill'>Responsible for supervision</span>, review and finalization of work performed by staff. ; 
    *    <span inprof='y' id='32' class='skill'>Responsible for training</span> of new staff in office procedures and equipment.

<span inprof='n' id='33_1' class='company'>PricewaterhouseCoopers</span>; <span inprof='y' id='33_2' class='location'>New York, NY</span>                                <span inprof='n' id='33_3' class='duration'>3 Years</span>
<span inprof='y' id='33_4_1' class='role'>Staff Accountant</span>/<span inprof='y' id='33_4_2' class='role'>Auditor</span>

*    Audited internal client <span inprof='y' id='34' class='skill'>ledgers</span> and systems and performed functional and <span inprof='y' id='35' class='skill'>transactional testing</span> for compliance and accuracy, notably <span inprof='n' id='36' class='company'>Sunshine Mining Corp.</span>, <span inprof='n' id='37' class='location'>Boise, ID</span>; <span inprof='n' id='38' class='company'>General Development Corp.</span>, <span inprof='n' id='39' class='location'>Miami, FL</span>; and <span inprof='n' id='40' class='company'>US Trust Corp.</span>, <span inprof='n' id='41' class='location'>New York, NY.</span> ; 
*    Preparation of management comment letters recommending changes in procedures necessary to maintain and improve internal operating systems based on <span inprof='y' id='42' class='skill'>audit testing</span> performed.

Summary of Skills:
<span inprof='n' id='43' class='skills-qualif-mark'>Computer Skills:</span> <span inprof='y' id='44' class='sofwr'>Microsoft Excel</span> and <span inprof='y' id='45' class='sofwr'>Word</span>.  TurboTax.

<span inprof='n' id='46' class='edu-hist-mark'>Education:</span>
<span inprof='y' id='47_1' class='educational'>Villanova University</span>, <span inprof='y' id='47_2' class='qualif'>Bachelor of Science in Business Administration-Accounting</span>

</TextResume>

</NonXMLResume>



<UserArea>
<DaxResumeUserArea>
<AdditionalPersonalData>
<ExperienceSummary>
<TotalMonthsOfWorkExperience>276</TotalMonthsOfWorkExperience>
<TotalYearsOfWorkExperience>23</TotalYearsOfWorkExperience>
<TotalMonthsOfManagementWorkExperience>276</TotalMonthsOfManagementWorkExperience>
<TotalYearsOfManagementWorkExperience>23</TotalYearsOfManagementWorkExperience>
<TotalMonthsOfLowLevelManagementWorkExperience>276</TotalMonthsOfLowLevelManagementWorkExperience>
<TotalYearsOfLowLevelManagementWorkExperience>23</TotalYearsOfLowLevelManagementWorkExperience>
<ExecutiveBrief>Eugene Zompa is a resident of New Hyde Park, NY, US. He has been working in the Accountancy  occupational sector for more than 23 years. During his last employment he was working as a General Office Manager at Humes-Schmidlapp Associates. Eugene has an extensive management experience (23 years).</ExecutiveBrief>
<ManagementRecord>Since 1989 for 276 months the candidate had experience at a lower grade management level working as a General Office Manager at Humes-Schmidlapp Associates.
</ManagementRecord>
</ExperienceSummary>
</AdditionalPersonalData>
<ParserInfo>
<ParserConfiguration>{max_len=50000} {tel_flag=} {send_zip=} {fast_conv=} {DEF_LOCAL=} {sdate=0} {no_email_body=0} {do_clever_zoning=1} {keep_span=1} {complex=1} {accept_langs=} {not_accept_langs=} {prefer_lang_cv=EN} {pers_only=0} {turbo=0} {split_language=0} {picture=0} {picture_inline=0} {name_space=0} {charset=} {hrxml_upgrade_edu_hist=0}{hrxml_add_languages_section=0}{spool=} {docID=} {user=DEFAULT} </ParserConfiguration>
<ParserRelease>0.12.3.32629</ParserRelease>
<ParserReleaseDate>2014-06-18</ParserReleaseDate>
<ParserSchema>2.0.29</ParserSchema>
<ParserSchemaLocation>http://cvx.daxtra.com/cvts/xsd/candidate/2.0.29/Resume.xsd</ParserSchemaLocation>
<ConverterRelease>0.5.2.32629</ConverterRelease>
<ConverterReleaseDate>2014-06-18</ConverterReleaseDate>
</ParserInfo>
<FileStruct filename='/home/izoom/anazarov/grammar/analysis/3rconnect/doc/100_Resumes-Walsh/GENE RESUME 2013.docx'>

<attachment fname='GENE RESUME 2013.docx' ftype='docx' conv='yes' doc_type='cv' lang='EN'>/home/izoom/anazarov/grammar/analysis/3rconnect/doc/100_Resumes-Walsh/GENE RESUME 2013.docx</attachment>


</FileStruct>
</DaxResumeUserArea>
</UserArea>
</Resume>
