<?xml version='1.0' encoding='ISO-8859-1'?>
<Resume lang='en' src='DAXTRA-CVX schema:2.0.29 release:0.12.3.32629 rdate:2014-06-18'>
<StructuredXMLResume>
<ContactInfo>
<PersonName id='2'>
<FormattedName>George Eng</FormattedName>
<GivenName>George</GivenName>
<FamilyName>Eng</FamilyName>
<sex>Male</sex>
</PersonName>
<ContactMethod>
<Telephone id='4' type='home'>
<InternationalCountryCode>1</InternationalCountryCode>
<SubscriberNumber>917 680-5888</SubscriberNumber>
<FormattedNumber>+1 917 680-5888</FormattedNumber></Telephone>

<InternetEmailAddress id='5' type='main'>EngGeorge@aol.com</InternetEmailAddress>
<PostalAddress id='3' type='main'>
<CountryCode>US</CountryCode>
<PostalCode>11234-4408</PostalCode>
<Region>NY</Region>
<Municipality>Brooklyn</Municipality>
<DeliveryAddress>
<AddressLine>1740 E 38th St</AddressLine>
<StreetName>E 38th St</StreetName>
<BuildingNumber>1740</BuildingNumber>
</DeliveryAddress>

</PostalAddress>
</ContactMethod>
</ContactInfo>
<ExecutiveSummary>Team player with excellent time management and communication skills seeks a position in the Financial Services Industry which will provide me with the opportunities to utilize my various experiences, skills and proven abilities</ExecutiveSummary>


<EmploymentHistory>
<EmployerOrg employerOrgType='soleEmployer'>
<EmployerOrgName id='11_1'>Morgan Stanley</EmployerOrgName>
<EmployerContactInfo>
<LocationSummary id='11_2'>
<Municipality>New York</Municipality>
<Region>NY</Region>
<CountryCode>US</CountryCode>
</LocationSummary>
</EmployerContactInfo>
<PositionHistory positionType='PERMANENT'>
<Title id='11_4_1'>Global Wealth Management</Title>
<Title id='11_4_2'>Institutional Client Support</Title>
<OrgName id='11_1'>Morgan Stanley</OrgName>



<Description>*  Responsible for reconciling performance data for Morgan Stanley Smith Barney's Institutional Advisors and Consulting Group Analysts ; 
    *  Analyze monthly performance data and advise discrepancies to Branch Analysts ; 
    *  Liaise with various Custodians where accounts are held outside of MSSB ; 
    *  On-boarding processing and centralization of outside custody client performance within the firm ; 
    *  Participate in the joint venture testing of systems during the Morgan Stanley Smith Barney conversion of accounts ;</Description>
<StartDate id='11_3_1'><YearMonth>2011-09</YearMonth></StartDate>
<EndDate id='11_3_2'>notApplicable</EndDate>



<JobLevelInfo>
<JobGrade>joblevel-management-mid</JobGrade>
</JobLevelInfo>

<JobCategory>
<TaxonomyName>JOBAREA</TaxonomyName>
<CategoryCode>customer-service</CategoryCode>
</JobCategory>


<UserArea>
<DaxPositionHistoryUserArea>
<TLSPAN first_id='11' last_id='16' border_id='17'></TLSPAN>
<MonthsOfWork>20</MonthsOfWork>
</DaxPositionHistoryUserArea>
</UserArea>
</PositionHistory>
</EmployerOrg>

<EmployerOrg employerOrgType='soleEmployer'>
<EmployerOrgName id='17_1'>Citi</EmployerOrgName>
<EmployerContactInfo>
<LocationSummary id='17_2'>
<Municipality>New York</Municipality>
<Region>NY</Region>
<CountryCode>US</CountryCode>
</LocationSummary>
</EmployerContactInfo>
<PositionHistory positionType='PERMANENT'>
<Title id='17_4_1'>Global Transactions Services - Operations Administrator</Title>
<OrgName id='17_1'>Citi</OrgName>



<Description>*	Collaborated closely with a portfolio management and trading system specifically geared for the Third Party distribution of Citi/Legg Mason Asset Management's products (Separately Managed Accounts) 
    *	Handled the day-to-day administering of various managed new accounts and accounts maintenance functions/processes including withdrawal requests, terminations and liquidation of accounts 
    *	Interacted extensively with external clients, as well as Asset Management personnel including trading desk and account specialists 
    *	Reviewed new account documents, opened accounts on sponsor system and internal accounting system, reconciled accounts 
    *  Performed on special projects in addition to daily responsibilities which included new account, database management, trade support, securities control, reconciliation and client service ;</Description>
<StartDate id='17_3_1'><YearMonth>2008-04</YearMonth></StartDate>
<EndDate id='17_3_2'><YearMonth>2011-07</YearMonth></EndDate>



<JobLevelInfo>
<JobGrade>joblevel-management-mid</JobGrade>
</JobLevelInfo>

<JobCategory>
<TaxonomyName>JOBAREA</TaxonomyName>
<CategoryCode>accountancy</CategoryCode>
</JobCategory>


<UserArea>
<DaxPositionHistoryUserArea>
<TLSPAN first_id='17' last_id='26' border_id='0'></TLSPAN>
<MonthsOfWork>40</MonthsOfWork>
</DaxPositionHistoryUserArea>
</UserArea>
</PositionHistory>
</EmployerOrg>

</EmploymentHistory>
<EducationHistory>
<SchoolOrInstitution schoolType='university'>
<SchoolName id='34_1'>New York University</SchoolName>
<LocationSummary id='34_2'>
<Municipality>New York</Municipality>
<Region>NY</Region>
<CountryCode>US</CountryCode>
</LocationSummary>


<Degree degreeType='bachelors'>
<DegreeName id='34_3'>Bachelor of Arts</DegreeName>

</Degree>
<Major id='34_3'>Computer Science</Major>




</SchoolOrInstitution>

</EducationHistory>











<Competency oids='29 32 ' description='Skill > IT' auth='yes' name='Microsoft Outlook'>
<CompetencyWeight type='skillLevel'><NumericValue minValue='0' maxValue='100'>13</NumericValue></CompetencyWeight>
</Competency>

<Competency oids='25 ' description='Skill' auth='no' name='trade support'>
<CompetencyEvidence name='Extent of Experience' typeDescription='Extent of Experience' type='MONTH' lastUsed='2011'><NumericValue description='MONTH'>40</NumericValue></CompetencyEvidence>

<CompetencyWeight type='skillLevel'><NumericValue minValue='0' maxValue='100'>70</NumericValue></CompetencyWeight>

<CompetencyWeight type='skillProficiency'><StringValue minValue='BASIC' maxValue='EXCELLENT'>GOOD</StringValue></CompetencyWeight>
</Competency>

<Competency oids='7 ' description='Skill' auth='no' name='excellent time management'>
<CompetencyWeight type='skillLevel'><NumericValue minValue='0' maxValue='100'>87</NumericValue></CompetencyWeight>

<CompetencyWeight type='skillProficiency'><StringValue minValue='BASIC' maxValue='EXCELLENT'>EXCELLENT</StringValue></CompetencyWeight>
</Competency>

<Competency oids='20 ' description='Skill' auth='no' name='day-to-day administering'>
<CompetencyEvidence name='Extent of Experience' typeDescription='Extent of Experience' type='MONTH' lastUsed='2011'><NumericValue description='MONTH'>40</NumericValue></CompetencyEvidence>

<CompetencyWeight type='skillLevel'><NumericValue minValue='0' maxValue='100'>74</NumericValue></CompetencyWeight>

<CompetencyWeight type='skillProficiency'><StringValue minValue='BASIC' maxValue='EXCELLENT'>GOOD</StringValue></CompetencyWeight>
</Competency>

<Competency oids='24 ' description='Skill' auth='no' name='database management'>
<CompetencyEvidence name='Extent of Experience' typeDescription='Extent of Experience' type='MONTH' lastUsed='2011'><NumericValue description='MONTH'>40</NumericValue></CompetencyEvidence>

<CompetencyWeight type='skillLevel'><NumericValue minValue='0' maxValue='100'>71</NumericValue></CompetencyWeight>

<CompetencyWeight type='skillProficiency'><StringValue minValue='BASIC' maxValue='EXCELLENT'>GOOD</StringValue></CompetencyWeight>
</Competency>

<Competency oids='8 ' description='Skill' auth='no' name='communication skills'>
<CompetencyWeight type='skillLevel'><NumericValue minValue='0' maxValue='100'>87</NumericValue></CompetencyWeight>

<CompetencyWeight type='skillProficiency'><StringValue minValue='BASIC' maxValue='EXCELLENT'>EXCELLENT</StringValue></CompetencyWeight>
</Competency>

<Competency oids='22 ' description='Skill' auth='yes' name='Trading'>
<CompetencyEvidence name='Extent of Experience' typeDescription='Extent of Experience' type='MONTH' lastUsed='2011'><NumericValue description='MONTH'>40</NumericValue></CompetencyEvidence>

<CompetencyEvidence typeDescription='Alias' name='Alias'><StringValue>trading desk</StringValue></CompetencyEvidence>

<CompetencyWeight type='skillLevel'><NumericValue minValue='0' maxValue='100'>73</NumericValue></CompetencyWeight>

<CompetencyWeight type='skillProficiency'><StringValue minValue='BASIC' maxValue='EXCELLENT'>GOOD</StringValue></CompetencyWeight>
</Competency>

<Competency oids='6 ' description='Skill' auth='no' name='Team player'>
<CompetencyWeight type='skillLevel'><NumericValue minValue='0' maxValue='100'>87</NumericValue></CompetencyWeight>

<CompetencyWeight type='skillProficiency'><StringValue minValue='BASIC' maxValue='EXCELLENT'>EXCELLENT</StringValue></CompetencyWeight>
</Competency>

<Competency oids='12 ' description='Skill' auth='no' name='Responsible for reconciling performance data'>
<CompetencyEvidence name='Extent of Experience' typeDescription='Extent of Experience' type='MONTH' lastUsed='2013'><NumericValue description='MONTH'>20</NumericValue></CompetencyEvidence>

<CompetencyWeight type='skillLevel'><NumericValue minValue='0' maxValue='100'>100</NumericValue></CompetencyWeight>

<CompetencyWeight type='skillProficiency'><StringValue minValue='BASIC' maxValue='EXCELLENT'>EXCELLENT</StringValue></CompetencyWeight>
</Competency>

<Competency oids='26 ' description='Skill' auth='yes' name='Reconciliations'>
<CompetencyEvidence name='Extent of Experience' typeDescription='Extent of Experience' type='MONTH' lastUsed='2011'><NumericValue description='MONTH'>40</NumericValue></CompetencyEvidence>

<CompetencyEvidence typeDescription='Alias' name='Alias'><StringValue>reconciliation</StringValue></CompetencyEvidence>

<CompetencyWeight type='skillLevel'><NumericValue minValue='0' maxValue='100'>70</NumericValue></CompetencyWeight>

<CompetencyWeight type='skillProficiency'><StringValue minValue='BASIC' maxValue='EXCELLENT'>GOOD</StringValue></CompetencyWeight>
</Competency>

<Competency oids='18 ' description='Skill' auth='yes' name='Portfolio Administration'>
<CompetencyEvidence name='Extent of Experience' typeDescription='Extent of Experience' type='MONTH' lastUsed='2011'><NumericValue description='MONTH'>40</NumericValue></CompetencyEvidence>

<CompetencyEvidence typeDescription='Alias' name='Alias'><StringValue>portfolio management</StringValue></CompetencyEvidence>

<CompetencyWeight type='skillLevel'><NumericValue minValue='0' maxValue='100'>75</NumericValue></CompetencyWeight>

<CompetencyWeight type='skillProficiency'><StringValue minValue='BASIC' maxValue='EXCELLENT'>GOOD</StringValue></CompetencyWeight>
</Competency>

<Competency oids='28 ' description='Skill > IT' auth='yes' name='Microsoft Word'>
<CompetencyWeight type='skillLevel'><NumericValue minValue='0' maxValue='100'>13</NumericValue></CompetencyWeight>
</Competency>

<Competency oids='30 ' description='Skill > IT' auth='yes' name='Microsoft Excel'>
<CompetencyWeight type='skillLevel'><NumericValue minValue='0' maxValue='100'>13</NumericValue></CompetencyWeight>
</Competency>

<Competency oids='15 ' description='Skill' auth='yes' name='Joint Venture'>
<CompetencyEvidence name='Extent of Experience' typeDescription='Extent of Experience' type='MONTH' lastUsed='2013'><NumericValue description='MONTH'>20</NumericValue></CompetencyEvidence>

<CompetencyWeight type='skillLevel'><NumericValue minValue='0' maxValue='100'>99</NumericValue></CompetencyWeight>

<CompetencyWeight type='skillProficiency'><StringValue minValue='BASIC' maxValue='EXCELLENT'>EXCELLENT</StringValue></CompetencyWeight>
</Competency>

<Competency oids='21 ' description='Skill' auth='yes' name='Asset Allocation'>
<CompetencyEvidence name='Extent of Experience' typeDescription='Extent of Experience' type='MONTH' lastUsed='2011'><NumericValue description='MONTH'>40</NumericValue></CompetencyEvidence>

<CompetencyEvidence typeDescription='Alias' name='Alias'><StringValue>Asset Management</StringValue></CompetencyEvidence>

<CompetencyWeight type='skillLevel'><NumericValue minValue='0' maxValue='100'>74</NumericValue></CompetencyWeight>

<CompetencyWeight type='skillProficiency'><StringValue minValue='BASIC' maxValue='EXCELLENT'>GOOD</StringValue></CompetencyWeight>
</Competency>

<Competency oids='23 ' description='Skill' auth='yes' name='Account Reconciliations'>
<CompetencyEvidence name='Extent of Experience' typeDescription='Extent of Experience' type='MONTH' lastUsed='2011'><NumericValue description='MONTH'>40</NumericValue></CompetencyEvidence>

<CompetencyEvidence typeDescription='Alias' name='Alias'><StringValue>reconciled accounts</StringValue></CompetencyEvidence>

<CompetencyWeight type='skillLevel'><NumericValue minValue='0' maxValue='100'>72</NumericValue></CompetencyWeight>

<CompetencyWeight type='skillProficiency'><StringValue minValue='BASIC' maxValue='EXCELLENT'>GOOD</StringValue></CompetencyWeight>
</Competency>

<Competency oids='31 ' description='Skill > IT' auth='yes' name='APL'>
<CompetencyWeight type='skillLevel'><NumericValue minValue='0' maxValue='100'>13</NumericValue></CompetencyWeight>
</Competency>

<Competency oids='11_4_2 ' description='Held Position' auth='no' name='Institutional Client Support'>
<CompetencyEvidence name='Extent of Experience' typeDescription='Extent of Experience' type='MONTH' lastUsed='2013'><NumericValue description='MONTH'>20</NumericValue></CompetencyEvidence>

<CompetencyWeight type='skillLevel'><NumericValue minValue='0' maxValue='100'>100</NumericValue></CompetencyWeight>

<CompetencyWeight type='skillProficiency'><StringValue minValue='BASIC' maxValue='EXCELLENT'>EXCELLENT</StringValue></CompetencyWeight>
</Competency>

<Competency oids='11_4_1 ' description='Held Position' auth='no' name='Global Wealth Management'>
<CompetencyEvidence name='Extent of Experience' typeDescription='Extent of Experience' type='MONTH' lastUsed='2013'><NumericValue description='MONTH'>20</NumericValue></CompetencyEvidence>

<CompetencyWeight type='skillLevel'><NumericValue minValue='0' maxValue='100'>100</NumericValue></CompetencyWeight>

<CompetencyWeight type='skillProficiency'><StringValue minValue='BASIC' maxValue='EXCELLENT'>EXCELLENT</StringValue></CompetencyWeight>
</Competency>

<Competency oids='17_4_1 ' description='Held Position' auth='no' name='Global Transactions Services - Operations Administrator'>
<CompetencyEvidence name='Extent of Experience' typeDescription='Extent of Experience' type='MONTH' lastUsed='2011'><NumericValue description='MONTH'>40</NumericValue></CompetencyEvidence>

<CompetencyWeight type='skillLevel'><NumericValue minValue='0' maxValue='100'>75</NumericValue></CompetencyWeight>

<CompetencyWeight type='skillProficiency'><StringValue minValue='BASIC' maxValue='EXCELLENT'>GOOD</StringValue></CompetencyWeight>
</Competency>

<Competency oids='11_4_3 ' description='Held Position' auth='no' name='Analyst'>
<CompetencyEvidence name='Extent of Experience' typeDescription='Extent of Experience' type='MONTH' lastUsed='2013'><NumericValue description='MONTH'>20</NumericValue></CompetencyEvidence>

<CompetencyWeight type='skillLevel'><NumericValue minValue='0' maxValue='100'>100</NumericValue></CompetencyWeight>

<CompetencyWeight type='skillProficiency'><StringValue minValue='BASIC' maxValue='EXCELLENT'>EXCELLENT</StringValue></CompetencyWeight>
</Competency>

<Competency oids='34_3 ' description='Degree/Qualification' auth='yes' name='Bachelors Degree > Bachelor of Arts > Bachelor of Arts Computer Science'>
<CompetencyEvidence name='Application' typeDescription='Application' type='Computer Science'><StringValue>Computer Science</StringValue></CompetencyEvidence>

<CompetencyEvidence typeDescription='Alias' name='Alias'><StringValue>Bachelor of Arts, Computer Science</StringValue></CompetencyEvidence>

<CompetencyWeight type='skillLevel'><NumericValue minValue='0' maxValue='100'>12</NumericValue></CompetencyWeight>
</Competency>

<Competency description='Industry' auth='yes' name='industry~customer-service'>
<CompetencyEvidence name='skillCount' typeDescription='skillCount'><NumericValue>1</NumericValue></CompetencyEvidence>

<CompetencyWeight type='skillLevel'><NumericValue minValue='0' maxValue='100'>100</NumericValue></CompetencyWeight>
</Competency>























<RevisionDate id='1'>2013-04-20</RevisionDate>
</StructuredXMLResume>
<NonXMLResume>

<TextResume>



<span inprof='n' id='1' class='date'>{{DOCUMENT_DATESTAMP}} 2013-4-20 {{END_DOCUMENT_DATESTAMP}}</span>


<span inprof='y' id='2' class='nominal'>George Eng</span>



<span inprof='y' id='3' class='location'>1740 E 38th St  * Brooklyn, NY  11234-4408</span>  *  <span inprof='y' id='4' class='telephone'>(917) 680-5888</span>  * <span inprof='y' id='5' class='email'>EngGeorge@aol.com</span>




<span inprof='y' id='6' class='skill'>Team player</span> with <span inprof='y' id='7' class='skill'>excellent time management</span> and <span inprof='y' id='8' class='skill'>communication skills</span> seeks a position in the <span inprof='n' id='9' class='industry-sector'>Financial Services Industry</span> which will provide me with the opportunities to utilize my various experiences, skills and proven abilities



<span inprof='n' id='10' class='work-hist-mark'>EXPERIENCE</span>


<span inprof='y' id='11_1' class='company'>Morgan Stanley</span> - <span inprof='y' id='11_2' class='location'>New York, NY</span>            <span inprof='y' id='11_3_1' class='date'>September 2011</span> - <span inprof='y' id='11_3_2' class='date'>Present</span>
  <span inprof='y' id='11_4_1' class='role'>Global Wealth Management</span> - <span inprof='y' id='11_4_2' class='role'>Institutional Client Support</span> - <span inprof='y' id='11_4_3' class='role'>Analyst</span>
    *  <span inprof='y' id='12' class='skill'>Responsible for reconciling performance data</span> for <span inprof='n' id='13' class='company'>Morgan Stanley Smith Barney</span>'s Institutional Advisors and <span inprof='n' id='14' class='company'>Consulting Group</span> Analysts ; 
    *  Analyze monthly performance data and advise discrepancies to Branch Analysts ; 
    *  Liaise with various Custodians where accounts are held outside of MSSB ; 
    *  On-boarding processing and centralization of outside custody client performance within the firm ; 
    *  Participate in the <span inprof='y' id='15' class='skill'>joint venture</span> testing of systems during <span inprof='n' id='16' class='company'>the Morgan Stanley Smith Barney</span> conversion of accounts


<span inprof='y' id='17_1' class='company'>Citi</span> - <span inprof='y' id='17_2' class='location'>New York,, NY</span>                 <span inprof='y' id='17_3_1' class='date'>April 2008</span> - <span inprof='y' id='17_3_2' class='date'>July 2011</span>
  <span inprof='y' id='17_4_1' class='role'>Global Transactions Services - Operations Administrator</span>
    *	Collaborated closely with a <span inprof='y' id='18' class='skill'>portfolio management</span> and trading system specifically geared for the Third Party distribution of Citi/<span inprof='n' id='19' class='company'>Legg Mason Asset Management</span>'s products (Separately Managed Accounts) 
    *	Handled the <span inprof='y' id='20' class='skill'>day-to-day administering</span> of various managed new accounts and accounts maintenance functions/processes including withdrawal requests, terminations and liquidation of accounts 
    *	Interacted extensively with external clients, as well as <span inprof='y' id='21' class='skill'>Asset Management</span> personnel including <span inprof='y' id='22' class='skill'>trading desk</span> and account specialists 
    *	Reviewed new account documents, opened accounts on sponsor system and internal accounting system, <span inprof='y' id='23' class='skill'>reconciled accounts</span> 
    *  Performed on special projects in addition to daily responsibilities which included new account, <span inprof='y' id='24' class='skill'>database management</span>, <span inprof='y' id='25' class='skill'>trade support</span>, securities control, <span inprof='y' id='26' class='skill'>reconciliation</span> and client service


<span inprof='n' id='27' class='skills-qualif-mark'>SKILLS</span>


<span inprof='y' id='28' class='sofwr'>Microsoft Word</span>             <span inprof='y' id='29' class='sofwr'>Microsoft Outlook</span>
<span inprof='y' id='30' class='sofwr'>Microsoft Excel</span>            Fiserv/<span inprof='y' id='31' class='sofwr'>APL</span>
<span inprof='y' id='32' class='sofwr'>Microsoft Outlook</span>


<span inprof='n' id='33' class='edu-hist-mark'>EDUCATION</span>


<span inprof='y' id='34_1' class='educational'>New York University</span> - <span inprof='y' id='34_2' class='location'>New York, NY</span>
<span inprof='y' id='34_3' class='qualif'>Bachelor of Arts, Computer Science</span>

</TextResume>

</NonXMLResume>



<UserArea>
<DaxResumeUserArea>
<AdditionalPersonalData>
<ExperienceSummary>
<TotalMonthsOfWorkExperience>60</TotalMonthsOfWorkExperience>
<TotalYearsOfWorkExperience>5</TotalYearsOfWorkExperience>
<TotalMonthsOfManagementWorkExperience>60</TotalMonthsOfManagementWorkExperience>
<TotalYearsOfManagementWorkExperience>5</TotalYearsOfManagementWorkExperience>
<TotalMonthsOfMidLevelManagementWorkExperience>60</TotalMonthsOfMidLevelManagementWorkExperience>
<TotalYearsOfMidLevelManagementWorkExperience>5</TotalYearsOfMidLevelManagementWorkExperience>
<ExecutiveBrief>George Eng is a resident of Brooklyn, NY, US. He has been working in the Customer-service  occupational sector for more than 5 years. Currently he is employed as a Global Wealth Management/Institutional Client Support at Morgan Stanley. George has an extensive management experience (5 years) with exposure to executive/middle management positions.</ExecutiveBrief>
<ManagementRecord>Currently since 2011-09 the candidate had experience at a executive/middle management level working as a Global Wealth Management/Institutional Client Support at Morgan Stanley.
Since 2008-04 for 40 months the candidate had experience at a executive/middle management level working as a Global Transactions Services - Operations Administrator/Institutional Client Support at Citi.
</ManagementRecord>
</ExperienceSummary>
</AdditionalPersonalData>
<ParserInfo>
<ParserConfiguration>{max_len=50000} {tel_flag=} {send_zip=} {fast_conv=} {DEF_LOCAL=} {sdate=0} {no_email_body=0} {do_clever_zoning=1} {keep_span=1} {complex=1} {accept_langs=} {not_accept_langs=} {prefer_lang_cv=EN} {pers_only=0} {turbo=0} {split_language=0} {picture=0} {picture_inline=0} {name_space=0} {charset=} {hrxml_upgrade_edu_hist=0}{hrxml_add_languages_section=0}{spool=} {docID=} {user=DEFAULT} </ParserConfiguration>
<ParserRelease>0.12.3.32629</ParserRelease>
<ParserReleaseDate>2014-06-18</ParserReleaseDate>
<ParserSchema>2.0.29</ParserSchema>
<ParserSchemaLocation>http://cvx.daxtra.com/cvts/xsd/candidate/2.0.29/Resume.xsd</ParserSchemaLocation>
<ConverterRelease>0.5.2.32629</ConverterRelease>
<ConverterReleaseDate>2014-06-18</ConverterReleaseDate>
</ParserInfo>
<FileStruct filename='/home/izoom/anazarov/grammar/analysis/3rconnect/doc/100_Resumes-Walsh/GeorgeCV.doc'>

<attachment fname='GeorgeCV.doc' ftype='doc' conv='yes' doc_type='cv' lang='EN'>/home/izoom/anazarov/grammar/analysis/3rconnect/doc/100_Resumes-Walsh/GeorgeCV.doc</attachment>


</FileStruct>
</DaxResumeUserArea>
</UserArea>
</Resume>
