<?xml version='1.0' encoding='ISO-8859-1'?>
<Resume lang='en' src='DAXTRA-CVX schema:2.0.29 release:0.12.3.32629 rdate:2014-06-18'>
<StructuredXMLResume>
<ContactInfo>
<PersonName id='2'>
<FormattedName>Raisa Hunte-Stevenson</FormattedName>
<GivenName>Raisa</GivenName>
<FamilyName>Hunte-Stevenson</FamilyName>
<sex>Female</sex>
</PersonName>
<ContactMethod>
<Telephone id='5' type='home'>
<InternationalCountryCode>1</InternationalCountryCode>
<SubscriberNumber>917 564.2605</SubscriberNumber>
<FormattedNumber>+1 917 564.2605</FormattedNumber></Telephone>

<Telephone id='6' type='alt'>
<InternationalCountryCode>1</InternationalCountryCode>
<SubscriberNumber>718 893.5352</SubscriberNumber>
<FormattedNumber>+1 718 893.5352</FormattedNumber></Telephone>

<InternetEmailAddress id='3' type='main'>raisaths@gmail.com</InternetEmailAddress>
<PostalAddress id='4' type='main'>
<CountryCode>US</CountryCode>
<PostalCode>10460</PostalCode>
<Region>NY</Region>
<Municipality>Bronx</Municipality>
<DeliveryAddress>
<AddressLine>1885 Vyse Avenue</AddressLine>
<StreetName>Vyse Avenue</StreetName>
<BuildingNumber>1885</BuildingNumber>
</DeliveryAddress>

</PostalAddress>
</ContactMethod>
</ContactInfo>
<ExecutiveSummary>To secure a position as a Secretary where I will be able to utilize my acquired skills and gain further experiences</ExecutiveSummary>


<EmploymentHistory>
<EmployerOrg employerOrgType='soleEmployer'>
<EmployerOrgName id='24_3'>TJ Maxx</EmployerOrgName>
<EmployerContactInfo>
<LocationSummary id='24_4'>
<Municipality>Bronx</Municipality>
<Region>NY</Region>
<CountryCode>US</CountryCode>
</LocationSummary>
</EmployerContactInfo>
<PositionHistory>
<Title id='24_5_1'>Front End Coordinator</Title>
<OrgName id='24_3'>TJ Maxx</OrgName>



<Description>Perform all customer transactions, including purchases and returns; trained new employees; open and close the registers; count change fund; take incoming calls; and assist the managers.</Description>
<StartDate id='24_2_1'><Year>2011</Year></StartDate>
<EndDate id='24_2_2'>notApplicable</EndDate>




<JobCategory>
<TaxonomyName>JOBAREA</TaxonomyName>
<CategoryCode>secretarial</CategoryCode>
</JobCategory>


<UserArea>
<DaxPositionHistoryUserArea>
<TLSPAN first_id='24' last_id='25' border_id='26'></TLSPAN>
</DaxPositionHistoryUserArea>
</UserArea>
</PositionHistory>
</EmployerOrg>

<EmployerOrg employerOrgType='soleEmployer'>
<EmployerOrgName id='26_2'>Narissa A Joseph</EmployerOrgName>
<EmployerContactInfo>
<LocationSummary id='26_3'>
<Municipality>New York</Municipality>
<Region>NY</Region>
<CountryCode>US</CountryCode>
</LocationSummary>
</EmployerContactInfo>
<PositionHistory positionType='PERMANENT'>
<Title id='26_4_1'>Office Assistant</Title>
<OrgName organizationType='unit' id='26_2'>Law Office</OrgName>



<Description>Carry out all general clerical duties, responsible for answering multi-line telephone system, logging and routing all messages to appropriate staff member, produced letters, memos and reports using computer, organized files alphabetically and numerically, perform light typing, greet and assist clients, organize and keep inventory of merchandise and office supplies, fax, Xerox and type documents, manage front desk operations, perform data entry, make calls and setup company appointments</Description>
<StartDate id='26_1_1'><Year>2009</Year></StartDate>
<EndDate id='26_1_2'><Year>2012</Year></EndDate>



<JobLevelInfo>
<JobGrade>joblevel-nonmanager-low</JobGrade>
</JobLevelInfo>

<JobCategory>
<TaxonomyName>JOBAREA</TaxonomyName>
<CategoryCode>secretarial</CategoryCode>
</JobCategory>


<UserArea>
<DaxPositionHistoryUserArea>
<TLSPAN first_id='26' last_id='29' border_id='30'></TLSPAN>
<MonthsOfWork>36</MonthsOfWork>
</DaxPositionHistoryUserArea>
</UserArea>
</PositionHistory>
</EmployerOrg>

<EmployerOrg employerOrgType='soleEmployer'>
<EmployerOrgName id='30_2'>AJ Wright</EmployerOrgName>
<EmployerContactInfo>
<LocationSummary id='30_3'>
<Municipality>Bronx</Municipality>
<Region>NY</Region>
<CountryCode>US</CountryCode>
</LocationSummary>
</EmployerContactInfo>
<PositionHistory positionType='PERMANENT'>
<Title id='30_4_1'>Sales Associate</Title>
<Title id='30_4_2'>Customer Service Coordinator</Title>
<OrgName id='30_2'>AJ Wright</OrgName>



<Description>Processed cash and debit / credit transactions, maintained the overall appearance of the store to retain and attract customers, and assisted the managers with opening and closing 
Performed all customer transactions, including purchases and returns; trained new employees; supervised and assisted cashiers; assisted in merchandising; opened and closed the registers; take incoming calls; assisted the managers</Description>
<StartDate id='30_1_1'><Year>2008</Year></StartDate>
<EndDate id='30_1_2'><Year>2011</Year></EndDate>




<JobCategory>
<TaxonomyName>JOBAREA</TaxonomyName>
<CategoryCode>customer-service</CategoryCode>
</JobCategory>


<UserArea>
<DaxPositionHistoryUserArea>
<TLSPAN first_id='30' last_id='33' border_id='0'></TLSPAN>
<MonthsOfWork>36</MonthsOfWork>
</DaxPositionHistoryUserArea>
</UserArea>
</PositionHistory>
</EmployerOrg>

</EmploymentHistory>
<EducationHistory>
<SchoolOrInstitution schoolType='community'>
<SchoolName id='35'>Bronx Community College</SchoolName>
<LocationSummary id='37'>
<Municipality>Bronx</Municipality>
<Region>NY</Region>
<CountryCode>US</CountryCode>
</LocationSummary>


<Degree degreeType='associates'>
<DegreeName id='36'>Associate of Arts</DegreeName>

</Degree>
<Major id='36'>Liberal Arts</Major>




</SchoolOrInstitution>

</EducationHistory>











<Competency oids='12 ' description='Skill' auth='no' name='team support'>
<CompetencyWeight type='skillLevel'><NumericValue minValue='0' maxValue='100'>14</NumericValue></CompetencyWeight>
</Competency>

<Competency oids='15 ' description='Skill' auth='no' name='team player'>
<CompetencyWeight type='skillLevel'><NumericValue minValue='0' maxValue='100'>91</NumericValue></CompetencyWeight>

<CompetencyWeight type='skillProficiency'><StringValue minValue='BASIC' maxValue='EXCELLENT'>EXCELLENT</StringValue></CompetencyWeight>
</Competency>

<Competency oids='22 ' description='Skill' auth='no' name='people skills'>
<CompetencyWeight type='skillLevel'><NumericValue minValue='0' maxValue='100'>14</NumericValue></CompetencyWeight>
</Competency>

<Competency oids='11 ' description='Skill' auth='no' name='meticulous organizational skills'>
<CompetencyWeight type='skillLevel'><NumericValue minValue='0' maxValue='100'>14</NumericValue></CompetencyWeight>
</Competency>

<Competency oids='28 ' description='Skill' auth='no' name='manage front desk operations'>
<CompetencyEvidence name='Extent of Experience' typeDescription='Extent of Experience' type='MONTH' lastUsed='2012'><NumericValue description='MONTH'>36</NumericValue></CompetencyEvidence>

<CompetencyWeight type='skillLevel'><NumericValue minValue='0' maxValue='100'>96</NumericValue></CompetencyWeight>

<CompetencyWeight type='skillProficiency'><StringValue minValue='BASIC' maxValue='EXCELLENT'>EXCELLENT</StringValue></CompetencyWeight>
</Competency>

<Competency oids='9 ' description='Skill' auth='no' name='acquired skills'>
<CompetencyWeight type='skillLevel'><NumericValue minValue='0' maxValue='100'>14</NumericValue></CompetencyWeight>
</Competency>

<Competency oids='21 ' description='Skill' auth='yes' name='Typing 55 wpm'>
<CompetencyEvidence typeDescription='Alias' name='Alias'><StringValue>Type 55 wpm</StringValue></CompetencyEvidence>

<CompetencyWeight type='skillLevel'><NumericValue minValue='0' maxValue='100'>14</NumericValue></CompetencyWeight>
</Competency>

<Competency oids='10 ' description='Skill' auth='yes' name='Project Management'>
<CompetencyEvidence typeDescription='Alias' name='Alias'><StringValue>Project Management Skills</StringValue></CompetencyEvidence>

<CompetencyWeight type='skillLevel'><NumericValue minValue='0' maxValue='100'>14</NumericValue></CompetencyWeight>
</Competency>

<Competency oids='16 ' description='Skill > IT' auth='yes' name='Microsoft Word'>
<CompetencyWeight type='skillLevel'><NumericValue minValue='0' maxValue='100'>14</NumericValue></CompetencyWeight>
</Competency>

<Competency oids='18 ' description='Skill > IT' auth='yes' name='Microsoft PowerPoint'>
<CompetencyEvidence typeDescription='Alias' name='Alias'><StringValue>PowerPoint</StringValue></CompetencyEvidence>

<CompetencyWeight type='skillLevel'><NumericValue minValue='0' maxValue='100'>14</NumericValue></CompetencyWeight>
</Competency>

<Competency oids='19 ' description='Skill > IT' auth='yes' name='Microsoft Outlook'>
<CompetencyEvidence typeDescription='Alias' name='Alias'><StringValue>Outlook</StringValue></CompetencyEvidence>

<CompetencyWeight type='skillLevel'><NumericValue minValue='0' maxValue='100'>14</NumericValue></CompetencyWeight>
</Competency>

<Competency oids='17 ' description='Skill > IT' auth='yes' name='Microsoft Excel'>
<CompetencyEvidence typeDescription='Alias' name='Alias'><StringValue>Excel</StringValue></CompetencyEvidence>

<CompetencyWeight type='skillLevel'><NumericValue minValue='0' maxValue='100'>14</NumericValue></CompetencyWeight>
</Competency>

<Competency oids='32 ' description='Skill' auth='yes' name='Merchandising'>
<CompetencyEvidence name='Extent of Experience' typeDescription='Extent of Experience' type='MONTH' lastUsed='2011'><NumericValue description='MONTH'>36</NumericValue></CompetencyEvidence>

<CompetencyWeight type='skillLevel'><NumericValue minValue='0' maxValue='100'>96</NumericValue></CompetencyWeight>

<CompetencyWeight type='skillProficiency'><StringValue minValue='BASIC' maxValue='EXCELLENT'>EXCELLENT</StringValue></CompetencyWeight>
</Competency>

<Competency oids='20 ' description='Skill' auth='no' name='Internet'>
<CompetencyEvidence typeDescription='Alias' name='Alias'><StringValue>Internet and</StringValue></CompetencyEvidence>

<CompetencyWeight type='skillLevel'><NumericValue minValue='0' maxValue='100'>14</NumericValue></CompetencyWeight>
</Competency>

<Competency oids='14 ' description='Skill > Language' auth='yes' name='English'>
<CompetencyWeight type='skillLevel'><NumericValue minValue='0' maxValue='100'>91</NumericValue></CompetencyWeight>

<CompetencyWeight type='skillProficiency'><StringValue minValue='BASIC' maxValue='EXCELLENT'>EXCELLENT</StringValue></CompetencyWeight>
</Competency>

<Competency oids='29 ' description='Skill' auth='yes' name='Data Entry'>
<CompetencyEvidence name='Extent of Experience' typeDescription='Extent of Experience' type='MONTH' lastUsed='2012'><NumericValue description='MONTH'>36</NumericValue></CompetencyEvidence>

<CompetencyWeight type='skillLevel'><NumericValue minValue='0' maxValue='100'>96</NumericValue></CompetencyWeight>

<CompetencyWeight type='skillProficiency'><StringValue minValue='BASIC' maxValue='EXCELLENT'>EXCELLENT</StringValue></CompetencyWeight>
</Competency>

<Competency oids='23_1 ' description='Held Position' auth='no' name='managers'>
<CompetencyWeight type='skillLevel'><NumericValue minValue='0' maxValue='100'>14</NumericValue></CompetencyWeight>
</Competency>

<Competency oids='13_1 ' description='Held Position' auth='no' name='employee'>
<CompetencyWeight type='skillLevel'><NumericValue minValue='0' maxValue='100'>14</NumericValue></CompetencyWeight>
</Competency>

<Competency oids='30_4_1 ' description='Held Position' auth='no' name='Sales Associate'>
<CompetencyEvidence name='Extent of Experience' typeDescription='Extent of Experience' type='MONTH' lastUsed='2011'><NumericValue description='MONTH'>36</NumericValue></CompetencyEvidence>

<CompetencyWeight type='skillLevel'><NumericValue minValue='0' maxValue='100'>96</NumericValue></CompetencyWeight>

<CompetencyWeight type='skillProficiency'><StringValue minValue='BASIC' maxValue='EXCELLENT'>EXCELLENT</StringValue></CompetencyWeight>
</Competency>

<Competency oids='26_4_1 ' description='Held Position' auth='no' name='Office Assistant'>
<CompetencyEvidence name='Extent of Experience' typeDescription='Extent of Experience' type='MONTH' lastUsed='2012'><NumericValue description='MONTH'>36</NumericValue></CompetencyEvidence>

<CompetencyWeight type='skillLevel'><NumericValue minValue='0' maxValue='100'>96</NumericValue></CompetencyWeight>

<CompetencyWeight type='skillProficiency'><StringValue minValue='BASIC' maxValue='EXCELLENT'>EXCELLENT</StringValue></CompetencyWeight>
</Competency>

<Competency oids='24_5_1 ' description='Held Position' auth='no' name='Front End Coordinator'>


<CompetencyWeight type='skillLevel'><NumericValue minValue='0' maxValue='100'>100</NumericValue></CompetencyWeight>

<CompetencyWeight type='skillProficiency'><StringValue minValue='BASIC' maxValue='EXCELLENT'>EXCELLENT</StringValue></CompetencyWeight>
</Competency>

<Competency oids='30_4_2 ' description='Held Position' auth='no' name='Customer Service Coordinator'>
<CompetencyEvidence name='Extent of Experience' typeDescription='Extent of Experience' type='MONTH' lastUsed='2011'><NumericValue description='MONTH'>36</NumericValue></CompetencyEvidence>

<CompetencyWeight type='skillLevel'><NumericValue minValue='0' maxValue='100'>96</NumericValue></CompetencyWeight>

<CompetencyWeight type='skillProficiency'><StringValue minValue='BASIC' maxValue='EXCELLENT'>EXCELLENT</StringValue></CompetencyWeight>
</Competency>

<Competency oids='36 38 ' description='Degree/Qualification' auth='yes' name='AA Degree > AA Degree Liberal Arts'>
<CompetencyEvidence name='Application' typeDescription='Application' type='Liberal Arts'><StringValue>Liberal Arts</StringValue></CompetencyEvidence>

<CompetencyEvidence typeDescription='Alias' name='Alias'><StringValue>Associate of Arts in Liberal Arts</StringValue></CompetencyEvidence>

<CompetencyEvidence typeDescription='Alias' name='Alias'><StringValue>Associate of Art in Liberal Arts</StringValue></CompetencyEvidence>

<CompetencyWeight type='skillLevel'><NumericValue minValue='0' maxValue='100'>24</NumericValue></CompetencyWeight>
</Competency>

<Competency description='Industry' auth='yes' name='industry~secretarial'>
<CompetencyEvidence name='skillCount' typeDescription='skillCount'><NumericValue>2</NumericValue></CompetencyEvidence>

<CompetencyWeight type='skillLevel'><NumericValue minValue='0' maxValue='100'>100</NumericValue></CompetencyWeight>
</Competency>























<RevisionDate id='1'>2009-04-22</RevisionDate>
</StructuredXMLResume>
<NonXMLResume>

<TextResume>



<span inprof='n' id='1' class='date'>{{DOCUMENT_DATESTAMP}} 2009-4-22 {{END_DOCUMENT_DATESTAMP}}</span>


<span inprof='y' id='2' class='nominal'>RAISA HUNTE-STEVENSON</span>          <span inprof='y' id='3' class='email'>raisaths@gmail.com</span>

<span inprof='y' id='4' class='location'>1885 Vyse Avenue * Bronx, NY 10460</span> * <span inprof='y' id='5' class='telephone'>917.564.2605</span> * <span inprof='y' id='6' class='telephone'>718.893.5352</span>

<span inprof='n' id='7' class='objectives-mark'>OBJECTIVE:</span>  <span inprof='n' id='8' class='bad-occupation'>To secure a position as a Secretary</span> where I will be able to utilize my <span inprof='y' id='9' class='skill'>acquired skills</span> and gain further experiences

KEY STRENGTHS AND SKILLS:
    <span inprof='y' id='10' class='skill'>Project Management Skills</span>: Influencing, leading, negotiating and delegating abilities, refined planning and <span inprof='y' id='11' class='skill'>meticulous organizational skills</span> that balance work, <span inprof='y' id='12' class='skill'>team support</span> and responsibilities in a timely and professional manner.
Organizational: Very well organized and comfortable working in a multi-tasking project-oriented environment; known as a "highly organized and productive <span inprof='y' id='13_1' class='role'>employee</span>".
Communications: <span inprof='y' id='14' class='skill'>Fluent in English</span>; proven communication abilities, both oral and written; a highly effective <span inprof='y' id='15' class='skill'>team player</span> that understands the value of working with all levels of employees.
Computer literate:  <span inprof='y' id='16' class='sofwr'>Microsoft Word</span>, <span inprof='y' id='17' class='sofwr'>Excel</span>, and <span inprof='y' id='18' class='sofwr'>PowerPoint</span> for Window, <span inprof='y' id='19' class='sofwr'>Outlook</span>, <span inprof='y' id='20' class='skill'>Internet and</span> <span inprof='y' id='21' class='skill'>Type 55 wpm</span>
Proven interpersonal work relations, communication, and <span inprof='y' id='22' class='skill'>people skills</span> with the ability to interface with staff, sales representatives, and <span inprof='y' id='23_1' class='role'>managers</span>.
Extensive exposure to public and customer service requirements, always attentive to the importance of maintaining excellent customer satisfaction.

<span inprof='n' id='24_1' class='experience-title'>WORK EXPERIENCE:</span>
<span inprof='y' id='24_2_1' class='date'>2011</span> - <span inprof='y' id='24_2_2' class='date'>Present</span>                         <span inprof='y' id='24_3' class='company'>TJ Maxx</span>                         <span inprof='y' id='24_4' class='location'>Bronx, NY</span>
<span inprof='y' id='24_5_1' class='role'>Front End Coordinator</span>
Perform all customer transactions, including purchases and returns; trained new employees; open and close the registers; count change fund; take incoming calls; and <span inprof='n' id='25' class='bad-occupation'>assist the managers</span>.

<span inprof='y' id='26_1_1' class='date'>2009</span> - <span inprof='y' id='26_1_2' class='date'>2012</span>                     <span inprof='y' id='26_2' class='company'>Law Office of Narissa A Joseph</span>               <span inprof='y' id='26_3' class='location'>New York, NY</span>
<span inprof='y' id='26_4_1' class='role'>Office Assistant</span>
Carry out all general clerical duties, responsible for answering multi-line telephone system, logging and routing all messages to appropriate staff member, produced letters, memos and reports using computer, organized files alphabetically and numerically, perform light typing, greet and assist clients, organize and keep inventory of merchandise and office supplies, fax, <span inprof='n' id='27' class='company'>Xerox</span> and type documents, <span inprof='y' id='28' class='skill'>manage front desk operations</span>, perform <span inprof='y' id='29' class='skill'>data entry</span>, make calls and setup company appointments

<span inprof='y' id='30_1_1' class='date'>2008</span> - <span inprof='y' id='30_1_2' class='date'>2011</span>                     <span inprof='y' id='30_2' class='company'>AJ Wright</span>                              <span inprof='y' id='30_3' class='location'>Bronx, NY</span>
<span inprof='y' id='30_4_1' class='role'>Sales Associate</span> / <span inprof='y' id='30_4_2' class='role'>Customer Service Coordinator</span>
Processed cash and debit / credit transactions, maintained the overall appearance of the store to retain and attract customers, and <span inprof='n' id='31' class='bad-occupation'>assisted the managers</span> with opening and closing 
Performed all customer transactions, including purchases and returns; trained new employees; supervised and assisted cashiers; assisted in <span inprof='y' id='32' class='skill'>merchandising</span>; opened and closed the registers; take incoming calls; <span inprof='n' id='33' class='bad-occupation'>assisted the managers</span>

<span inprof='n' id='34' class='edu-hist-mark'>EDUCATION:</span>
<span inprof='y' id='35' class='educational'>Bronx Community College</span>, CUNY
                           <span inprof='y' id='36' class='qualif'>Associate of Arts in Liberal Arts</span> - Pending                          <span inprof='y' id='37' class='location'>Bronx, NY</span>   <span inprof='y' id='38' class='qualif'>Associate of Art in Liberal Arts</span>                    Pending

</TextResume>

</NonXMLResume>



<UserArea>
<DaxResumeUserArea>
<AdditionalPersonalData>
<ExperienceSummary>
<TotalMonthsOfWorkExperience>48</TotalMonthsOfWorkExperience>
<TotalYearsOfWorkExperience>4</TotalYearsOfWorkExperience>
<ExecutiveBrief>Raisa Hunte-Stevenson is a resident of Bronx, NY, US. She has been working in the Secretarial  occupational sector for more than 4 years. Currently she is employed as a Front End Coordinator at TJ Maxx. So far Raisa has not gained any managerial experience.</ExecutiveBrief>
</ExperienceSummary>
</AdditionalPersonalData>
<ParserInfo>
<ParserConfiguration>{max_len=50000} {tel_flag=} {send_zip=} {fast_conv=} {DEF_LOCAL=} {sdate=0} {no_email_body=0} {do_clever_zoning=1} {keep_span=1} {complex=1} {accept_langs=} {not_accept_langs=} {prefer_lang_cv=EN} {pers_only=0} {turbo=0} {split_language=0} {picture=0} {picture_inline=0} {name_space=0} {charset=} {hrxml_upgrade_edu_hist=0}{hrxml_add_languages_section=0}{spool=} {docID=} {user=DEFAULT} </ParserConfiguration>
<ParserRelease>0.12.3.32629</ParserRelease>
<ParserReleaseDate>2014-06-18</ParserReleaseDate>
<ParserSchema>2.0.29</ParserSchema>
<ParserSchemaLocation>http://cvx.daxtra.com/cvts/xsd/candidate/2.0.29/Resume.xsd</ParserSchemaLocation>
<ConverterRelease>0.5.2.32629</ConverterRelease>
<ConverterReleaseDate>2014-06-18</ConverterReleaseDate>
</ParserInfo>
<FileStruct filename='/home/izoom/anazarov/grammar/analysis/3rconnect/doc/100_Resumes-Walsh/Hunte-StevensonRaisa.Resume.doc'>

<attachment fname='Hunte-StevensonRaisa.Resume.doc' ftype='doc' conv='yes' doc_type='cv' lang='EN'>/home/izoom/anazarov/grammar/analysis/3rconnect/doc/100_Resumes-Walsh/Hunte-StevensonRaisa.Resume.doc</attachment>


</FileStruct>
</DaxResumeUserArea>
</UserArea>
</Resume>
