<?xml version='1.0' encoding='ISO-8859-1'?>
<Resume lang='en' src='DAXTRA-CVX schema:2.0.29 release:0.12.3.32629 rdate:2014-06-18'>
<StructuredXMLResume>
<ContactInfo>
<PersonName id='2'>
<FormattedName>Ismet Kolar</FormattedName>
<GivenName>Ismet</GivenName>
<FamilyName>Kolar</FamilyName>
<sex>Male</sex>
</PersonName>
<ContactMethod>
<Telephone id='4' type='home'>
<InternationalCountryCode>1</InternationalCountryCode>
<SubscriberNumber>718 288-4761</SubscriberNumber>
<FormattedNumber>+1 718 288-4761</FormattedNumber></Telephone>

<InternetEmailAddress id='5' type='main'>Izzysdeals@gmail.com</InternetEmailAddress>
<PostalAddress id='3' type='main'>
<CountryCode>US</CountryCode>
<PostalCode>10312</PostalCode>
<Region>NY</Region>
<Municipality>Staten Island</Municipality>

</PostalAddress>
</ContactMethod>
</ContactInfo>
<ExecutiveSummary>*    To obtain a position in which I can utilize my economic background as well as my communication skills to advance myself professionally</ExecutiveSummary>


<EmploymentHistory>
<EmployerOrg employerOrgType='soleEmployer'>
<EmployerOrgName id='15_1'>21 Chelsea</EmployerOrgName>
<EmployerContactInfo>
<LocationSummary id='15_2'>
<Municipality>New York</Municipality>
<Region>NY</Region>
<CountryCode>US</CountryCode>
</LocationSummary>
</EmployerContactInfo>
<PositionHistory positionType='PERMANENT'>
<Title id='15_3_1'>Doorman</Title>
<OrgName id='15_1'>21 Chelsea</OrgName>



<Description>*    Welcomed guests to the vicinity in a courteous manner by assisting them with their desired services ; 
*    Provided guidance to guests by directing them to their appropriate destinations ; 
*    Conveyed accurate information regarding directions to their desired locations and facilities ; 
*    Followed standard farewell procedures for leaving customers by arranging transportation as per their needs ; 
*    Maintained extreme cleanliness throughout the premises on a daily basis; reported to supervisors for possible maintenance needs</Description>
<StartDate id='15_4_1'><YearMonth>2010-05</YearMonth></StartDate>
<EndDate id='15_4_2'><YearMonth>2011-02</YearMonth></EndDate>






<UserArea>
<DaxPositionHistoryUserArea>
<TLSPAN first_id='15' last_id='16' border_id='17'></TLSPAN>
<MonthsOfWork>10</MonthsOfWork>
</DaxPositionHistoryUserArea>
</UserArea>
</PositionHistory>
</EmployerOrg>

<EmployerOrg employerOrgType='soleEmployer'>
<EmployerOrgName id='17_1'>Money Pro Express</EmployerOrgName>
<EmployerContactInfo>
<LocationSummary id='17_2'>
<Municipality>New York</Municipality>
<Region>NY</Region>
<CountryCode>US</CountryCode>
</LocationSummary>
</EmployerContactInfo>
<PositionHistory positionType='CONTRACT'>
<Title id='17_3_1'>Funding specialist</Title>
<OrgName id='17_1'>Money Pro Express</OrgName>



<Description>*    Attained to all clients' needs via telephone by preparing documents and contracts for customers ; 
*    Provided capital for companies in need of expansion</Description>
<StartDate id='17_4_1'><YearMonth>2009-10</YearMonth></StartDate>
<EndDate id='17_4_2'><YearMonth>2010-01</YearMonth></EndDate>




<JobCategory>
<TaxonomyName>JOBAREA</TaxonomyName>
<CategoryCode>banking-finance</CategoryCode>
</JobCategory>


<UserArea>
<DaxPositionHistoryUserArea>
<TLSPAN first_id='17' last_id='17' border_id='18'></TLSPAN>
<MonthsOfWork>4</MonthsOfWork>
</DaxPositionHistoryUserArea>
</UserArea>
</PositionHistory>
</EmployerOrg>

<EmployerOrg employerOrgType='soleEmployer'>
<EmployerOrgName id='18_1'>ABM Maintenance</EmployerOrgName>
<EmployerContactInfo>
<LocationSummary id='18_2'>
<Municipality>New York</Municipality>
<Region>NY</Region>
<CountryCode>US</CountryCode>
</LocationSummary>
</EmployerContactInfo>
<PositionHistory positionType='PERMANENT'>
<Title id='18_3_1'>Concierge</Title>
<OrgName id='18_1'>ABM Maintenance</OrgName>



<Description>*    Provided information, advice, guidance and assistance to all patrons ; 
*    Handled guest service inquiries through phone calls, messages etc. ; 
*    Made arrangements and offered advice for transportation services, maintenance needs, and housekeeping</Description>
<StartDate id='18_4_1'><YearMonth>2005-04</YearMonth></StartDate>
<EndDate id='18_4_2'><YearMonth>2007-03</YearMonth></EndDate>




<JobCategory>
<TaxonomyName>JOBAREA</TaxonomyName>
<CategoryCode>caretaking-cleaning</CategoryCode>
</JobCategory>


<UserArea>
<DaxPositionHistoryUserArea>
<TLSPAN first_id='18' last_id='18' border_id='19'></TLSPAN>
<MonthsOfWork>24</MonthsOfWork>
</DaxPositionHistoryUserArea>
</UserArea>
</PositionHistory>
</EmployerOrg>

<EmployerOrg employerOrgType='soleEmployer'>
<EmployerOrgName id='19_1'>Eagle Realty</EmployerOrgName>
<EmployerContactInfo>
<LocationSummary id='19_2'>
<Municipality>Staten Island</Municipality>
<Region>NY</Region>
<CountryCode>US</CountryCode>
</LocationSummary>
</EmployerContactInfo>
<PositionHistory positionType='PERMANENT'>
<Title id='19_3_1'>Real Estate Agent</Title>
<OrgName id='19_1'>Eagle Realty</OrgName>



<Description>*    Interviewed potential clients for sales of properties as well as apartment rentals and studied the proper listings ; 
*    Presented purchase offers to sellers for consideration; acted as an intermediary in negotiations between buyers and sellers ; 
*    Discussed conditions of sales and rents; provided appropriate documentation</Description>
<StartDate id='19_4_1'><YearMonth>2004-09</YearMonth></StartDate>
<EndDate id='19_4_2'><YearMonth>2006-10</YearMonth></EndDate>




<JobCategory>
<TaxonomyName>JOBAREA</TaxonomyName>
<CategoryCode>property</CategoryCode>
</JobCategory>


<UserArea>
<DaxPositionHistoryUserArea>
<TLSPAN first_id='19' last_id='19' border_id='0'></TLSPAN>
<MonthsOfWork>26</MonthsOfWork>
</DaxPositionHistoryUserArea>
</UserArea>
</PositionHistory>
</EmployerOrg>

</EmploymentHistory>
<EducationHistory>
<SchoolOrInstitution schoolType='college'>




<Degree degreeType='bachelors'>
<DegreeName id='22'>Bachelor of Science</DegreeName>
<DegreeDate id='23'><YearMonth>2012-08</YearMonth></DegreeDate>
</Degree>
<Major id='22'>Economics with Business</Major>




</SchoolOrInstitution>

</EducationHistory>











<Competency oids='8 ' description='Skill' auth='no' name='team player'>
<CompetencyWeight type='skillLevel'><NumericValue minValue='0' maxValue='100'>15</NumericValue></CompetencyWeight>
</Competency>

<Competency oids='16 ' description='Skill' auth='no' name='possible maintenance'>
<CompetencyEvidence name='Extent of Experience' typeDescription='Extent of Experience' type='MONTH' lastUsed='2011'><NumericValue description='MONTH'>10</NumericValue></CompetencyEvidence>

<CompetencyWeight type='skillLevel'><NumericValue minValue='0' maxValue='100'>100</NumericValue></CompetencyWeight>

<CompetencyWeight type='skillProficiency'><StringValue minValue='BASIC' maxValue='EXCELLENT'>EXCELLENT</StringValue></CompetencyWeight>
</Competency>

<Competency oids='6 ' description='Skill' auth='no' name='communication skills'>
<CompetencyWeight type='skillLevel'><NumericValue minValue='0' maxValue='100'>15</NumericValue></CompetencyWeight>
</Competency>

<Competency oids='9 ' description='Skill > IT' auth='yes' name='Microsoft Word'>
<CompetencyEvidence typeDescription='Alias' name='Alias'><StringValue>Proficient in Microsoft Word</StringValue></CompetencyEvidence>

<CompetencyWeight type='skillLevel'><NumericValue minValue='0' maxValue='100'>99</NumericValue></CompetencyWeight>

<CompetencyWeight type='skillProficiency'><StringValue minValue='BASIC' maxValue='EXCELLENT'>EXCELLENT</StringValue></CompetencyWeight>
</Competency>

<Competency oids='11 ' description='Skill > IT' auth='yes' name='Microsoft PowerPoint'>
<CompetencyEvidence typeDescription='Alias' name='Alias'><StringValue>PowerPoint</StringValue></CompetencyEvidence>

<CompetencyWeight type='skillLevel'><NumericValue minValue='0' maxValue='100'>99</NumericValue></CompetencyWeight>

<CompetencyWeight type='skillProficiency'><StringValue minValue='BASIC' maxValue='EXCELLENT'>EXCELLENT</StringValue></CompetencyWeight>
</Competency>

<Competency oids='10 ' description='Skill > IT' auth='yes' name='Microsoft Excel'>
<CompetencyEvidence typeDescription='Alias' name='Alias'><StringValue>Excel</StringValue></CompetencyEvidence>

<CompetencyWeight type='skillLevel'><NumericValue minValue='0' maxValue='100'>99</NumericValue></CompetencyWeight>

<CompetencyWeight type='skillProficiency'><StringValue minValue='BASIC' maxValue='EXCELLENT'>EXCELLENT</StringValue></CompetencyWeight>
</Competency>

<Competency oids='13 ' description='Skill > Language' auth='no' name='Albanian language'>
<CompetencyWeight type='skillLevel'><NumericValue minValue='0' maxValue='100'>36</NumericValue></CompetencyWeight>
</Competency>

<Competency oids='12 ' description='Skill > IT' auth='yes' name='Adobe Photoshop'>
<CompetencyEvidence typeDescription='Alias' name='Alias'><StringValue>Photoshop</StringValue></CompetencyEvidence>

<CompetencyWeight type='skillLevel'><NumericValue minValue='0' maxValue='100'>99</NumericValue></CompetencyWeight>

<CompetencyWeight type='skillProficiency'><StringValue minValue='BASIC' maxValue='EXCELLENT'>EXCELLENT</StringValue></CompetencyWeight>
</Competency>

<Competency oids='19_3_1 ' description='Held Position' auth='no' name='Real Estate Agent'>
<CompetencyEvidence name='Extent of Experience' typeDescription='Extent of Experience' type='MONTH' lastUsed='2006'><NumericValue description='MONTH'>26</NumericValue></CompetencyEvidence>

<CompetencyWeight type='skillLevel'><NumericValue minValue='0' maxValue='100'>32</NumericValue></CompetencyWeight>

<CompetencyWeight type='skillProficiency'><StringValue minValue='BASIC' maxValue='EXCELLENT'>BASIC</StringValue></CompetencyWeight>
</Competency>

<Competency oids='17_3_1 ' description='Held Position' auth='no' name='Funding specialist'>
<CompetencyEvidence name='Extent of Experience' typeDescription='Extent of Experience' type='MONTH' lastUsed='2010'><NumericValue description='MONTH'>4</NumericValue></CompetencyEvidence>

<CompetencyWeight type='skillLevel'><NumericValue minValue='0' maxValue='100'>77</NumericValue></CompetencyWeight>

<CompetencyWeight type='skillProficiency'><StringValue minValue='BASIC' maxValue='EXCELLENT'>GOOD</StringValue></CompetencyWeight>
</Competency>

<Competency oids='15_3_1 ' description='Held Position' auth='no' name='Doorman'>
<CompetencyEvidence name='Extent of Experience' typeDescription='Extent of Experience' type='MONTH' lastUsed='2011'><NumericValue description='MONTH'>10</NumericValue></CompetencyEvidence>

<CompetencyWeight type='skillLevel'><NumericValue minValue='0' maxValue='100'>100</NumericValue></CompetencyWeight>

<CompetencyWeight type='skillProficiency'><StringValue minValue='BASIC' maxValue='EXCELLENT'>EXCELLENT</StringValue></CompetencyWeight>
</Competency>

<Competency oids='18_3_1 ' description='Held Position' auth='no' name='Concierge'>
<CompetencyEvidence name='Extent of Experience' typeDescription='Extent of Experience' type='MONTH' lastUsed='2007'><NumericValue description='MONTH'>24</NumericValue></CompetencyEvidence>

<CompetencyWeight type='skillLevel'><NumericValue minValue='0' maxValue='100'>61</NumericValue></CompetencyWeight>

<CompetencyWeight type='skillProficiency'><StringValue minValue='BASIC' maxValue='EXCELLENT'>WORKING</StringValue></CompetencyWeight>
</Competency>

<Competency oids='22 ' description='Degree/Qualification' auth='yes' name='Bachelors Degree > Bachelor of Science > Bachelor of Science Economics with Business'>
<CompetencyEvidence name='Application' typeDescription='Application' type='Economics with Business'><StringValue>Economics with Business</StringValue></CompetencyEvidence>

<CompetencyEvidence typeDescription='Alias' name='Alias'><StringValue>Bachelors of Science in Economics with Business</StringValue></CompetencyEvidence>

<CompetencyWeight type='skillLevel'><NumericValue minValue='0' maxValue='100'>12</NumericValue></CompetencyWeight>
</Competency>

<Competency oids='21 ' description='Degree/Qualification' auth='yes' name='Associate Degree > Associate Degree Business Management'>
<CompetencyEvidence name='Application' typeDescription='Application' type='Business Management'><StringValue>Business Management</StringValue></CompetencyEvidence>

<CompetencyEvidence typeDescription='Alias' name='Alias'><StringValue>Associate's Degree in Business Management</StringValue></CompetencyEvidence>

<CompetencyWeight type='skillLevel'><NumericValue minValue='0' maxValue='100'>12</NumericValue></CompetencyWeight>
</Competency>

<Competency description='Industry' auth='yes' name='industry~banking-finance'>
<CompetencyEvidence name='skillCount' typeDescription='skillCount'><NumericValue>1</NumericValue></CompetencyEvidence>

<CompetencyWeight type='skillLevel'><NumericValue minValue='0' maxValue='100'>57</NumericValue></CompetencyWeight>
</Competency>























<RevisionDate id='1'>2012-07-03</RevisionDate>
</StructuredXMLResume>
<NonXMLResume>

<TextResume>



<span inprof='n' id='1' class='date'>{{DOCUMENT_DATESTAMP}} 2012-07-03 {{END_DOCUMENT_DATESTAMP}}</span> 

<span inprof='y' id='2' class='nominal'>ISMET KOLAR</span>
<span inprof='y' id='3' class='location'>Staten Island, NY 10312</span>,
<span inprof='y' id='4' class='telephone'>(718) 288-4761</span>
<span inprof='y' id='5' class='email'>Izzysdeals@gmail.com</span>
OBJECTIVE
*    To obtain a position in which I can utilize my economic background as well as my <span inprof='y' id='6' class='skill'>communication skills</span> to advance myself professionally

<span inprof='n' id='7' class='title-line'>SKILLS</span>
*    Ability to work both independently and as a <span inprof='y' id='8' class='skill'>team player</span> ; 
*    Ability to operate in a fast paced environment ; 
*    <span inprof='y' id='9' class='sofwr'>Proficient in Microsoft Word</span>, <span inprof='y' id='10' class='sofwr'>Excel</span>, <span inprof='y' id='11' class='sofwr'>PowerPoint</span>, <span inprof='y' id='12' class='sofwr'>Photoshop</span>; knowledgeable in Internet research ; 
*    Bilingual: speaks fluently the <span inprof='y' id='13' class='skill'>Albanian language</span>

<span inprof='n' id='14' class='work-hist-mark'>EXPERIENCE</span>

<span inprof='y' id='15_1' class='company'>21 Chelsea</span>, <span inprof='y' id='15_2' class='location'>New York, NY</span> - <span inprof='y' id='15_3_1' class='role'>Doorman</span>        <span inprof='y' id='15_4_1' class='date'>May 2010</span> - <span inprof='y' id='15_4_2' class='date'>February 2011</span>
*    Welcomed guests to the vicinity in a courteous manner by assisting them with their desired services ; 
*    Provided guidance to guests by directing them to their appropriate destinations ; 
*    Conveyed accurate information regarding directions to their desired locations and facilities ; 
*    Followed standard farewell procedures for leaving customers by arranging transportation as per their needs ; 
*    Maintained extreme cleanliness throughout the premises on a daily basis; reported to supervisors for <span inprof='y' id='16' class='skill'>possible maintenance</span> needs

<span inprof='y' id='17_1' class='company'>Money Pro Express</span>, <span inprof='y' id='17_2' class='location'>New York, NY</span> - <span inprof='y' id='17_3_1' class='role'>Funding specialist</span>    <span inprof='y' id='17_4_1' class='date'>October 2009</span> - <span inprof='y' id='17_4_2' class='date'>January 2010</span>
*    Attained to all clients' needs via telephone by preparing documents and contracts for customers ; 
*    Provided capital for companies in need of expansion

<span inprof='y' id='18_1' class='company'>ABM Maintenance</span>, <span inprof='y' id='18_2' class='location'>New York, NY</span> - <span inprof='y' id='18_3_1' class='role'>Concierge</span>     <span inprof='y' id='18_4_1' class='date'>April 2005</span> - <span inprof='y' id='18_4_2' class='date'>March 2007</span>
*    Provided information, advice, guidance and assistance to all patrons ; 
*    Handled guest service inquiries through phone calls, messages etc. ; 
*    Made arrangements and offered advice for transportation services, maintenance needs, and housekeeping

<span inprof='y' id='19_1' class='company'>Eagle Realty</span>, <span inprof='y' id='19_2' class='location'>Staten Island, NY</span> - <span inprof='y' id='19_3_1' class='role'>Real Estate Agent</span>    <span inprof='y' id='19_4_1' class='date'>September 2004</span> - <span inprof='y' id='19_4_2' class='date'>October 2006</span>
*    Interviewed potential clients for sales of properties as well as apartment rentals and studied the proper listings ; 
*    Presented purchase offers to sellers for consideration; acted as an intermediary in negotiations between buyers and sellers ; 
*    Discussed conditions of sales and rents; provided appropriate documentation

<span inprof='n' id='20' class='edu-hist-mark'>EDUCATION</span>
*    <span inprof='y' id='21' class='qualif'>Associate's Degree in Business Management</span> ; 
*    <span inprof='y' id='22' class='qualif'>Bachelors of Science in Economics with Business</span> Specialization expected <span inprof='y' id='23' class='date'>August 2012</span>

<span inprof='n' id='24' class='references-mark'>REFERENCES</span>    Available upon request.

</TextResume>

</NonXMLResume>



<UserArea>
<DaxResumeUserArea>
<AdditionalPersonalData>
<ExperienceSummary>
<TotalMonthsOfWorkExperience>64</TotalMonthsOfWorkExperience>
<TotalYearsOfWorkExperience>5</TotalYearsOfWorkExperience>
<ExecutiveBrief>Ismet Kolar is a resident of Staten Island, NY, US. He has been working in the Banking-finance  occupational sector for more than 5 years. During his last employment he was working as a Doorman at 21 Chelsea. So far Ismet has not gained any managerial experience.</ExecutiveBrief>
</ExperienceSummary>
</AdditionalPersonalData>
<ParserInfo>
<ParserConfiguration>{max_len=50000} {tel_flag=} {send_zip=} {fast_conv=} {DEF_LOCAL=} {sdate=0} {no_email_body=0} {do_clever_zoning=1} {keep_span=1} {complex=1} {accept_langs=} {not_accept_langs=} {prefer_lang_cv=EN} {pers_only=0} {turbo=0} {split_language=0} {picture=0} {picture_inline=0} {name_space=0} {charset=} {hrxml_upgrade_edu_hist=0}{hrxml_add_languages_section=0}{spool=} {docID=} {user=DEFAULT} </ParserConfiguration>
<ParserRelease>0.12.3.32629</ParserRelease>
<ParserReleaseDate>2014-06-18</ParserReleaseDate>
<ParserSchema>2.0.29</ParserSchema>
<ParserSchemaLocation>http://cvx.daxtra.com/cvts/xsd/candidate/2.0.29/Resume.xsd</ParserSchemaLocation>
<ConverterRelease>0.5.2.32629</ConverterRelease>
<ConverterReleaseDate>2014-06-18</ConverterReleaseDate>
</ParserInfo>
<FileStruct filename='/home/izoom/anazarov/grammar/analysis/3rconnect/doc/100_Resumes-Walsh/Ismet Kolar 2012 AUG..docx'>

<attachment fname='Ismet Kolar 2012 AUG..docx' ftype='docx' conv='yes' doc_type='cv' lang='EN'>/home/izoom/anazarov/grammar/analysis/3rconnect/doc/100_Resumes-Walsh/Ismet Kolar 2012 AUG..docx</attachment>


</FileStruct>
</DaxResumeUserArea>
</UserArea>
</Resume>
