<?xml version='1.0' encoding='ISO-8859-1'?>
<Resume lang='en' src='DAXTRA-CVX schema:2.0.29 release:0.12.3.32629 rdate:2014-06-18'>
<StructuredXMLResume>
<ContactInfo>
<PersonName id='1' oids='1 3 '>
<FormattedName>Jorge A. Mirasol</FormattedName>
<GivenName>Jorge</GivenName>
<MiddleName>A.</MiddleName>
<FamilyName>Mirasol</FamilyName>
<sex>Male</sex>
</PersonName>
<ContactMethod>
<Mobile id='6'>
<InternationalCountryCode>1</InternationalCountryCode>
<SubscriberNumber>949 280 2088</SubscriberNumber>
<FormattedNumber>+1 949 280 2088</FormattedNumber></Mobile>

<InternetEmailAddress id='5' type='main'>jamirasol@aol.com</InternetEmailAddress>
<PostalAddress id='4' type='main'>
<CountryCode>US</CountryCode>
<PostalCode>10009</PostalCode>
<Region>NY</Region>
<Municipality>New York</Municipality>
<DeliveryAddress>
<AddressLine>410 East 20th Street, Apt. 11- G</AddressLine>
<StreetName>East 20th Street</StreetName>
<BuildingNumber>410</BuildingNumber>
<Unit>Apt. 11- G</Unit>
</DeliveryAddress>

</PostalAddress>
</ContactMethod>
</ContactInfo>
<ExecutiveSummary>Highly experienced, goal oriented, and analytical Banker with proven ability to achieve and exceed all revenue and business development goals in high pressure environments. 
    *  Skilled at team building with expertise in risk operations, particularly in compliance, risk assessment, disaster recoveries, operations policies and procedures while developing strategic solutions that strengthen controls ; 
    *  Comprehensive knowledge of and experience in credit administration, loan documentation, personnel development and training. ; 
    *  Proven leadership with the ability to direct teams in servicing customer relationships and providing investment services. ; 
    *  Relationship development expertise that complements the ability to aggressively market and build solid client base while maintaining revenue growth. ;</ExecutiveSummary>


<EmploymentHistory>
<EmployerOrg employerOrgType='soleEmployer'>
<EmployerOrgName id='16_1'>20th Century Fox Federal Credit Union</EmployerOrgName>

<PositionHistory positionType='PERMANENT'>
<Title id='16_2_1'>Collections Manager</Title>
<OrgName id='20'>Philippine National Bank Group</OrgName>



<Description>Reduced delinquent accounts by more than 50% by improving collection follow ups and implemented daily compliance tests, transactions reviews and SAR reports. Created better and more efficient monitoring of past due files. Revised loan documentation, weekly and monthly reports which identified problem delinquent accounts early. Re-structured mortgage and personal loans including credit card accounts. Arranged repayments, processed claims and resolved client issues which substantially improved company's loan portfolio. Reviewed daily transactions and prepared reports to management for OFAC.
Philippine National Bank Group
Compliance - Risk Overseer (1998 to 20098)
Developed stricter review procedures, arranged periodic training and ensured that timely reporting to management and Federal authorities, are in place and properly documented in coordination with other units. Surpassed management expectations by creating better compliance guidelines. Successfully passed all Federal reviews, external and internal audits. Reviewed all daily transactions, prepared weekly reports on accounts as required by OFAC and the Federal Reserve Board.
Credit Review - Credit Administration -Lending
Revised and streamlined the branch's loan monitoring and legal documentation, review procedures resulting in recovering possible bank losses amounting to over US$500,000 due to faulty documentation and improper reporting of home loans and personal accounts.
Investments
Successfully launched the Bank's investment in a Cargo company with a 6-month return on investment.  Additional revenue for the Bank over US$2 million within 5 years.</Description>
<StartDate id='16_3_1'><Year>2008</Year></StartDate>
<EndDate id='16_3_2'><Year>2010</Year></EndDate>



<JobLevelInfo>
<JobGrade>joblevel-management-low</JobGrade>
</JobLevelInfo>

<JobCategory>
<TaxonomyName>JOBAREA</TaxonomyName>
<CategoryCode>banking-finance</CategoryCode>
</JobCategory>


<UserArea>
<DaxPositionHistoryUserArea>
<TLSPAN first_id='16' last_id='30' border_id='32'></TLSPAN>
<MonthsOfWork>24</MonthsOfWork>
</DaxPositionHistoryUserArea>
</UserArea>
</PositionHistory>
</EmployerOrg>

<EmployerOrg employerOrgType='soleEmployer'>
<EmployerOrgName id='32_1'>Banque Nationale de Paris</EmployerOrgName>

<PositionHistory positionType='PERMANENT'>
<Title id='32_2_1'>Regional Private Banking - Head of Credit</Title>
<OrgName id='32_1'>Banque Nationale de Paris</OrgName>



<Description>Re-organized the entire Credit Administration workflow from evaluation of Credit proposals to formalizing loan documentation requirements. Structured complicated private banking proposals. Established better risk parameters and revised lending guidelines. Oversee fund transfers, security transactions, margin trading, derivatives and option trades. BNP Top Quality Assurance awardee in 1997.</Description>
<StartDate id='32_3_1'><Year>1996</Year></StartDate>
<EndDate id='32_3_2'><Year>1999</Year></EndDate>



<JobLevelInfo>
<JobGrade>joblevel-management-mid</JobGrade>
</JobLevelInfo>

<JobCategory>
<TaxonomyName>JOBAREA</TaxonomyName>
<CategoryCode>banking-finance</CategoryCode>
</JobCategory>


<UserArea>
<DaxPositionHistoryUserArea>
<TLSPAN first_id='32' last_id='37' border_id='38'></TLSPAN>
<MonthsOfWork>36</MonthsOfWork>
</DaxPositionHistoryUserArea>
</UserArea>
</PositionHistory>
</EmployerOrg>

<EmployerOrg employerOrgType='soleEmployer'>
<EmployerOrgName id='38_1'>The Bank of New York Ltd.</EmployerOrgName>
<EmployerContactInfo>
<LocationSummary id='39'>
<Municipality>Tokyo</Municipality>
</LocationSummary>
</EmployerContactInfo>
<PositionHistory positionType='PERMANENT'>
<Title id='38_2_1'>Vice President - Regional Operations</Title>
<OrgName id='38_1'>The Bank of New York Ltd.</OrgName>



<Description>Revised and standardized the entire Bank's Operations Manual for all Asian branches (for Tokyo and Osaka branches in Japan , Taipei, Taiwan, Seoul, Korea, Hong Kong, and Singapore). Automated the Bank's Letter of Credit Operations in all the Asian branches. Represented Asian branches on US Federal Government audits (all successfully passed). Recognized and commended by Chairman's Office for accomplishing the Operations project in record time. Project savings over US$2 million.</Description>
<StartDate id='38_3_1'><Year>1993</Year></StartDate>
<EndDate id='38_3_2'><Year>1996</Year></EndDate>



<JobLevelInfo>
<JobGrade>joblevel-management-senior</JobGrade>
</JobLevelInfo>

<JobCategory>
<TaxonomyName>JOBAREA</TaxonomyName>
<CategoryCode>senior</CategoryCode>
</JobCategory>


<UserArea>
<DaxPositionHistoryUserArea>
<TLSPAN first_id='38' last_id='51' border_id='52'></TLSPAN>
<MonthsOfWork>36</MonthsOfWork>
</DaxPositionHistoryUserArea>
</UserArea>
</PositionHistory>
</EmployerOrg>

<EmployerOrg employerOrgType='soleEmployer'>
<EmployerOrgName id='52_1'>First Pacific Bank</EmployerOrgName>

<PositionHistory positionType='PERMANENT'>
<Title id='52_2_1'>Vice President Regional Banking</Title>
<OrgName id='52_1'>First Pacific Bank</OrgName>



<Description>Head of a Country Desk - Philippine Market. Developed over US$70 million portfolio with a net yield of US$2.2 million annually covering corporate accounts from garments, electronics and trading companies. Management's representative in setting up branches in new countries. Surpassed profitability goals and doubling Regional Banking Division's customer deposits.</Description>
<StartDate id='52_3_1'><Year>1991</Year></StartDate>
<EndDate id='52_3_2'><Year>1993</Year></EndDate>



<JobLevelInfo>
<JobGrade>joblevel-management-senior</JobGrade>
</JobLevelInfo>

<JobCategory>
<TaxonomyName>JOBAREA</TaxonomyName>
<CategoryCode>senior</CategoryCode>
</JobCategory>


<UserArea>
<DaxPositionHistoryUserArea>
<TLSPAN first_id='52' last_id='55' border_id='58'></TLSPAN>
<MonthsOfWork>24</MonthsOfWork>
</DaxPositionHistoryUserArea>
</UserArea>
</PositionHistory>
</EmployerOrg>

<EmployerOrg employerOrgType='soleEmployer'>
<EmployerOrgName id='56'>Hongkong Metropolitan Bank</EmployerOrgName>
<EmployerContactInfo>
<LocationSummary id='61'>
<CountryCode>MY</CountryCode>
</LocationSummary>
</EmployerContactInfo>
<PositionHistory positionType='PERMANENT'>
<Title id='57_1'>Manager</Title>
<OrgName id='56'>Hongkong Metropolitan Bank</OrgName>



<Description>Managed the Bank's US$70 million loan portfolio for clients from Malaysia, Singapore and Thailand. Responsible for Hong Kong Area branches, improving credit approvals presentations and efficiently reviewed a loan portfolio of over US$2.0 billion. Conducted Credit Training in Thailand, Philippines, Hong Kong and London. Invited by the top business magazine (The Economist) to do a presentation on Credit Administration</Description>
<StartDate id='58_1'><Year>1981</Year></StartDate>
<EndDate id='58_2'><Year>1991</Year></EndDate>



<JobLevelInfo>
<JobGrade>joblevel-management-low</JobGrade>
</JobLevelInfo>



<UserArea>
<DaxPositionHistoryUserArea>
<TLSPAN first_id='56' last_id='73' border_id='75'></TLSPAN>
<MonthsOfWork>120</MonthsOfWork>
</DaxPositionHistoryUserArea>
</UserArea>
</PositionHistory>
</EmployerOrg>

<EmployerOrg employerOrgType='soleEmployer'>
<EmployerOrgName id='75_1'>Philippine Commercial &#38; Industrial Bank</EmployerOrgName>

<PositionHistory positionType='PERMANENT'>
<Title id='75_2_1'>Account Manager Corporate Banking</Title>
<OrgName id='75_1'>Philippine Commercial &#38; Industrial Bank</OrgName>



<Description>Joined the bank as Auditor, eventually transferred to Export Department as Processor/ Supervisor.  Promoted to Branch Credit Officer with responsibilities for credit evaluation, credit structuring, loans administration and loan workouts.  Elevated as Corporate Account Manager with responsibilities for corporate clients in the electronic industry, construction industry and general services activities.
Professional ,</Description>
<StartDate id='75_3_1'><Year>1971</Year></StartDate>
<EndDate id='75_3_2'><Year>1981</Year></EndDate>



<JobLevelInfo>
<JobGrade>joblevel-nonmanager-low</JobGrade>
</JobLevelInfo>

<JobCategory>
<TaxonomyName>JOBAREA</TaxonomyName>
<CategoryCode>banking-finance</CategoryCode>
</JobCategory>


<UserArea>
<DaxPositionHistoryUserArea>
<TLSPAN first_id='75' last_id='81' border_id='0'></TLSPAN>
<MonthsOfWork>120</MonthsOfWork>
</DaxPositionHistoryUserArea>
</UserArea>
</PositionHistory>
</EmployerOrg>

</EmploymentHistory>
<EducationHistory>
<SchoolOrInstitution schoolType='college'>
<SchoolName id='85_1'>Ateneo Graduate School</SchoolName>




<Major id='85_2_1'>Account Management Fundamentals</Major>



<Comments>	    (top of the class)
	Hong Kong Management Association (HKMA), Advanced Management Course for    Senior Executives.
	 Basic Credit Course,  Advanced Credit Courses    Advance Risk Asset Management</Comments>
</SchoolOrInstitution>

<SchoolOrInstitution schoolType='university'>
<SchoolName id='91_1'>De La Salle University</SchoolName>



<Degree degreeType='masters'>
<DegreeName id='91_2'>Masters</DegreeName>

</Degree>
<Major id='91_2'>Business</Major>



<Comments>Bachelor of Science in Commerce, major in Accounting
    Bachelor of Arts in History-Political Science</Comments>
</SchoolOrInstitution>

</EducationHistory>











<Competency oids='12 25 33 73 ' description='Skill' auth='yes' name='Credit Administration'>
<CompetencyEvidence name='Extent of Experience' typeDescription='Extent of Experience' type='MONTH' lastUsed='2010'><NumericValue description='MONTH'>180</NumericValue></CompetencyEvidence>

<CompetencyWeight type='skillLevel'><NumericValue minValue='0' maxValue='100'>100</NumericValue></CompetencyWeight>

<CompetencyWeight type='skillProficiency'><StringValue minValue='BASIC' maxValue='EXCELLENT'>EXCELLENT</StringValue></CompetencyWeight>
</Competency>

<Competency oids='10 ' description='Skill' auth='no' name='team building'>
<CompetencyWeight type='skillLevel'><NumericValue minValue='0' maxValue='100'>95</NumericValue></CompetencyWeight>

<CompetencyWeight type='skillProficiency'><StringValue minValue='BASIC' maxValue='EXCELLENT'>EXCELLENT</StringValue></CompetencyWeight>
</Competency>

<Competency oids='11 ' description='Skill' auth='no' name='risk assessment'>
<CompetencyWeight type='skillLevel'><NumericValue minValue='0' maxValue='100'>95</NumericValue></CompetencyWeight>

<CompetencyWeight type='skillProficiency'><StringValue minValue='BASIC' maxValue='EXCELLENT'>EXCELLENT</StringValue></CompetencyWeight>
</Competency>

<Competency oids='13 ' description='Skill' auth='no' name='personnel development and training'>
<CompetencyWeight type='skillLevel'><NumericValue minValue='0' maxValue='100'>95</NumericValue></CompetencyWeight>

<CompetencyWeight type='skillProficiency'><StringValue minValue='BASIC' maxValue='EXCELLENT'>EXCELLENT</StringValue></CompetencyWeight>
</Competency>

<Competency oids='21 ' description='Skill' auth='no' name='periodic training'>
<CompetencyEvidence name='Extent of Experience' typeDescription='Extent of Experience' type='MONTH' lastUsed='2010'><NumericValue description='MONTH'>24</NumericValue></CompetencyEvidence>

<CompetencyWeight type='skillLevel'><NumericValue minValue='0' maxValue='100'>78</NumericValue></CompetencyWeight>

<CompetencyWeight type='skillProficiency'><StringValue minValue='BASIC' maxValue='EXCELLENT'>GOOD</StringValue></CompetencyWeight>
</Competency>

<Competency oids='18 ' description='Skill' auth='no' name='efficient monitoring'>
<CompetencyEvidence name='Extent of Experience' typeDescription='Extent of Experience' type='MONTH' lastUsed='2010'><NumericValue description='MONTH'>24</NumericValue></CompetencyEvidence>

<CompetencyWeight type='skillLevel'><NumericValue minValue='0' maxValue='100'>79</NumericValue></CompetencyWeight>

<CompetencyWeight type='skillProficiency'><StringValue minValue='BASIC' maxValue='EXCELLENT'>GOOD</StringValue></CompetencyWeight>
</Competency>

<Competency oids='64 ' description='Skill' auth='no' name='Responsible for Hong Kong Area'>
<CompetencyEvidence name='Extent of Experience' typeDescription='Extent of Experience' type='MONTH' lastUsed='1991'><NumericValue description='MONTH'>120</NumericValue></CompetencyEvidence>

<CompetencyWeight type='skillLevel'><NumericValue minValue='0' maxValue='100'>31</NumericValue></CompetencyWeight>

<CompetencyWeight type='skillProficiency'><StringValue minValue='BASIC' maxValue='EXCELLENT'>BASIC</StringValue></CompetencyWeight>
</Competency>

<Competency oids='36 ' description='Skill > IT' auth='yes' name='Quality Assurance'>
<CompetencyEvidence name='Extent of Experience' typeDescription='Extent of Experience' type='MONTH' lastUsed='1999'><NumericValue description='MONTH'>36</NumericValue></CompetencyEvidence>

<CompetencyWeight type='skillLevel'><NumericValue minValue='0' maxValue='100'>28</NumericValue></CompetencyWeight>

<CompetencyWeight type='skillProficiency'><StringValue minValue='BASIC' maxValue='EXCELLENT'>BASIC</StringValue></CompetencyWeight>
</Competency>

<Competency oids='19 ' description='Skill' auth='yes' name='Personal Loans'>
<CompetencyEvidence name='Extent of Experience' typeDescription='Extent of Experience' type='MONTH' lastUsed='2010'><NumericValue description='MONTH'>24</NumericValue></CompetencyEvidence>

<CompetencyWeight type='skillLevel'><NumericValue minValue='0' maxValue='100'>78</NumericValue></CompetencyWeight>

<CompetencyWeight type='skillProficiency'><StringValue minValue='BASIC' maxValue='EXCELLENT'>GOOD</StringValue></CompetencyWeight>
</Competency>

<Competency oids='59 ' description='Skill' auth='no' name='Managed the Bank&#39;s US'>
<CompetencyEvidence name='Extent of Experience' typeDescription='Extent of Experience' type='MONTH' lastUsed='1991'><NumericValue description='MONTH'>120</NumericValue></CompetencyEvidence>

<CompetencyWeight type='skillLevel'><NumericValue minValue='0' maxValue='100'>32</NumericValue></CompetencyWeight>

<CompetencyWeight type='skillProficiency'><StringValue minValue='BASIC' maxValue='EXCELLENT'>BASIC</StringValue></CompetencyWeight>
</Competency>

<Competency oids='71 ' description='Skill' auth='yes' name='Magazines'>
<CompetencyEvidence name='Extent of Experience' typeDescription='Extent of Experience' type='MONTH' lastUsed='1991'><NumericValue description='MONTH'>120</NumericValue></CompetencyEvidence>

<CompetencyEvidence typeDescription='Alias' name='Alias'><StringValue>magazine</StringValue></CompetencyEvidence>

<CompetencyWeight type='skillLevel'><NumericValue minValue='0' maxValue='100'>30</NumericValue></CompetencyWeight>

<CompetencyWeight type='skillProficiency'><StringValue minValue='BASIC' maxValue='EXCELLENT'>BASIC</StringValue></CompetencyWeight>
</Competency>

<Competency oids='80 ' description='Skill' auth='yes' name='Loans Administration'>
<CompetencyEvidence name='Extent of Experience' typeDescription='Extent of Experience' type='MONTH' lastUsed='1981'><NumericValue description='MONTH'>120</NumericValue></CompetencyEvidence>

<CompetencyWeight type='skillLevel'><NumericValue minValue='0' maxValue='100'>32</NumericValue></CompetencyWeight>

<CompetencyWeight type='skillProficiency'><StringValue minValue='BASIC' maxValue='EXCELLENT'>BASIC</StringValue></CompetencyWeight>
</Competency>

<Competency oids='26 ' description='Skill' auth='yes' name='Limit Monitoring'>
<CompetencyEvidence name='Extent of Experience' typeDescription='Extent of Experience' type='MONTH' lastUsed='2010'><NumericValue description='MONTH'>24</NumericValue></CompetencyEvidence>

<CompetencyEvidence typeDescription='Alias' name='Alias'><StringValue>loan monitoring</StringValue></CompetencyEvidence>

<CompetencyWeight type='skillLevel'><NumericValue minValue='0' maxValue='100'>75</NumericValue></CompetencyWeight>

<CompetencyWeight type='skillProficiency'><StringValue minValue='BASIC' maxValue='EXCELLENT'>GOOD</StringValue></CompetencyWeight>
</Competency>

<Competency oids='46 ' description='Skill' auth='yes' name='Letters of Credit'>
<CompetencyEvidence name='Extent of Experience' typeDescription='Extent of Experience' type='MONTH' lastUsed='1996'><NumericValue description='MONTH'>36</NumericValue></CompetencyEvidence>

<CompetencyEvidence typeDescription='Alias' name='Alias'><StringValue>Letter of Credit</StringValue></CompetencyEvidence>

<CompetencyWeight type='skillLevel'><NumericValue minValue='0' maxValue='100'>31</NumericValue></CompetencyWeight>

<CompetencyWeight type='skillProficiency'><StringValue minValue='BASIC' maxValue='EXCELLENT'>BASIC</StringValue></CompetencyWeight>
</Competency>

<Competency oids='27 ' description='Skill' auth='yes' name='Legal Documents'>
<CompetencyEvidence name='Extent of Experience' typeDescription='Extent of Experience' type='MONTH' lastUsed='2010'><NumericValue description='MONTH'>24</NumericValue></CompetencyEvidence>

<CompetencyEvidence typeDescription='Alias' name='Alias'><StringValue>legal documentation</StringValue></CompetencyEvidence>

<CompetencyWeight type='skillLevel'><NumericValue minValue='0' maxValue='100'>74</NumericValue></CompetencyWeight>

<CompetencyWeight type='skillProficiency'><StringValue minValue='BASIC' maxValue='EXCELLENT'>GOOD</StringValue></CompetencyWeight>
</Competency>

<Competency oids='23 ' description='Skill' auth='yes' name='Internal Audit'>
<CompetencyEvidence name='Extent of Experience' typeDescription='Extent of Experience' type='MONTH' lastUsed='2010'><NumericValue description='MONTH'>24</NumericValue></CompetencyEvidence>

<CompetencyEvidence typeDescription='Alias' name='Alias'><StringValue>internal audits</StringValue></CompetencyEvidence>

<CompetencyWeight type='skillLevel'><NumericValue minValue='0' maxValue='100'>77</NumericValue></CompetencyWeight>

<CompetencyWeight type='skillProficiency'><StringValue minValue='BASIC' maxValue='EXCELLENT'>GOOD</StringValue></CompetencyWeight>
</Competency>

<Competency oids='34 ' description='Skill' auth='yes' name='Futures Margining'>
<CompetencyEvidence name='Extent of Experience' typeDescription='Extent of Experience' type='MONTH' lastUsed='1999'><NumericValue description='MONTH'>36</NumericValue></CompetencyEvidence>

<CompetencyEvidence typeDescription='Alias' name='Alias'><StringValue>margin trading</StringValue></CompetencyEvidence>

<CompetencyWeight type='skillLevel'><NumericValue minValue='0' maxValue='100'>30</NumericValue></CompetencyWeight>

<CompetencyWeight type='skillProficiency'><StringValue minValue='BASIC' maxValue='EXCELLENT'>BASIC</StringValue></CompetencyWeight>
</Competency>

<Competency oids='35 ' description='Skill' auth='yes' name='Derivatives'>
<CompetencyEvidence name='Extent of Experience' typeDescription='Extent of Experience' type='MONTH' lastUsed='1999'><NumericValue description='MONTH'>36</NumericValue></CompetencyEvidence>

<CompetencyWeight type='skillLevel'><NumericValue minValue='0' maxValue='100'>29</NumericValue></CompetencyWeight>

<CompetencyWeight type='skillProficiency'><StringValue minValue='BASIC' maxValue='EXCELLENT'>BASIC</StringValue></CompetencyWeight>
</Competency>

<Competency oids='66 ' description='Skill' auth='no' name='Conducted Credit Training'>
<CompetencyEvidence name='Extent of Experience' typeDescription='Extent of Experience' type='MONTH' lastUsed='1991'><NumericValue description='MONTH'>120</NumericValue></CompetencyEvidence>

<CompetencyWeight type='skillLevel'><NumericValue minValue='0' maxValue='100'>31</NumericValue></CompetencyWeight>

<CompetencyWeight type='skillProficiency'><StringValue minValue='BASIC' maxValue='EXCELLENT'>BASIC</StringValue></CompetencyWeight>
</Competency>

<Competency oids='9 ' description='Skill' auth='yes' name='Business Development'>
<CompetencyWeight type='skillLevel'><NumericValue minValue='0' maxValue='100'>95</NumericValue></CompetencyWeight>

<CompetencyWeight type='skillProficiency'><StringValue minValue='BASIC' maxValue='EXCELLENT'>EXCELLENT</StringValue></CompetencyWeight>
</Competency>

<Competency oids='48 ' description='Skill' auth='yes' name='Audit'>
<CompetencyEvidence name='Extent of Experience' typeDescription='Extent of Experience' type='MONTH' lastUsed='1996'><NumericValue description='MONTH'>36</NumericValue></CompetencyEvidence>

<CompetencyEvidence typeDescription='Alias' name='Alias'><StringValue>audits</StringValue></CompetencyEvidence>

<CompetencyWeight type='skillLevel'><NumericValue minValue='0' maxValue='100'>30</NumericValue></CompetencyWeight>

<CompetencyWeight type='skillProficiency'><StringValue minValue='BASIC' maxValue='EXCELLENT'>BASIC</StringValue></CompetencyWeight>
</Competency>

<Competency oids='83 ' description='Skill' auth='yes' name='Anti-Money Laundering'>
<CompetencyWeight type='skillLevel'><NumericValue minValue='0' maxValue='100'>15</NumericValue></CompetencyWeight>
</Competency>

<Competency oids='89 ' description='Skill' auth='no' name='Advance Risk Asset Management'>
<CompetencyWeight type='skillLevel'><NumericValue minValue='0' maxValue='100'>15</NumericValue></CompetencyWeight>
</Competency>

<Competency oids='52_2_1 ' description='Held Position' auth='no' name='Vice President Regional Banking'>
<CompetencyEvidence name='Extent of Experience' typeDescription='Extent of Experience' type='MONTH' lastUsed='1993'><NumericValue description='MONTH'>24</NumericValue></CompetencyEvidence>

<CompetencyWeight type='skillLevel'><NumericValue minValue='0' maxValue='100'>29</NumericValue></CompetencyWeight>

<CompetencyWeight type='skillProficiency'><StringValue minValue='BASIC' maxValue='EXCELLENT'>BASIC</StringValue></CompetencyWeight>
</Competency>

<Competency oids='38_2_1 ' description='Held Position' auth='no' name='Vice President - Regional Operations'>
<CompetencyEvidence name='Extent of Experience' typeDescription='Extent of Experience' type='MONTH' lastUsed='1996'><NumericValue description='MONTH'>36</NumericValue></CompetencyEvidence>

<CompetencyWeight type='skillLevel'><NumericValue minValue='0' maxValue='100'>31</NumericValue></CompetencyWeight>

<CompetencyWeight type='skillProficiency'><StringValue minValue='BASIC' maxValue='EXCELLENT'>BASIC</StringValue></CompetencyWeight>
</Competency>

<Competency oids='72_1 ' description='Held Position' auth='no' name='The Economist'>
<CompetencyEvidence name='Extent of Experience' typeDescription='Extent of Experience' type='MONTH' lastUsed='1991'><NumericValue description='MONTH'>120</NumericValue></CompetencyEvidence>

<CompetencyWeight type='skillLevel'><NumericValue minValue='0' maxValue='100'>31</NumericValue></CompetencyWeight>

<CompetencyWeight type='skillProficiency'><StringValue minValue='BASIC' maxValue='EXCELLENT'>BASIC</StringValue></CompetencyWeight>
</Competency>

<Competency oids='78_1 ' description='Held Position' auth='no' name='Supervisor'>
<CompetencyEvidence name='Extent of Experience' typeDescription='Extent of Experience' type='MONTH' lastUsed='1981'><NumericValue description='MONTH'>120</NumericValue></CompetencyEvidence>

<CompetencyWeight type='skillLevel'><NumericValue minValue='0' maxValue='100'>31</NumericValue></CompetencyWeight>

<CompetencyWeight type='skillProficiency'><StringValue minValue='BASIC' maxValue='EXCELLENT'>BASIC</StringValue></CompetencyWeight>
</Competency>

<Competency oids='32_2_1 ' description='Held Position' auth='no' name='Regional Private Banking - Head of Credit'>
<CompetencyEvidence name='Extent of Experience' typeDescription='Extent of Experience' type='MONTH' lastUsed='1999'><NumericValue description='MONTH'>36</NumericValue></CompetencyEvidence>

<CompetencyWeight type='skillLevel'><NumericValue minValue='0' maxValue='100'>31</NumericValue></CompetencyWeight>

<CompetencyWeight type='skillProficiency'><StringValue minValue='BASIC' maxValue='EXCELLENT'>BASIC</StringValue></CompetencyWeight>
</Competency>

<Competency oids='57_1 ' description='Held Position' auth='no' name='Manager'>
<CompetencyEvidence name='Extent of Experience' typeDescription='Extent of Experience' type='MONTH' lastUsed='1991'><NumericValue description='MONTH'>120</NumericValue></CompetencyEvidence>

<CompetencyWeight type='skillLevel'><NumericValue minValue='0' maxValue='100'>32</NumericValue></CompetencyWeight>

<CompetencyWeight type='skillProficiency'><StringValue minValue='BASIC' maxValue='EXCELLENT'>BASIC</StringValue></CompetencyWeight>
</Competency>

<Competency oids='81_2 ' description='Held Position' auth='no' name='Corporate Account Manager'>
<CompetencyEvidence name='Extent of Experience' typeDescription='Extent of Experience' type='MONTH' lastUsed='1981'><NumericValue description='MONTH'>120</NumericValue></CompetencyEvidence>

<CompetencyWeight type='skillLevel'><NumericValue minValue='0' maxValue='100'>29</NumericValue></CompetencyWeight>

<CompetencyWeight type='skillProficiency'><StringValue minValue='BASIC' maxValue='EXCELLENT'>BASIC</StringValue></CompetencyWeight>
</Competency>

<Competency oids='16_2_1 ' description='Held Position' auth='no' name='Collections Manager'>
<CompetencyEvidence name='Extent of Experience' typeDescription='Extent of Experience' type='MONTH' lastUsed='2010'><NumericValue description='MONTH'>24</NumericValue></CompetencyEvidence>

<CompetencyWeight type='skillLevel'><NumericValue minValue='0' maxValue='100'>79</NumericValue></CompetencyWeight>

<CompetencyWeight type='skillProficiency'><StringValue minValue='BASIC' maxValue='EXCELLENT'>GOOD</StringValue></CompetencyWeight>
</Competency>

<Competency oids='79_1 ' description='Held Position' auth='no' name='Branch Credit Officer'>
<CompetencyEvidence name='Extent of Experience' typeDescription='Extent of Experience' type='MONTH' lastUsed='1981'><NumericValue description='MONTH'>120</NumericValue></CompetencyEvidence>

<CompetencyWeight type='skillLevel'><NumericValue minValue='0' maxValue='100'>30</NumericValue></CompetencyWeight>

<CompetencyWeight type='skillProficiency'><StringValue minValue='BASIC' maxValue='EXCELLENT'>BASIC</StringValue></CompetencyWeight>
</Competency>

<Competency oids='8_1 ' description='Held Position' auth='no' name='Banker'>
<CompetencyWeight type='skillLevel'><NumericValue minValue='0' maxValue='100'>95</NumericValue></CompetencyWeight>

<CompetencyWeight type='skillProficiency'><StringValue minValue='BASIC' maxValue='EXCELLENT'>EXCELLENT</StringValue></CompetencyWeight>
</Competency>

<Competency oids='76_2 ' description='Held Position' auth='no' name='Auditor'>
<CompetencyEvidence name='Extent of Experience' typeDescription='Extent of Experience' type='MONTH' lastUsed='1981'><NumericValue description='MONTH'>120</NumericValue></CompetencyEvidence>

<CompetencyWeight type='skillLevel'><NumericValue minValue='0' maxValue='100'>31</NumericValue></CompetencyWeight>

<CompetencyWeight type='skillProficiency'><StringValue minValue='BASIC' maxValue='EXCELLENT'>BASIC</StringValue></CompetencyWeight>
</Competency>

<Competency oids='75_2_1 ' description='Held Position' auth='no' name='Account Manager Corporate Banking'>
<CompetencyEvidence name='Extent of Experience' typeDescription='Extent of Experience' type='MONTH' lastUsed='1981'><NumericValue description='MONTH'>120</NumericValue></CompetencyEvidence>

<CompetencyWeight type='skillLevel'><NumericValue minValue='0' maxValue='100'>32</NumericValue></CompetencyWeight>

<CompetencyWeight type='skillProficiency'><StringValue minValue='BASIC' maxValue='EXCELLENT'>BASIC</StringValue></CompetencyWeight>
</Competency>

<Competency oids='7 ' description='Degree/Qualification > Professional' auth='no' name='Qualification'>
<CompetencyEvidence typeDescription='Alias' name='Alias'><StringValue>Qualification Summary</StringValue></CompetencyEvidence>

<CompetencyWeight type='skillLevel'><NumericValue minValue='0' maxValue='100'>12</NumericValue></CompetencyWeight>
</Competency>

<Competency oids='91_2 ' description='Degree/Qualification' auth='no' name='Masters > Masters Business'>
<CompetencyEvidence name='Application' typeDescription='Application' type='Business'><StringValue>Business</StringValue></CompetencyEvidence>

<CompetencyEvidence typeDescription='Alias' name='Alias'><StringValue>Masters in Business</StringValue></CompetencyEvidence>

<CompetencyWeight type='skillLevel'><NumericValue minValue='0' maxValue='100'>12</NumericValue></CompetencyWeight>
</Competency>

<Competency oids='92 ' description='Degree/Qualification' auth='yes' name='Bachelors Degree > Bachelor of Science > Bachelor of Science Accounting'>
<CompetencyEvidence name='Application' typeDescription='Application' type='Accounting'><StringValue>Accounting</StringValue></CompetencyEvidence>

<CompetencyEvidence typeDescription='Alias' name='Alias'><StringValue>Administration , Bachelor of Science in Commerce, major in Accounting</StringValue></CompetencyEvidence>

<CompetencyWeight type='skillLevel'><NumericValue minValue='0' maxValue='100'>12</NumericValue></CompetencyWeight>
</Competency>

<Competency oids='93 ' description='Degree/Qualification' auth='yes' name='Bachelors Degree > Bachelor of Arts > Bachelor of Arts History-Political Science'>
<CompetencyEvidence name='Application' typeDescription='Application' type='History-Political Science'><StringValue>History-Political Science</StringValue></CompetencyEvidence>

<CompetencyEvidence typeDescription='Alias' name='Alias'><StringValue>Bachelor of Arts in History-Political Science</StringValue></CompetencyEvidence>

<CompetencyWeight type='skillLevel'><NumericValue minValue='0' maxValue='100'>12</NumericValue></CompetencyWeight>
</Competency>

<Competency description='Industry' auth='yes' name='industry~banking-finance'>
<CompetencyEvidence name='skillCount' typeDescription='skillCount'><NumericValue>3</NumericValue></CompetencyEvidence>

<CompetencyWeight type='skillLevel'><NumericValue minValue='0' maxValue='100'>100</NumericValue></CompetencyWeight>
</Competency>























<RevisionDate id='2'>2013-04-03</RevisionDate>
</StructuredXMLResume>
<NonXMLResume>

<TextResume>



{{HEADER}}



<span inprof='y' id='1' class='nominal'>Jorge A. Mirasol</span>





{{END_HEADER}}

<span inprof='n' id='2' class='date'>{{DOCUMENT_DATESTAMP}} 2013-4-3 {{END_DOCUMENT_DATESTAMP}}</span>


<span inprof='y' id='3' class='nominal'>JORGE A. MIRASOL</span>
<span inprof='y' id='4' class='location'>Address:
410 East 20th Street, Apt. 11- G
New York, NY 10009</span>

<span inprof='y' id='5' class='email'>Email:
jamirasol@aol.com</span>
<span inprof='y' id='6' class='telephone'>Cell. Tel. (949) 280 2088</span>


<span inprof='y' id='7' class='qualif'>Qualification Summary</span>
Highly experienced, goal oriented, and analytical <span inprof='y' id='8_1' class='role'>Banker</span> with proven ability to achieve and exceed all revenue and <span inprof='y' id='9' class='skill'>business development</span> goals in high pressure environments. 
    *  Skilled at <span inprof='y' id='10' class='skill'>team building</span> with expertise in risk operations, particularly in compliance, <span inprof='y' id='11' class='skill'>risk assessment</span>, disaster recoveries, operations policies and procedures while developing strategic solutions that strengthen controls ; 
    *  Comprehensive knowledge of and experience in <span inprof='y' id='12' class='skill'>credit administration</span>, loan documentation, <span inprof='y' id='13' class='skill'>personnel development and training</span>. ; 
    *  Proven leadership with the ability to direct teams in servicing customer relationships and providing investment services. ; 
    *  Relationship development expertise that complements the ability to aggressively market and build solid client base while maintaining revenue growth.

<span inprof='n' id='14' class='work-hist-mark'>Business Experience</span>
<span inprof='n' id='15' class='work-hist-mark'>US WORK EXPERIENCE:</span>
<span inprof='y' id='16_1' class='company'>20th Century Fox Federal Credit Union</span>
<span inprof='y' id='16_2_1' class='role'>Collections Manager</span> -  (<span inprof='y' id='16_3_1' class='date'>2008</span> to <span inprof='y' id='16_3_2' class='date'>2010</span>)
Reduced delinquent accounts by more than <span inprof='n' id='17' class='percent'>50%</span> by improving collection follow ups and implemented daily compliance tests, transactions reviews and SAR reports. Created better and more <span inprof='y' id='18' class='skill'>efficient monitoring</span> of past due files. Revised loan documentation, weekly and monthly reports which identified problem delinquent accounts early. Re-structured mortgage and <span inprof='y' id='19' class='skill'>personal loans</span> including credit card accounts. Arranged repayments, processed claims and resolved client issues which substantially improved company's loan portfolio. Reviewed daily transactions and prepared reports to management for OFAC.
<span inprof='y' id='20' class='company'>Philippine National Bank Group</span>
Compliance - Risk Overseer (1998 to 20098)
Developed stricter review procedures, arranged <span inprof='y' id='21' class='skill'>periodic training</span> and ensured that timely reporting to <span inprof='n' id='22' class='qualif'>management and Federal authorities</span>, are in place and properly documented in coordination with other units. Surpassed management expectations by creating better compliance guidelines. Successfully passed all Federal reviews, external and <span inprof='y' id='23' class='skill'>internal audits</span>. Reviewed all daily transactions, prepared weekly reports on accounts as required by OFAC and <span inprof='n' id='24' class='company'>the Federal Reserve Board</span>.
Credit Review - <span inprof='y' id='25' class='skill'>Credit Administration</span> -Lending
Revised and streamlined the branch's <span inprof='y' id='26' class='skill'>loan monitoring</span> and <span inprof='y' id='27' class='skill'>legal documentation</span>, review procedures resulting in recovering possible bank losses amounting to over <span inprof='n' id='28' class='money'>US$500,000</span> due to faulty documentation and improper reporting of home loans and personal accounts.
Investments
Successfully launched the Bank's investment in a Cargo company with a 6-month return on investment.  Additional revenue for the Bank over <span inprof='n' id='29' class='money'>US$2 million</span> within <span inprof='n' id='30' class='duration'>5 years</span>.

<span inprof='n' id='31' class='work-hist-mark'>HONG KONG WORK EXPERIENCE:</span>
<span inprof='y' id='32_1' class='company'>Banque Nationale de Paris</span>
                                                          <span inprof='y' id='32_2_1' class='role'>Regional Private Banking - Head of Credit</span>  (<span inprof='y' id='32_3_1' class='date'>1996</span> to <span inprof='y' id='32_3_2' class='date'>1999</span>)
Re-organized the entire <span inprof='y' id='33' class='skill'>Credit Administration</span> workflow from evaluation of Credit proposals to formalizing loan documentation requirements. Structured complicated private banking proposals. Established better risk parameters and revised lending guidelines. Oversee fund transfers, security transactions, <span inprof='y' id='34' class='skill'>margin trading</span>, <span inprof='y' id='35' class='skill'>derivatives</span> and option trades. BNP Top <span inprof='y' id='36' class='sofwr'>Quality Assurance</span> awardee in <span inprof='n' id='37' class='date'>1997</span>.
<span inprof='y' id='38_1' class='company'>The Bank of New York Ltd.</span>
<span inprof='y' id='38_2_1' class='role'>Vice President - Regional Operations</span> -  (<span inprof='y' id='38_3_1' class='date'>1993</span> to <span inprof='y' id='38_3_2' class='date'>1996</span>)
Revised and standardized the entire Bank's Operations Manual for all Asian branches (for <span inprof='y' id='39' class='location'>Tokyo</span> and <span inprof='n' id='40' class='location'>Osaka</span> branches in <span inprof='n' id='41' class='location'>Japan</span> , <span inprof='n' id='42' class='location'>Taipei, Taiwan</span>, <span inprof='n' id='43' class='location'>Seoul, Korea</span>, <span inprof='n' id='44' class='location'>Hong Kong</span>, and <span inprof='n' id='45' class='location'>Singapore</span>). Automated the Bank's <span inprof='y' id='46' class='skill'>Letter of Credit</span> Operations in all the Asian branches. Represented Asian branches on <span inprof='n' id='47' class='company'>US Federal Government</span> <span inprof='y' id='48' class='skill'>audits</span> (all successfully passed). Recognized and commended by <span inprof='n' id='49' class='bad-occupation'>Chairman's</span> Office for accomplishing the Operations <span inprof='n' id='50' class='sofwr'>project</span> in record time. Project savings over <span inprof='n' id='51' class='money'>US$2 million</span>.
<span inprof='y' id='52_1' class='company'>First Pacific Bank</span>
<span inprof='y' id='52_2_1' class='role'>Vice President Regional Banking</span> - (<span inprof='y' id='52_3_1' class='date'>1991</span> to <span inprof='y' id='52_3_2' class='date'>1993</span>)
Head of a Country Desk - Philippine Market. Developed over <span inprof='n' id='53' class='money'>US$70 million</span> portfolio with a net yield of <span inprof='n' id='54' class='money'>US$2.2 million</span> annually covering corporate accounts from garments, electronics and trading companies. Management's representative in setting up branches in new countries. Surpassed profitability goals and doubling <span inprof='n' id='55' class='company'>Regional Banking Division</span>'s customer deposits.
<span inprof='y' id='56' class='company'>Hongkong Metropolitan Bank</span>
<span inprof='y' id='57_1' class='role'>Manager</span> Credit  / Regional Credit Training- (<span inprof='y' id='58_1' class='date'>1981</span> to <span inprof='y' id='58_2' class='date'>1991</span>)
<span inprof='y' id='59' class='skill'>Managed the Bank's US</span><span inprof='n' id='60' class='money'>$70 million</span> loan portfolio for clients from <span inprof='y' id='61' class='location'>Malaysia</span>, <span inprof='n' id='62' class='location'>Singapore</span> and <span inprof='n' id='63' class='location'>Thailand</span>. <span inprof='y' id='64' class='skill'>Responsible for Hong Kong Area</span> branches, improving credit approvals presentations and efficiently reviewed a loan portfolio of over <span inprof='n' id='65' class='money'>US$2.0 billion</span>. <span inprof='y' id='66' class='skill'>Conducted Credit Training</span> in <span inprof='n' id='67' class='location'>Thailand</span>, <span inprof='n' id='68' class='location'>Philippines</span>, <span inprof='n' id='69' class='location'>Hong Kong</span> and <span inprof='n' id='70' class='location'>London</span>. Invited by the top business <span inprof='y' id='71' class='skill'>magazine</span> (<span inprof='y' id='72_1' class='role'>The Economist</span>) to do a presentation on <span inprof='y' id='73' class='skill'>Credit Administration</span>

<span inprof='n' id='74' class='work-hist-mark'>PHILIPPINE WORK EXPERIENCE:</span>
<span inprof='y' id='75_1' class='company'>Philippine Commercial &#38; Industrial Bank</span>
<span inprof='y' id='75_2_1' class='role'>Account Manager Corporate Banking</span> -  (<span inprof='y' id='75_3_1' class='date'>1971</span> to <span inprof='y' id='75_3_2' class='date'>1981</span>)
Joined the bank <span inprof='n' id='76_1' class='some-position'>as</span> <span inprof='y' id='76_2' class='role'>Auditor</span>, eventually transferred to <span inprof='n' id='77' class='educational'>Export Department</span> as Processor/ <span inprof='y' id='78_1' class='role'>Supervisor</span>.  Promoted to <span inprof='y' id='79_1' class='role'>Branch Credit Officer</span> with responsibilities for credit evaluation, credit structuring, <span inprof='y' id='80' class='skill'>loans administration</span> and loan workouts.  Elevated <span inprof='n' id='81_1' class='some-position'>as</span> <span inprof='y' id='81_2' class='role'>Corporate Account Manager</span> with responsibilities for corporate clients in the electronic industry, construction industry and general services activities.

Professional
<span inprof='n' id='82' class='courses-mark'>Training</span>	<span inprof='y' id='83' class='skill'>Anti Money Laundering</span> Seminars / Bank Secrecy Act
	Core Credit Training Program, Graduated 3rd in the class <span inprof='n' id='84' class='bad-occupation'>of
	       Senior Branch Managers</span> and Corporate Banking Officers
	<span inprof='y' id='85_1' class='educational'>CRC-Ateneo Graduate School</span>, <span inprof='y' id='85_2_1' class='subject'>Account Management Fundamentals</span>,
	       (top of the class)
	<span inprof='n' id='86' class='company'>Hong Kong Management Association (HKMA)</span>, <span inprof='n' id='87' class='qualif'>Advanced Management Course</span> for                         Senior Executives.
	 <span inprof='n' id='88' class='qualif'>Basic Credit Course,  Advanced Credit Courses</span>   <span inprof='y' id='89' class='skill'>Advance Risk Asset Management</span>

<span inprof='n' id='90' class='edu-hist-mark'>Education</span>
<span inprof='y' id='91_1' class='educational'>De La Salle University</span>
                   <span inprof='y' id='91_2' class='qualif'>Masters in Business</span> <span inprof='y' id='92' class='qualif'>Administration
                   Bachelor of Science in Commerce, major in Accounting</span>
                   <span inprof='y' id='93' class='qualif'>Bachelor of Arts in History-Political Science</span>




{{FOOTER}}



2




{{END_FOOTER}}

</TextResume>

</NonXMLResume>



<UserArea>
<DaxResumeUserArea>
<AdditionalPersonalData>
<ExperienceSummary>
<TotalMonthsOfWorkExperience>360</TotalMonthsOfWorkExperience>
<TotalYearsOfWorkExperience>30</TotalYearsOfWorkExperience>
<TotalMonthsOfManagementWorkExperience>240</TotalMonthsOfManagementWorkExperience>
<TotalYearsOfManagementWorkExperience>20</TotalYearsOfManagementWorkExperience>
<TotalMonthsOfSeniorManagementWorkExperience>60</TotalMonthsOfSeniorManagementWorkExperience>
<TotalYearsOfSeniorManagementWorkExperience>5</TotalYearsOfSeniorManagementWorkExperience>
<TotalMonthsOfMidLevelManagementWorkExperience>36</TotalMonthsOfMidLevelManagementWorkExperience>
<TotalYearsOfMidLevelManagementWorkExperience>3</TotalYearsOfMidLevelManagementWorkExperience>
<TotalMonthsOfLowLevelManagementWorkExperience>144</TotalMonthsOfLowLevelManagementWorkExperience>
<TotalYearsOfLowLevelManagementWorkExperience>12</TotalYearsOfLowLevelManagementWorkExperience>
<ExecutiveBrief>Jorge A. Mirasol is a resident of New York, NY, US. He has been working in the Banking-finance  occupational sector for more than 30 years. During his last employment he was working as a Collections Manager at 20th Century Fox Federal Credit Union. Jorge has an extensive management experience (20 years) with exposure to senior management positions.</ExecutiveBrief>
<ManagementRecord>Since 2008 for 24 months the candidate had experience at a lower grade management level working as a Collections Manager at 20th Century Fox Federal Credit Union.
Since 1996 for 36 months the candidate had experience at a executive/middle management level working as a Regional Private Banking - Head of Credit at Banque Nationale de Paris.
Since 1993 for 36 months the candidate had experience at a senior management level working as a Vice President - Regional Operations at The Bank of New York Ltd..
Since 1991 for 24 months the candidate had experience at a senior management level working as a Vice President Regional Banking at First Pacific Bank.
Since 1981 for 120 months the candidate had experience at a lower grade management level working as a Manager at Hongkong Metropolitan Bank.
</ManagementRecord>
</ExperienceSummary>
</AdditionalPersonalData>
<ParserInfo>
<ParserConfiguration>{max_len=50000} {tel_flag=} {send_zip=} {fast_conv=} {DEF_LOCAL=} {sdate=0} {no_email_body=0} {do_clever_zoning=1} {keep_span=1} {complex=1} {accept_langs=} {not_accept_langs=} {prefer_lang_cv=EN} {pers_only=0} {turbo=0} {split_language=0} {picture=0} {picture_inline=0} {name_space=0} {charset=} {hrxml_upgrade_edu_hist=0}{hrxml_add_languages_section=0}{spool=} {docID=} {user=DEFAULT} </ParserConfiguration>
<ParserRelease>0.12.3.32629</ParserRelease>
<ParserReleaseDate>2014-06-18</ParserReleaseDate>
<ParserSchema>2.0.29</ParserSchema>
<ParserSchemaLocation>http://cvx.daxtra.com/cvts/xsd/candidate/2.0.29/Resume.xsd</ParserSchemaLocation>
<ConverterRelease>0.5.2.32629</ConverterRelease>
<ConverterReleaseDate>2014-06-18</ConverterReleaseDate>
</ParserInfo>
<FileStruct filename='/home/izoom/anazarov/grammar/analysis/3rconnect/doc/100_Resumes-Walsh/JAMBIO_Summary-Compliance_F_(NY).doc'>

<attachment fname='JAMBIO_Summary-Compliance_F_(NY).doc' ftype='doc' conv='yes' doc_type='cv' lang='EN'>/home/izoom/anazarov/grammar/analysis/3rconnect/doc/100_Resumes-Walsh/JAMBIO_Summary-Compliance_F_(NY).doc</attachment>


</FileStruct>
</DaxResumeUserArea>
</UserArea>
</Resume>
