<?xml version='1.0' encoding='ISO-8859-1'?>
<Resume lang='en' src='DAXTRA-CVX schema:2.0.29 release:0.12.3.32629 rdate:2014-06-18'>
<StructuredXMLResume>
<ContactInfo>
<PersonName id='2'>
<FormattedName>Jill Ganey</FormattedName>
<GivenName>Jill</GivenName>
<FamilyName>Ganey</FamilyName>
<sex>Female</sex>
</PersonName>
<ContactMethod>
<Telephone id='4' type='home'>
<InternationalCountryCode>1</InternationalCountryCode>
<SubscriberNumber>917 626.6786</SubscriberNumber>
<FormattedNumber>+1 917 626.6786</FormattedNumber></Telephone>

<InternetEmailAddress id='5' type='main'>jillganey@aol.com</InternetEmailAddress>
<PostalAddress id='3' type='main'>
<CountryCode>US</CountryCode>
<Region>NY</Region>
<Municipality>Long Island City</Municipality>
<DeliveryAddress>
<AddressLine>3627 24th Street</AddressLine>
<StreetName>24th Street</StreetName>
<BuildingNumber>3627</BuildingNumber>
</DeliveryAddress>

</PostalAddress>
</ContactMethod>
</ContactInfo>


<EmploymentHistory>
<EmployerOrg employerOrgType='soleEmployer'>
<EmployerOrgName id='15'>Charles River OMS</EmployerOrgName>

<PositionHistory positionType='PERMANENT'>
<Title id='7_1_1'>Trader</Title>
<OrgName id='15'>Charles River OMS</OrgName>



<Description>*  Traded domestic and global equities and options, sector concentration in retail/consumer, financials, TMT and healthcare ; 
*  Analyzed market conditions, formulated strategies and executed orders using various platforms and proprietary algorithms to achieve best execution ; 
*  Hedged portfolio with discretion, using sector specialized ETFs ; 
*  Provided opinions on market sentiment and trends based on sell side research and inter-market/ technical analysis ; 
*  Provided market color and trade flow to Portfolio Managers ; 
*  Furnished firm Principals with end of day macro market and trade flow recap ; 
*  Consulted on in-house order management system development; established FIX connectivity with participating brokers ; 
*  Built excellent professional relationships and strong rapport with Portfolio Managers, sales and position trading coverage at over 60 sell side firms ; 
*  Led initiative to execute in house, saving $1.5 million projected commission payout ; 
*  Highly experienced with Credit Suisse, Barclays, Weeden, and ITG algorithms and functionality of Instinet, Knight, and Liquidnet trading platforms along with Charles River OMS ; 
* ;</Description>
<StartDate id='7_2_1'><Year>2007</Year></StartDate>
<EndDate id='7_2_2'><Year>2012</Year></EndDate>




<JobCategory>
<TaxonomyName>JOBAREA</TaxonomyName>
<CategoryCode>banking-finance</CategoryCode>
</JobCategory>


<UserArea>
<DaxPositionHistoryUserArea>
<TLSPAN first_id='7' last_id='15' border_id='16'></TLSPAN>
<MonthsOfWork>60</MonthsOfWork>
</DaxPositionHistoryUserArea>
</UserArea>
</PositionHistory>
</EmployerOrg>

<EmployerOrg employerOrgType='soleEmployer'>
<EmployerOrgName id='16_1'>Brahman Capital Corp.</EmployerOrgName>

<PositionHistory positionType='PERMANENT'>
<Title id='16_3_1'>Trader</Title>
<OrgName id='16_2'>Brahman Securities Inc.</OrgName>



<Description>*  Traded domestic and international equities (listed/OTC), options and corporate debt on behalf of a $3 billion hedge fund ; 
*  Monitored market fluctuations, economic indicators and industry trends to facilitate the development of effective investment strategies ; 
*  Examined analyst research reports and daily notes in order to monitor current positions as well as provide insight for additional investments ; 
*  Managed fund allocation, withdrawals, and transfers ; 
*  Employed both aggressive and defensive option strategies ; 
*  Executed trades and function as a liaison for institutional investors ; 
*  Created entry and exit strategies allowing the fund to maximize overall returns ; 
*  Organized and managed stock loan book ;</Description>
<StartDate id='16_4_1'><Year>1996</Year></StartDate>
<EndDate id='16_4_2'><Year>2007</Year></EndDate>




<JobCategory>
<TaxonomyName>JOBAREA</TaxonomyName>
<CategoryCode>banking-finance</CategoryCode>
</JobCategory>


<UserArea>
<DaxPositionHistoryUserArea>
<TLSPAN first_id='16' last_id='22' border_id='23'></TLSPAN>
<MonthsOfWork>132</MonthsOfWork>
</DaxPositionHistoryUserArea>
</UserArea>
</PositionHistory>
</EmployerOrg>

<EmployerOrg employerOrgType='soleEmployer'>
<EmployerOrgName id='23_1'>Investment Portfolio</EmployerOrgName>

<PositionHistory positionType='PERMANENT'>
<Title id='23_2_1'>Assistant</Title>
<Title id='23_2_2'>Traders Assistant</Title>
<OrgName id='23_1'>Investment Portfolio</OrgName>



<Description>*  Reconciled positions and resolved issues affecting trade clearance with brokers ; 
*  Developed due diligence documentation to be used by potential investors as a primary introduction to fund strategy, history, and domestic/offshore regulatory compliance. ; 
*  Input trades into house system and reconciled trader's blotter ;</Description>
<StartDate id='23_3_1'><Year>1993</Year></StartDate>
<EndDate id='23_3_2'><Year>1996</Year></EndDate>



<JobLevelInfo>
<JobGrade>joblevel-nonmanager-low</JobGrade>
</JobLevelInfo>

<JobCategory>
<TaxonomyName>JOBAREA</TaxonomyName>
<CategoryCode>banking-finance</CategoryCode>
</JobCategory>


<UserArea>
<DaxPositionHistoryUserArea>
<TLSPAN first_id='23' last_id='26' border_id='27'></TLSPAN>
<MonthsOfWork>36</MonthsOfWork>
</DaxPositionHistoryUserArea>
</UserArea>
</PositionHistory>
</EmployerOrg>

<EmployerOrg employerOrgType='soleEmployer'>
<EmployerOrgName id='27_1'>Smith Barney Inc.</EmployerOrgName>

<PositionHistory positionType='PERMANENT'>
<Title id='27_2_1'>Account Administrator-Employee Stock Investment Plan</Title>
<OrgName id='27_1'>Smith Barney Inc.</OrgName>



<Description>*  Managed heavy phones and received stock sales orders ; 
*  Responded to inquiries and resolved problems for clients ; 
*  Liaison between Marketing Vice-President and operations Vice-President for Employee Stock Purchase Department ; 
*  Assisted with pricing of current prospective plans ;</Description>
<StartDate id='27_3_1'><Year>1991</Year></StartDate>
<EndDate id='27_3_2'><Year>1993</Year></EndDate>




<JobCategory>
<TaxonomyName>JOBAREA</TaxonomyName>
<CategoryCode>sales</CategoryCode>
</JobCategory>


<UserArea>
<DaxPositionHistoryUserArea>
<TLSPAN first_id='27' last_id='29' border_id='0'></TLSPAN>
<MonthsOfWork>24</MonthsOfWork>
</DaxPositionHistoryUserArea>
</UserArea>
</PositionHistory>
</EmployerOrg>

</EmploymentHistory>
<EducationHistory>
<SchoolOrInstitution schoolType='university'>
<SchoolName id='31_1'>Adelphi University</SchoolName>



<Degree degreeType='bachelors'>
<DegreeName id='32'>Bachelor of Science</DegreeName>
<DegreeDate id='31_2'><Year>1991</Year></DegreeDate>
</Degree>
<Major id='32'>Business Administration</Major>



<Comments>License and Computer skills
*  Series 4, 7, 55 and 63 (all expired as of 1/06 due to Brahman spinning off Broker-Dealer operations) ; 
*  Instinet, Eze Castle, Charles River,  ILX, Bloomberg, Nasdaq Workstation II, Excel, Word, PowerPoint ;</Comments>
</SchoolOrInstitution>

</EducationHistory>











<Competency oids='8 17 ' description='Skill' auth='yes' name='International Equities'>
<CompetencyEvidence name='Extent of Experience' typeDescription='Extent of Experience' type='MONTH' lastUsed='2012'><NumericValue description='MONTH'>192</NumericValue></CompetencyEvidence>

<CompetencyEvidence typeDescription='Alias' name='Alias'><StringValue>global equities</StringValue></CompetencyEvidence>

<CompetencyWeight type='skillLevel'><NumericValue minValue='0' maxValue='100'>100</NumericValue></CompetencyWeight>

<CompetencyWeight type='skillProficiency'><StringValue minValue='BASIC' maxValue='EXCELLENT'>EXCELLENT</StringValue></CompetencyWeight>
</Competency>

<Competency oids='9 ' description='Skill' auth='no' name='technical analysis'>
<CompetencyEvidence name='Extent of Experience' typeDescription='Extent of Experience' type='MONTH' lastUsed='2012'><NumericValue description='MONTH'>60</NumericValue></CompetencyEvidence>

<CompetencyWeight type='skillLevel'><NumericValue minValue='0' maxValue='100'>99</NumericValue></CompetencyWeight>

<CompetencyWeight type='skillProficiency'><StringValue minValue='BASIC' maxValue='EXCELLENT'>EXCELLENT</StringValue></CompetencyWeight>
</Competency>

<Competency oids='11 ' description='Skill' auth='no' name='house order management system development'>
<CompetencyEvidence name='Extent of Experience' typeDescription='Extent of Experience' type='MONTH' lastUsed='2012'><NumericValue description='MONTH'>60</NumericValue></CompetencyEvidence>

<CompetencyWeight type='skillLevel'><NumericValue minValue='0' maxValue='100'>98</NumericValue></CompetencyWeight>

<CompetencyWeight type='skillProficiency'><StringValue minValue='BASIC' maxValue='EXCELLENT'>EXCELLENT</StringValue></CompetencyWeight>
</Competency>

<Competency oids='22 ' description='Skill' auth='yes' name='Stock Loan Operations'>
<CompetencyEvidence name='Extent of Experience' typeDescription='Extent of Experience' type='MONTH' lastUsed='2007'><NumericValue description='MONTH'>132</NumericValue></CompetencyEvidence>

<CompetencyEvidence typeDescription='Alias' name='Alias'><StringValue>stock loan</StringValue></CompetencyEvidence>

<CompetencyWeight type='skillLevel'><NumericValue minValue='0' maxValue='100'>29</NumericValue></CompetencyWeight>

<CompetencyWeight type='skillProficiency'><StringValue minValue='BASIC' maxValue='EXCELLENT'>BASIC</StringValue></CompetencyWeight>
</Competency>

<Competency oids='25 ' description='Skill' auth='yes' name='Offshore Oil &#38; Gas'>
<CompetencyEvidence name='Extent of Experience' typeDescription='Extent of Experience' type='MONTH' lastUsed='1996'><NumericValue description='MONTH'>36</NumericValue></CompetencyEvidence>

<CompetencyEvidence typeDescription='Alias' name='Alias'><StringValue>offshore</StringValue></CompetencyEvidence>

<CompetencyWeight type='skillLevel'><NumericValue minValue='0' maxValue='100'>29</NumericValue></CompetencyWeight>

<CompetencyWeight type='skillProficiency'><StringValue minValue='BASIC' maxValue='EXCELLENT'>BASIC</StringValue></CompetencyWeight>
</Competency>

<Competency oids='18 ' description='Skill' auth='yes' name='OTC Structured Products'>
<CompetencyEvidence name='Extent of Experience' typeDescription='Extent of Experience' type='MONTH' lastUsed='2007'><NumericValue description='MONTH'>132</NumericValue></CompetencyEvidence>

<CompetencyEvidence typeDescription='Alias' name='Alias'><StringValue>OTC</StringValue></CompetencyEvidence>

<CompetencyWeight type='skillLevel'><NumericValue minValue='0' maxValue='100'>30</NumericValue></CompetencyWeight>

<CompetencyWeight type='skillProficiency'><StringValue minValue='BASIC' maxValue='EXCELLENT'>BASIC</StringValue></CompetencyWeight>
</Competency>

<Competency oids='39 ' description='Skill > IT' auth='yes' name='Microsoft Word'>
<CompetencyEvidence typeDescription='Alias' name='Alias'><StringValue>Word</StringValue></CompetencyEvidence>

<CompetencyWeight type='skillLevel'><NumericValue minValue='0' maxValue='100'>14</NumericValue></CompetencyWeight>
</Competency>

<Competency oids='40 ' description='Skill > IT' auth='yes' name='Microsoft PowerPoint'>
<CompetencyEvidence typeDescription='Alias' name='Alias'><StringValue>PowerPoint</StringValue></CompetencyEvidence>

<CompetencyWeight type='skillLevel'><NumericValue minValue='0' maxValue='100'>14</NumericValue></CompetencyWeight>
</Competency>

<Competency oids='38 ' description='Skill > IT' auth='yes' name='Microsoft Excel'>
<CompetencyEvidence typeDescription='Alias' name='Alias'><StringValue>Excel</StringValue></CompetencyEvidence>

<CompetencyWeight type='skillLevel'><NumericValue minValue='0' maxValue='100'>14</NumericValue></CompetencyWeight>
</Competency>

<Competency oids='28 ' description='Skill' auth='no' name='Managed heavy phones'>
<CompetencyEvidence name='Extent of Experience' typeDescription='Extent of Experience' type='MONTH' lastUsed='1993'><NumericValue description='MONTH'>24</NumericValue></CompetencyEvidence>

<CompetencyWeight type='skillLevel'><NumericValue minValue='0' maxValue='100'>28</NumericValue></CompetencyWeight>

<CompetencyWeight type='skillProficiency'><StringValue minValue='BASIC' maxValue='EXCELLENT'>BASIC</StringValue></CompetencyWeight>
</Competency>

<Competency oids='20 ' description='Skill' auth='yes' name='Hedge Fund'>
<CompetencyEvidence name='Extent of Experience' typeDescription='Extent of Experience' type='MONTH' lastUsed='2007'><NumericValue description='MONTH'>132</NumericValue></CompetencyEvidence>

<CompetencyWeight type='skillLevel'><NumericValue minValue='0' maxValue='100'>30</NumericValue></CompetencyWeight>

<CompetencyWeight type='skillProficiency'><StringValue minValue='BASIC' maxValue='EXCELLENT'>BASIC</StringValue></CompetencyWeight>
</Competency>

<Competency oids='12 ' description='Skill > IT' auth='yes' name='FIX'>
<CompetencyEvidence name='Extent of Experience' typeDescription='Extent of Experience' type='MONTH' lastUsed='2012'><NumericValue description='MONTH'>60</NumericValue></CompetencyEvidence>

<CompetencyWeight type='skillLevel'><NumericValue minValue='0' maxValue='100'>97</NumericValue></CompetencyWeight>

<CompetencyWeight type='skillProficiency'><StringValue minValue='BASIC' maxValue='EXCELLENT'>EXCELLENT</StringValue></CompetencyWeight>
</Competency>

<Competency oids='24 ' description='Skill' auth='yes' name='Due Diligence'>
<CompetencyEvidence name='Extent of Experience' typeDescription='Extent of Experience' type='MONTH' lastUsed='1996'><NumericValue description='MONTH'>36</NumericValue></CompetencyEvidence>

<CompetencyWeight type='skillLevel'><NumericValue minValue='0' maxValue='100'>30</NumericValue></CompetencyWeight>

<CompetencyWeight type='skillProficiency'><StringValue minValue='BASIC' maxValue='EXCELLENT'>BASIC</StringValue></CompetencyWeight>
</Competency>

<Competency oids='37 ' description='Skill > IT' auth='yes' name='Bloomberg Software'>
<CompetencyEvidence typeDescription='Alias' name='Alias'><StringValue>Bloomberg</StringValue></CompetencyEvidence>

<CompetencyWeight type='skillLevel'><NumericValue minValue='0' maxValue='100'>14</NumericValue></CompetencyWeight>
</Competency>

<Competency oids='7_1_1 16_3_1 ' description='Held Position' auth='no' name='Trader'>
<CompetencyEvidence name='Extent of Experience' typeDescription='Extent of Experience' type='MONTH' lastUsed='2012'><NumericValue description='MONTH'>192</NumericValue></CompetencyEvidence>

<CompetencyWeight type='skillLevel'><NumericValue minValue='0' maxValue='100'>100</NumericValue></CompetencyWeight>

<CompetencyWeight type='skillProficiency'><StringValue minValue='BASIC' maxValue='EXCELLENT'>EXCELLENT</StringValue></CompetencyWeight>
</Competency>

<Competency oids='23_2_2 ' description='Held Position' auth='no' name='Traders Assistant'>
<CompetencyEvidence name='Extent of Experience' typeDescription='Extent of Experience' type='MONTH' lastUsed='1996'><NumericValue description='MONTH'>36</NumericValue></CompetencyEvidence>

<CompetencyWeight type='skillLevel'><NumericValue minValue='0' maxValue='100'>30</NumericValue></CompetencyWeight>

<CompetencyWeight type='skillProficiency'><StringValue minValue='BASIC' maxValue='EXCELLENT'>BASIC</StringValue></CompetencyWeight>
</Competency>

<Competency oids='21_1 ' description='Held Position' auth='no' name='Examined analyst'>
<CompetencyEvidence name='Extent of Experience' typeDescription='Extent of Experience' type='MONTH' lastUsed='2007'><NumericValue description='MONTH'>132</NumericValue></CompetencyEvidence>

<CompetencyWeight type='skillLevel'><NumericValue minValue='0' maxValue='100'>30</NumericValue></CompetencyWeight>

<CompetencyWeight type='skillProficiency'><StringValue minValue='BASIC' maxValue='EXCELLENT'>BASIC</StringValue></CompetencyWeight>
</Competency>

<Competency oids='35_1 ' description='Held Position' auth='no' name='Broker-Dealer operations'>
<CompetencyWeight type='skillLevel'><NumericValue minValue='0' maxValue='100'>14</NumericValue></CompetencyWeight>
</Competency>

<Competency oids='23_2_1 ' description='Held Position' auth='no' name='Assistant'>
<CompetencyEvidence name='Extent of Experience' typeDescription='Extent of Experience' type='MONTH' lastUsed='1996'><NumericValue description='MONTH'>36</NumericValue></CompetencyEvidence>

<CompetencyWeight type='skillLevel'><NumericValue minValue='0' maxValue='100'>30</NumericValue></CompetencyWeight>

<CompetencyWeight type='skillProficiency'><StringValue minValue='BASIC' maxValue='EXCELLENT'>BASIC</StringValue></CompetencyWeight>
</Competency>

<Competency oids='27_2_1 ' description='Held Position' auth='no' name='Account Administrator-Employee Stock Investment Plan'>
<CompetencyEvidence name='Extent of Experience' typeDescription='Extent of Experience' type='MONTH' lastUsed='1993'><NumericValue description='MONTH'>24</NumericValue></CompetencyEvidence>

<CompetencyWeight type='skillLevel'><NumericValue minValue='0' maxValue='100'>28</NumericValue></CompetencyWeight>

<CompetencyWeight type='skillProficiency'><StringValue minValue='BASIC' maxValue='EXCELLENT'>BASIC</StringValue></CompetencyWeight>
</Competency>

<Competency oids='33 ' description='Degree/Qualification > Professional' auth='no' name='Series 4'>
<CompetencyWeight type='skillLevel'><NumericValue minValue='0' maxValue='100'>12</NumericValue></CompetencyWeight>
</Competency>

<Competency oids='32 ' description='Degree/Qualification' auth='yes' name='Bachelors Degree > Bachelor of Science > Bachelor of Science Finance'>
<CompetencyEvidence name='Application' typeDescription='Application' type='Finance'><StringValue>Finance</StringValue></CompetencyEvidence>

<CompetencyEvidence typeDescription='Alias' name='Alias'><StringValue>Bachelor of Science- Business Administration, Finance</StringValue></CompetencyEvidence>

<CompetencyWeight type='skillLevel'><NumericValue minValue='0' maxValue='100'>12</NumericValue></CompetencyWeight>
</Competency>

<Competency oids='32 ' description='Degree/Qualification' auth='yes' name='Bachelors Degree > Bachelor of Science > Bachelor of Science Business Administration'>
<CompetencyEvidence name='Application' typeDescription='Application' type='Business Administration'><StringValue>Business Administration</StringValue></CompetencyEvidence>

<CompetencyEvidence typeDescription='Alias' name='Alias'><StringValue>Bachelor of Science- Business Administration, Finance</StringValue></CompetencyEvidence>

<CompetencyWeight type='skillLevel'><NumericValue minValue='0' maxValue='100'>12</NumericValue></CompetencyWeight>
</Competency>

<Competency description='Industry' auth='yes' name='industry~banking-finance'>
<CompetencyEvidence name='skillCount' typeDescription='skillCount'><NumericValue>3</NumericValue></CompetencyEvidence>

<CompetencyWeight type='skillLevel'><NumericValue minValue='0' maxValue='100'>100</NumericValue></CompetencyWeight>
</Competency>























<RevisionDate id='1'>2013-02-06</RevisionDate>
</StructuredXMLResume>
<NonXMLResume>

<TextResume>



<span inprof='n' id='1' class='date'>{{DOCUMENT_DATESTAMP}} 2013-2-6 {{END_DOCUMENT_DATESTAMP}}</span>


<span inprof='y' id='2' class='nominal'>JILL GANEY</span>
<span inprof='y' id='3' class='location'>3627 24th Street
Long Island City, NY</span> 111106
<span inprof='y' id='4' class='telephone'>917.626.6786</span>
<span inprof='y' id='5' class='email'>jillganey@aol.com</span>

<span inprof='n' id='6' class='company'>Diamondback Capital Management LLC</span>


<span inprof='y' id='7_1_1' class='role'>Trader</span>                                                                                                                                     <span inprof='y' id='7_2_1' class='date'>2007</span>-<span inprof='y' id='7_2_2' class='date'>2012</span>
*  Traded domestic and <span inprof='y' id='8' class='skill'>global equities</span> and options, sector concentration in retail/consumer, financials, TMT and healthcare ; 
*  Analyzed market conditions, formulated strategies and executed orders using various platforms and proprietary algorithms to achieve best execution ; 
*  Hedged portfolio with discretion, using sector specialized ETFs ; 
*  Provided opinions on market sentiment and trends based on sell side research and inter-market/ <span inprof='y' id='9' class='skill'>technical analysis</span> ; 
*  Provided market color and trade flow <span inprof='n' id='10' class='bad-occupation'>to Portfolio Managers</span> ; 
*  Furnished firm Principals with end of day macro market and trade flow recap ; 
*  Consulted on in-<span inprof='y' id='11' class='skill'>house order management system development</span>; established <span inprof='y' id='12' class='sofwr'>FIX</span> connectivity with participating brokers ; 
*  Built excellent professional relationships and strong rapport with Portfolio Managers, sales and position trading coverage at over 60 sell side firms ; 
*  Led initiative to execute in house, saving <span inprof='n' id='13' class='money'>$1.5 million</span> projected commission payout ; 
*  Highly experienced with <span inprof='n' id='14' class='company'>Credit Suisse</span>, Barclays, Weeden, and ITG algorithms and functionality of Instinet, Knight, and Liquidnet trading platforms along with <span inprof='y' id='15' class='educational'>Charles River OMS</span> ; 
*
<span inprof='y' id='16_1' class='company'>Brahman Capital Corp.</span>/<span inprof='y' id='16_2' class='company'>Brahman Securities Inc.</span>
<span inprof='y' id='16_3_1' class='role'>Trader</span>          <span inprof='y' id='16_4_1' class='date'>1996</span>-<span inprof='y' id='16_4_2' class='date'>2007</span>
*  Traded domestic and <span inprof='y' id='17' class='skill'>international equities</span> (listed/<span inprof='y' id='18' class='skill'>OTC</span>), options and corporate debt on behalf of a <span inprof='n' id='19' class='money'>$3 billion</span> <span inprof='y' id='20' class='skill'>hedge fund</span> ; 
*  Monitored market fluctuations, economic indicators and industry trends to facilitate the development of effective investment strategies ; 
*  <span inprof='y' id='21_1' class='role'>Examined analyst</span> research reports and daily notes in order to monitor current positions as well as provide insight for additional investments ; 
*  Managed fund allocation, withdrawals, and transfers ; 
*  Employed both aggressive and defensive option strategies ; 
*  Executed trades and function as a liaison for institutional investors ; 
*  Created entry and exit strategies allowing the fund to maximize overall returns ; 
*  Organized and managed <span inprof='y' id='22' class='skill'>stock loan</span> book
<span inprof='y' id='23_1' class='company'>Investment Portfolio</span> <span inprof='y' id='23_2_1' class='role'>Assistant</span>/<span inprof='y' id='23_2_2' class='role'>Traders Assistant</span>                                              <span inprof='y' id='23_3_1' class='date'>1993</span>-<span inprof='y' id='23_3_2' class='date'>1996</span>
*  Reconciled positions and resolved issues affecting trade clearance with brokers ; 
*  Developed <span inprof='y' id='24' class='skill'>due diligence</span> documentation to be used by potential investors as a primary introduction to fund strategy, history, and domestic/<span inprof='y' id='25' class='skill'>offshore</span> regulatory compliance. ; 
*  Input trades into house system and reconciled <span inprof='n' id='26' class='bad-occupation'>trader's</span> blotter

<span inprof='y' id='27_1' class='company'>Smith Barney Inc.</span>
<span inprof='y' id='27_2_1' class='role'>Account Administrator-Employee Stock Investment Plan</span>                                                                        <span inprof='y' id='27_3_1' class='date'>1991</span>-<span inprof='y' id='27_3_2' class='date'>1993</span>
*  <span inprof='y' id='28' class='skill'>Managed heavy phones</span> and received stock sales orders ; 
*  Responded to inquiries and resolved problems for clients ; 
*  Liaison <span inprof='n' id='29' class='bad-occupation'>between Marketing Vice-President and operations Vice-President for Employee Stock Purchase Department</span> ; 
*  Assisted with pricing of current prospective plans
<span inprof='n' id='30' class='edu-hist-mark'>Education</span>
*  <span inprof='y' id='31_1' class='educational'>Adelphi University</span> <span inprof='y' id='31_2' class='date'>1991</span> ; 
*  <span inprof='y' id='32' class='qualif'>Bachelor of Science- Business Administration, Finance</span>
License and Computer skills
*  <span inprof='y' id='33' class='qualif'>Series 4</span>, 7, 55 and 63 (all expired as of 1/06 due to <span inprof='n' id='34' class='company'>Brahman</span> spinning off <span inprof='y' id='35_1' class='role'>Broker-Dealer operations</span>) ; 
*  Instinet, Eze <span inprof='n' id='36' class='nominal'>Castle, Charles</span> River,  ILX, <span inprof='y' id='37' class='sofwr'>Bloomberg</span>, Nasdaq Workstation II, <span inprof='y' id='38' class='sofwr'>Excel</span>, <span inprof='y' id='39' class='sofwr'>Word</span>, <span inprof='y' id='40' class='sofwr'>PowerPoint</span>

</TextResume>

</NonXMLResume>



<UserArea>
<DaxResumeUserArea>
<AdditionalPersonalData>
<ExperienceSummary>
<TotalMonthsOfWorkExperience>252</TotalMonthsOfWorkExperience>
<TotalYearsOfWorkExperience>21</TotalYearsOfWorkExperience>
<ExecutiveBrief>Jill Ganey is a resident of Long Island City, NY, US. She has been working in the Banking-finance  occupational sector for more than 21 years. During her last employment she was working as a Trader at Charles River OMS. So far Jill has not gained any managerial experience.</ExecutiveBrief>
</ExperienceSummary>
</AdditionalPersonalData>
<ParserInfo>
<ParserConfiguration>{max_len=50000} {tel_flag=} {send_zip=} {fast_conv=} {DEF_LOCAL=} {sdate=0} {no_email_body=0} {do_clever_zoning=1} {keep_span=1} {complex=1} {accept_langs=} {not_accept_langs=} {prefer_lang_cv=EN} {pers_only=0} {turbo=0} {split_language=0} {picture=0} {picture_inline=0} {name_space=0} {charset=} {hrxml_upgrade_edu_hist=0}{hrxml_add_languages_section=0}{spool=} {docID=} {user=DEFAULT} </ParserConfiguration>
<ParserRelease>0.12.3.32629</ParserRelease>
<ParserReleaseDate>2014-06-18</ParserReleaseDate>
<ParserSchema>2.0.29</ParserSchema>
<ParserSchemaLocation>http://cvx.daxtra.com/cvts/xsd/candidate/2.0.29/Resume.xsd</ParserSchemaLocation>
<ConverterRelease>0.5.2.32629</ConverterRelease>
<ConverterReleaseDate>2014-06-18</ConverterReleaseDate>
</ParserInfo>
<FileStruct filename='/home/izoom/anazarov/grammar/analysis/3rconnect/doc/100_Resumes-Walsh/Jill_C_Ganey_Resume.doc'>

<attachment fname='Jill_C_Ganey_Resume.doc' ftype='doc' conv='yes' doc_type='cv' lang='EN'>/home/izoom/anazarov/grammar/analysis/3rconnect/doc/100_Resumes-Walsh/Jill_C_Ganey_Resume.doc</attachment>


</FileStruct>
</DaxResumeUserArea>
</UserArea>
</Resume>
