<?xml version='1.0' encoding='ISO-8859-1'?>
<Resume lang='en' src='DAXTRA-CVX schema:2.0.29 release:0.12.3.32629 rdate:2014-06-18'>
<StructuredXMLResume>
<ContactInfo>
<PersonName id='2'>
<FormattedName>John P. Dreher Jr</FormattedName>
<GivenName>John</GivenName>
<MiddleName>P.</MiddleName>
<FamilyName>Dreher</FamilyName>
<Affix type='generation'>Jr</Affix>
<sex>Male</sex>
</PersonName>
<ContactMethod>
<Telephone id='4' type='home'>
<InternationalCountryCode>1</InternationalCountryCode>
<SubscriberNumber>718 448-1710</SubscriberNumber>
<FormattedNumber>+1 718 448-1710</FormattedNumber></Telephone>

<Telephone id='5' type='alt'>
<InternationalCountryCode>1</InternationalCountryCode>
<SubscriberNumber>917 829-0481</SubscriberNumber>
<FormattedNumber>+1 917 829-0481</FormattedNumber></Telephone>

<InternetEmailAddress id='6' type='main'>jdreher48@yahoo.com</InternetEmailAddress>
<PostalAddress id='3' type='main'>
<CountryCode>US</CountryCode>
<PostalCode>10314</PostalCode>
<Region>NY</Region>
<Municipality>Staten Island</Municipality>
<DeliveryAddress>
<AddressLine>271 South Greenleaf Avenue</AddressLine>
<StreetName>South Greenleaf Avenue</StreetName>
<BuildingNumber>271</BuildingNumber>
</DeliveryAddress>

</PostalAddress>
</ContactMethod>
</ContactInfo>


<EmploymentHistory>
<EmployerOrg employerOrgType='soleEmployer'>
<EmployerOrgName id='13'>INSTINET, LLC</EmployerOrgName>
<EmployerContactInfo>
<LocationSummary id='14'>
<Municipality>New York</Municipality>
<Region>NY</Region>
<CountryCode>US</CountryCode>
</LocationSummary>
</EmployerContactInfo>
<PositionHistory>
<Title id='17_1'>Client and Broker Dealer</Title>
<OrgName id='13'>INSTINET, LLC</OrgName>



<Description>Finance - Billing and Collections

*    Responsible for Customer, 
*    Manage the firms daily Managers, Build as and AR Reports. ; 
*    Responsible for calculating and monitoring the Daily Aging list. ; 
*    Responsible for applying and monitoring check and wire payments via Oracle. ; 
*    Manage and input new terminal ID's for the proper tracking of desk P&#38;L. ; 
*    Reconcile and monitor the firms trading balance sheet and G/L reports. ; 
*    Handle all post allocation (Equity and Options) trades via MIDWAY. ; 
*    Work with other groups (Client service, OPS, MO and Trading desks) to insure proper billing.</Description>
<StartDate id='15_1'><YearMonth>2013-01</YearMonth></StartDate>
<EndDate id='15_2'>notApplicable</EndDate>



<JobLevelInfo>
<JobGrade>joblevel-nonmanager-low</JobGrade>
</JobLevelInfo>

<JobCategory>
<TaxonomyName>JOBAREA</TaxonomyName>
<CategoryCode>accountancy</CategoryCode>
</JobCategory>


<UserArea>
<DaxPositionHistoryUserArea>
<TLSPAN first_id='13' last_id='23' border_id='24'></TLSPAN>
<MonthsOfWork>3</MonthsOfWork>
</DaxPositionHistoryUserArea>
</UserArea>
</PositionHistory>
</EmployerOrg>

<EmployerOrg employerOrgType='soleEmployer'>
<EmployerOrgName id='24_1'>NEWEDGE GROUP</EmployerOrgName>
<EmployerContactInfo>
<LocationSummary id='24_2'>
<Municipality>New York</Municipality>
<Region>NY</Region>
<CountryCode>US</CountryCode>
</LocationSummary>
</EmployerContactInfo>
<PositionHistory positionType='PERMANENT'>
<Title id='27_1'>Middle Office Operations Manager</Title>
<OrgName id='24_1'>NEWEDGE GROUP</OrgName>



<Description>*    Responsible for processing Equity, Equity Derivatives, Options, Futures, Swaps, ETF, Treasuries and Risk Arbitrage trading. ; 
*    Responsible for all P&#38;L (Daily, Monthly, Yearly) for Cash Equity, ETF and Option desks. ; 
*    Manage daily office operations for trading professionals and various trading desks. ; 
*    Maintain and report P&#38;L for multiple trading desks on a monthly and daily basis. ; 
*    Conducted daily process to ensure the infrastructure of Phase3 was in accordance with SOX, Risk and compliance guidelines. ; 
*    Reviewed and analyzed new accounts to confirm the validity and usage of the applicant and confirming that OPS had the appropriate actions in place to prevent a potential risk to the company. ; 
*    Implemented plans to prevent and eliminate operational risks by setting stop gap controls within multiple systems within the Operations Department. ; 
*    Tracked and recorded data in settlements, fees paid or losses to a counterparty or vendor by either associates or system generated errors. ; 
*    Identified potential risk concerns within AR and AP and efficiently provided a risk assessment on the frequency of customers and market fluctuation. ; 
*    Reconcile all OTC Derivatives including cash, customer and open prop positions. ; 
*    Responsible for all LATAM equity trades (Allocations, settlements, clearing) for ETF Desk. ; 
*    Handle all FTR's and FTD's and coordinate with BP's to ensure proper settlement with DTC. ; 
*    Ensure and supervise the reconciling for the G/L and trading balance sheets for company Control records. ; 
*    Balance Equities, Futures, Commodities, Option and FX option trading activity betweens Firm, Brokers and outside vendors. ; 
*    Part of project management team to conduct and test new back office (SHADOW) in all aspects to provide proper system usage, smart order routes and that a continuity plan was place. ; 
*    Work with multiple trading desks and/or counterparties to resolve trade breaks and to make adjustments on a T/D or S/D basis. ; 
*    Process and report trade confirmations to clients for multiple trading desks. ; 
*    Responsible for stock Locates and Stock borrows and collateral via LOANET and SLATE. ; 
*    Oversee the execution of trades in the LAVA and ensure proper client and commission reporting. ; 
*    Ensure proper OATS, ACT and Regulatory reporting.</Description>
<StartDate id='24_3_1'><YearMonth>2006-12</YearMonth></StartDate>
<EndDate id='24_3_2'><YearMonth>2013-01</YearMonth></EndDate>



<JobLevelInfo>
<JobGrade>joblevel-management-mid</JobGrade>
</JobLevelInfo>

<JobCategory>
<TaxonomyName>JOBAREA</TaxonomyName>
<CategoryCode>accountancy</CategoryCode>
</JobCategory>


<UserArea>
<DaxPositionHistoryUserArea>
<TLSPAN first_id='24' last_id='48' border_id='49'></TLSPAN>
<MonthsOfWork>74</MonthsOfWork>
</DaxPositionHistoryUserArea>
</UserArea>
</PositionHistory>
</EmployerOrg>

<EmployerOrg employerOrgType='soleEmployer'>
<EmployerOrgName id='49_1'>FIDELITY INVESTMENT CORP.</EmployerOrgName>
<EmployerContactInfo>
<LocationSummary id='49_2'>
<Municipality>New York</Municipality>
<Region>NY</Region>
<CountryCode>US</CountryCode>
</LocationSummary>
</EmployerContactInfo>
<PositionHistory positionType='PERMANENT'>
<Title id='49_4_1'>Senior Treasury Associate</Title>
<OrgName id='49_1'>FIDELITY INVESTMENT CORP.</OrgName>



<Description>*    Handle check clearing, check deposit availability, Fed wires and ACH draw downs. ; 
*    Analyze at least 6 Million dollars worth of returned checks per day and coordinate daily with all appropriate business units. ; 
*    Daily processing of NIGO items related to money movement. ; 
*    Troubleshoot and deploy operational solutions within the XTRAC system. ; 
*    Provide assistance for client service managers.</Description>
<StartDate id='49_3_1'><YearMonth>2005-09</YearMonth></StartDate>
<EndDate id='49_3_2'><YearMonth>2006-12</YearMonth></EndDate>




<JobCategory>
<TaxonomyName>JOBAREA</TaxonomyName>
<CategoryCode>senior</CategoryCode>
</JobCategory>


<UserArea>
<DaxPositionHistoryUserArea>
<TLSPAN first_id='49' last_id='52' border_id='53'></TLSPAN>
<MonthsOfWork>16</MonthsOfWork>
</DaxPositionHistoryUserArea>
</UserArea>
</PositionHistory>
</EmployerOrg>

<EmployerOrg employerOrgType='soleEmployer'>
<EmployerOrgName id='53_1'>AMERICAN GOLF CORP.</EmployerOrgName>
<EmployerContactInfo>
<LocationSummary id='53_2'>
<Municipality>Staten Island</Municipality>
<Region>NY</Region>
<CountryCode>US</CountryCode>
</LocationSummary>
</EmployerContactInfo>
<PositionHistory positionType='PERMANENT'>
<Title id='53_4_1'>Assistant General Manager</Title>
<Title id='53_4_2'>Operations Manager</Title>
<OrgName id='53_1'>AMERICAN GOLF CORP.</OrgName>



<Description>*    Responsible for total facility operations with an annual revenue budget of $1.9 million ; 
*    Manage the daily organization of the golf course ; 
*    Process account payables and receivables ; 
*    Responsible for Weekly, Monthly and Yearly budgeting, and daily auditing</Description>
<StartDate id='53_3_1'><YearMonth>2003-07</YearMonth></StartDate>
<EndDate id='53_3_2'><YearMonth>2005-09</YearMonth></EndDate>



<JobLevelInfo>
<JobGrade>joblevel-management-mid</JobGrade>
</JobLevelInfo>

<JobCategory>
<TaxonomyName>JOBAREA</TaxonomyName>
<CategoryCode>senior</CategoryCode>
</JobCategory>


<UserArea>
<DaxPositionHistoryUserArea>
<TLSPAN first_id='53' last_id='60' border_id='61'></TLSPAN>
<MonthsOfWork>27</MonthsOfWork>
</DaxPositionHistoryUserArea>
</UserArea>
</PositionHistory>
</EmployerOrg>

<EmployerOrg employerOrgType='soleEmployer'>
<EmployerOrgName id='61_1'>RBC DOMINION SECURITIES CORP.</EmployerOrgName>
<EmployerContactInfo>
<LocationSummary id='61_2'>
<Municipality>New York</Municipality>
<Region>NY</Region>
<CountryCode>US</CountryCode>
</LocationSummary>
</EmployerContactInfo>
<PositionHistory positionType='PERMANENT'>
<Title id='61_4_1'>Accounting Associate</Title>
<OrgName id='61_1'>RBC DOMINION SECURITIES CORP.</OrgName>



<Description>*    Calculated and processed P&#38;L Reporting and Commissions for trading floor ; 
    *    Maintained and Reconciled all daily Trading accounts ; 
    *    Prepared daily and Monthly G/L entries. ; 
    *    Maintained monthly balance sheet and bank reconciliations</Description>
<StartDate id='61_3_1'><YearMonth>2002-07</YearMonth></StartDate>
<EndDate id='61_3_2'><YearMonth>2003-07</YearMonth></EndDate>




<JobCategory>
<TaxonomyName>JOBAREA</TaxonomyName>
<CategoryCode>accountancy</CategoryCode>
</JobCategory>


<UserArea>
<DaxPositionHistoryUserArea>
<TLSPAN first_id='61' last_id='65' border_id='67'></TLSPAN>
<MonthsOfWork>12</MonthsOfWork>
</DaxPositionHistoryUserArea>
</UserArea>
</PositionHistory>
</EmployerOrg>

<EmployerOrg employerOrgType='soleEmployer'>
<EmployerContactInfo>
<LocationSummary id='66'>
<Municipality>New York</Municipality>
<Region>NY</Region>
<CountryCode>US</CountryCode>
</LocationSummary>
</EmployerContactInfo>
<PositionHistory positionType='PERMANENT'>
<Title id='68_1'>Project Manager</Title>




<Description>T.D.   WATERHOUSE, New York, NY                          December 1999-July 2002  Project Manager, Reorganization-Voluntary and Controls     - Money Control - Cash Management
*    Processed Corporate Actions of new, amended, and extended voluntary reorganizations ; 
    *    Responsible for daily processing of all aspects any Corporate Action. ; 
    *    Responsible for Transactions consisting of Federal Fund wires, ACH payments and checks ; 
    *    Reconciled general ledger entries against bank account activity and tracked P&#38;L</Description>
<StartDate id='67_1'><YearMonth>1999-12</YearMonth></StartDate>
<EndDate id='67_2'><YearMonth>2002-07</YearMonth></EndDate>



<JobLevelInfo>
<JobGrade>joblevel-management-low</JobGrade>
</JobLevelInfo>

<JobCategory>
<TaxonomyName>JOBAREA</TaxonomyName>
<CategoryCode>banking-finance</CategoryCode>
</JobCategory>


<UserArea>
<DaxPositionHistoryUserArea>
<TLSPAN first_id='66' last_id='74' border_id='0'></TLSPAN>
<MonthsOfWork>32</MonthsOfWork>
</DaxPositionHistoryUserArea>
</UserArea>
</PositionHistory>
</EmployerOrg>

</EmploymentHistory>
<EducationHistory>
<SchoolOrInstitution schoolType='college'>
<SchoolName id='92'>College of Staten Island</SchoolName>
<LocationSummary id='93'>
<Municipality>Staten Island</Municipality>
<Region>NY</Region>
<CountryCode>US</CountryCode>
</LocationSummary>






<DatesOfAttendance>
<StartDate id='94_1'><Year>1995</Year></StartDate>
<EndDate id='94_2'><Year>1999</Year></EndDate>
</DatesOfAttendance>

</SchoolOrInstitution>

<SchoolOrInstitution schoolType='college'>
<SchoolName id='95'>S.U.N.Y. Maritime</SchoolName>
<LocationSummary id='96'>
<Municipality>Bronx</Municipality>
<Region>NY</Region>
<CountryCode>US</CountryCode>
</LocationSummary>






<DatesOfAttendance>
<StartDate id='97_1'><Year>1994</Year></StartDate>
<EndDate id='97_2'><Year>1995</Year></EndDate>
</DatesOfAttendance>
<Comments>ACTIVITIES:
Playing with and watching my children. Coaching Hockey at the High School and Travel levels. Playing Golf. Going to the Gym. Supporting the American Cancer Society and Finding a cure for Juvenile Diabetes.</Comments>
</SchoolOrInstitution>

</EducationHistory>











<Competency oids='23 25 28 32 39 ' description='Skill' auth='yes' name='Equities'>
<CompetencyEvidence name='Extent of Experience' typeDescription='Extent of Experience' type='MONTH' lastUsed='2013'><NumericValue description='MONTH'>77</NumericValue></CompetencyEvidence>

<CompetencyEvidence typeDescription='Alias' name='Alias'><StringValue>Equity</StringValue></CompetencyEvidence>

<CompetencyWeight type='skillLevel'><NumericValue minValue='0' maxValue='100'>97</NumericValue></CompetencyWeight>

<CompetencyWeight type='skillProficiency'><StringValue minValue='BASIC' maxValue='EXCELLENT'>EXCELLENT</StringValue></CompetencyWeight>
</Competency>

<Competency oids='20 89 ' description='Skill > IT' auth='yes' name='Oracle'>
<CompetencyEvidence name='Extent of Experience' typeDescription='Extent of Experience' type='MONTH' lastUsed='2013'><NumericValue description='MONTH'>3</NumericValue></CompetencyEvidence>

<CompetencyWeight type='skillLevel'><NumericValue minValue='0' maxValue='100'>91</NumericValue></CompetencyWeight>

<CompetencyWeight type='skillProficiency'><StringValue minValue='BASIC' maxValue='EXCELLENT'>EXCELLENT</StringValue></CompetencyWeight>
</Competency>

<Competency oids='22 63 ' description='Skill' auth='yes' name='General Ledger'>
<CompetencyEvidence name='Extent of Experience' typeDescription='Extent of Experience' type='MONTH' lastUsed='2013'><NumericValue description='MONTH'>15</NumericValue></CompetencyEvidence>

<CompetencyEvidence typeDescription='Alias' name='Alias'><StringValue>G/L</StringValue></CompetencyEvidence>

<CompetencyWeight type='skillLevel'><NumericValue minValue='0' maxValue='100'>93</NumericValue></CompetencyWeight>

<CompetencyWeight type='skillProficiency'><StringValue minValue='BASIC' maxValue='EXCELLENT'>EXCELLENT</StringValue></CompetencyWeight>
</Competency>

<Competency oids='30 40 ' description='Skill' auth='yes' name='Futures Operations'>
<CompetencyEvidence name='Extent of Experience' typeDescription='Extent of Experience' type='MONTH' lastUsed='2013'><NumericValue description='MONTH'>74</NumericValue></CompetencyEvidence>

<CompetencyEvidence typeDescription='Alias' name='Alias'><StringValue>Futures</StringValue></CompetencyEvidence>

<CompetencyWeight type='skillLevel'><NumericValue minValue='0' maxValue='100'>97</NumericValue></CompetencyWeight>

<CompetencyWeight type='skillProficiency'><StringValue minValue='BASIC' maxValue='EXCELLENT'>EXCELLENT</StringValue></CompetencyWeight>
</Competency>

<Competency oids='21 38 ' description='Skill' auth='yes' name='Balance Sheet'>
<CompetencyEvidence name='Extent of Experience' typeDescription='Extent of Experience' type='MONTH' lastUsed='2013'><NumericValue description='MONTH'>77</NumericValue></CompetencyEvidence>

<CompetencyEvidence typeDescription='Alias' name='Alias'><StringValue>balance sheets</StringValue></CompetencyEvidence>

<CompetencyWeight type='skillLevel'><NumericValue minValue='0' maxValue='100'>98</NumericValue></CompetencyWeight>

<CompetencyWeight type='skillProficiency'><StringValue minValue='BASIC' maxValue='EXCELLENT'>EXCELLENT</StringValue></CompetencyWeight>
</Competency>

<Competency oids='34 ' description='Skill' auth='no' name='risk assessment'>
<CompetencyEvidence name='Extent of Experience' typeDescription='Extent of Experience' type='MONTH' lastUsed='2013'><NumericValue description='MONTH'>74</NumericValue></CompetencyEvidence>

<CompetencyWeight type='skillLevel'><NumericValue minValue='0' maxValue='100'>95</NumericValue></CompetencyWeight>

<CompetencyWeight type='skillProficiency'><StringValue minValue='BASIC' maxValue='EXCELLENT'>EXCELLENT</StringValue></CompetencyWeight>
</Competency>

<Competency oids='37 ' description='Skill' auth='no' name='proper settlement'>
<CompetencyEvidence name='Extent of Experience' typeDescription='Extent of Experience' type='MONTH' lastUsed='2013'><NumericValue description='MONTH'>74</NumericValue></CompetencyEvidence>

<CompetencyWeight type='skillLevel'><NumericValue minValue='0' maxValue='100'>95</NumericValue></CompetencyWeight>

<CompetencyWeight type='skillProficiency'><StringValue minValue='BASIC' maxValue='EXCELLENT'>EXCELLENT</StringValue></CompetencyWeight>
</Competency>

<Competency oids='9 ' description='Skill' auth='no' name='management skills'>
<CompetencyWeight type='skillLevel'><NumericValue minValue='0' maxValue='100'>84</NumericValue></CompetencyWeight>

<CompetencyWeight type='skillProficiency'><StringValue minValue='BASIC' maxValue='EXCELLENT'>EXCELLENT</StringValue></CompetencyWeight>
</Competency>

<Competency oids='10 ' description='Skill' auth='no' name='communication skills'>
<CompetencyWeight type='skillLevel'><NumericValue minValue='0' maxValue='100'>84</NumericValue></CompetencyWeight>

<CompetencyWeight type='skillProficiency'><StringValue minValue='BASIC' maxValue='EXCELLENT'>EXCELLENT</StringValue></CompetencyWeight>
</Competency>

<Competency oids='59 ' description='Skill' auth='no' name='budgeting'>
<CompetencyEvidence name='Extent of Experience' typeDescription='Extent of Experience' type='MONTH' lastUsed='2005'><NumericValue description='MONTH'>27</NumericValue></CompetencyEvidence>

<CompetencyWeight type='skillLevel'><NumericValue minValue='0' maxValue='100'>24</NumericValue></CompetencyWeight>

<CompetencyWeight type='skillProficiency'><StringValue minValue='BASIC' maxValue='EXCELLENT'>BASIC</StringValue></CompetencyWeight>
</Competency>

<Competency oids='45 ' description='Skill' auth='no' name='back office'>
<CompetencyEvidence name='Extent of Experience' typeDescription='Extent of Experience' type='MONTH' lastUsed='2013'><NumericValue description='MONTH'>74</NumericValue></CompetencyEvidence>

<CompetencyWeight type='skillLevel'><NumericValue minValue='0' maxValue='100'>95</NumericValue></CompetencyWeight>

<CompetencyWeight type='skillProficiency'><StringValue minValue='BASIC' maxValue='EXCELLENT'>EXCELLENT</StringValue></CompetencyWeight>
</Competency>

<Competency oids='8 ' description='Skill' auth='no' name='analytical skills'>
<CompetencyEvidence typeDescription='Alias' name='Alias'><StringValue>Excellent analytical skills</StringValue></CompetencyEvidence>

<CompetencyWeight type='skillLevel'><NumericValue minValue='0' maxValue='100'>84</NumericValue></CompetencyWeight>

<CompetencyWeight type='skillProficiency'><StringValue minValue='BASIC' maxValue='EXCELLENT'>EXCELLENT</StringValue></CompetencyWeight>
</Competency>

<Competency oids='62 ' description='Skill' auth='yes' name='Trading'>
<CompetencyEvidence name='Extent of Experience' typeDescription='Extent of Experience' type='MONTH' lastUsed='2003'><NumericValue description='MONTH'>12</NumericValue></CompetencyEvidence>

<CompetencyEvidence typeDescription='Alias' name='Alias'><StringValue>trading floor</StringValue></CompetencyEvidence>

<CompetencyWeight type='skillLevel'><NumericValue minValue='0' maxValue='100'>22</NumericValue></CompetencyWeight>

<CompetencyWeight type='skillProficiency'><StringValue minValue='BASIC' maxValue='EXCELLENT'>BASIC</StringValue></CompetencyWeight>
</Competency>

<Competency oids='54 ' description='Skill' auth='no' name='Responsible for total facility operations'>
<CompetencyEvidence name='Extent of Experience' typeDescription='Extent of Experience' type='MONTH' lastUsed='2005'><NumericValue description='MONTH'>27</NumericValue></CompetencyEvidence>

<CompetencyWeight type='skillLevel'><NumericValue minValue='0' maxValue='100'>27</NumericValue></CompetencyWeight>

<CompetencyWeight type='skillProficiency'><StringValue minValue='BASIC' maxValue='EXCELLENT'>BASIC</StringValue></CompetencyWeight>
</Competency>

<Competency oids='46 ' description='Skill' auth='no' name='Responsible for stock Locates'>
<CompetencyEvidence name='Extent of Experience' typeDescription='Extent of Experience' type='MONTH' lastUsed='2013'><NumericValue description='MONTH'>74</NumericValue></CompetencyEvidence>

<CompetencyWeight type='skillLevel'><NumericValue minValue='0' maxValue='100'>95</NumericValue></CompetencyWeight>

<CompetencyWeight type='skillProficiency'><StringValue minValue='BASIC' maxValue='EXCELLENT'>EXCELLENT</StringValue></CompetencyWeight>
</Competency>

<Competency oids='71 ' description='Skill' auth='no' name='Responsible for daily processing'>
<CompetencyEvidence name='Extent of Experience' typeDescription='Extent of Experience' type='MONTH' lastUsed='2002'><NumericValue description='MONTH'>32</NumericValue></CompetencyEvidence>

<CompetencyWeight type='skillLevel'><NumericValue minValue='0' maxValue='100'>25</NumericValue></CompetencyWeight>

<CompetencyWeight type='skillProficiency'><StringValue minValue='BASIC' maxValue='EXCELLENT'>BASIC</StringValue></CompetencyWeight>
</Competency>

<Competency oids='31 ' description='Skill' auth='no' name='Responsible for all P'>
<CompetencyEvidence name='Extent of Experience' typeDescription='Extent of Experience' type='MONTH' lastUsed='2013'><NumericValue description='MONTH'>74</NumericValue></CompetencyEvidence>

<CompetencyWeight type='skillLevel'><NumericValue minValue='0' maxValue='100'>96</NumericValue></CompetencyWeight>

<CompetencyWeight type='skillProficiency'><StringValue minValue='BASIC' maxValue='EXCELLENT'>EXCELLENT</StringValue></CompetencyWeight>
</Competency>

<Competency oids='36 ' description='Skill' auth='no' name='Responsible for all LATAM equity trades'>
<CompetencyEvidence name='Extent of Experience' typeDescription='Extent of Experience' type='MONTH' lastUsed='2013'><NumericValue description='MONTH'>74</NumericValue></CompetencyEvidence>

<CompetencyWeight type='skillLevel'><NumericValue minValue='0' maxValue='100'>95</NumericValue></CompetencyWeight>

<CompetencyWeight type='skillProficiency'><StringValue minValue='BASIC' maxValue='EXCELLENT'>EXCELLENT</StringValue></CompetencyWeight>
</Competency>

<Competency oids='58 ' description='Skill' auth='no' name='Responsible for Weekly'>
<CompetencyEvidence name='Extent of Experience' typeDescription='Extent of Experience' type='MONTH' lastUsed='2005'><NumericValue description='MONTH'>27</NumericValue></CompetencyEvidence>

<CompetencyWeight type='skillLevel'><NumericValue minValue='0' maxValue='100'>25</NumericValue></CompetencyWeight>

<CompetencyWeight type='skillProficiency'><StringValue minValue='BASIC' maxValue='EXCELLENT'>BASIC</StringValue></CompetencyWeight>
</Competency>

<Competency oids='72 ' description='Skill' auth='no' name='Responsible for Transactions'>
<CompetencyEvidence name='Extent of Experience' typeDescription='Extent of Experience' type='MONTH' lastUsed='2002'><NumericValue description='MONTH'>32</NumericValue></CompetencyEvidence>

<CompetencyWeight type='skillLevel'><NumericValue minValue='0' maxValue='100'>25</NumericValue></CompetencyWeight>

<CompetencyWeight type='skillProficiency'><StringValue minValue='BASIC' maxValue='EXCELLENT'>BASIC</StringValue></CompetencyWeight>
</Competency>

<Competency oids='16 ' description='Skill' auth='no' name='Responsible for Customer'>
<CompetencyEvidence name='Extent of Experience' typeDescription='Extent of Experience' type='MONTH' lastUsed='2013'><NumericValue description='MONTH'>3</NumericValue></CompetencyEvidence>

<CompetencyWeight type='skillLevel'><NumericValue minValue='0' maxValue='100'>92</NumericValue></CompetencyWeight>

<CompetencyWeight type='skillProficiency'><StringValue minValue='BASIC' maxValue='EXCELLENT'>EXCELLENT</StringValue></CompetencyWeight>
</Competency>

<Competency oids='48 ' description='Skill' auth='yes' name='Regulatory Reporting'>
<CompetencyEvidence name='Extent of Experience' typeDescription='Extent of Experience' type='MONTH' lastUsed='2013'><NumericValue description='MONTH'>74</NumericValue></CompetencyEvidence>

<CompetencyWeight type='skillLevel'><NumericValue minValue='0' maxValue='100'>95</NumericValue></CompetencyWeight>

<CompetencyWeight type='skillProficiency'><StringValue minValue='BASIC' maxValue='EXCELLENT'>EXCELLENT</StringValue></CompetencyWeight>
</Competency>

<Competency oids='82 ' description='Skill > IT' auth='no' name='Quantum'>
<CompetencyWeight type='skillLevel'><NumericValue minValue='0' maxValue='100'>84</NumericValue></CompetencyWeight>

<CompetencyWeight type='skillProficiency'><StringValue minValue='BASIC' maxValue='EXCELLENT'>EXCELLENT</StringValue></CompetencyWeight>
</Competency>

<Competency oids='74 ' description='Skill' auth='yes' name='Profit and Loss Accounts'>
<CompetencyEvidence name='Extent of Experience' typeDescription='Extent of Experience' type='MONTH' lastUsed='2002'><NumericValue description='MONTH'>32</NumericValue></CompetencyEvidence>

<CompetencyEvidence typeDescription='Alias' name='Alias'><StringValue>P&#38;L</StringValue></CompetencyEvidence>

<CompetencyWeight type='skillLevel'><NumericValue minValue='0' maxValue='100'>23</NumericValue></CompetencyWeight>

<CompetencyWeight type='skillProficiency'><StringValue minValue='BASIC' maxValue='EXCELLENT'>BASIC</StringValue></CompetencyWeight>
</Competency>

<Competency oids='83 ' description='Skill > IT' auth='yes' name='PeopleSoft'>
<CompetencyWeight type='skillLevel'><NumericValue minValue='0' maxValue='100'>84</NumericValue></CompetencyWeight>

<CompetencyWeight type='skillProficiency'><StringValue minValue='BASIC' maxValue='EXCELLENT'>EXCELLENT</StringValue></CompetencyWeight>
</Competency>

<Competency oids='35 ' description='Skill' auth='yes' name='OTC Structured Products'>
<CompetencyEvidence name='Extent of Experience' typeDescription='Extent of Experience' type='MONTH' lastUsed='2013'><NumericValue description='MONTH'>74</NumericValue></CompetencyEvidence>

<CompetencyEvidence typeDescription='Alias' name='Alias'><StringValue>OTC Derivatives</StringValue></CompetencyEvidence>

<CompetencyWeight type='skillLevel'><NumericValue minValue='0' maxValue='100'>95</NumericValue></CompetencyWeight>

<CompetencyWeight type='skillProficiency'><StringValue minValue='BASIC' maxValue='EXCELLENT'>EXCELLENT</StringValue></CompetencyWeight>
</Competency>

<Competency oids='80 ' description='Skill > IT' auth='yes' name='Netscape Navigator'>
<CompetencyEvidence typeDescription='Alias' name='Alias'><StringValue>Netscape</StringValue></CompetencyEvidence>

<CompetencyWeight type='skillLevel'><NumericValue minValue='0' maxValue='100'>84</NumericValue></CompetencyWeight>

<CompetencyWeight type='skillProficiency'><StringValue minValue='BASIC' maxValue='EXCELLENT'>EXCELLENT</StringValue></CompetencyWeight>
</Competency>

<Competency oids='77 ' description='Skill > IT' auth='yes' name='Microsoft Word'>
<CompetencyWeight type='skillLevel'><NumericValue minValue='0' maxValue='100'>84</NumericValue></CompetencyWeight>

<CompetencyWeight type='skillProficiency'><StringValue minValue='BASIC' maxValue='EXCELLENT'>EXCELLENT</StringValue></CompetencyWeight>
</Competency>

<Competency oids='78 ' description='Skill > IT' auth='yes' name='Microsoft Excel'>
<CompetencyEvidence typeDescription='Alias' name='Alias'><StringValue>Excel</StringValue></CompetencyEvidence>

<CompetencyWeight type='skillLevel'><NumericValue minValue='0' maxValue='100'>84</NumericValue></CompetencyWeight>

<CompetencyWeight type='skillProficiency'><StringValue minValue='BASIC' maxValue='EXCELLENT'>EXCELLENT</StringValue></CompetencyWeight>
</Competency>

<Competency oids='79 ' description='Skill > IT' auth='yes' name='Microsoft Access'>
<CompetencyEvidence typeDescription='Alias' name='Alias'><StringValue>Access</StringValue></CompetencyEvidence>

<CompetencyWeight type='skillLevel'><NumericValue minValue='0' maxValue='100'>84</NumericValue></CompetencyWeight>

<CompetencyWeight type='skillProficiency'><StringValue minValue='BASIC' maxValue='EXCELLENT'>EXCELLENT</StringValue></CompetencyWeight>
</Competency>

<Competency oids='33 ' description='Skill' auth='no' name='Manage daily office operations'>
<CompetencyEvidence name='Extent of Experience' typeDescription='Extent of Experience' type='MONTH' lastUsed='2013'><NumericValue description='MONTH'>74</NumericValue></CompetencyEvidence>

<CompetencyWeight type='skillLevel'><NumericValue minValue='0' maxValue='100'>95</NumericValue></CompetencyWeight>

<CompetencyWeight type='skillProficiency'><StringValue minValue='BASIC' maxValue='EXCELLENT'>EXCELLENT</StringValue></CompetencyWeight>
</Competency>

<Competency oids='73 ' description='Skill' auth='yes' name='Ledger Reconciliations'>
<CompetencyEvidence name='Extent of Experience' typeDescription='Extent of Experience' type='MONTH' lastUsed='2002'><NumericValue description='MONTH'>32</NumericValue></CompetencyEvidence>

<CompetencyEvidence typeDescription='Alias' name='Alias'><StringValue>Reconciled general ledger</StringValue></CompetencyEvidence>

<CompetencyWeight type='skillLevel'><NumericValue minValue='0' maxValue='100'>24</NumericValue></CompetencyWeight>

<CompetencyWeight type='skillProficiency'><StringValue minValue='BASIC' maxValue='EXCELLENT'>BASIC</StringValue></CompetencyWeight>
</Competency>

<Competency oids='84 ' description='Skill > IT' auth='yes' name='Kronos'>
<CompetencyWeight type='skillLevel'><NumericValue minValue='0' maxValue='100'>84</NumericValue></CompetencyWeight>

<CompetencyWeight type='skillProficiency'><StringValue minValue='BASIC' maxValue='EXCELLENT'>EXCELLENT</StringValue></CompetencyWeight>
</Competency>

<Competency oids='85 ' description='Skill > IT' auth='yes' name='JDEdwards Suite'>
<CompetencyEvidence typeDescription='Alias' name='Alias'><StringValue>JD Edwards</StringValue></CompetencyEvidence>

<CompetencyWeight type='skillLevel'><NumericValue minValue='0' maxValue='100'>84</NumericValue></CompetencyWeight>

<CompetencyWeight type='skillProficiency'><StringValue minValue='BASIC' maxValue='EXCELLENT'>EXCELLENT</StringValue></CompetencyWeight>
</Competency>

<Competency oids='42 ' description='Skill' auth='yes' name='Foreign Exchange'>
<CompetencyEvidence name='Extent of Experience' typeDescription='Extent of Experience' type='MONTH' lastUsed='2013'><NumericValue description='MONTH'>74</NumericValue></CompetencyEvidence>

<CompetencyEvidence typeDescription='Alias' name='Alias'><StringValue>FX</StringValue></CompetencyEvidence>

<CompetencyWeight type='skillLevel'><NumericValue minValue='0' maxValue='100'>95</NumericValue></CompetencyWeight>

<CompetencyWeight type='skillProficiency'><StringValue minValue='BASIC' maxValue='EXCELLENT'>EXCELLENT</StringValue></CompetencyWeight>
</Competency>

<Competency oids='87 ' description='Skill > IT' auth='yes' name='Euroclear'>
<CompetencyWeight type='skillLevel'><NumericValue minValue='0' maxValue='100'>13</NumericValue></CompetencyWeight>
</Competency>

<Competency oids='29 ' description='Skill' auth='yes' name='Equities as Derivatives'>
<CompetencyEvidence name='Extent of Experience' typeDescription='Extent of Experience' type='MONTH' lastUsed='2013'><NumericValue description='MONTH'>74</NumericValue></CompetencyEvidence>

<CompetencyEvidence typeDescription='Alias' name='Alias'><StringValue>Equity Derivatives</StringValue></CompetencyEvidence>

<CompetencyWeight type='skillLevel'><NumericValue minValue='0' maxValue='100'>97</NumericValue></CompetencyWeight>

<CompetencyWeight type='skillProficiency'><StringValue minValue='BASIC' maxValue='EXCELLENT'>EXCELLENT</StringValue></CompetencyWeight>
</Competency>

<Competency oids='26 ' description='Skill' auth='yes' name='Derivatives'>
<CompetencyEvidence name='Extent of Experience' typeDescription='Extent of Experience' type='MONTH' lastUsed='2013'><NumericValue description='MONTH'>74</NumericValue></CompetencyEvidence>

<CompetencyWeight type='skillLevel'><NumericValue minValue='0' maxValue='100'>99</NumericValue></CompetencyWeight>

<CompetencyWeight type='skillProficiency'><StringValue minValue='BASIC' maxValue='EXCELLENT'>EXCELLENT</StringValue></CompetencyWeight>
</Competency>

<Competency oids='51 ' description='Skill' auth='no' name='Daily processing'>
<CompetencyEvidence name='Extent of Experience' typeDescription='Extent of Experience' type='MONTH' lastUsed='2006'><NumericValue description='MONTH'>16</NumericValue></CompetencyEvidence>

<CompetencyWeight type='skillLevel'><NumericValue minValue='0' maxValue='100'>24</NumericValue></CompetencyWeight>

<CompetencyWeight type='skillProficiency'><StringValue minValue='BASIC' maxValue='EXCELLENT'>BASIC</StringValue></CompetencyWeight>
</Competency>

<Competency oids='70 ' description='Skill' auth='yes' name='Corporate Actions'>
<CompetencyEvidence name='Extent of Experience' typeDescription='Extent of Experience' type='MONTH' lastUsed='2002'><NumericValue description='MONTH'>32</NumericValue></CompetencyEvidence>

<CompetencyWeight type='skillLevel'><NumericValue minValue='0' maxValue='100'>26</NumericValue></CompetencyWeight>

<CompetencyWeight type='skillProficiency'><StringValue minValue='BASIC' maxValue='EXCELLENT'>BASIC</StringValue></CompetencyWeight>
</Competency>

<Competency oids='76 ' description='Skill > IT' auth='yes' name='Corel WordPerfect'>
<CompetencyEvidence typeDescription='Alias' name='Alias'><StringValue>Proficient in Word Perfect</StringValue></CompetencyEvidence>

<CompetencyWeight type='skillLevel'><NumericValue minValue='0' maxValue='100'>84</NumericValue></CompetencyWeight>

<CompetencyWeight type='skillProficiency'><StringValue minValue='BASIC' maxValue='EXCELLENT'>EXCELLENT</StringValue></CompetencyWeight>
</Competency>

<Competency oids='41 ' description='Skill' auth='yes' name='Commodities'>
<CompetencyEvidence name='Extent of Experience' typeDescription='Extent of Experience' type='MONTH' lastUsed='2013'><NumericValue description='MONTH'>74</NumericValue></CompetencyEvidence>

<CompetencyWeight type='skillLevel'><NumericValue minValue='0' maxValue='100'>95</NumericValue></CompetencyWeight>

<CompetencyWeight type='skillProficiency'><StringValue minValue='BASIC' maxValue='EXCELLENT'>EXCELLENT</StringValue></CompetencyWeight>
</Competency>

<Competency oids='69 ' description='Skill' auth='yes' name='Cash Management'>
<CompetencyEvidence name='Extent of Experience' typeDescription='Extent of Experience' type='MONTH' lastUsed='2002'><NumericValue description='MONTH'>32</NumericValue></CompetencyEvidence>

<CompetencyWeight type='skillLevel'><NumericValue minValue='0' maxValue='100'>27</NumericValue></CompetencyWeight>

<CompetencyWeight type='skillProficiency'><StringValue minValue='BASIC' maxValue='EXCELLENT'>BASIC</StringValue></CompetencyWeight>
</Competency>

<Competency oids='65 ' description='Skill' auth='yes' name='Bank Reconciliations'>
<CompetencyEvidence name='Extent of Experience' typeDescription='Extent of Experience' type='MONTH' lastUsed='2003'><NumericValue description='MONTH'>12</NumericValue></CompetencyEvidence>

<CompetencyWeight type='skillLevel'><NumericValue minValue='0' maxValue='100'>20</NumericValue></CompetencyWeight>

<CompetencyWeight type='skillProficiency'><StringValue minValue='BASIC' maxValue='EXCELLENT'>BASIC</StringValue></CompetencyWeight>
</Competency>

<Competency oids='64 ' description='Skill' auth='yes' name='Balance Sheet Reconciliations'>
<CompetencyEvidence name='Extent of Experience' typeDescription='Extent of Experience' type='MONTH' lastUsed='2003'><NumericValue description='MONTH'>12</NumericValue></CompetencyEvidence>

<CompetencyEvidence typeDescription='Alias' name='Alias'><StringValue>balance sheet</StringValue></CompetencyEvidence>

<CompetencyWeight type='skillLevel'><NumericValue minValue='0' maxValue='100'>21</NumericValue></CompetencyWeight>

<CompetencyWeight type='skillProficiency'><StringValue minValue='BASIC' maxValue='EXCELLENT'>BASIC</StringValue></CompetencyWeight>
</Competency>

<Competency oids='60 ' description='Skill' auth='yes' name='Audit'>
<CompetencyEvidence name='Extent of Experience' typeDescription='Extent of Experience' type='MONTH' lastUsed='2005'><NumericValue description='MONTH'>27</NumericValue></CompetencyEvidence>

<CompetencyEvidence typeDescription='Alias' name='Alias'><StringValue>auditing</StringValue></CompetencyEvidence>

<CompetencyWeight type='skillLevel'><NumericValue minValue='0' maxValue='100'>23</NumericValue></CompetencyWeight>

<CompetencyWeight type='skillProficiency'><StringValue minValue='BASIC' maxValue='EXCELLENT'>BASIC</StringValue></CompetencyWeight>
</Competency>

<Competency oids='57 ' description='Skill' auth='yes' name='Accounts Receivable'>
<CompetencyEvidence name='Extent of Experience' typeDescription='Extent of Experience' type='MONTH' lastUsed='2005'><NumericValue description='MONTH'>27</NumericValue></CompetencyEvidence>

<CompetencyEvidence typeDescription='Alias' name='Alias'><StringValue>receivables</StringValue></CompetencyEvidence>

<CompetencyWeight type='skillLevel'><NumericValue minValue='0' maxValue='100'>25</NumericValue></CompetencyWeight>

<CompetencyWeight type='skillProficiency'><StringValue minValue='BASIC' maxValue='EXCELLENT'>BASIC</StringValue></CompetencyWeight>
</Competency>

<Competency oids='56 ' description='Skill' auth='yes' name='Accounts Payable'>
<CompetencyEvidence name='Extent of Experience' typeDescription='Extent of Experience' type='MONTH' lastUsed='2005'><NumericValue description='MONTH'>27</NumericValue></CompetencyEvidence>

<CompetencyEvidence typeDescription='Alias' name='Alias'><StringValue>account payables</StringValue></CompetencyEvidence>

<CompetencyWeight type='skillLevel'><NumericValue minValue='0' maxValue='100'>26</NumericValue></CompetencyWeight>

<CompetencyWeight type='skillProficiency'><StringValue minValue='BASIC' maxValue='EXCELLENT'>BASIC</StringValue></CompetencyWeight>
</Competency>

<Competency oids='81 ' description='Skill > IT' auth='yes' name='ADP Human Resources'>
<CompetencyEvidence typeDescription='Alias' name='Alias'><StringValue>ADP</StringValue></CompetencyEvidence>

<CompetencyWeight type='skillLevel'><NumericValue minValue='0' maxValue='100'>84</NumericValue></CompetencyWeight>

<CompetencyWeight type='skillProficiency'><StringValue minValue='BASIC' maxValue='EXCELLENT'>EXCELLENT</StringValue></CompetencyWeight>
</Competency>

<Competency oids='18_1 52_1 ' description='Held Position' auth='no' name='Managers'>
<CompetencyEvidence name='Extent of Experience' typeDescription='Extent of Experience' type='MONTH' lastUsed='2013'><NumericValue description='MONTH'>19</NumericValue></CompetencyEvidence>

<CompetencyWeight type='skillLevel'><NumericValue minValue='0' maxValue='100'>96</NumericValue></CompetencyWeight>

<CompetencyWeight type='skillProficiency'><StringValue minValue='BASIC' maxValue='EXCELLENT'>EXCELLENT</StringValue></CompetencyWeight>
</Competency>

<Competency oids='11_1 ' description='Held Position' auth='no' name='socio'>
<CompetencyWeight type='skillLevel'><NumericValue minValue='0' maxValue='100'>13</NumericValue></CompetencyWeight>
</Competency>

<Competency oids='49_4_1 ' description='Held Position' auth='no' name='Senior Treasury Associate'>
<CompetencyEvidence name='Extent of Experience' typeDescription='Extent of Experience' type='MONTH' lastUsed='2006'><NumericValue description='MONTH'>16</NumericValue></CompetencyEvidence>

<CompetencyWeight type='skillLevel'><NumericValue minValue='0' maxValue='100'>24</NumericValue></CompetencyWeight>

<CompetencyWeight type='skillProficiency'><StringValue minValue='BASIC' maxValue='EXCELLENT'>BASIC</StringValue></CompetencyWeight>
</Competency>

<Competency oids='68_1 ' description='Held Position' auth='no' name='Project Manager'>
<CompetencyEvidence name='Extent of Experience' typeDescription='Extent of Experience' type='MONTH' lastUsed='2002'><NumericValue description='MONTH'>32</NumericValue></CompetencyEvidence>

<CompetencyWeight type='skillLevel'><NumericValue minValue='0' maxValue='100'>27</NumericValue></CompetencyWeight>

<CompetencyWeight type='skillProficiency'><StringValue minValue='BASIC' maxValue='EXCELLENT'>BASIC</StringValue></CompetencyWeight>
</Competency>

<Competency oids='53_4_2 ' description='Held Position' auth='no' name='Operations Manager'>
<CompetencyEvidence name='Extent of Experience' typeDescription='Extent of Experience' type='MONTH' lastUsed='2005'><NumericValue description='MONTH'>27</NumericValue></CompetencyEvidence>

<CompetencyWeight type='skillLevel'><NumericValue minValue='0' maxValue='100'>27</NumericValue></CompetencyWeight>

<CompetencyWeight type='skillProficiency'><StringValue minValue='BASIC' maxValue='EXCELLENT'>BASIC</StringValue></CompetencyWeight>
</Competency>

<Competency oids='27_1 ' description='Held Position' auth='no' name='Middle Office Operations Manager'>
<CompetencyEvidence name='Extent of Experience' typeDescription='Extent of Experience' type='MONTH' lastUsed='2013'><NumericValue description='MONTH'>74</NumericValue></CompetencyEvidence>

<CompetencyWeight type='skillLevel'><NumericValue minValue='0' maxValue='100'>100</NumericValue></CompetencyWeight>

<CompetencyWeight type='skillProficiency'><StringValue minValue='BASIC' maxValue='EXCELLENT'>EXCELLENT</StringValue></CompetencyWeight>
</Competency>

<Competency oids='17_1 ' description='Held Position' auth='no' name='Client and Broker Dealer'>
<CompetencyEvidence name='Extent of Experience' typeDescription='Extent of Experience' type='MONTH' lastUsed='2013'><NumericValue description='MONTH'>3</NumericValue></CompetencyEvidence>

<CompetencyWeight type='skillLevel'><NumericValue minValue='0' maxValue='100'>92</NumericValue></CompetencyWeight>

<CompetencyWeight type='skillProficiency'><StringValue minValue='BASIC' maxValue='EXCELLENT'>EXCELLENT</StringValue></CompetencyWeight>
</Competency>

<Competency oids='53_4_1 ' description='Held Position' auth='no' name='Assistant General Manager'>
<CompetencyEvidence name='Extent of Experience' typeDescription='Extent of Experience' type='MONTH' lastUsed='2005'><NumericValue description='MONTH'>27</NumericValue></CompetencyEvidence>

<CompetencyWeight type='skillLevel'><NumericValue minValue='0' maxValue='100'>27</NumericValue></CompetencyWeight>

<CompetencyWeight type='skillProficiency'><StringValue minValue='BASIC' maxValue='EXCELLENT'>BASIC</StringValue></CompetencyWeight>
</Competency>

<Competency oids='61_4_1 ' description='Held Position' auth='no' name='Accounting Associate'>
<CompetencyEvidence name='Extent of Experience' typeDescription='Extent of Experience' type='MONTH' lastUsed='2003'><NumericValue description='MONTH'>12</NumericValue></CompetencyEvidence>

<CompetencyWeight type='skillLevel'><NumericValue minValue='0' maxValue='100'>22</NumericValue></CompetencyWeight>

<CompetencyWeight type='skillProficiency'><StringValue minValue='BASIC' maxValue='EXCELLENT'>BASIC</StringValue></CompetencyWeight>
</Competency>

<Competency oids='47 86 ' description='Degree/Qualification > Professional' auth='yes' name='ACT Qualification'>
<CompetencyEvidence typeDescription='Alias' name='Alias'><StringValue>ACT</StringValue></CompetencyEvidence>

<CompetencyWeight type='skillLevel'><NumericValue minValue='0' maxValue='100'>24</NumericValue></CompetencyWeight>
</Competency>

<Competency oids='90 ' description='Degree/Qualification > Professional' auth='no' name='Series 99'>
<CompetencyWeight type='skillLevel'><NumericValue minValue='0' maxValue='100'>12</NumericValue></CompetencyWeight>
</Competency>

<Competency description='Industry' auth='yes' name='industry~accountancy'>
<CompetencyEvidence name='skillCount' typeDescription='skillCount'><NumericValue>3</NumericValue></CompetencyEvidence>

<CompetencyWeight type='skillLevel'><NumericValue minValue='0' maxValue='100'>100</NumericValue></CompetencyWeight>
</Competency>























<RevisionDate id='1'>2013-03-15</RevisionDate>
</StructuredXMLResume>
<NonXMLResume>

<TextResume>



<span inprof='n' id='1' class='date'>{{DOCUMENT_DATESTAMP}} 2013-03-15 {{END_DOCUMENT_DATESTAMP}}</span> 

<span inprof='y' id='2' class='nominal'>JOHN P. DREHER, Jr</span>
<span inprof='y' id='3' class='location'>271 South Greenleaf Avenue Staten Island, New York 10314</span>
<span inprof='y' id='4' class='telephone'>Phone 718-448-1710</span> - <span inprof='y' id='5' class='telephone'>917-829-0481</span> <span inprof='y' id='6' class='email'>Email jdreher48@yahoo.com</span>

<span inprof='n' id='7' class='edu-hist-mark'>SUMMARY OF QUALIFICATIONS:</span>
A Dynamic and efficient worker with extensive experience in customer-driven and dynamic industries. Highly motivated and efficient with a valuable track record in achieving organizational goals with proven ability to thrive in a busy environment. <span inprof='y' id='8' class='skill'>Excellent analytical skills</span> with keen attention to detail, ability to analyze situations, and research information to develop sound and ethical solutions. Innovative and reliable individual with the ability to achieve organizational goals while displaying effective multi-tasking and <span inprof='y' id='9' class='skill'>management skills</span>. Proactive and results oriented with excellent interpersonal and <span inprof='y' id='10' class='skill'>communication skills</span> and experienced in working with different teams and individuals at all levels from diverse cultural and <span inprof='y' id='11_1' class='role'>socio</span>-economic backgrounds.
<span inprof='n' id='12' class='work-hist-mark'>EXPERIENCE:</span>

<span inprof='y' id='13' class='company'>INSTINET, LLC</span>., <span inprof='y' id='14' class='location'>New York, NY</span>                                                    <span inprof='y' id='15_1' class='date'>January 2013</span>-<span inprof='y' id='15_2' class='date'>Present</span> Finance - Billing and Collections

*    <span inprof='y' id='16' class='skill'>Responsible for Customer</span>, <span inprof='y' id='17_1' class='role'>Client and Broker Dealer</span> billing. ; 
*    Manage the firms daily <span inprof='y' id='18_1' class='role'>Managers</span>, Build as and <span inprof='n' id='19' class='educational'>AR Reports</span>. ; 
*    Responsible for calculating and monitoring the Daily Aging list. ; 
*    Responsible for applying and monitoring check and wire payments via <span inprof='y' id='20' class='sofwr'>Oracle</span>. ; 
*    Manage and input new terminal ID's for the proper tracking of desk P&#38;L. ; 
*    Reconcile and monitor the firms trading <span inprof='y' id='21' class='skill'>balance sheet</span> and <span inprof='y' id='22' class='skill'>G/L</span> reports. ; 
*    Handle all post allocation (<span inprof='y' id='23' class='skill'>Equity</span> and Options) trades via MIDWAY. ; 
*    Work with other groups (Client service, OPS, MO and Trading desks) to insure proper billing.

<span inprof='y' id='24_1' class='company'>NEWEDGE GROUP USA</span>. <span inprof='y' id='24_2' class='location'>New York, NY</span>                                          <span inprof='y' id='24_3_1' class='date'>December 2006</span>- <span inprof='y' id='24_3_2' class='date'>January 2013</span>
Senior <span inprof='y' id='25' class='skill'>Equity</span> /Options /ETF/Listed <span inprof='y' id='26' class='skill'>Derivatives</span> - <span inprof='y' id='27_1' class='role'>Middle Office Operations Manager</span>

*    Responsible for processing <span inprof='y' id='28' class='skill'>Equity</span>, <span inprof='y' id='29' class='skill'>Equity Derivatives</span>, Options, <span inprof='y' id='30' class='skill'>Futures</span>, Swaps, ETF, Treasuries and Risk Arbitrage trading. ; 
*    <span inprof='y' id='31' class='skill'>Responsible for all P</span>&#38;L (Daily, Monthly, Yearly) for Cash <span inprof='y' id='32' class='skill'>Equity</span>, ETF and Option desks. ; 
*    <span inprof='y' id='33' class='skill'>Manage daily office operations</span> for trading professionals and various trading desks. ; 
*    Maintain and report P&#38;L for multiple trading desks on a monthly and daily basis. ; 
*    Conducted daily process to ensure the infrastructure of Phase3 was in accordance with SOX, Risk and compliance guidelines. ; 
*    Reviewed and analyzed new accounts to confirm the validity and usage of the applicant and confirming that OPS had the appropriate actions in place to prevent a potential risk to the company. ; 
*    Implemented plans to prevent and eliminate operational risks by setting stop gap controls within multiple systems within the Operations Department. ; 
*    Tracked and recorded data in settlements, fees paid or losses to a counterparty or vendor by either associates or system generated errors. ; 
*    Identified potential risk concerns within AR and AP and efficiently provided a <span inprof='y' id='34' class='skill'>risk assessment</span> on the frequency of customers and market fluctuation. ; 
*    Reconcile all <span inprof='y' id='35' class='skill'>OTC Derivatives</span> including cash, customer and open prop positions. ; 
*    <span inprof='y' id='36' class='skill'>Responsible for all LATAM equity trades</span> (Allocations, settlements, clearing) for ETF Desk. ; 
*    Handle all FTR's and FTD's and coordinate with BP's to ensure <span inprof='y' id='37' class='skill'>proper settlement</span> with DTC. ; 
*    Ensure and supervise the reconciling for the G/L and trading <span inprof='y' id='38' class='skill'>balance sheets</span> for company Control records. ; 
*    Balance <span inprof='y' id='39' class='skill'>Equities</span>, <span inprof='y' id='40' class='skill'>Futures</span>, <span inprof='y' id='41' class='skill'>Commodities</span>, Option and <span inprof='y' id='42' class='skill'>FX</span> option trading activity <span inprof='n' id='43' class='company'>betweens Firm</span>, Brokers and outside vendors. ; 
*    Part <span inprof='n' id='44' class='bad-occupation'>of project management</span> team to conduct and test new <span inprof='y' id='45' class='skill'>back office</span> (SHADOW) in all aspects to provide proper system usage, smart order routes and that a continuity plan was place. ; 
*    Work with multiple trading desks and/or counterparties to resolve trade breaks and to make adjustments on a T/D or S/D basis. ; 
*    Process and report trade confirmations to clients for multiple trading desks. ; 
*    <span inprof='y' id='46' class='skill'>Responsible for stock Locates</span> and Stock borrows and collateral via LOANET and SLATE. ; 
*    Oversee the execution of trades in the LAVA and ensure proper client and commission reporting. ; 
*    Ensure proper OATS, <span inprof='y' id='47' class='qualif'>ACT</span> and <span inprof='y' id='48' class='skill'>Regulatory reporting</span>.

<span inprof='y' id='49_1' class='company'>FIDELITY INVESTMENT CORP.</span>, <span inprof='y' id='49_2' class='location'>New York, NY</span>          <span inprof='y' id='49_3_1' class='date'>September 2005</span>- <span inprof='y' id='49_3_2' class='date'>December 2006</span>
<span inprof='y' id='49_4_1' class='role'>Senior Treasury Associate</span>

*    Handle check clearing, check deposit availability, Fed wires and ACH draw downs. ; 
*    Analyze at least <span inprof='n' id='50' class='money'>6 Million dollars</span> worth of returned checks per day and coordinate daily with all appropriate business units. ; 
*    <span inprof='y' id='51' class='skill'>Daily processing</span> of NIGO items related to money movement. ; 
*    Troubleshoot and deploy operational solutions within the XTRAC system. ; 
*    Provide assistance for client service <span inprof='y' id='52_1' class='role'>managers</span>.

<span inprof='y' id='53_1' class='company'>AMERICAN GOLF CORP.</span>, <span inprof='y' id='53_2' class='location'>Staten Island, NY</span>             <span inprof='y' id='53_3_1' class='date'>July 2003</span>-<span inprof='y' id='53_3_2' class='date'>September 2005</span> <span inprof='y' id='53_4_1' class='role'>Assistant General Manager</span> /<span inprof='y' id='53_4_2' class='role'>Operations Manager</span>

*    <span inprof='y' id='54' class='skill'>Responsible for total facility operations</span> with an annual revenue budget of <span inprof='n' id='55' class='money'>$1.9 million</span> ; 
*    Manage the daily organization of the golf course ; 
*    Process <span inprof='y' id='56' class='skill'>account payables</span> and <span inprof='y' id='57' class='skill'>receivables</span> ; 
*    <span inprof='y' id='58' class='skill'>Responsible for Weekly</span>, Monthly and Yearly <span inprof='y' id='59' class='skill'>budgeting</span>, and daily <span inprof='y' id='60' class='skill'>auditing</span>

<span inprof='y' id='61_1' class='company'>RBC DOMINION SECURITIES CORP.</span>, <span inprof='y' id='61_2' class='location'>New York, NY</span>                          <span inprof='y' id='61_3_1' class='date'>July 2002</span>-<span inprof='y' id='61_3_2' class='date'>July 2003</span> <span inprof='y' id='61_4_1' class='role'>Accounting Associate</span>

    *    Calculated and processed P&#38;L Reporting and Commissions for <span inprof='y' id='62' class='skill'>trading floor</span> ; 
    *    Maintained and Reconciled all daily Trading accounts ; 
    *    Prepared daily and Monthly <span inprof='y' id='63' class='skill'>G/L</span> entries. ; 
    *    Maintained monthly <span inprof='y' id='64' class='skill'>balance sheet</span> and <span inprof='y' id='65' class='skill'>bank reconciliations</span>

T.D.   WATERHOUSE, <span inprof='y' id='66' class='location'>New York, NY</span>                         <span inprof='y' id='67_1' class='date'>December 1999</span>-<span inprof='y' id='67_2' class='date'>July 2002</span> <span inprof='y' id='68_1' class='role'>Project Manager</span>, Reorganization-Voluntary and Controls     - Money Control - <span inprof='y' id='69' class='skill'>Cash Management</span>

    *    Processed <span inprof='y' id='70' class='skill'>Corporate Actions</span> of new, amended, and extended voluntary reorganizations ; 
    *    <span inprof='y' id='71' class='skill'>Responsible for daily processing</span> of all aspects any Corporate Action. ; 
    *    <span inprof='y' id='72' class='skill'>Responsible for Transactions</span> consisting of Federal Fund wires, ACH payments and checks ; 
    *    <span inprof='y' id='73' class='skill'>Reconciled general ledger</span> entries against bank account activity and tracked <span inprof='y' id='74' class='skill'>P&#38;L</span>

<span inprof='n' id='75' class='skills-qualif-mark'>SKILLS:</span>
<span inprof='y' id='76' class='sofwr'>Proficient in Word Perfect</span>, <span inprof='y' id='77' class='sofwr'>Microsoft Word</span>, <span inprof='y' id='78' class='sofwr'>Excel</span>, <span inprof='y' id='79' class='sofwr'>Access</span>, <span inprof='y' id='80' class='sofwr'>Netscape</span>, Micro bank, <span inprof='y' id='81' class='sofwr'>ADP</span>, <span inprof='y' id='82' class='sofwr'>Quantum</span>, <span inprof='y' id='83' class='sofwr'>PeopleSoft</span>, <span inprof='y' id='84' class='sofwr'>Kronos</span>, <span inprof='y' id='85' class='sofwr'>JD Edwards</span>, FBSI, XTRAC, FOLBS, <span inprof='y' id='86' class='qualif'>ACT</span>, LAVA, Phase 3, Bloomberg, DTC, <span inprof='y' id='87' class='sofwr'>EUROCLEAR</span>, LOANET, <span inprof='n' id='88' class='location'>Geneva</span>, Slate, <span inprof='y' id='89' class='sofwr'>Oracle</span>, ITracks, MIDWAY.
<span inprof='y' id='90' class='qualif'>Series 99</span> Registered

<span inprof='n' id='91' class='edu-hist-mark'>EDUCATION:</span>
<span inprof='y' id='92' class='educational'>College of Staten Island</span>, C.U.N.Y- <span inprof='y' id='93' class='location'>Staten Island, NY</span>
Accounting Major, <span inprof='y' id='94_1' class='date'>1995</span>-<span inprof='y' id='94_2' class='date'>1999</span>

<span inprof='y' id='95' class='educational'>S.U.N.Y. Maritime</span>- <span inprof='y' id='96' class='location'>Bronx, NY</span>
Engineering Major, <span inprof='y' id='97_1' class='date'>1994</span>-<span inprof='y' id='97_2' class='date'>1995</span>

ACTIVITIES:
Playing with and watching my children. Coaching Hockey at the <span inprof='n' id='98' class='educational'>High School</span> and Travel levels. Playing Golf. Going to the Gym. Supporting <span inprof='n' id='99' class='educational'>the American Cancer Society</span> and Finding a cure for Juvenile Diabetes.

<span inprof='n' id='100' class='references-mark'>REFERENCES:</span>
Available upon Request

</TextResume>

</NonXMLResume>



<UserArea>
<DaxResumeUserArea>
<AdditionalPersonalData>
<ExperienceSummary>
<TotalMonthsOfWorkExperience>164</TotalMonthsOfWorkExperience>
<TotalYearsOfWorkExperience>14</TotalYearsOfWorkExperience>
<TotalMonthsOfManagementWorkExperience>133</TotalMonthsOfManagementWorkExperience>
<TotalYearsOfManagementWorkExperience>11</TotalYearsOfManagementWorkExperience>
<TotalMonthsOfMidLevelManagementWorkExperience>101</TotalMonthsOfMidLevelManagementWorkExperience>
<TotalYearsOfMidLevelManagementWorkExperience>8.4</TotalYearsOfMidLevelManagementWorkExperience>
<TotalMonthsOfLowLevelManagementWorkExperience>32</TotalMonthsOfLowLevelManagementWorkExperience>
<TotalYearsOfLowLevelManagementWorkExperience>2.6</TotalYearsOfLowLevelManagementWorkExperience>
<ExecutiveBrief>John P. Dreher Jr is a resident of Staten Island, NY, US. He has been working in the Accountancy  occupational sector for more than 14 years. Currently he is employed as a Client and Broker Dealer at INSTINET, LLC. John has an extensive management experience (11 years) with exposure to executive/middle management positions.</ExecutiveBrief>
<ManagementRecord>Since 2006-12 for 74 months the candidate had experience at a executive/middle management level working as a Middle Office Operations Manager/Operations Manager at NEWEDGE GROUP.
Since 2003-07 for 27 months the candidate had experience at a executive/middle management level working as a Assistant General Manager/Operations Manager at AMERICAN GOLF CORP..
Since 1999-12 for 32 months the candidate had experience at a lower grade management level working as a Project Manager/Operations Manager.
</ManagementRecord>
</ExperienceSummary>
</AdditionalPersonalData>
<ParserInfo>
<ParserConfiguration>{max_len=50000} {tel_flag=} {send_zip=} {fast_conv=} {DEF_LOCAL=} {sdate=0} {no_email_body=0} {do_clever_zoning=1} {keep_span=1} {complex=1} {accept_langs=} {not_accept_langs=} {prefer_lang_cv=EN} {pers_only=0} {turbo=0} {split_language=0} {picture=0} {picture_inline=0} {name_space=0} {charset=} {hrxml_upgrade_edu_hist=0}{hrxml_add_languages_section=0}{spool=} {docID=} {user=DEFAULT} </ParserConfiguration>
<ParserRelease>0.12.3.32629</ParserRelease>
<ParserReleaseDate>2014-06-18</ParserReleaseDate>
<ParserSchema>2.0.29</ParserSchema>
<ParserSchemaLocation>http://cvx.daxtra.com/cvts/xsd/candidate/2.0.29/Resume.xsd</ParserSchemaLocation>
<ConverterRelease>0.5.2.32629</ConverterRelease>
<ConverterReleaseDate>2014-06-18</ConverterReleaseDate>
</ParserInfo>
<FileStruct filename="/home/izoom/anazarov/grammar/analysis/3rconnect/doc/100_Resumes-Walsh/John Dreher's Resume.docx">

<attachment fname='John_Drehers_Resume.docx' ftype='docx' conv='yes' doc_type='cv' lang='EN'>/home/izoom/anazarov/grammar/analysis/3rconnect/doc/100_Resumes-Walsh/John_Drehers_Resume.docx</attachment>


</FileStruct>
</DaxResumeUserArea>
</UserArea>
</Resume>
