<?xml version='1.0' encoding='ISO-8859-1'?>
<Resume lang='en' src='DAXTRA-CVX schema:2.0.29 release:0.12.3.32629 rdate:2014-06-18'>
<StructuredXMLResume>
<ContactInfo>
<PersonName id='3'>
<FormattedName>John Joseph Karukulathel</FormattedName>
<GivenName>John</GivenName>
<MiddleName>Joseph</MiddleName>
<FamilyName>Karukulathel</FamilyName>
<sex>Male</sex>
</PersonName>
<ContactMethod>
<Telephone id='5' type='home'>
<InternationalCountryCode>1</InternationalCountryCode>
<SubscriberNumber>917 597-3210</SubscriberNumber>
<FormattedNumber>+1 917 597-3210</FormattedNumber></Telephone>

<InternetEmailAddress id='4' type='main'>john_joseph@hotmail.com</InternetEmailAddress>
<PostalAddress id='2' type='main'>
<CountryCode>US</CountryCode>
<PostalCode>07086</PostalCode>
<Region>NJ</Region>
<Municipality>Weehawken</Municipality>
<DeliveryAddress>
<AddressLine>700 Boulevard East, Apt-BE</AddressLine>
<StreetName>Boulevard East</StreetName>
<BuildingNumber>700</BuildingNumber>
<Unit>Apt-BE</Unit>
</DeliveryAddress>

</PostalAddress>
</ContactMethod>
</ContactInfo>
<ExecutiveSummary>*    Excellent exposure to financial concepts and terminology ; 
    *    Ability to work with a team or independently with minimum supervision ;</ExecutiveSummary>


<EmploymentHistory>
<EmployerOrg employerOrgType='soleEmployer'>
<EmployerOrgName id='34'>General Motors</EmployerOrgName>
<EmployerContactInfo>
<LocationSummary id='36'>
<Municipality>New York</Municipality>
<Region>NY</Region>
<CountryCode>US</CountryCode>
</LocationSummary>
</EmployerContactInfo>
<PositionHistory positionType='PERMANENT'>
<Title id='33_1'>Sr. Financial Analyst</Title>
<OrgName id='34'>General Motors</OrgName>




<StartDate id='37_1'><YearMonth>2011-04</YearMonth></StartDate>
<EndDate id='37_2'>notApplicable</EndDate>




<JobCategory>
<TaxonomyName>JOBAREA</TaxonomyName>
<CategoryCode>senior</CategoryCode>
</JobCategory>


<UserArea>
<DaxPositionHistoryUserArea>
<TLSPAN first_id='33' last_id='37' border_id='42'></TLSPAN>
<MonthsOfWork>24</MonthsOfWork>
</DaxPositionHistoryUserArea>
</UserArea>
</PositionHistory>
</EmployerOrg>

<EmployerOrg employerOrgType='soleEmployer'>
<EmployerOrgName id='39'>General Motors</EmployerOrgName>
<EmployerContactInfo>
<LocationSummary id='41'>
<Municipality>New York</Municipality>
<Region>NY</Region>
<CountryCode>US</CountryCode>
</LocationSummary>
</EmployerContactInfo>
<PositionHistory positionType='Contract'>
<Title id='38_1'>Financial Analyst</Title>
<OrgName id='39'>General Motors</OrgName>



<Description>*    Generate and analyze various risk analytical reports measuring portfolio durations, key rates, sector exposures ; 
    *    Producing for management daily sector level breakdown of asset classes for analyzing pension strategies. ; 
    *    Monitoring counterparty exposure by market value of risk weighted assets (RWA) held at the custodian related to securities lending collateral ; 
    *    Working with Portfolio Manager on optimization of internally managed fixed income portfolios ; 
    *    Work with Portfolio Managers, traders and auditors to ensure portfolios are regulatory compliant ; 
    *    Present written research and analysis to the management for further discussion and decision-making purposes ; 
    *    Work on periodic scenario analysis gauging portfolio effects based on stochastic market risk factors ; 
    *    Work on quarterly return attribution on a sector level (Governments, Provincials, Corporates) ; 
    *    Build risk-reporting templates/charts in EXCEL to facilitate reporting ; 
    *    Prepare and analyze the daily short term and medium term liquidity and line of credit reports ; 
    *    Model FX Forwards and Futures for interest rate hedging ; 
    *    Liaise with various groups in the organization with reference to portfolio accounting, pricing and performance ; 
    *    Daily submission to the Portfolio Manager market data on Canadian/US curve positioning ; 
    *    Generate annual/semi annual review material to be presented to upper management to monitor portfolio performance ; 
    *    Prepare presentations on an ad-hoc basis for the team to discuss asset class, current market scenarios ; 
    *    Follow up and resolve various day-to-day portfolio issues including data clean up and validating data integrity ; 
    *    Co-ordinate the activities of the securities lending team, overseeing a program approximately $ 6 Billion in lendable assets ; 
    *    Producing cash flow projection reporting for the purposes of income harvesting ; 
    *    Work with custodian and client in determining account rebalancing and other requirements</Description>
<StartDate id='42_1'><YearMonth>2007-07</YearMonth></StartDate>
<EndDate id='42_2'><YearMonth>2011-04</YearMonth></EndDate>




<JobCategory>
<TaxonomyName>JOBAREA</TaxonomyName>
<CategoryCode>banking-finance</CategoryCode>
</JobCategory>


<UserArea>
<DaxPositionHistoryUserArea>
<TLSPAN first_id='38' last_id='54' border_id='55'></TLSPAN>
<MonthsOfWork>46</MonthsOfWork>
</DaxPositionHistoryUserArea>
</UserArea>
</PositionHistory>
</EmployerOrg>

<EmployerOrg employerOrgType='soleEmployer'>
<EmployerOrgName id='55_2'>Interventure Capital Group</EmployerOrgName>
<EmployerContactInfo>
<LocationSummary id='55_3'>
<Municipality>New York</Municipality>
<Region>NY</Region>
<CountryCode>US</CountryCode>
</LocationSummary>
</EmployerContactInfo>
<PositionHistory positionType='CONTRACT'>
<Title id='55_1_1'>Summer Associate</Title>
<OrgName id='55_2'>Interventure Capital Group</OrgName>



<Description>* Designed Cash Flow models for CIO pertaining to real estate investments in Europe &#38; Asia ; 
    * Analyzed forecasts using various modeling techniques such as DCF &#38; Relative Valuation ; 
    * Analyzed returns of various core, value-added &#38; opportunistic investment strategies ; 
    * Estimated Sharpe ratios and forecasted (graphically) annual returns of Grade A London office spaces ; 
    * Outlined summary of all company investments including Capital Call, Distribution Amounts and the like ; 
    * Forwarded recommendations on various investment proposals on factors like viability, ratios and returns ,</Description>
<StartDate id='55_4_1'><YearMonth>2006-05</YearMonth></StartDate>
<EndDate id='55_4_2'><YearMonth>2006-09</YearMonth></EndDate>




<JobCategory>
<TaxonomyName>JOBAREA</TaxonomyName>
<CategoryCode>legal</CategoryCode>
</JobCategory>


<UserArea>
<DaxPositionHistoryUserArea>
<TLSPAN first_id='55' last_id='57' border_id='58'></TLSPAN>
<MonthsOfWork>5</MonthsOfWork>
</DaxPositionHistoryUserArea>
</UserArea>
</PositionHistory>
</EmployerOrg>

<EmployerOrg employerOrgType='soleEmployer'>
<EmployerOrgName id='58_2'>Jean Martin Inc.</EmployerOrgName>
<EmployerContactInfo>
<LocationSummary id='58_3'>
<Municipality>New York</Municipality>
<Region>NY</Region>
<CountryCode>US</CountryCode>
</LocationSummary>
</EmployerContactInfo>
<PositionHistory positionType='PERMANENT'>
<Title id='58_1_1'>Associate</Title>
<OrgName id='58_2'>Jean Martin Inc.</OrgName>



<Description>* Responsible for collecting/evaluating data required for fixing/confirming pricing strategies ; 
    *    Responsible for the security/maintenance of the company database system in a Linux environment
    ACTIVITIES/EXTRA-CURRICULAR
    Member of Professional Risk Managers International Association (PRMIA), Chinese Kung Fu-Wu Su, Aikido</Description>
<StartDate id='58_4_1'><YearMonth>2004-08</YearMonth></StartDate>
<EndDate id='58_4_2'><YearMonth>2005-05</YearMonth></EndDate>




<JobCategory>
<TaxonomyName>JOBAREA</TaxonomyName>
<CategoryCode>sports</CategoryCode>
</JobCategory>


<UserArea>
<DaxPositionHistoryUserArea>
<TLSPAN first_id='58' last_id='63' border_id='0'></TLSPAN>
<MonthsOfWork>10</MonthsOfWork>
</DaxPositionHistoryUserArea>
</UserArea>
</PositionHistory>
</EmployerOrg>

</EmploymentHistory>
<EducationHistory>
<SchoolOrInstitution schoolType='university'>
<SchoolName id='13'>Pace University</SchoolName>
<LocationSummary id='14'>
<Municipality>New York</Municipality>
<Region>NY</Region>
<CountryCode>US</CountryCode>
</LocationSummary>


<Degree degreeType='masters'>
<DegreeName id='12_1'>Master</DegreeName>
<DegreeDate id='12_2'><YearMonth>2007-05</YearMonth></DegreeDate>
</Degree>
<Major id='12_1'>Business Administration</Major>

<Measure>
<MeasureValue id='15_1'>GPA: 3.72/4.00</MeasureValue>
</Measure>



</SchoolOrInstitution>

<SchoolOrInstitution schoolType='college'>




<Degree degreeType='masters'>
<DegreeName id='16_1'>Master of Science</DegreeName>
<DegreeDate id='16_2'><YearMonth>2004-08</YearMonth></DegreeDate>
</Degree>
<Major id='16_1'>Industrial Relations</Major>




</SchoolOrInstitution>

<SchoolOrInstitution schoolType='university'>
<SchoolName id='17_1'>West Virginia University</SchoolName>
<LocationSummary id='17_2'>
<Municipality>Morgantown</Municipality>
<Region>WV</Region>
<CountryCode>US</CountryCode>
</LocationSummary>


<Degree degreeType='bachelors'>
<DegreeName id='17_3'>Bachelor of Science</DegreeName>
<DegreeDate id='17_4'><YearMonth>2001-08</YearMonth></DegreeDate>
</Degree>
<Major id='17_3'>Mechanical Engineering</Major>



<Comments>University of Bombay, Bombay, India</Comments>
</SchoolOrInstitution>

</EducationHistory>











<Competency oids='22 48 ' description='Skill > IT' auth='yes' name='Microsoft Excel'>
<CompetencyEvidence name='Extent of Experience' typeDescription='Extent of Experience' type='MONTH' lastUsed='2011'><NumericValue description='MONTH'>46</NumericValue></CompetencyEvidence>

<CompetencyEvidence typeDescription='Alias' name='Alias'><StringValue>Excel</StringValue></CompetencyEvidence>

<CompetencyWeight type='skillLevel'><NumericValue minValue='0' maxValue='100'>70</NumericValue></CompetencyWeight>

<CompetencyWeight type='skillProficiency'><StringValue minValue='BASIC' maxValue='EXCELLENT'>GOOD</StringValue></CompetencyWeight>
</Competency>

<Competency oids='30 60 ' description='Skill > IT' auth='yes' name='Linux'>
<CompetencyEvidence name='Extent of Experience' typeDescription='Extent of Experience' type='MONTH' lastUsed='2005'><NumericValue description='MONTH'>10</NumericValue></CompetencyEvidence>

<CompetencyEvidence typeDescription='Alias' name='Alias'><StringValue>Linux environment</StringValue></CompetencyEvidence>

<CompetencyWeight type='skillLevel'><NumericValue minValue='0' maxValue='100'>22</NumericValue></CompetencyWeight>

<CompetencyWeight type='skillProficiency'><StringValue minValue='BASIC' maxValue='EXCELLENT'>BASIC</StringValue></CompetencyWeight>
</Competency>

<Competency oids='54 56 ' description='Skill' auth='yes' name='Cash Flows'>
<CompetencyEvidence name='Extent of Experience' typeDescription='Extent of Experience' type='MONTH' lastUsed='2011'><NumericValue description='MONTH'>51</NumericValue></CompetencyEvidence>

<CompetencyEvidence typeDescription='Alias' name='Alias'><StringValue>cash flow</StringValue></CompetencyEvidence>

<CompetencyWeight type='skillLevel'><NumericValue minValue='0' maxValue='100'>68</NumericValue></CompetencyWeight>

<CompetencyWeight type='skillProficiency'><StringValue minValue='BASIC' maxValue='EXCELLENT'>GOOD</StringValue></CompetencyWeight>
</Competency>

<Competency oids='35 40 ' description='Skill' auth='yes' name='Asset Allocation'>
<CompetencyEvidence name='Extent of Experience' typeDescription='Extent of Experience' type='MONTH' lastUsed='2013'><NumericValue description='MONTH'>70</NumericValue></CompetencyEvidence>

<CompetencyEvidence typeDescription='Alias' name='Alias'><StringValue>Asset Management</StringValue></CompetencyEvidence>

<CompetencyWeight type='skillLevel'><NumericValue minValue='0' maxValue='100'>100</NumericValue></CompetencyWeight>

<CompetencyWeight type='skillProficiency'><StringValue minValue='BASIC' maxValue='EXCELLENT'>EXCELLENT</StringValue></CompetencyWeight>
</Competency>

<Competency oids='51 ' description='Skill' auth='no' name='upper management'>
<CompetencyEvidence name='Extent of Experience' typeDescription='Extent of Experience' type='MONTH' lastUsed='2011'><NumericValue description='MONTH'>46</NumericValue></CompetencyEvidence>

<CompetencyWeight type='skillLevel'><NumericValue minValue='0' maxValue='100'>68</NumericValue></CompetencyWeight>

<CompetencyWeight type='skillProficiency'><StringValue minValue='BASIC' maxValue='EXCELLENT'>GOOD</StringValue></CompetencyWeight>
</Competency>

<Competency oids='46 ' description='Skill' auth='no' name='periodic scenario analysis'>
<CompetencyEvidence name='Extent of Experience' typeDescription='Extent of Experience' type='MONTH' lastUsed='2011'><NumericValue description='MONTH'>46</NumericValue></CompetencyEvidence>

<CompetencyWeight type='skillLevel'><NumericValue minValue='0' maxValue='100'>71</NumericValue></CompetencyWeight>

<CompetencyWeight type='skillProficiency'><StringValue minValue='BASIC' maxValue='EXCELLENT'>GOOD</StringValue></CompetencyWeight>
</Competency>

<Competency oids='45 ' description='Skill' auth='no' name='managed fixed income portfolios'>
<CompetencyEvidence name='Extent of Experience' typeDescription='Extent of Experience' type='MONTH' lastUsed='2011'><NumericValue description='MONTH'>46</NumericValue></CompetencyEvidence>

<CompetencyWeight type='skillLevel'><NumericValue minValue='0' maxValue='100'>72</NumericValue></CompetencyWeight>

<CompetencyWeight type='skillProficiency'><StringValue minValue='BASIC' maxValue='EXCELLENT'>GOOD</StringValue></CompetencyWeight>
</Competency>

<Competency oids='29 ' description='Skill > IT' auth='yes' name='UNIX'>
<CompetencyWeight type='skillLevel'><NumericValue minValue='0' maxValue='100'>13</NumericValue></CompetencyWeight>
</Competency>

<Competency oids='59 ' description='Skill' auth='no' name='Responsible for the security/maintenance'>
<CompetencyEvidence name='Extent of Experience' typeDescription='Extent of Experience' type='MONTH' lastUsed='2005'><NumericValue description='MONTH'>10</NumericValue></CompetencyEvidence>

<CompetencyWeight type='skillLevel'><NumericValue minValue='0' maxValue='100'>22</NumericValue></CompetencyWeight>

<CompetencyWeight type='skillProficiency'><StringValue minValue='BASIC' maxValue='EXCELLENT'>BASIC</StringValue></CompetencyWeight>
</Competency>

<Competency oids='52 ' description='Skill' auth='yes' name='Portfolio Valuations'>
<CompetencyEvidence name='Extent of Experience' typeDescription='Extent of Experience' type='MONTH' lastUsed='2011'><NumericValue description='MONTH'>46</NumericValue></CompetencyEvidence>

<CompetencyEvidence typeDescription='Alias' name='Alias'><StringValue>portfolio performance</StringValue></CompetencyEvidence>

<CompetencyWeight type='skillLevel'><NumericValue minValue='0' maxValue='100'>68</NumericValue></CompetencyWeight>

<CompetencyWeight type='skillProficiency'><StringValue minValue='BASIC' maxValue='EXCELLENT'>GOOD</StringValue></CompetencyWeight>
</Competency>

<Competency oids='31 ' description='Skill > IT' auth='yes' name='Oracle'>
<CompetencyWeight type='skillLevel'><NumericValue minValue='0' maxValue='100'>13</NumericValue></CompetencyWeight>
</Competency>

<Competency oids='21 ' description='Skill > IT' auth='yes' name='Microsoft Word'>
<CompetencyEvidence typeDescription='Alias' name='Alias'><StringValue>Word</StringValue></CompetencyEvidence>

<CompetencyWeight type='skillLevel'><NumericValue minValue='0' maxValue='100'>13</NumericValue></CompetencyWeight>
</Competency>

<Competency oids='23 ' description='Skill > IT' auth='yes' name='Microsoft PowerPoint'>
<CompetencyEvidence typeDescription='Alias' name='Alias'><StringValue>Powerpoint</StringValue></CompetencyEvidence>

<CompetencyWeight type='skillLevel'><NumericValue minValue='0' maxValue='100'>13</NumericValue></CompetencyWeight>
</Competency>

<Competency oids='20 ' description='Skill > IT' auth='yes' name='Microsoft Office'>
<CompetencyEvidence typeDescription='Alias' name='Alias'><StringValue>MS Office</StringValue></CompetencyEvidence>

<CompetencyWeight type='skillLevel'><NumericValue minValue='0' maxValue='100'>13</NumericValue></CompetencyWeight>
</Competency>

<Competency oids='24 ' description='Skill > IT' auth='yes' name='Microsoft Access'>
<CompetencyEvidence typeDescription='Alias' name='Alias'><StringValue>Access</StringValue></CompetencyEvidence>

<CompetencyWeight type='skillLevel'><NumericValue minValue='0' maxValue='100'>13</NumericValue></CompetencyWeight>
</Competency>

<Competency oids='7 ' description='Skill' auth='no' name='Market Risk Analysis'>
<CompetencyWeight type='skillLevel'><NumericValue minValue='0' maxValue='100'>13</NumericValue></CompetencyWeight>
</Competency>

<Competency oids='47 ' description='Skill' auth='yes' name='Market Risk'>
<CompetencyEvidence name='Extent of Experience' typeDescription='Extent of Experience' type='MONTH' lastUsed='2011'><NumericValue description='MONTH'>46</NumericValue></CompetencyEvidence>

<CompetencyWeight type='skillLevel'><NumericValue minValue='0' maxValue='100'>71</NumericValue></CompetencyWeight>

<CompetencyWeight type='skillProficiency'><StringValue minValue='BASIC' maxValue='EXCELLENT'>GOOD</StringValue></CompetencyWeight>
</Competency>

<Competency oids='49 ' description='Skill' auth='yes' name='Futures Operations'>
<CompetencyEvidence name='Extent of Experience' typeDescription='Extent of Experience' type='MONTH' lastUsed='2011'><NumericValue description='MONTH'>46</NumericValue></CompetencyEvidence>

<CompetencyEvidence typeDescription='Alias' name='Alias'><StringValue>Futures</StringValue></CompetencyEvidence>

<CompetencyWeight type='skillLevel'><NumericValue minValue='0' maxValue='100'>69</NumericValue></CompetencyWeight>

<CompetencyWeight type='skillProficiency'><StringValue minValue='BASIC' maxValue='EXCELLENT'>GOOD</StringValue></CompetencyWeight>
</Competency>

<Competency oids='8 ' description='Skill' auth='yes' name='Foreign Exchange'>
<CompetencyWeight type='skillLevel'><NumericValue minValue='0' maxValue='100'>13</NumericValue></CompetencyWeight>
</Competency>

<Competency oids='57 ' description='Skill' auth='yes' name='Forecasting'>
<CompetencyEvidence name='Extent of Experience' typeDescription='Extent of Experience' type='MONTH' lastUsed='2006'><NumericValue description='MONTH'>5</NumericValue></CompetencyEvidence>

<CompetencyEvidence typeDescription='Alias' name='Alias'><StringValue>forecasts</StringValue></CompetencyEvidence>

<CompetencyWeight type='skillLevel'><NumericValue minValue='0' maxValue='100'>20</NumericValue></CompetencyWeight>

<CompetencyWeight type='skillProficiency'><StringValue minValue='BASIC' maxValue='EXCELLENT'>BASIC</StringValue></CompetencyWeight>
</Competency>

<Competency oids='10 ' description='Skill' auth='yes' name='Fixed Income'>
<CompetencyWeight type='skillLevel'><NumericValue minValue='0' maxValue='100'>13</NumericValue></CompetencyWeight>
</Competency>

<Competency oids='9 ' description='Skill' auth='yes' name='Emerging Markets'>
<CompetencyWeight type='skillLevel'><NumericValue minValue='0' maxValue='100'>13</NumericValue></CompetencyWeight>
</Competency>

<Competency oids='43_1 ' description='Held Position' auth='no' name='the custodian'>
<CompetencyEvidence name='Extent of Experience' typeDescription='Extent of Experience' type='MONTH' lastUsed='2011'><NumericValue description='MONTH'>46</NumericValue></CompetencyEvidence>

<CompetencyWeight type='skillLevel'><NumericValue minValue='0' maxValue='100'>72</NumericValue></CompetencyWeight>

<CompetencyWeight type='skillProficiency'><StringValue minValue='BASIC' maxValue='EXCELLENT'>GOOD</StringValue></CompetencyWeight>
</Competency>

<Competency oids='55_1_1 ' description='Held Position' auth='no' name='Summer Associate'>
<CompetencyEvidence name='Extent of Experience' typeDescription='Extent of Experience' type='MONTH' lastUsed='2006'><NumericValue description='MONTH'>5</NumericValue></CompetencyEvidence>

<CompetencyWeight type='skillLevel'><NumericValue minValue='0' maxValue='100'>21</NumericValue></CompetencyWeight>

<CompetencyWeight type='skillProficiency'><StringValue minValue='BASIC' maxValue='EXCELLENT'>BASIC</StringValue></CompetencyWeight>
</Competency>

<Competency oids='33_1 ' description='Held Position' auth='no' name='Sr. Financial Analyst'>
<CompetencyEvidence name='Extent of Experience' typeDescription='Extent of Experience' type='MONTH' lastUsed='2013'><NumericValue description='MONTH'>24</NumericValue></CompetencyEvidence>

<CompetencyWeight type='skillLevel'><NumericValue minValue='0' maxValue='100'>97</NumericValue></CompetencyWeight>

<CompetencyWeight type='skillProficiency'><StringValue minValue='BASIC' maxValue='EXCELLENT'>EXCELLENT</StringValue></CompetencyWeight>
</Competency>

<Competency oids='38_1 ' description='Held Position' auth='no' name='Financial Analyst'>
<CompetencyEvidence name='Extent of Experience' typeDescription='Extent of Experience' type='MONTH' lastUsed='2011'><NumericValue description='MONTH'>46</NumericValue></CompetencyEvidence>

<CompetencyWeight type='skillLevel'><NumericValue minValue='0' maxValue='100'>73</NumericValue></CompetencyWeight>

<CompetencyWeight type='skillProficiency'><StringValue minValue='BASIC' maxValue='EXCELLENT'>GOOD</StringValue></CompetencyWeight>
</Competency>

<Competency oids='58_1_1 ' description='Held Position' auth='no' name='Associate'>
<CompetencyEvidence name='Extent of Experience' typeDescription='Extent of Experience' type='MONTH' lastUsed='2005'><NumericValue description='MONTH'>10</NumericValue></CompetencyEvidence>

<CompetencyWeight type='skillLevel'><NumericValue minValue='0' maxValue='100'>22</NumericValue></CompetencyWeight>

<CompetencyWeight type='skillProficiency'><StringValue minValue='BASIC' maxValue='EXCELLENT'>BASIC</StringValue></CompetencyWeight>
</Competency>

<Competency oids='61 ' description='Degree/Qualification > Professional' auth='no' name='Member of Professional Risk Managers International Association'>
<CompetencyWeight type='skillLevel'><NumericValue minValue='0' maxValue='100'>12</NumericValue></CompetencyWeight>
</Competency>

<Competency oids='16_1 ' description='Degree/Qualification' auth='yes' name='Masters Degree > Master of Science > Master of Science Industrial Relations'>
<CompetencyEvidence name='Application' typeDescription='Application' type='Industrial Relations'><StringValue>Industrial Relations</StringValue></CompetencyEvidence>

<CompetencyEvidence typeDescription='Alias' name='Alias'><StringValue>Master of Science in Industrial Relations</StringValue></CompetencyEvidence>

<CompetencyWeight type='skillLevel'><NumericValue minValue='0' maxValue='100'>12</NumericValue></CompetencyWeight>
</Competency>

<Competency oids='12_1 ' description='Degree/Qualification' auth='no' name='Master > Master Financial Management'>
<CompetencyEvidence name='Application' typeDescription='Application' type='Financial Management'><StringValue>Financial Management</StringValue></CompetencyEvidence>

<CompetencyEvidence typeDescription='Alias' name='Alias'><StringValue>Master of Business Administration (Financial Management</StringValue></CompetencyEvidence>

<CompetencyWeight type='skillLevel'><NumericValue minValue='0' maxValue='100'>12</NumericValue></CompetencyWeight>
</Competency>

<Competency oids='12_1 ' description='Degree/Qualification' auth='no' name='Master > Master Business Administration'>
<CompetencyEvidence name='Application' typeDescription='Application' type='Business Administration'><StringValue>Business Administration</StringValue></CompetencyEvidence>

<CompetencyEvidence typeDescription='Alias' name='Alias'><StringValue>Master of Business Administration (Financial Management</StringValue></CompetencyEvidence>

<CompetencyWeight type='skillLevel'><NumericValue minValue='0' maxValue='100'>12</NumericValue></CompetencyWeight>
</Competency>

<Competency oids='17_3 ' description='Degree/Qualification' auth='yes' name='Bachelors Degree > Bachelor of Science > Bachelor of Science Mechanical Engineering'>
<CompetencyEvidence name='Application' typeDescription='Application' type='Mechanical Engineering'><StringValue>Mechanical Engineering</StringValue></CompetencyEvidence>

<CompetencyEvidence typeDescription='Alias' name='Alias'><StringValue>Bachelor of Science in Mechanical Engineering</StringValue></CompetencyEvidence>

<CompetencyWeight type='skillLevel'><NumericValue minValue='0' maxValue='100'>12</NumericValue></CompetencyWeight>
</Competency>

<Competency description='Industry' auth='yes' name='industry~senior'>
<CompetencyEvidence name='skillCount' typeDescription='skillCount'><NumericValue>1</NumericValue></CompetencyEvidence>

<CompetencyWeight type='skillLevel'><NumericValue minValue='0' maxValue='100'>100</NumericValue></CompetencyWeight>
</Competency>























<RevisionDate id='1'>2013-04-09</RevisionDate>
</StructuredXMLResume>
<NonXMLResume>

<TextResume>



<span inprof='n' id='1' class='date'>{{DOCUMENT_DATESTAMP}} 2013-04-09 {{END_DOCUMENT_DATESTAMP}}</span> 



<span inprof='y' id='2' class='location'>700 Boulevard East, Apt-BE
Weehawken, NJ-07086</span>

<span inprof='y' id='3' class='nominal'>JOHN JOSEPH KARUKULATHEL</span>
<span inprof='y' id='4' class='email'>john_joseph@hotmail.com</span>
<span inprof='y' id='5' class='telephone'>Phone: (917) 597-3210</span>


           <span inprof='n' id='6' class='work-hist-mark'>PROFESSIONAL SUMMARY</span>
               *     Excellent exposure to financial concepts and terminology ; 
               *     Ability to work with a team or independently with minimum supervision ; 
               *     Innovative and broad analytical skill base
               *     Conscientious and Hardworking

           AREAS OF INTEREST
           <span inprof='y' id='7' class='skill'>Market Risk Analysis</span>, <span inprof='y' id='8' class='skill'>Foreign Exchange</span>, <span inprof='y' id='9' class='skill'>Emerging Markets</span>, Global <span inprof='y' id='10' class='skill'>Fixed Income</span>
           <span inprof='n' id='11' class='edu-hist-mark'>EDUCATION</span>
           <span inprof='y' id='12_1' class='qualif'>Master of Business Administration (Financial Management</span>)    <span inprof='y' id='12_2' class='date'>May '07</span>

           <span inprof='y' id='13' class='educational'>Pace University</span>, <span inprof='y' id='14' class='location'>New York, NY</span>      <span inprof='y' id='15_1' class='degree-measure'>GPA: 3.72/4.00</span>

           <span inprof='y' id='16_1' class='qualif'>Master of Science in Industrial Relations</span>    <span inprof='y' id='16_2' class='date'>Aug '04</span>

           <span inprof='y' id='17_1' class='educational'>West Virginia University</span>, <span inprof='y' id='17_2' class='location'>Morgantown, WV</span>
           <span inprof='y' id='17_3' class='qualif'>Bachelor of Science in Mechanical Engineering</span>    <span inprof='y' id='17_4' class='date'>Aug '01</span>
           <span inprof='n' id='18' class='educational'>University of Bombay</span>, <span inprof='n' id='19' class='location'>Bombay, India</span>

           TECHNICAL SUMMARY
           OPERATING SYSTEMS: <span inprof='y' id='20' class='sofwr'>MS Office</span> (<span inprof='y' id='21' class='sofwr'>Word</span>, <span inprof='y' id='22' class='sofwr'>Excel</span>, <span inprof='y' id='23' class='sofwr'>Powerpoint</span>, <span inprof='y' id='24' class='sofwr'>Access</span>)
           APPLICATIONS: Yield Book, <span inprof='n' id='25' class='company'>Barclays</span> <span inprof='n' id='26' class='location'>POINT</span>, Eze Castle, PC Bond (TSX <span inprof='n' id='27' class='location'>Canada</span>), Bloomberg
           <span inprof='n' id='28' class='skills-qualif-mark'>LANGUAGES:</span>
SAS   PLATFORMS: <span inprof='y' id='29' class='sofwr'>Unix</span>, <span inprof='y' id='30' class='sofwr'>Linux</span> DATABASES: <span inprof='y' id='31' class='sofwr'>Oracle</span>

           <span inprof='n' id='32' class='work-hist-mark'>PROFESSIONAL EXPERIENCE</span>
           <span inprof='y' id='33_1' class='role'>Sr. Financial Analyst</span>, <span inprof='y' id='34' class='company'>General Motors</span> <span inprof='y' id='35' class='skill'>Asset Management</span>, <span inprof='y' id='36' class='location'>New York, NY</span> <span inprof='y' id='37_1' class='date'>Apr'11</span>-<span inprof='y' id='37_2' class='date'>Present</span>


           <span inprof='y' id='38_1' class='role'>Financial Analyst</span> (<span inprof='n' id='38_2' class='empl-type'>Contract</span>), <span inprof='y' id='39' class='company'>General Motors</span> <span inprof='y' id='40' class='skill'>Asset Management</span>, <span inprof='y' id='41' class='location'>New York, NY</span>      <span inprof='y' id='42_1' class='date'>Jul'07</span>- <span inprof='y' id='42_2' class='date'>Apr'11</span>
    *    Generate and analyze various risk analytical reports measuring portfolio durations, key rates, sector exposures ; 
    *    Producing for management daily sector level breakdown of asset classes for analyzing pension strategies. ; 
    *    Monitoring counterparty exposure by market value of risk weighted assets (RWA) held at <span inprof='y' id='43_1' class='role'>the custodian</span> related to securities lending collateral ; 
    *    Working <span inprof='n' id='44' class='bad-occupation'>with Portfolio Manager</span> on optimization of internally <span inprof='y' id='45' class='skill'>managed fixed income portfolios</span> ; 
    *    Work with Portfolio Managers, traders and auditors to ensure portfolios are regulatory compliant ; 
    *    Present written research and analysis to the management for further discussion and decision-making purposes ; 
    *    Work on <span inprof='y' id='46' class='skill'>periodic scenario analysis</span> gauging portfolio effects based on stochastic <span inprof='y' id='47' class='skill'>market risk</span> factors ; 
    *    Work on quarterly return attribution on a sector level (Governments, Provincials, Corporates) ; 
    *    Build risk-reporting templates/charts in <span inprof='y' id='48' class='sofwr'>EXCEL</span> to facilitate reporting ; 
    *    Prepare and analyze the daily short term and medium term liquidity and line of credit reports ; 
    *    Model FX Forwards and <span inprof='y' id='49' class='skill'>Futures</span> for interest rate hedging ; 
    *    Liaise with various groups in the organization with reference to portfolio accounting, pricing and performance ; 
    *    Daily submission <span inprof='n' id='50' class='bad-occupation'>to the Portfolio Manager</span> market data on Canadian/US curve positioning ; 
    *    Generate annual/semi annual review material to be presented to <span inprof='y' id='51' class='skill'>upper management</span> to monitor <span inprof='y' id='52' class='skill'>portfolio performance</span> ; 
    *    Prepare presentations on an ad-hoc basis for the team to discuss asset class, current market scenarios ; 
    *    Follow up and resolve various day-to-day portfolio issues including data clean up and validating data integrity ; 
    *    Co-ordinate the activities of the securities lending team, overseeing a program approximately <span inprof='n' id='53' class='money'>$ 6 Billion</span> in lendable assets ; 
    *    Producing <span inprof='y' id='54' class='skill'>cash flow</span> projection reporting for the purposes of income harvesting ; 
    *    Work with custodian and client in determining account rebalancing and other requirements
           <span inprof='y' id='55_1_1' class='role'>Summer Associate</span>, <span inprof='y' id='55_2' class='company'>Interventure Capital Group</span>, <span inprof='y' id='55_3' class='location'>New York, NY</span>    <span inprof='y' id='55_4_1' class='date'>May '06</span>- <span inprof='y' id='55_4_2' class='date'>Sept '06</span>
           * Designed <span inprof='y' id='56' class='skill'>Cash Flow</span> models for CIO pertaining to real estate investments in Europe &#38; Asia ; 
           * Analyzed <span inprof='y' id='57' class='skill'>forecasts</span> using various modeling techniques such as DCF &#38; Relative Valuation ; 
           * Analyzed returns of various core, value-added &#38; opportunistic investment strategies ; 
           * Estimated Sharpe ratios and forecasted (graphically) annual returns of Grade A London office spaces ; 
           * Outlined summary of all company investments including Capital Call, Distribution Amounts and the like ; 
           * Forwarded recommendations on various investment proposals on factors like viability, ratios and returns
           <span inprof='y' id='58_1_1' class='role'>Associate</span>, <span inprof='y' id='58_2' class='company'>Jean Martin Inc.</span> <span inprof='y' id='58_3' class='location'>New York, NY</span>    <span inprof='y' id='58_4_1' class='date'>Aug '04</span>-<span inprof='y' id='58_4_2' class='date'>May '05</span>
           * Responsible for collecting/evaluating data required for fixing/confirming pricing strategies ; 
                *    <span inprof='y' id='59' class='skill'>Responsible for the security/maintenance</span> of the company database system in a <span inprof='y' id='60' class='sofwr'>Linux environment</span>
           ACTIVITIES/EXTRA-CURRICULAR
                     <span inprof='y' id='61' class='qualif'>Member of Professional Risk Managers International Association</span> (PRMIA), <span inprof='n' id='62' class='qualif'>Chinese</span> Kung Fu-<span inprof='n' id='63' class='nominal'>Wu Su</span>, Aikido

</TextResume>

</NonXMLResume>



<UserArea>
<DaxResumeUserArea>
<AdditionalPersonalData>
<ExperienceSummary>
<TotalMonthsOfWorkExperience>85</TotalMonthsOfWorkExperience>
<TotalYearsOfWorkExperience>7</TotalYearsOfWorkExperience>
<ExecutiveBrief>John Joseph Karukulathel is a resident of Weehawken, NJ, US. He has been working in the Senior  occupational sector for more than 7 years. Currently he is employed as a Sr. Financial Analyst at General Motors. So far John has not gained any managerial experience.</ExecutiveBrief>
</ExperienceSummary>
</AdditionalPersonalData>
<ParserInfo>
<ParserConfiguration>{max_len=50000} {tel_flag=} {send_zip=} {fast_conv=} {DEF_LOCAL=} {sdate=0} {no_email_body=0} {do_clever_zoning=1} {keep_span=1} {complex=1} {accept_langs=} {not_accept_langs=} {prefer_lang_cv=EN} {pers_only=0} {turbo=0} {split_language=0} {picture=0} {picture_inline=0} {name_space=0} {charset=} {hrxml_upgrade_edu_hist=0}{hrxml_add_languages_section=0}{spool=} {docID=} {user=DEFAULT} </ParserConfiguration>
<ParserRelease>0.12.3.32629</ParserRelease>
<ParserReleaseDate>2014-06-18</ParserReleaseDate>
<ParserSchema>2.0.29</ParserSchema>
<ParserSchemaLocation>http://cvx.daxtra.com/cvts/xsd/candidate/2.0.29/Resume.xsd</ParserSchemaLocation>
<ConverterRelease>0.5.2.32629</ConverterRelease>
<ConverterReleaseDate>2014-06-18</ConverterReleaseDate>
</ParserInfo>
<FileStruct filename='/home/izoom/anazarov/grammar/analysis/3rconnect/doc/100_Resumes-Walsh/John Joseph CV 4.2.2013.docx'>

<attachment fname='John Joseph CV 4.2.2013.docx' ftype='docx' conv='yes' doc_type='cv' lang='EN'>/home/izoom/anazarov/grammar/analysis/3rconnect/doc/100_Resumes-Walsh/John Joseph CV 4.2.2013.docx</attachment>


</FileStruct>
</DaxResumeUserArea>
</UserArea>
</Resume>
