<?xml version='1.0' encoding='ISO-8859-1'?>
<Resume lang='en' src='DAXTRA-CVX schema:2.0.29 release:0.12.3.32629 rdate:2014-06-18'>
<StructuredXMLResume>
<ContactInfo>
<PersonName id='2'>
<FormattedName>Jason Zimmermann</FormattedName>
<GivenName>Jason</GivenName>
<FamilyName>Zimmermann</FamilyName>
<sex>Male</sex>
</PersonName>
<ContactMethod>
<Telephone id='4' type='home'>
<InternationalCountryCode>1</InternationalCountryCode>
<SubscriberNumber>954 608-7050</SubscriberNumber>
<FormattedNumber>+1 954 608-7050</FormattedNumber></Telephone>

<InternetEmailAddress id='5' type='main'>Jasonzcia@gmail.com</InternetEmailAddress>
<PostalAddress id='3' type='main'>
<CountryCode>US</CountryCode>
<PostalCode>10011</PostalCode>
<Region>NY</Region>
<Municipality>New York</Municipality>
<DeliveryAddress>
<AddressLine>180 W. 20th</AddressLine>
<StreetName>W. 20th</StreetName>
<BuildingNumber>180</BuildingNumber>
</DeliveryAddress>

</PostalAddress>
</ContactMethod>
</ContactInfo>
<ExecutiveSummary>Talented and ambitious Analyst and Trader with 5 years of experience as a leader and team player. Thrives in fast pace, high-pressure environments where multi-tasking and perfection is expected.</ExecutiveSummary>


<EmploymentHistory>
<EmployerOrg employerOrgType='soleEmployer'>
<EmployerOrgName id='35_1'>Global Trading Strategies</EmployerOrgName>
<EmployerContactInfo>
<LocationSummary id='35_2'>
<Municipality>Santa Monica</Municipality>
<Region>CA</Region>
<CountryCode>US</CountryCode>
</LocationSummary>
</EmployerContactInfo>
<PositionHistory>
<Title id='35_4_1'>Risk Analyst</Title>
<Title id='35_4_2'>Macro Research Analyst</Title>
<OrgName id='35_1'>Global Trading Strategies</OrgName>



<Description>Portfolio risk analyst whom implements principle protection methodologies through the use of futures , FX, commodity, and credit markets to mitigate portfolio volatility as well as provide alternative asset exposure. This is a direct attempt to capitalize on the inefficiencies that the current market environment provides and significantly reduce portfolio volatility. This is accomplished by designing risk analytic models to hedge out risk using traditional and alternative investment products including but not limited to; commodities, treasuries, currencies, swaps, and LEAPS.</Description>
<StartDate id='35_3_1'><YearMonth>2011-01</YearMonth></StartDate>
<EndDate id='35_3_2'>notApplicable</EndDate>




<JobCategory>
<TaxonomyName>JOBAREA</TaxonomyName>
<CategoryCode>accountancy</CategoryCode>
</JobCategory>


<UserArea>
<DaxPositionHistoryUserArea>
<TLSPAN first_id='35' last_id='42' border_id='43'></TLSPAN>
</DaxPositionHistoryUserArea>
</UserArea>
</PositionHistory>
</EmployerOrg>

<EmployerOrg employerOrgType='soleEmployer'>
<EmployerOrgName id='43_1'>Global Fund Group LLC</EmployerOrgName>
<EmployerContactInfo>
<LocationSummary id='43_2'>
<Municipality>Santa Monica</Municipality>
<Region>CA</Region>
<CountryCode>US</CountryCode>
</LocationSummary>
</EmployerContactInfo>
<PositionHistory positionType='PERMANENT'>
<Title id='45_1'>Global Equity Analyst</Title>
<OrgName id='43_1'>Global Fund Group LLC</OrgName>



<Description>Responsible for compiling Macro Economic and Equity research pieces with specific emphasis on the Materials and Energy sectors as well as Credit markets. Create correlative investment strategies based on macroeconomic and equity fundamentals. Charged with generating equity, market, and alternative asset valuation and assessment reports. Executed and added a technical trading system to the firm through the use of synthetics related to FX and Commodity markets to mitigate portfolio risk. Developed structured financial products for clients with an emphasis on global diversity and principle protection allowing clients to hold more volatile growth portfolios with a guaranteed principal protection mechanism.</Description>
<StartDate id='43_3_1'><YearMonth>2007-05</YearMonth></StartDate>
<EndDate id='43_3_2'><YearMonth>2010-12</YearMonth></EndDate>



<JobLevelInfo>
<JobGrade>joblevel-management-mid</JobGrade>
</JobLevelInfo>

<JobCategory>
<TaxonomyName>JOBAREA</TaxonomyName>
<CategoryCode>banking-finance</CategoryCode>
</JobCategory>


<UserArea>
<DaxPositionHistoryUserArea>
<TLSPAN first_id='43' last_id='52' border_id='53'></TLSPAN>
<MonthsOfWork>44</MonthsOfWork>
</DaxPositionHistoryUserArea>
</UserArea>
</PositionHistory>
</EmployerOrg>

<EmployerOrg employerOrgType='soleEmployer'>
<EmployerOrgName id='53_1'>Landmark Entertainment Inc</EmployerOrgName>
<EmployerContactInfo>
<LocationSummary id='53_2'>
<Municipality>Los Angeles</Municipality>
<Region>CA</Region>
<CountryCode>US</CountryCode>
</LocationSummary>
</EmployerContactInfo>
<PositionHistory>
<Title id='53_4_1'>2007 Finance &#38; Marketing Associate</Title>
<OrgName id='53_1'>Landmark Entertainment Inc</OrgName>



<Description>Researched and composed business plans, financial models and marketing strategies for both domestic and international multi-million dollar themed entertainment projects. Analyzed and recommended projects for acquisition and divestiture using gap, mezzanine, and debt financing models. Charged with overseeing and setting up an international distribution channel for AEIOUniversity, a chain of children's themed entertainment and educational centers in Asia. Navigated various trade barriers and logistical issues to maximize product efficiency and profitability.</Description>
<StartDate id='53_3'><YearMonth>2005-11</YearMonth></StartDate>
<EndDate id='53_3'><YearMonth>2005-11</YearMonth></EndDate>




<JobCategory>
<TaxonomyName>JOBAREA</TaxonomyName>
<CategoryCode>marketing</CategoryCode>
</JobCategory>


<UserArea>
<DaxPositionHistoryUserArea>
<TLSPAN first_id='53' last_id='58' border_id='0'></TLSPAN>
</DaxPositionHistoryUserArea>
</UserArea>
</PositionHistory>
</EmployerOrg>

</EmploymentHistory>
<EducationHistory>
<SchoolOrInstitution schoolType='university'>
<SchoolName id='60_1'>BA Duke University</SchoolName>




<Major id='60_2'>International Political Economics</Major>


<DatesOfAttendance>
<StartDate><AnyDate>notKnown</AnyDate></StartDate>
<EndDate id='60_3'><Year>2005</Year></EndDate>
</DatesOfAttendance>

</SchoolOrInstitution>

<SchoolOrInstitution schoolType='university'>
<SchoolName id='61_1'>BA Duke University</SchoolName>




<Major id='61_2'>Markets and Management</Major>


<DatesOfAttendance>
<StartDate><AnyDate>notKnown</AnyDate></StartDate>
<EndDate id='61_3'><Year>2005</Year></EndDate>
</DatesOfAttendance>

</SchoolOrInstitution>

<SchoolOrInstitution schoolType='college'>








<DatesOfAttendance>
<StartDate id='62_2_1'><Year>2001</Year></StartDate>
<EndDate id='62_2_2'><Year>2005</Year></EndDate>
</DatesOfAttendance>

</SchoolOrInstitution>

</EducationHistory>











<Competency oids='17 20 38 42 51 ' description='Skill' auth='yes' name='Foreign Exchange'>
<CompetencyEvidence name='Extent of Experience' typeDescription='Extent of Experience' type='MONTH' lastUsed='2009'><NumericValue description='MONTH'>24</NumericValue></CompetencyEvidence>

<CompetencyEvidence typeDescription='Alias' name='Alias'><StringValue>FX</StringValue></CompetencyEvidence>

<CompetencyEvidence typeDescription='Alias' name='Alias'><StringValue>currencies</StringValue></CompetencyEvidence>

<CompetencyWeight type='skillLevel'><NumericValue minValue='0' maxValue='100'>100</NumericValue></CompetencyWeight>

<CompetencyWeight type='skillProficiency'><StringValue minValue='BASIC' maxValue='EXCELLENT'>EXCELLENT</StringValue></CompetencyWeight>
</Competency>

<Competency oids='23 24 31 48 49 ' description='Skill' auth='yes' name='Equities'>
<CompetencyEvidence name='Extent of Experience' typeDescription='Extent of Experience' type='MONTH' lastUsed='2010'><NumericValue description='MONTH'>44</NumericValue></CompetencyEvidence>

<CompetencyEvidence typeDescription='Alias' name='Alias'><StringValue>equity</StringValue></CompetencyEvidence>

<CompetencyEvidence typeDescription='Alias' name='Alias'><StringValue>equity fundamentals</StringValue></CompetencyEvidence>

<CompetencyWeight type='skillLevel'><NumericValue minValue='0' maxValue='100'>93</NumericValue></CompetencyWeight>

<CompetencyWeight type='skillProficiency'><StringValue minValue='BASIC' maxValue='EXCELLENT'>EXCELLENT</StringValue></CompetencyWeight>
</Competency>

<Competency oids='19 39 41 52 ' description='Skill' auth='yes' name='Commodities'>
<CompetencyEvidence name='Extent of Experience' typeDescription='Extent of Experience' type='MONTH' lastUsed='2009'><NumericValue description='MONTH'>24</NumericValue></CompetencyEvidence>

<CompetencyEvidence typeDescription='Alias' name='Alias'><StringValue>Commodity</StringValue></CompetencyEvidence>

<CompetencyWeight type='skillLevel'><NumericValue minValue='0' maxValue='100'>99</NumericValue></CompetencyWeight>

<CompetencyWeight type='skillProficiency'><StringValue minValue='BASIC' maxValue='EXCELLENT'>EXCELLENT</StringValue></CompetencyWeight>
</Competency>

<Competency oids='30 32 ' description='Skill' auth='yes' name='Taxation'>
<CompetencyEvidence typeDescription='Alias' name='Alias'><StringValue>tax</StringValue></CompetencyEvidence>

<CompetencyWeight type='skillLevel'><NumericValue minValue='0' maxValue='100'>13</NumericValue></CompetencyWeight>
</Competency>

<Competency oids='11 50 ' description='Skill' auth='no' name='Asset Valuation'>
<CompetencyEvidence name='Extent of Experience' typeDescription='Extent of Experience' type='MONTH' lastUsed='2010'><NumericValue description='MONTH'>44</NumericValue></CompetencyEvidence>

<CompetencyWeight type='skillLevel'><NumericValue minValue='0' maxValue='100'>91</NumericValue></CompetencyWeight>

<CompetencyWeight type='skillProficiency'><StringValue minValue='BASIC' maxValue='EXCELLENT'>EXCELLENT</StringValue></CompetencyWeight>
</Competency>

<Competency oids='25 ' description='Skill' auth='no' name='technical and fundamental analysis'>
<CompetencyWeight type='skillLevel'><NumericValue minValue='0' maxValue='100'>13</NumericValue></CompetencyWeight>
</Competency>

<Competency oids='9 ' description='Skill' auth='no' name='team player'>
<CompetencyWeight type='skillLevel'><NumericValue minValue='0' maxValue='100'>13</NumericValue></CompetencyWeight>
</Competency>

<Competency oids='16 ' description='Skill' auth='no' name='Statistical Analysis'>
<CompetencyWeight type='skillLevel'><NumericValue minValue='0' maxValue='100'>13</NumericValue></CompetencyWeight>
</Competency>

<Competency oids='13 ' description='Skill' auth='yes' name='Risk Management'>
<CompetencyWeight type='skillLevel'><NumericValue minValue='0' maxValue='100'>13</NumericValue></CompetencyWeight>
</Competency>

<Competency oids='46 ' description='Skill' auth='no' name='Responsible for compiling Macro Economic'>
<CompetencyEvidence name='Extent of Experience' typeDescription='Extent of Experience' type='MONTH' lastUsed='2010'><NumericValue description='MONTH'>44</NumericValue></CompetencyEvidence>

<CompetencyWeight type='skillLevel'><NumericValue minValue='0' maxValue='100'>94</NumericValue></CompetencyWeight>

<CompetencyWeight type='skillProficiency'><StringValue minValue='BASIC' maxValue='EXCELLENT'>EXCELLENT</StringValue></CompetencyWeight>
</Competency>

<Competency oids='14 ' description='Skill' auth='no' name='Regression Analysis'>
<CompetencyWeight type='skillLevel'><NumericValue minValue='0' maxValue='100'>13</NumericValue></CompetencyWeight>
</Competency>

<Competency oids='15 ' description='Skill' auth='yes' name='Reconciliations'>
<CompetencyEvidence typeDescription='Alias' name='Alias'><StringValue>Reconciliation</StringValue></CompetencyEvidence>

<CompetencyWeight type='skillLevel'><NumericValue minValue='0' maxValue='100'>13</NumericValue></CompetencyWeight>
</Competency>

<Competency oids='66 ' description='Skill > IT' auth='yes' name='Microsoft PowerPoint'>
<CompetencyEvidence typeDescription='Alias' name='Alias'><StringValue>PowerPoint</StringValue></CompetencyEvidence>

<CompetencyWeight type='skillLevel'><NumericValue minValue='0' maxValue='100'>13</NumericValue></CompetencyWeight>
</Competency>

<Competency oids='65 ' description='Skill > IT' auth='yes' name='Microsoft Excel'>
<CompetencyEvidence typeDescription='Alias' name='Alias'><StringValue>Excel</StringValue></CompetencyEvidence>

<CompetencyWeight type='skillLevel'><NumericValue minValue='0' maxValue='100'>13</NumericValue></CompetencyWeight>
</Competency>

<Competency oids='21 ' description='Skill' auth='yes' name='Mezzanine Financing'>
<CompetencyEvidence typeDescription='Alias' name='Alias'><StringValue>Debt/Mezzanine Financing</StringValue></CompetencyEvidence>

<CompetencyWeight type='skillLevel'><NumericValue minValue='0' maxValue='100'>13</NumericValue></CompetencyWeight>
</Competency>

<Competency oids='55 ' description='Skill' auth='yes' name='Marketing'>
<CompetencyEvidence typeDescription='Alias' name='Alias'><StringValue>marketing strategies</StringValue></CompetencyEvidence>

<CompetencyWeight type='skillLevel'><NumericValue minValue='0' maxValue='100'>49</NumericValue></CompetencyWeight>

<CompetencyWeight type='skillProficiency'><StringValue minValue='BASIC' maxValue='EXCELLENT'>WORKING</StringValue></CompetencyWeight>
</Competency>

<Competency oids='56 ' description='Skill' auth='yes' name='International Distribution'>
<CompetencyWeight type='skillLevel'><NumericValue minValue='0' maxValue='100'>48</NumericValue></CompetencyWeight>

<CompetencyWeight type='skillProficiency'><StringValue minValue='BASIC' maxValue='EXCELLENT'>WORKING</StringValue></CompetencyWeight>
</Competency>

<Competency oids='37 ' description='Skill' auth='yes' name='Futures Operations'>


<CompetencyEvidence typeDescription='Alias' name='Alias'><StringValue>futures</StringValue></CompetencyEvidence>

<CompetencyWeight type='skillLevel'><NumericValue minValue='0' maxValue='100'>96</NumericValue></CompetencyWeight>

<CompetencyWeight type='skillProficiency'><StringValue minValue='BASIC' maxValue='EXCELLENT'>EXCELLENT</StringValue></CompetencyWeight>
</Competency>

<Competency oids='54 ' description='Skill' auth='yes' name='Financial Modelling'>
<CompetencyEvidence typeDescription='Alias' name='Alias'><StringValue>financial models</StringValue></CompetencyEvidence>

<CompetencyWeight type='skillLevel'><NumericValue minValue='0' maxValue='100'>50</NumericValue></CompetencyWeight>

<CompetencyWeight type='skillProficiency'><StringValue minValue='BASIC' maxValue='EXCELLENT'>WORKING</StringValue></CompetencyWeight>
</Competency>

<Competency oids='22 ' description='Skill' auth='yes' name='Financial Marketing'>
<CompetencyWeight type='skillLevel'><NumericValue minValue='0' maxValue='100'>13</NumericValue></CompetencyWeight>
</Competency>

<Competency oids='47 ' description='Skill' auth='yes' name='Equity Analysis'>
<CompetencyEvidence name='Extent of Experience' typeDescription='Extent of Experience' type='MONTH' lastUsed='2010'><NumericValue description='MONTH'>44</NumericValue></CompetencyEvidence>

<CompetencyEvidence typeDescription='Alias' name='Alias'><StringValue>Equity research</StringValue></CompetencyEvidence>

<CompetencyWeight type='skillLevel'><NumericValue minValue='0' maxValue='100'>93</NumericValue></CompetencyWeight>

<CompetencyWeight type='skillProficiency'><StringValue minValue='BASIC' maxValue='EXCELLENT'>EXCELLENT</StringValue></CompetencyWeight>
</Competency>

<Competency oids='18 ' description='Skill' auth='yes' name='Commodity Trading'>
<CompetencyWeight type='skillLevel'><NumericValue minValue='0' maxValue='100'>13</NumericValue></CompetencyWeight>
</Competency>

<Competency oids='12 ' description='Skill' auth='yes' name='Asset Allocation'>
<CompetencyWeight type='skillLevel'><NumericValue minValue='0' maxValue='100'>13</NumericValue></CompetencyWeight>
</Competency>

<Competency oids='40 ' description='Skill' auth='yes' name='Alternative Investments'>


<CompetencyEvidence typeDescription='Alias' name='Alias'><StringValue>alternative investment products</StringValue></CompetencyEvidence>

<CompetencyWeight type='skillLevel'><NumericValue minValue='0' maxValue='100'>93</NumericValue></CompetencyWeight>

<CompetencyWeight type='skillProficiency'><StringValue minValue='BASIC' maxValue='EXCELLENT'>EXCELLENT</StringValue></CompetencyWeight>
</Competency>

<Competency oids='7_2 ' description='Held Position' auth='no' name='Trader'>
<CompetencyWeight type='skillLevel'><NumericValue minValue='0' maxValue='100'>13</NumericValue></CompetencyWeight>
</Competency>

<Competency oids='35_4_1 ' description='Held Position' auth='no' name='Risk Analyst'>


<CompetencyWeight type='skillLevel'><NumericValue minValue='0' maxValue='100'>96</NumericValue></CompetencyWeight>

<CompetencyWeight type='skillProficiency'><StringValue minValue='BASIC' maxValue='EXCELLENT'>EXCELLENT</StringValue></CompetencyWeight>
</Competency>

<Competency oids='36_1 ' description='Held Position' auth='no' name='Portfolio risk analyst'>


<CompetencyWeight type='skillLevel'><NumericValue minValue='0' maxValue='100'>94</NumericValue></CompetencyWeight>

<CompetencyWeight type='skillProficiency'><StringValue minValue='BASIC' maxValue='EXCELLENT'>EXCELLENT</StringValue></CompetencyWeight>
</Competency>

<Competency oids='35_4_2 ' description='Held Position' auth='no' name='Macro Research Analyst'>


<CompetencyWeight type='skillLevel'><NumericValue minValue='0' maxValue='100'>96</NumericValue></CompetencyWeight>

<CompetencyWeight type='skillProficiency'><StringValue minValue='BASIC' maxValue='EXCELLENT'>EXCELLENT</StringValue></CompetencyWeight>
</Competency>

<Competency oids='45_1 ' description='Held Position' auth='no' name='Global Equity Analyst'>
<CompetencyEvidence name='Extent of Experience' typeDescription='Extent of Experience' type='MONTH' lastUsed='2010'><NumericValue description='MONTH'>44</NumericValue></CompetencyEvidence>

<CompetencyWeight type='skillLevel'><NumericValue minValue='0' maxValue='100'>94</NumericValue></CompetencyWeight>

<CompetencyWeight type='skillProficiency'><StringValue minValue='BASIC' maxValue='EXCELLENT'>EXCELLENT</StringValue></CompetencyWeight>
</Competency>

<Competency oids='7_1 ' description='Held Position' auth='no' name='Analyst'>
<CompetencyWeight type='skillLevel'><NumericValue minValue='0' maxValue='100'>13</NumericValue></CompetencyWeight>
</Competency>

<Competency oids='53_4_1 ' description='Held Position' auth='no' name='2007 Finance &#38; Marketing Associate'>
<CompetencyEvidence typeDescription='Alias' name='Alias'><StringValue>2007 Finance &#38; Marketing Associate</StringValue></CompetencyEvidence>

<CompetencyWeight type='skillLevel'><NumericValue minValue='0' maxValue='100'>50</NumericValue></CompetencyWeight>

<CompetencyWeight type='skillProficiency'><StringValue minValue='BASIC' maxValue='EXCELLENT'>WORKING</StringValue></CompetencyWeight>
</Competency>

<Competency oids='61_2 ' description='Degree/Qualification' auth='yes' name='Markets and Management'>
<CompetencyEvidence name='Application' typeDescription='Application' type='Markets and Management'><StringValue>Markets and Management</StringValue></CompetencyEvidence>

<CompetencyWeight type='skillLevel'><NumericValue minValue='0' maxValue='100'>12</NumericValue></CompetencyWeight>
</Competency>

<Competency oids='60_2 ' description='Degree/Qualification' auth='yes' name='International Political Economics'>
<CompetencyEvidence name='Application' typeDescription='Application' type='International Political Economics'><StringValue>International Political Economics</StringValue></CompetencyEvidence>

<CompetencyWeight type='skillLevel'><NumericValue minValue='0' maxValue='100'>12</NumericValue></CompetencyWeight>
</Competency>

<Competency description='Industry' auth='yes' name='industry~accountancy'>
<CompetencyEvidence name='skillCount' typeDescription='skillCount'><NumericValue>1</NumericValue></CompetencyEvidence>

<CompetencyWeight type='skillLevel'><NumericValue minValue='0' maxValue='100'>100</NumericValue></CompetencyWeight>
</Competency>























<RevisionDate id='1'>2009-04-22</RevisionDate>
</StructuredXMLResume>
<NonXMLResume>

<TextResume>



<span inprof='n' id='1' class='date'>{{DOCUMENT_DATESTAMP}} 2009-4-22 {{END_DOCUMENT_DATESTAMP}}</span>


<span inprof='y' id='2' class='nominal'>Jason Zimmermann</span>
<span inprof='y' id='3' class='location'>180 W. 20th
New York, NY 10011</span>
<span inprof='y' id='4' class='telephone'>(954) 608-7050</span>
<span inprof='y' id='5' class='email'>Jasonzcia@gmail.com</span>


<span inprof='n' id='6' class='objectives-mark'>Summary:</span> Talented and ambitious <span inprof='y' id='7_1' class='role'>Analyst</span> and <span inprof='y' id='7_2' class='role'>Trader</span> with <span inprof='n' id='8' class='duration'>5 years</span> of experience as a leader and <span inprof='y' id='9' class='skill'>team player</span>. Thrives in fast pace, high-pressure environments where multi-tasking and perfection is expected.

<span inprof='n' id='10' class='skills-qualif-mark'>Key Areas of Expertise</span>


<span inprof='y' id='11' class='skill'>Asset Valuation</span>                                             Economics                                                                 Finance
*  CROIC ;                                                  *  International Economic Trade Organizations practices and law ;         *  <span inprof='y' id='12' class='skill'>Asset allocation</span> and <span inprof='y' id='13' class='skill'>risk management</span>. ; 
*  WACC ;                                                   *  <span inprof='y' id='14' class='skill'>Regression Analysis</span> ;                                                  *  Trading and <span inprof='y' id='15' class='skill'>Reconciliation</span> ; 
*  DCF/FCF ;                                                *  <span inprof='y' id='16' class='skill'>Statistical Analysis</span>  ;                                                *  <span inprof='y' id='17' class='skill'>FX</span> &#38; <span inprof='y' id='18' class='skill'>Commodity trading</span> and execution ; 
*  <span inprof='y' id='19' class='skill'>Commodity</span> and <span inprof='y' id='20' class='skill'>FX</span> sensitivity models ;                    *  Game Theory ;                                                          *  <span inprof='y' id='21' class='skill'>Debt/Mezzanine Financing</span> ; 
*  Intangible and Intellectual Property Valuation ;         *  Asian/Latin American Economic Integration Policies ;                   *  Client Servicing ; 
*  DDM                                                                                                                                *  <span inprof='y' id='22' class='skill'>Financial Marketing</span>



Accolades and Accomplishments

       Designed a new <span inprof='y' id='23' class='skill'>equity</span> valuation model which reflects a multi-variable algorithm that isolates and identifies the strongest correlative externalities, be they qualitative or quantitative, to predict <span inprof='y' id='24' class='skill'>equity</span> and or market performance with respect to market volatility. This results in isolating and identifying a firm's long-term sustainable drivers as well as a probability and severity of future headwinds.

       Co-developed a loss mitigation portfolio allocation strategy based on both <span inprof='y' id='25' class='skill'>technical and fundamental analysis</span>. This strategy was implemented on our two global growth portfolios. The first, our hedged portfolio, which when back tested, yielded a return of <span inprof='n' id='26' class='percent'>87%</span> since inception compared to a <span inprof='n' id='27' class='percent'>23%</span> return had we used an equal weighted strategy. The second, our long only portfolio yielded a return of <span inprof='n' id='28' class='percent'>118%</span> compared to the S&#38;P return of -<span inprof='n' id='29' class='percent'>6%</span>.

       Constructed an entertainment leveraged finance and <span inprof='y' id='30' class='skill'>tax</span> credit model. This model alleviated the need for traditional <span inprof='y' id='31' class='skill'>equity</span> and loosened loan requirements to green light entertainment projects by cross-collateralizing loan and debt obligations by providing <span inprof='y' id='32' class='skill'>tax</span> credit and foreign distribution rights to lenders as a form of collateral resulting in an overall decrease in the firms gross exposure by <span inprof='n' id='33' class='percent'>60%</span>.


<span inprof='n' id='34' class='work-hist-mark'>Employment History</span>


<span inprof='y' id='35_1' class='company'>Global Trading Strategies</span> - <span inprof='y' id='35_2' class='location'>Santa Monica, California</span>          <span inprof='y' id='35_3_1' class='date'>January 2011</span>-<span inprof='y' id='35_3_2' class='date'>Present</span>
<span inprof='y' id='35_4_1' class='role'>Risk Analyst</span>/ <span inprof='y' id='35_4_2' class='role'>Macro Research Analyst</span>
                                                              <span inprof='y' id='36_1' class='role'>Portfolio risk analyst</span> whom implements principle protection methodologies through the use of <span inprof='y' id='37' class='skill'>futures</span> , <span inprof='y' id='38' class='skill'>FX</span>, <span inprof='y' id='39' class='skill'>commodity</span>, and credit markets to mitigate portfolio volatility as well as provide alternative asset exposure. This is a direct attempt to capitalize on the inefficiencies that the current market environment provides and significantly reduce portfolio volatility. This is accomplished by designing risk analytic models to hedge out risk using traditional and <span inprof='y' id='40' class='skill'>alternative investment products</span> including but not limited to; <span inprof='y' id='41' class='skill'>commodities</span>, treasuries, <span inprof='y' id='42' class='skill'>currencies</span>, swaps, and LEAPS.


<span inprof='y' id='43_1' class='company'>Global Fund Group LLC</span>- <span inprof='y' id='43_2' class='location'>Santa Monica, California</span>          <span inprof='y' id='43_3_1' class='date'>May 2007</span>-<span inprof='y' id='43_3_2' class='date'>Dec 2010</span>
<span inprof='n' id='44' class='internet-web-address'>www.globalfundgroupllc.com</span>

<span inprof='y' id='45_1' class='role'>Global Equity Analyst</span>/
       <span inprof='y' id='46' class='skill'>Responsible for compiling Macro Economic</span> and <span inprof='y' id='47' class='skill'>Equity research</span> pieces with specific emphasis on the Materials and Energy sectors as well as Credit markets. Create correlative investment strategies based on macroeconomic and <span inprof='y' id='48' class='skill'>equity fundamentals</span>. Charged with generating <span inprof='y' id='49' class='skill'>equity</span>, market, and alternative <span inprof='y' id='50' class='skill'>asset valuation</span> and assessment reports. Executed and added a technical trading system to the firm through the use of synthetics related to <span inprof='y' id='51' class='skill'>FX</span> and <span inprof='y' id='52' class='skill'>Commodity</span> markets to mitigate portfolio risk. Developed structured financial products for clients with an emphasis on global diversity and principle protection allowing clients to hold more volatile growth portfolios with a guaranteed principal protection mechanism.

<span inprof='y' id='53_1' class='company'>Landmark Entertainment Inc</span>- <span inprof='y' id='53_2' class='location'>Los Angeles, California</span>          <span inprof='y' id='53_3' class='date'>November 2005</span>-<span inprof='y' id='53_4_1' class='role'>2007
Finance &#38; Marketing Associate</span>
                                                             Researched and composed business plans, <span inprof='y' id='54' class='skill'>financial models</span> and <span inprof='y' id='55' class='skill'>marketing strategies</span> for both domestic and international multi-million dollar themed entertainment projects. Analyzed and recommended projects for acquisition and divestiture using gap, mezzanine, and debt financing models. Charged with overseeing and setting up an <span inprof='y' id='56' class='skill'>international distribution</span> channel for <span inprof='n' id='57' class='company'>AEIOUniversity, a chain of children's</span> themed entertainment and educational centers in <span inprof='n' id='58' class='location'>Asia</span>. Navigated various trade barriers and logistical issues to maximize product efficiency and profitability.


<span inprof='n' id='59' class='edu-hist-mark'>Education</span>
*  <span inprof='y' id='60_1' class='educational'>BA Duke University</span>, <span inprof='y' id='60_2' class='qualif'>International Political Economics</span> (<span inprof='y' id='60_3' class='date'>2005) ;</span> 
*  <span inprof='y' id='61_1' class='educational'>BA Duke University</span>, <span inprof='y' id='61_2' class='qualif'>Markets and Management</span> (<span inprof='y' id='61_3' class='date'>2005) ;</span> 
*  <span inprof='n' id='62_1' class='company'>Duke Men's Tennis Team</span> <span inprof='y' id='62_2_1' class='date'>2001</span>-<span inprof='y' id='62_2_2' class='date'>2005</span>

*  NCAA Doubles Champion <span inprof='n' id='63' class='date'>2003</span>

*  NCAA All American and All ACC <span inprof='n' id='64' class='date-range'>2003-2004</span>

*  Former ATP Touring Professional
Software Expertise
*  Bloomberg
*  Capital IQ
*  Thompson
*  Fact Set
*  <span inprof='y' id='65' class='sofwr'>Excel</span>
*  <span inprof='y' id='66' class='sofwr'>PowerPoint</span>

</TextResume>

</NonXMLResume>



<UserArea>
<DaxResumeUserArea>
<AdditionalPersonalData>
<ExperienceSummary>
<TotalMonthsOfWorkExperience>24</TotalMonthsOfWorkExperience>
<TotalYearsOfWorkExperience>2</TotalYearsOfWorkExperience>
<TotalMonthsOfManagementWorkExperience>44</TotalMonthsOfManagementWorkExperience>
<TotalYearsOfManagementWorkExperience>3.6</TotalYearsOfManagementWorkExperience>
<TotalMonthsOfMidLevelManagementWorkExperience>44</TotalMonthsOfMidLevelManagementWorkExperience>
<TotalYearsOfMidLevelManagementWorkExperience>3.6</TotalYearsOfMidLevelManagementWorkExperience>
<ExecutiveBrief>Jason Zimmermann is a resident of New York, NY, US. He has been working in the Accountancy  occupational sector for more than 2 years. Currently he is employed as a Risk Analyst/Macro Research Analyst at Global Trading Strategies. Jason has an extensive management experience (3.6 years) with exposure to executive/middle management positions.</ExecutiveBrief>
<ManagementRecord>Since 2007-05 for 44 months the candidate had experience at a executive/middle management level working as a Global Equity Analyst/Macro Research Analyst at Global Fund Group LLC.
</ManagementRecord>
</ExperienceSummary>
</AdditionalPersonalData>
<ParserInfo>
<ParserConfiguration>{max_len=50000} {tel_flag=} {send_zip=} {fast_conv=} {DEF_LOCAL=} {sdate=0} {no_email_body=0} {do_clever_zoning=1} {keep_span=1} {complex=1} {accept_langs=} {not_accept_langs=} {prefer_lang_cv=EN} {pers_only=0} {turbo=0} {split_language=0} {picture=0} {picture_inline=0} {name_space=0} {charset=} {hrxml_upgrade_edu_hist=0}{hrxml_add_languages_section=0}{spool=} {docID=} {user=DEFAULT} </ParserConfiguration>
<ParserRelease>0.12.3.32629</ParserRelease>
<ParserReleaseDate>2014-06-18</ParserReleaseDate>
<ParserSchema>2.0.29</ParserSchema>
<ParserSchemaLocation>http://cvx.daxtra.com/cvts/xsd/candidate/2.0.29/Resume.xsd</ParserSchemaLocation>
<ConverterRelease>0.5.2.32629</ConverterRelease>
<ConverterReleaseDate>2014-06-18</ConverterReleaseDate>
</ParserInfo>
<FileStruct filename='/home/izoom/anazarov/grammar/analysis/3rconnect/doc/100_Resumes-Walsh/JZimmermann.doc'>

<attachment fname='JZimmermann.doc' ftype='doc' conv='yes' doc_type='cv' lang='EN'>/home/izoom/anazarov/grammar/analysis/3rconnect/doc/100_Resumes-Walsh/JZimmermann.doc</attachment>


</FileStruct>
</DaxResumeUserArea>
</UserArea>
</Resume>
