<?xml version='1.0' encoding='ISO-8859-1'?>
<Resume lang='en' src='DAXTRA-CVX schema:2.0.29 release:0.12.3.32629 rdate:2014-06-18'>
<StructuredXMLResume>
<ContactInfo>
<PersonName id='2'>
<FormattedName>Ahmed Kebe</FormattedName>
<GivenName>Ahmed</GivenName>
<FamilyName>Kebe</FamilyName>
<sex>Male</sex>
</PersonName>
<ContactMethod>
<Telephone id='4' type='home'>
<InternationalCountryCode>1</InternationalCountryCode>
<SubscriberNumber>347 596-9968</SubscriberNumber>
<FormattedNumber>+1 347 596-9968</FormattedNumber></Telephone>

<InternetEmailAddress id='5' type='main'>Kebe.Ahmed@yahoo.com</InternetEmailAddress>
<PostalAddress id='3' type='main'>
<CountryCode>US</CountryCode>
<PostalCode>11225</PostalCode>
<Region>NY</Region>
<Municipality>Brooklyn</Municipality>

</PostalAddress>
</ContactMethod>
</ContactInfo>


<EmploymentHistory>
<EmployerOrg employerOrgType='soleEmployer'>
<EmployerOrgName id='16_1'>Sovereign Bank</EmployerOrgName>
<EmployerContactInfo>
<LocationSummary id='16_3'>
<Municipality>Brooklyn</Municipality>
<Region>NY</Region>
<CountryCode>US</CountryCode>
</LocationSummary>
</EmployerContactInfo>
<PositionHistory positionType='PERMANENT'>
<Title id='16_5_1'>Commercial Loans Operations Specialist</Title>
<OrgName id='16_2'>Santander</OrgName>



<Description>*    Board and edit multifamily and commercial loans on loan system and other supporting systems ; 
*    Maintain new and renewed loan files. Perform variety of clerical duties requiring knowledge of departmental procedures. Ensure that loan files contain documents with proper signature, date and other relevant data. ; 
*    Build and strengthen customer relationships by consistently providing prompt, accurate and distinctive customer service to all internal and external customers. ; 
*    Collaborate with team members to support of workload changes, training needs, and departmental changes ; 
*    Correctly process between $2 million to $4 million monthly mortgage payments daily</Description>
<StartDate id='16_4_1'><YearMonth>2011-07</YearMonth></StartDate>
<EndDate id='16_4_2'><YearMonth>2013-01</YearMonth></EndDate>




<JobCategory>
<TaxonomyName>JOBAREA</TaxonomyName>
<CategoryCode>hr</CategoryCode>
</JobCategory>


<UserArea>
<DaxPositionHistoryUserArea>
<TLSPAN first_id='16' last_id='18' border_id='19'></TLSPAN>
<MonthsOfWork>19</MonthsOfWork>
</DaxPositionHistoryUserArea>
</UserArea>
</PositionHistory>
</EmployerOrg>

<EmployerOrg employerOrgType='soleEmployer'>
<EmployerOrgName id='19_1'>UBS FINANCIAL SERVICES</EmployerOrgName>
<EmployerContactInfo>
<LocationSummary id='19_2'>
<Municipality>New York</Municipality>
<Region>NY</Region>
<CountryCode>US</CountryCode>
</LocationSummary>
</EmployerContactInfo>
<PositionHistory positionType='Intern'>
<Title id='19_4_1'>Assistant Financial Advisor</Title>
<OrgName id='19_1'>UBS FINANCIAL SERVICES</OrgName>



<Description>*    Developed weekly financial performance reports tailored to each individual client ; 
*    Made cold calls to obtain new prospective business clients for Financial Advisors ; 
*    Answered telephones, faxed, made copies and mailed packages and letters ; 
*    Updated client information on UBS's database system

VOLUNTEER SERVICES</Description>
<StartDate id='19_3_1'><YearMonth>2010-01</YearMonth></StartDate>
<EndDate id='19_3_2'><YearMonth>2010-05</YearMonth></EndDate>



<JobLevelInfo>
<JobGrade>joblevel-nonmanager-low</JobGrade>
</JobLevelInfo>

<JobCategory>
<TaxonomyName>JOBAREA</TaxonomyName>
<CategoryCode>accountancy</CategoryCode>
</JobCategory>


<UserArea>
<DaxPositionHistoryUserArea>
<TLSPAN first_id='19' last_id='21' border_id='22'></TLSPAN>
<MonthsOfWork>5</MonthsOfWork>
</DaxPositionHistoryUserArea>
</UserArea>
</PositionHistory>
</EmployerOrg>

<EmployerOrg employerOrgType='soleEmployer'>
<EmployerOrgName id='22_1'>THERE IS NO LIMIT FOUNDATION</EmployerOrgName>
<EmployerContactInfo>
<LocationSummary id='22_2'>
<Municipality>New York</Municipality>
<Region>NY</Region>
<CountryCode>US</CountryCode>
</LocationSummary>
</EmployerContactInfo>
<PositionHistory positionType='PERMANENT'>
<Title id='22_4_1'>Finance and Fundraising Volunteer</Title>
<OrgName id='22_1'>THERE IS NO LIMIT FOUNDATION</OrgName>



<Description>*    Produce monthly and quarterly reporting to agency's Board of Directors ; 
*    Work closely with senior management to implement and maintain fiscal plans for projects and agency objectives ; 
*    Research and contact donors and sponsors, generating $5000 in donations ; 
*    Review funding requirements, sub grants, and other financial commitments</Description>
<StartDate id='22_3_1'><YearMonth>2008-06</YearMonth></StartDate>
<EndDate id='22_3_2'>notApplicable</EndDate>




<JobCategory>
<TaxonomyName>JOBAREA</TaxonomyName>
<CategoryCode>banking-finance</CategoryCode>
</JobCategory>


<UserArea>
<DaxPositionHistoryUserArea>
<TLSPAN first_id='22' last_id='25' border_id='26'></TLSPAN>
<MonthsOfWork>59</MonthsOfWork>
</DaxPositionHistoryUserArea>
</UserArea>
</PositionHistory>
</EmployerOrg>

<EmployerOrg employerOrgType='soleEmployer'>
<EmployerOrgName id='26_1'>PACE UNIVERSITY UPWARDBOUND PROGRAM</EmployerOrgName>
<EmployerContactInfo>
<LocationSummary id='26_2'>
<Municipality>New York</Municipality>
<Region>NY</Region>
<CountryCode>US</CountryCode>
</LocationSummary>
</EmployerContactInfo>
<PositionHistory positionType='PERMANENT'>
<Title id='26_4_1'>Program Instructor</Title>
<Title id='26_4_2'>Mentor</Title>
<OrgName id='26_1'>PACE UNIVERSITY UPWARDBOUND PROGRAM</OrgName>



<Description>*    Advise students on academic, career and personal issues; assist student in establishing realistic and attainable academic and career goals ; 
*    Assist students with college admission and registration/provide guidance in course selection in keeping with the student's interests, values and abilities; help students with college and financial aid applications

ADDITIONAL INFORMATION</Description>
<StartDate id='26_3_1'><YearMonth>2006-06</YearMonth></StartDate>
<EndDate id='26_3_2'>notApplicable</EndDate>




<JobCategory>
<TaxonomyName>JOBAREA</TaxonomyName>
<CategoryCode>edu</CategoryCode>
</JobCategory>


<UserArea>
<DaxPositionHistoryUserArea>
<TLSPAN first_id='26' last_id='29' border_id='0'></TLSPAN>
<MonthsOfWork>83</MonthsOfWork>
</DaxPositionHistoryUserArea>
</UserArea>
</PositionHistory>
</EmployerOrg>

</EmploymentHistory>
<EducationHistory>
<SchoolOrInstitution schoolType='college'>
<SchoolName id='7'>Brooklyn College</SchoolName>
<LocationSummary id='8'>
<Municipality>Brooklyn</Municipality>
<Region>NY</Region>
<CountryCode>US</CountryCode>
</LocationSummary>


<Degree degreeType='masters'>
<DegreeName id='9_1'>Master of Science</DegreeName>
<DegreeDate id='9_2'><YearMonth>2014-06</YearMonth></DegreeDate>
</Degree>
<Major id='9_1'>Business Economics</Major>



<Comments>Concentration in Global Business and Finance    Current GPA: 4.0/4.0</Comments>
</SchoolOrInstitution>

<SchoolOrInstitution schoolType='college'>
<SchoolName id='11'>Baruch College</SchoolName>
<LocationSummary id='12'>
<Municipality>New York</Municipality>
<Region>NY</Region>
<CountryCode>US</CountryCode>
</LocationSummary>


<Degree degreeType='bachelors'>
<DegreeName id='13_1'>Bachelor of Business Administration</DegreeName>
<DegreeDate id='13_2_2'><YearMonth>2010-07</YearMonth></DegreeDate>
</Degree>
<Major id='14_1_2'>Finance</Major>


<DatesOfAttendance>
<StartDate id='13_2_1'><YearMonth>2006-08</YearMonth></StartDate>
<EndDate id='13_2_2'><YearMonth>2010-07</YearMonth></EndDate>
</DatesOfAttendance>
<Comments>Bachelors of Business Administration                              Major: Finance and Investments</Comments>
</SchoolOrInstitution>

</EducationHistory>











<Competency oids='28 ' description='Skill' auth='no' name='course selection'>
<CompetencyEvidence name='Extent of Experience' typeDescription='Extent of Experience' type='MONTH' lastUsed='2013'><NumericValue description='MONTH'>83</NumericValue></CompetencyEvidence>

<CompetencyWeight type='skillLevel'><NumericValue minValue='0' maxValue='100'>100</NumericValue></CompetencyWeight>

<CompetencyWeight type='skillProficiency'><StringValue minValue='BASIC' maxValue='EXCELLENT'>EXCELLENT</StringValue></CompetencyWeight>
</Competency>

<Competency oids='40 ' description='Skill > Language' auth='yes' name='Spanish'>
<CompetencyWeight type='skillLevel'><NumericValue minValue='0' maxValue='100'>48</NumericValue></CompetencyWeight>

<CompetencyWeight type='skillProficiency'><StringValue minValue='BASIC' maxValue='EXCELLENT'>INTERMEDIATE</StringValue></CompetencyWeight>
</Competency>

<Competency oids='32 ' description='Skill > IT' auth='yes' name='Microsoft Word'>
<CompetencyEvidence typeDescription='Alias' name='Alias'><StringValue>Proficient with Microsoft Word</StringValue></CompetencyEvidence>

<CompetencyWeight type='skillLevel'><NumericValue minValue='0' maxValue='100'>84</NumericValue></CompetencyWeight>

<CompetencyWeight type='skillProficiency'><StringValue minValue='BASIC' maxValue='EXCELLENT'>EXCELLENT</StringValue></CompetencyWeight>
</Competency>

<Competency oids='37 ' description='Skill > IT' auth='yes' name='Microsoft Publisher'>
<CompetencyEvidence typeDescription='Alias' name='Alias'><StringValue>Publisher</StringValue></CompetencyEvidence>

<CompetencyWeight type='skillLevel'><NumericValue minValue='0' maxValue='100'>84</NumericValue></CompetencyWeight>

<CompetencyWeight type='skillProficiency'><StringValue minValue='BASIC' maxValue='EXCELLENT'>EXCELLENT</StringValue></CompetencyWeight>
</Competency>

<Competency oids='35 ' description='Skill > IT' auth='yes' name='Microsoft PowerPoint'>
<CompetencyEvidence typeDescription='Alias' name='Alias'><StringValue>PowerPoint</StringValue></CompetencyEvidence>

<CompetencyWeight type='skillLevel'><NumericValue minValue='0' maxValue='100'>84</NumericValue></CompetencyWeight>

<CompetencyWeight type='skillProficiency'><StringValue minValue='BASIC' maxValue='EXCELLENT'>EXCELLENT</StringValue></CompetencyWeight>
</Competency>

<Competency oids='36 ' description='Skill > IT' auth='yes' name='Microsoft Outlook'>
<CompetencyEvidence typeDescription='Alias' name='Alias'><StringValue>Outlook</StringValue></CompetencyEvidence>

<CompetencyWeight type='skillLevel'><NumericValue minValue='0' maxValue='100'>84</NumericValue></CompetencyWeight>

<CompetencyWeight type='skillProficiency'><StringValue minValue='BASIC' maxValue='EXCELLENT'>EXCELLENT</StringValue></CompetencyWeight>
</Competency>

<Competency oids='33 ' description='Skill > IT' auth='yes' name='Microsoft Excel'>
<CompetencyEvidence typeDescription='Alias' name='Alias'><StringValue>Excel</StringValue></CompetencyEvidence>

<CompetencyWeight type='skillLevel'><NumericValue minValue='0' maxValue='100'>84</NumericValue></CompetencyWeight>

<CompetencyWeight type='skillProficiency'><StringValue minValue='BASIC' maxValue='EXCELLENT'>EXCELLENT</StringValue></CompetencyWeight>
</Competency>

<Competency oids='34 ' description='Skill > IT' auth='yes' name='Microsoft Access'>
<CompetencyEvidence typeDescription='Alias' name='Alias'><StringValue>Access</StringValue></CompetencyEvidence>

<CompetencyWeight type='skillLevel'><NumericValue minValue='0' maxValue='100'>84</NumericValue></CompetencyWeight>

<CompetencyWeight type='skillProficiency'><StringValue minValue='BASIC' maxValue='EXCELLENT'>EXCELLENT</StringValue></CompetencyWeight>
</Competency>

<Competency oids='24 ' description='Skill' auth='yes' name='Managerial Skills'>
<CompetencyEvidence name='Extent of Experience' typeDescription='Extent of Experience' type='MONTH' lastUsed='2013'><NumericValue description='MONTH'>59</NumericValue></CompetencyEvidence>

<CompetencyEvidence typeDescription='Alias' name='Alias'><StringValue>senior management</StringValue></CompetencyEvidence>

<CompetencyWeight type='skillLevel'><NumericValue minValue='0' maxValue='100'>100</NumericValue></CompetencyWeight>

<CompetencyWeight type='skillProficiency'><StringValue minValue='BASIC' maxValue='EXCELLENT'>EXCELLENT</StringValue></CompetencyWeight>
</Competency>

<Competency oids='39 ' description='Skill > Language' auth='yes' name='Krio'>
<CompetencyWeight type='skillLevel'><NumericValue minValue='0' maxValue='100'>84</NumericValue></CompetencyWeight>

<CompetencyWeight type='skillProficiency'><StringValue minValue='BASIC' maxValue='EXCELLENT'>EXCELLENT</StringValue></CompetencyWeight>
</Competency>

<Competency oids='38 ' description='Skill > Language' auth='yes' name='French'>
<CompetencyWeight type='skillLevel'><NumericValue minValue='0' maxValue='100'>84</NumericValue></CompetencyWeight>

<CompetencyWeight type='skillProficiency'><StringValue minValue='BASIC' maxValue='EXCELLENT'>EXCELLENT</StringValue></CompetencyWeight>
</Competency>

<Competency oids='17 ' description='Skill' auth='yes' name='Commercial Loans'>
<CompetencyEvidence name='Extent of Experience' typeDescription='Extent of Experience' type='MONTH' lastUsed='2013'><NumericValue description='MONTH'>19</NumericValue></CompetencyEvidence>

<CompetencyWeight type='skillLevel'><NumericValue minValue='0' maxValue='100'>97</NumericValue></CompetencyWeight>

<CompetencyWeight type='skillProficiency'><StringValue minValue='BASIC' maxValue='EXCELLENT'>EXCELLENT</StringValue></CompetencyWeight>
</Competency>

<Competency oids='21_1 26_4_3 ' description='Held Position' auth='no' name='VOLUNTEER'>
<CompetencyEvidence name='Extent of Experience' typeDescription='Extent of Experience' type='MONTH' lastUsed='2010'><NumericValue description='MONTH'>88</NumericValue></CompetencyEvidence>

<CompetencyWeight type='skillLevel'><NumericValue minValue='0' maxValue='100'>72</NumericValue></CompetencyWeight>

<CompetencyWeight type='skillProficiency'><StringValue minValue='BASIC' maxValue='EXCELLENT'>GOOD</StringValue></CompetencyWeight>
</Competency>

<Competency oids='26_4_1 ' description='Held Position' auth='no' name='Program Instructor'>
<CompetencyEvidence name='Extent of Experience' typeDescription='Extent of Experience' type='MONTH' lastUsed='2013'><NumericValue description='MONTH'>83</NumericValue></CompetencyEvidence>

<CompetencyWeight type='skillLevel'><NumericValue minValue='0' maxValue='100'>100</NumericValue></CompetencyWeight>

<CompetencyWeight type='skillProficiency'><StringValue minValue='BASIC' maxValue='EXCELLENT'>EXCELLENT</StringValue></CompetencyWeight>
</Competency>

<Competency oids='26_4_2 ' description='Held Position' auth='no' name='Mentor'>
<CompetencyEvidence name='Extent of Experience' typeDescription='Extent of Experience' type='MONTH' lastUsed='2013'><NumericValue description='MONTH'>83</NumericValue></CompetencyEvidence>

<CompetencyWeight type='skillLevel'><NumericValue minValue='0' maxValue='100'>100</NumericValue></CompetencyWeight>

<CompetencyWeight type='skillProficiency'><StringValue minValue='BASIC' maxValue='EXCELLENT'>EXCELLENT</StringValue></CompetencyWeight>
</Competency>

<Competency oids='22_4_1 ' description='Held Position' auth='no' name='Finance and Fundraising Volunteer'>
<CompetencyEvidence name='Extent of Experience' typeDescription='Extent of Experience' type='MONTH' lastUsed='2013'><NumericValue description='MONTH'>59</NumericValue></CompetencyEvidence>

<CompetencyWeight type='skillLevel'><NumericValue minValue='0' maxValue='100'>100</NumericValue></CompetencyWeight>

<CompetencyWeight type='skillProficiency'><StringValue minValue='BASIC' maxValue='EXCELLENT'>EXCELLENT</StringValue></CompetencyWeight>
</Competency>

<Competency oids='16_5_1 ' description='Held Position' auth='no' name='Commercial Loans Operations Specialist'>
<CompetencyEvidence name='Extent of Experience' typeDescription='Extent of Experience' type='MONTH' lastUsed='2013'><NumericValue description='MONTH'>19</NumericValue></CompetencyEvidence>

<CompetencyWeight type='skillLevel'><NumericValue minValue='0' maxValue='100'>97</NumericValue></CompetencyWeight>

<CompetencyWeight type='skillProficiency'><StringValue minValue='BASIC' maxValue='EXCELLENT'>EXCELLENT</StringValue></CompetencyWeight>
</Competency>

<Competency oids='19_4_1 ' description='Held Position' auth='no' name='Assistant Financial Advisor'>
<CompetencyEvidence name='Extent of Experience' typeDescription='Extent of Experience' type='MONTH' lastUsed='2010'><NumericValue description='MONTH'>5</NumericValue></CompetencyEvidence>

<CompetencyWeight type='skillLevel'><NumericValue minValue='0' maxValue='100'>65</NumericValue></CompetencyWeight>

<CompetencyWeight type='skillProficiency'><StringValue minValue='BASIC' maxValue='EXCELLENT'>GOOD</StringValue></CompetencyWeight>
</Competency>

<Competency oids='9_1 ' description='Degree/Qualification' auth='yes' name='Masters Degree > Master of Science > Master of Science Business Economics'>
<CompetencyEvidence name='Application' typeDescription='Application' type='Business Economics'><StringValue>Business Economics</StringValue></CompetencyEvidence>

<CompetencyEvidence typeDescription='Alias' name='Alias'><StringValue>Master of Science in Business Economics</StringValue></CompetencyEvidence>

<CompetencyWeight type='skillLevel'><NumericValue minValue='0' maxValue='100'>12</NumericValue></CompetencyWeight>
</Competency>

<Competency oids='13_1 ' description='Degree/Qualification' auth='yes' name='Bachelors Degree > Bachelor of Business Administration'>
<CompetencyEvidence typeDescription='Alias' name='Alias'><StringValue>Bachelors of Business Administration</StringValue></CompetencyEvidence>

<CompetencyWeight type='skillLevel'><NumericValue minValue='0' maxValue='100'>12</NumericValue></CompetencyWeight>
</Competency>

<Competency description='Industry' auth='yes' name='industry~hr'>
<CompetencyEvidence name='skillCount' typeDescription='skillCount'><NumericValue>1</NumericValue></CompetencyEvidence>

<CompetencyWeight type='skillLevel'><NumericValue minValue='0' maxValue='100'>100</NumericValue></CompetencyWeight>
</Competency>























<RevisionDate id='1'>2013-04-24</RevisionDate>
</StructuredXMLResume>
<NonXMLResume>

<TextResume>



<span inprof='n' id='1' class='date'>{{DOCUMENT_DATESTAMP}} 2013-04-24 {{END_DOCUMENT_DATESTAMP}}</span> 

<span inprof='y' id='2' class='nominal'>AHMED KEBE</span>
<span inprof='y' id='3' class='location'>Brooklyn, NY 11225</span> * <span inprof='y' id='4' class='telephone'>347-596-9968</span> * <span inprof='y' id='5' class='email'>Kebe.Ahmed@yahoo.com</span>

<span inprof='n' id='6' class='edu-hist-mark'>EDUCATION</span>

<span inprof='y' id='7' class='educational'>Brooklyn College</span>/CUNY                                    <span inprof='y' id='8' class='location'>Brooklyn, NY</span>
<span inprof='y' id='9_1' class='qualif'>Master of Science in Business Economics</span>                            <span inprof='y' id='9_2' class='date'>Expected June 2014</span>
<span inprof='n' id='10' class='qualif'>Concentration in Global Business and Finance                        Current GPA: 4.0/4.0</span>

<span inprof='y' id='11' class='educational'>Baruch College</span>/ CUNY                                    <span inprof='y' id='12' class='location'>New York, NY</span>
<span inprof='y' id='13_1' class='qualif'>Bachelors of Business Administration</span>                            <span inprof='y' id='13_2_1' class='date'>Aug. 2006</span> - <span inprof='y' id='13_2_2' class='date'>July 2010</span>
<span inprof='n' id='14_1_1' class='major'>Major</span>: <span inprof='y' id='14_1_2' class='subject'>Finance</span> and Investments

<span inprof='n' id='15' class='work-hist-mark'>EXPERIENCE</span>

<span inprof='y' id='16_1' class='company'>Sovereign Bank</span>/<span inprof='y' id='16_2' class='company'>Santander</span>, <span inprof='y' id='16_3' class='location'>Brooklyn, NY</span>                              <span inprof='y' id='16_4_1' class='date'>July 2011</span> - <span inprof='y' id='16_4_2' class='date'>January 2013</span>
<span inprof='y' id='16_5_1' class='role'>Commercial Loans Operations Specialist</span>
*    Board and edit multifamily and <span inprof='y' id='17' class='skill'>commercial loans</span> on loan system and other supporting systems ; 
*    Maintain new and renewed loan files. Perform variety of clerical duties requiring knowledge of departmental procedures. Ensure that loan files contain documents with proper signature, date and other relevant data. ; 
*    Build and strengthen customer relationships by consistently providing prompt, accurate and distinctive customer service to all internal and external customers. ; 
*    Collaborate with team members to support of workload changes, training needs, and departmental changes ; 
*    Correctly process between <span inprof='n' id='18' class='salary'>$2 million to $4 million monthly</span> mortgage payments daily

<span inprof='y' id='19_1' class='company'>UBS FINANCIAL SERVICES</span>, <span inprof='y' id='19_2' class='location'>New York, NY</span>                                 <span inprof='y' id='19_3_1' class='date'>January 2010</span> - <span inprof='y' id='19_3_2' class='date'>May 2010</span>
<span inprof='y' id='19_4_1' class='role'>Assistant Financial Advisor</span> <span inprof='n' id='19_4_2' class='empl-type'>Intern</span>
*    Developed weekly financial performance reports tailored to each individual client ; 
*    Made cold calls to obtain new prospective business clients for Financial Advisors ; 
*    Answered telephones, faxed, made copies and mailed packages and letters ; 
*    Updated client information on <span inprof='n' id='20' class='company'>UBS</span>'s database system

<span inprof='y' id='21_1' class='role'>VOLUNTEER</span> SERVICES

<span inprof='y' id='22_1' class='company'>THERE IS NO LIMIT FOUNDATION</span>, <span inprof='y' id='22_2' class='location'>New York, NY</span>                                      <span inprof='y' id='22_3_1' class='date'>June 2008</span> - <span inprof='y' id='22_3_2' class='date'>Present</span>
<span inprof='y' id='22_4_1' class='role'>Finance and Fundraising Volunteer</span>
*    Produce monthly and quarterly reporting to agency's <span inprof='n' id='23' class='committee'>Board of Directors</span> ; 
*    Work closely with <span inprof='y' id='24' class='skill'>senior management</span> to implement and maintain fiscal plans for projects and agency objectives ; 
*    Research and contact donors and sponsors, generating <span inprof='n' id='25' class='money'>$5000</span> in donations ; 
*    Review funding requirements, sub grants, and other financial commitments

<span inprof='y' id='26_1' class='company'>PACE UNIVERSITY UPWARDBOUND PROGRAM</span>, <span inprof='y' id='26_2' class='location'>New York, NY</span>                              <span inprof='y' id='26_3_1' class='date'>June 2006</span> - <span inprof='y' id='26_3_2' class='date'>Present</span>
<span inprof='y' id='26_4_1' class='role'>Program Instructor</span>/<span inprof='y' id='26_4_2' class='role'>Mentor</span>/<span inprof='y' id='26_4_3' class='role'>Volunteer</span>
*    Advise students on academic, career and personal issues; <span inprof='n' id='27' class='bad-occupation'>assist student</span> in establishing realistic and attainable academic and career goals ; 
*    Assist students with college admission and registration/provide guidance in <span inprof='y' id='28' class='skill'>course selection</span> in keeping <span inprof='n' id='29' class='bad-occupation'>with the student</span>'s interests, values and abilities; help students with college and financial aid applications

<span inprof='n' id='30' class='title-line'>ADDITIONAL INFORMATION</span>

<span inprof='n' id='31' class='skills-qualif-mark'>Computer Skills:</span>     <span inprof='y' id='32' class='sofwr'>Proficient with Microsoft Word</span>, <span inprof='y' id='33' class='sofwr'>Excel</span>, <span inprof='y' id='34' class='sofwr'>Access</span>, <span inprof='y' id='35' class='sofwr'>PowerPoint</span>, <span inprof='y' id='36' class='sofwr'>Outlook</span>, <span inprof='y' id='37' class='sofwr'>Publisher</span>. Familiar with Bloomberg, V-Lookup, and Pivot Table

<span inprof='y' id='38' class='skill'>Languages:
Fluent in French</span>, Malinke, Diakank�, <span inprof='y' id='39' class='skill'>Krio</span>; <span inprof='y' id='40' class='skill'>Conversational in Spanish</span> and Susu

</TextResume>

</NonXMLResume>



<UserArea>
<DaxResumeUserArea>
<AdditionalPersonalData>
<ExperienceSummary>
<TotalMonthsOfWorkExperience>166</TotalMonthsOfWorkExperience>
<TotalYearsOfWorkExperience>14</TotalYearsOfWorkExperience>
<ExecutiveBrief>Ahmed Kebe is a resident of Brooklyn, NY, US. He has been working in the HR  occupational sector for more than 14 years. During his last employment he was working as a Commercial Loans Operations Specialist at Sovereign Bank. So far Ahmed has not gained any managerial experience.</ExecutiveBrief>
</ExperienceSummary>
</AdditionalPersonalData>
<ParserInfo>
<ParserConfiguration>{max_len=50000} {tel_flag=} {send_zip=} {fast_conv=} {DEF_LOCAL=} {sdate=0} {no_email_body=0} {do_clever_zoning=1} {keep_span=1} {complex=1} {accept_langs=} {not_accept_langs=} {prefer_lang_cv=EN} {pers_only=0} {turbo=0} {split_language=0} {picture=0} {picture_inline=0} {name_space=0} {charset=} {hrxml_upgrade_edu_hist=0}{hrxml_add_languages_section=0}{spool=} {docID=} {user=DEFAULT} </ParserConfiguration>
<ParserRelease>0.12.3.32629</ParserRelease>
<ParserReleaseDate>2014-06-18</ParserReleaseDate>
<ParserSchema>2.0.29</ParserSchema>
<ParserSchemaLocation>http://cvx.daxtra.com/cvts/xsd/candidate/2.0.29/Resume.xsd</ParserSchemaLocation>
<ConverterRelease>0.5.2.32629</ConverterRelease>
<ConverterReleaseDate>2014-06-18</ConverterReleaseDate>
</ParserInfo>
<FileStruct filename='/home/izoom/anazarov/grammar/analysis/3rconnect/doc/100_Resumes-Walsh/KEBE.AHMED - RESUME.docx'>

<attachment fname='KEBE.AHMED - RESUME.docx' ftype='docx' conv='yes' doc_type='cv' lang='EN'>/home/izoom/anazarov/grammar/analysis/3rconnect/doc/100_Resumes-Walsh/KEBE.AHMED - RESUME.docx</attachment>


</FileStruct>
</DaxResumeUserArea>
</UserArea>
</Resume>
