<?xml version='1.0' encoding='ISO-8859-1'?>
<Resume lang='en' src='DAXTRA-CVX schema:2.0.29 release:0.12.3.32629 rdate:2014-06-18'>
<StructuredXMLResume>
<ContactInfo>
<PersonName id='2'>
<FormattedName>Keith M. Papa</FormattedName>
<GivenName>Keith</GivenName>
<MiddleName>M.</MiddleName>
<FamilyName>Papa</FamilyName>
<sex>Male</sex>
</PersonName>
<ContactMethod>
<Telephone id='3' type='home'>
<InternationalCountryCode>1</InternationalCountryCode>
<SubscriberNumber>201 280-1802</SubscriberNumber>
<FormattedNumber>+1 201 280-1802</FormattedNumber></Telephone>

<InternetEmailAddress id='4' type='main'>kpaps12@aol.com</InternetEmailAddress>
<PostalAddress id='5_2' type='main'>
<CountryCode>US</CountryCode>
<Region>VA</Region>
<Municipality>Arlington</Municipality>

</PostalAddress>
</ContactMethod>
</ContactInfo>


<EmploymentHistory>
<EmployerOrg employerOrgType='soleEmployer'>
<EmployerOrgName id='5_1'>InDyne, Inc.</EmployerOrgName>
<EmployerContactInfo>
<LocationSummary id='5_2'>
<Municipality>Arlington</Municipality>
<Region>VA</Region>
<CountryCode>US</CountryCode>
</LocationSummary>
</EmployerContactInfo>
<PositionHistory positionType='PERMANENT'>
<Title id='5_4_1'>Payroll Accountant</Title>
<OrgName id='5_1'>InDyne, Inc.</OrgName>



<Description>*  Ensure payment of wages and salaries to be accurate and distributed timely ; 
    *  Resolve issues with pay updates, terminations, deductions, and adjustments ; 
    *  Reconcile prior payroll files to ensure records are accurate and balanced ; 
    *  Audit timekeeping records for compliance with established standards and laws ; 
    *  Responsible for training employees on timekeeping policies and procedures; perform floor audits quarterly to maintain compliance ;</Description>
<StartDate id='5_3_1'><YearMonth>2009-05</YearMonth></StartDate>
<EndDate id='5_3_2'><YearMonth>2012-10</YearMonth></EndDate>



<JobLevelInfo>
<JobGrade>joblevel-nonmanager-low</JobGrade>
</JobLevelInfo>

<JobCategory>
<TaxonomyName>JOBAREA</TaxonomyName>
<CategoryCode>accountancy</CategoryCode>
</JobCategory>


<UserArea>
<DaxPositionHistoryUserArea>
<TLSPAN first_id='5' last_id='9' border_id='10'></TLSPAN>
<MonthsOfWork>42</MonthsOfWork>
</DaxPositionHistoryUserArea>
</UserArea>
</PositionHistory>
</EmployerOrg>

<EmployerOrg employerOrgType='soleEmployer'>
<EmployerOrgName id='10_1'>Pendulum Capital Markets</EmployerOrgName>
<EmployerContactInfo>
<LocationSummary id='10_2'>
<Municipality>Hackensack</Municipality>
<Region>NJ</Region>
<CountryCode>US</CountryCode>
</LocationSummary>
</EmployerContactInfo>
<PositionHistory positionType='CONTRACT'>
<Title id='10_4_1'>Stockbroker Trainee</Title>
<OrgName id='10_1'>Pendulum Capital Markets</OrgName>



<Description>*  Contacted potential customers, introducing them to the firm and strategizing how to best meet their needs ; 
    *  Generated leads for future business ; 
    *  Preparation for the Series-7 Exam ;</Description>
<StartDate id='10_3_1'><YearMonth>2009-01</YearMonth></StartDate>
<EndDate id='10_3_2'><YearMonth>2009-03</YearMonth></EndDate>



<JobLevelInfo>
<JobGrade>joblevel-entry</JobGrade>
</JobLevelInfo>

<JobCategory>
<TaxonomyName>JOBAREA</TaxonomyName>
<CategoryCode>graduate</CategoryCode>
</JobCategory>


<UserArea>
<DaxPositionHistoryUserArea>
<TLSPAN first_id='10' last_id='10' border_id='11'></TLSPAN>
<MonthsOfWork>3</MonthsOfWork>
</DaxPositionHistoryUserArea>
</UserArea>
</PositionHistory>
</EmployerOrg>

<EmployerOrg employerOrgType='soleEmployer'>
<EmployerOrgName id='11_1'>GDS Publishing, Inc.</EmployerOrgName>
<EmployerContactInfo>
<LocationSummary id='11_2'>
<Municipality>New York</Municipality>
<Region>NY</Region>
<CountryCode>US</CountryCode>
</LocationSummary>
</EmployerContactInfo>
<PositionHistory positionType='CONTRACT'>
<Title id='11_4_1'>Sales Executive</Title>
<OrgName id='11_1'>GDS Publishing, Inc.</OrgName>



<Description>*  Generated leads for advertisement sales within one of the company's corporate journals, NGP Publication ; 
    *  Interacted with large pharmaceutical company representatives ; 
    *  Communicated with corporate decision makers to generate new business ;</Description>
<StartDate id='11_3_1'><YearMonth>2008-08</YearMonth></StartDate>
<EndDate id='11_3_2'><YearMonth>2008-10</YearMonth></EndDate>




<JobCategory>
<TaxonomyName>JOBAREA</TaxonomyName>
<CategoryCode>sales</CategoryCode>
</JobCategory>


<UserArea>
<DaxPositionHistoryUserArea>
<TLSPAN first_id='11' last_id='12' border_id='13'></TLSPAN>
<MonthsOfWork>3</MonthsOfWork>
</DaxPositionHistoryUserArea>
</UserArea>
</PositionHistory>
</EmployerOrg>

<EmployerOrg employerOrgType='soleEmployer'>
<EmployerOrgName id='13_1'>Blockbuster Inc.</EmployerOrgName>
<EmployerContactInfo>
<LocationSummary id='13_2'>
<Municipality>Lyndhurst</Municipality>
<Region>NJ</Region>
<CountryCode>US</CountryCode>
</LocationSummary>
</EmployerContactInfo>
<PositionHistory positionType='PERMANENT'>
<Title id='13_4_1'>4Star Manager</Title>
<OrgName id='13_1'>Blockbuster Inc.</OrgName>



<Description>*  Handled inventory and customer service duties ; 
    *  Promoted to a ``4Star'' position that allows manager on duty responsibilities ;</Description>
<StartDate id='13_3_1'><YearMonth>2007-10</YearMonth></StartDate>
<EndDate id='13_3_2'><YearMonth>2008-08</YearMonth></EndDate>



<JobLevelInfo>
<JobGrade>joblevel-management-low</JobGrade>
</JobLevelInfo>

<JobCategory>
<TaxonomyName>JOBAREA</TaxonomyName>
<CategoryCode>customer-service</CategoryCode>
</JobCategory>


<UserArea>
<DaxPositionHistoryUserArea>
<TLSPAN first_id='13' last_id='14' border_id='15'></TLSPAN>
<MonthsOfWork>11</MonthsOfWork>
</DaxPositionHistoryUserArea>
</UserArea>
</PositionHistory>
</EmployerOrg>

<EmployerOrg employerOrgType='soleEmployer'>
<EmployerOrgName id='15_1'>Fidelity Investments</EmployerOrgName>
<EmployerContactInfo>
<LocationSummary id='15_2'>
<Municipality>New York</Municipality>
<Region>NY</Region>
<CountryCode>US</CountryCode>
</LocationSummary>
</EmployerContactInfo>
<PositionHistory positionType='Summer Internship'>

<OrgName id='16'>Corporate Actions Dept.</OrgName>



<Description>Summer Internship - Corporate Actions Dept.
    *  Reconciled dividends in customer accounts; corporate actions processing ; 
    *  Revised and verified financial account information by working closely with corporate representatives ;</Description>
<StartDate id='15_3_1'><YearMonth>2004-05</YearMonth></StartDate>
<EndDate id='15_3_2'><YearMonth>2004-08</YearMonth></EndDate>




<JobCategory>
<TaxonomyName>JOBAREA</TaxonomyName>
<CategoryCode>banking-finance</CategoryCode>
</JobCategory>


<UserArea>
<DaxPositionHistoryUserArea>
<TLSPAN first_id='15' last_id='17' border_id='0'></TLSPAN>
<MonthsOfWork>4</MonthsOfWork>
</DaxPositionHistoryUserArea>
</UserArea>
</PositionHistory>
</EmployerOrg>

</EmploymentHistory>
<EducationHistory>
<SchoolOrInstitution schoolType='university'>
<SchoolName id='19'>University of South Carolina</SchoolName>
<LocationSummary id='20'>
<Municipality>Columbia</Municipality>
<Region>SC</Region>
<CountryCode>US</CountryCode>
</LocationSummary>






<DatesOfAttendance>
<StartDate><AnyDate>notKnown</AnyDate></StartDate>
<EndDate id='21'><YearMonth>2007-05</YearMonth></EndDate>
</DatesOfAttendance>
<Comments>Business Administration with Emphasis in Finance,   
    *  Minor: Hotel, Restaurant and Tourism Management ; 
    *  GPA: 3.8
    *  Magna Cum Laude
    *  Named to Dean's List all semesters
    *    Fraternity Brother of Sigma Phi Epsilon
    *    Honors:	Alpha Lambda Delta Freshman Honor Society
    Gamma Beta Phi National Honors Society
    Golden Key International Honour Society</Comments>
</SchoolOrInstitution>

</EducationHistory>











<Competency oids='7 9 ' description='Skill' auth='yes' name='Audit'>
<CompetencyEvidence name='Extent of Experience' typeDescription='Extent of Experience' type='MONTH' lastUsed='2012'><NumericValue description='MONTH'>42</NumericValue></CompetencyEvidence>

<CompetencyEvidence typeDescription='Alias' name='Alias'><StringValue>audits</StringValue></CompetencyEvidence>

<CompetencyWeight type='skillLevel'><NumericValue minValue='0' maxValue='100'>99</NumericValue></CompetencyWeight>

<CompetencyWeight type='skillProficiency'><StringValue minValue='BASIC' maxValue='EXCELLENT'>EXCELLENT</StringValue></CompetencyWeight>
</Competency>

<Competency oids='22 ' description='Skill' auth='no' name='Tourism Management'>
<CompetencyWeight type='skillLevel'><NumericValue minValue='0' maxValue='100'>14</NumericValue></CompetencyWeight>
</Competency>

<Competency oids='8 ' description='Skill' auth='no' name='Responsible for training employees'>
<CompetencyEvidence name='Extent of Experience' typeDescription='Extent of Experience' type='MONTH' lastUsed='2012'><NumericValue description='MONTH'>42</NumericValue></CompetencyEvidence>

<CompetencyWeight type='skillLevel'><NumericValue minValue='0' maxValue='100'>98</NumericValue></CompetencyWeight>

<CompetencyWeight type='skillProficiency'><StringValue minValue='BASIC' maxValue='EXCELLENT'>EXCELLENT</StringValue></CompetencyWeight>
</Competency>

<Competency oids='6 ' description='Skill' auth='yes' name='Payroll'>
<CompetencyEvidence name='Extent of Experience' typeDescription='Extent of Experience' type='MONTH' lastUsed='2012'><NumericValue description='MONTH'>42</NumericValue></CompetencyEvidence>

<CompetencyWeight type='skillLevel'><NumericValue minValue='0' maxValue='100'>100</NumericValue></CompetencyWeight>

<CompetencyWeight type='skillProficiency'><StringValue minValue='BASIC' maxValue='EXCELLENT'>EXCELLENT</StringValue></CompetencyWeight>
</Competency>

<Competency oids='12 ' description='Skill' auth='yes' name='Journals'>
<CompetencyEvidence name='Extent of Experience' typeDescription='Extent of Experience' type='MONTH' lastUsed='2008'><NumericValue description='MONTH'>3</NumericValue></CompetencyEvidence>

<CompetencyWeight type='skillLevel'><NumericValue minValue='0' maxValue='100'>52</NumericValue></CompetencyWeight>

<CompetencyWeight type='skillProficiency'><StringValue minValue='BASIC' maxValue='EXCELLENT'>WORKING</StringValue></CompetencyWeight>
</Competency>

<Competency oids='17 ' description='Skill' auth='yes' name='Corporate Actions'>
<CompetencyEvidence name='Extent of Experience' typeDescription='Extent of Experience' type='MONTH' lastUsed='2004'><NumericValue description='MONTH'>4</NumericValue></CompetencyEvidence>

<CompetencyWeight type='skillLevel'><NumericValue minValue='0' maxValue='100'>23</NumericValue></CompetencyWeight>

<CompetencyWeight type='skillProficiency'><StringValue minValue='BASIC' maxValue='EXCELLENT'>BASIC</StringValue></CompetencyWeight>
</Competency>

<Competency oids='10_4_1 ' description='Held Position' auth='no' name='Stockbroker Trainee'>
<CompetencyEvidence name='Extent of Experience' typeDescription='Extent of Experience' type='MONTH' lastUsed='2009'><NumericValue description='MONTH'>3</NumericValue></CompetencyEvidence>

<CompetencyWeight type='skillLevel'><NumericValue minValue='0' maxValue='100'>52</NumericValue></CompetencyWeight>

<CompetencyWeight type='skillProficiency'><StringValue minValue='BASIC' maxValue='EXCELLENT'>WORKING</StringValue></CompetencyWeight>
</Competency>

<Competency oids='11_4_1 ' description='Held Position' auth='no' name='Sales Executive'>
<CompetencyEvidence name='Extent of Experience' typeDescription='Extent of Experience' type='MONTH' lastUsed='2008'><NumericValue description='MONTH'>3</NumericValue></CompetencyEvidence>

<CompetencyWeight type='skillLevel'><NumericValue minValue='0' maxValue='100'>52</NumericValue></CompetencyWeight>

<CompetencyWeight type='skillProficiency'><StringValue minValue='BASIC' maxValue='EXCELLENT'>WORKING</StringValue></CompetencyWeight>
</Competency>

<Competency oids='5_4_1 ' description='Held Position' auth='no' name='Payroll Accountant'>
<CompetencyEvidence name='Extent of Experience' typeDescription='Extent of Experience' type='MONTH' lastUsed='2012'><NumericValue description='MONTH'>42</NumericValue></CompetencyEvidence>

<CompetencyWeight type='skillLevel'><NumericValue minValue='0' maxValue='100'>100</NumericValue></CompetencyWeight>

<CompetencyWeight type='skillProficiency'><StringValue minValue='BASIC' maxValue='EXCELLENT'>EXCELLENT</StringValue></CompetencyWeight>
</Competency>

<Competency oids='14_1 ' description='Held Position' auth='no' name='Manager'>
<CompetencyEvidence name='Extent of Experience' typeDescription='Extent of Experience' type='MONTH' lastUsed='2008'><NumericValue description='MONTH'>11</NumericValue></CompetencyEvidence>

<CompetencyWeight type='skillLevel'><NumericValue minValue='0' maxValue='100'>53</NumericValue></CompetencyWeight>

<CompetencyWeight type='skillProficiency'><StringValue minValue='BASIC' maxValue='EXCELLENT'>WORKING</StringValue></CompetencyWeight>
</Competency>

<Competency oids='13_4_1 ' description='Held Position' auth='no' name='4Star Manager'>
<CompetencyEvidence name='Extent of Experience' typeDescription='Extent of Experience' type='MONTH' lastUsed='2008'><NumericValue description='MONTH'>11</NumericValue></CompetencyEvidence>

<CompetencyWeight type='skillLevel'><NumericValue minValue='0' maxValue='100'>54</NumericValue></CompetencyWeight>

<CompetencyWeight type='skillProficiency'><StringValue minValue='BASIC' maxValue='EXCELLENT'>WORKING</StringValue></CompetencyWeight>
</Competency>

<Competency description='Industry' auth='yes' name='industry~accountancy'>
<CompetencyEvidence name='skillCount' typeDescription='skillCount'><NumericValue>1</NumericValue></CompetencyEvidence>

<CompetencyWeight type='skillLevel'><NumericValue minValue='0' maxValue='100'>100</NumericValue></CompetencyWeight>
</Competency>























<RevisionDate id='1'>2013-02-12</RevisionDate>
</StructuredXMLResume>
<NonXMLResume>

<TextResume>



<span inprof='n' id='1' class='date'>{{DOCUMENT_DATESTAMP}} 2013-2-12 {{END_DOCUMENT_DATESTAMP}}</span>


<span inprof='y' id='2' class='nominal'>KEITH M. PAPA</span>
<span inprof='y' id='3' class='telephone'>201-280-1802</span>
<span inprof='y' id='4' class='email'>kpaps12@aol.com</span>



<span inprof='y' id='5_1' class='company'>EMPLOYMENT:         InDyne, Inc.</span>, <span inprof='y' id='5_2' class='location'>Arlington, VA</span>                        <span inprof='y' id='5_3_1' class='date'>May '09</span> - <span inprof='y' id='5_3_2' class='date'>Oct `12</span>
                    <span inprof='y' id='5_4_1' class='role'>Payroll Accountant</span>
                    *  Ensure payment of wages and salaries to be accurate and distributed timely ; 
                    *  Resolve issues with pay updates, terminations, deductions, and adjustments ; 
                    *  Reconcile prior <span inprof='y' id='6' class='skill'>payroll</span> files to ensure records are accurate and balanced ; 
                    *  <span inprof='y' id='7' class='skill'>Audit</span> timekeeping records for compliance with established standards and laws ; 
                    *  <span inprof='y' id='8' class='skill'>Responsible for training employees</span> on timekeeping policies and procedures; perform floor <span inprof='y' id='9' class='skill'>audits</span> quarterly to maintain compliance

                    <span inprof='y' id='10_1' class='company'>Pendulum Capital Markets</span>, <span inprof='y' id='10_2' class='location'>Hackensack, NJ</span>           <span inprof='y' id='10_3_1' class='date'>Jan. '09</span> - <span inprof='y' id='10_3_2' class='date'>Mar. `09</span>
                    <span inprof='y' id='10_4_1' class='role'>Stockbroker Trainee</span>
                    *  Contacted potential customers, introducing them to the firm and strategizing how to best meet their needs ; 
                    *  Generated leads for future business ; 
                    *  Preparation for the Series-7 Exam

                    <span inprof='y' id='11_1' class='company'>GDS Publishing, Inc.</span>, <span inprof='y' id='11_2' class='location'>New York, NY</span>                         	       <span inprof='y' id='11_3_1' class='date'>Aug. `08</span> - <span inprof='y' id='11_3_2' class='date'>Oct. `08</span>
                    <span inprof='y' id='11_4_1' class='role'>Sales Executive</span>
                    *  Generated leads for advertisement sales within one of the company's corporate <span inprof='y' id='12' class='skill'>journals</span>, NGP Publication ; 
                    *  Interacted with large pharmaceutical company representatives ; 
                    *  Communicated with corporate decision makers to generate new business

                    <span inprof='y' id='13_1' class='company'>Blockbuster Inc.</span>, <span inprof='y' id='13_2' class='location'>Lyndhurst, NJ</span>                    <span inprof='y' id='13_3_1' class='date'>Oct. '07</span> - <span inprof='y' id='13_3_2' class='date'>Aug. `08</span>
                    <span inprof='y' id='13_4_1' class='role'>4Star Manager</span>
                    *  Handled inventory and customer service duties ; 
                    *  Promoted to a ``4Star'' position that allows <span inprof='y' id='14_1' class='role'>manager</span> on duty responsibilities

                         <span inprof='y' id='15_1' class='company'>Fidelity Investments</span>, <span inprof='y' id='15_2' class='location'>New York, NY</span>            <span inprof='y' id='15_3_1' class='date'>May '04</span> - <span inprof='y' id='15_3_2' class='date'>Aug. `04</span>
                    <span inprof='n' id='15_4' class='occupation'>Summer Internship</span> - <span inprof='y' id='16' class='company'>Corporate Actions Dept.</span>
                    *  Reconciled dividends in customer accounts; <span inprof='y' id='17' class='skill'>corporate actions</span> processing ; 
                    *  Revised and verified financial account information by working closely with corporate representatives


<span inprof='n' id='18' class='edu-hist-mark'>EDUCATION:</span>
<span inprof='y' id='19' class='educational'>University of South Carolina</span>, <span inprof='y' id='20' class='location'>Columbia, SC</span>
       Business Administration with Emphasis in Finance, <span inprof='y' id='21' class='date'>May 2007</span>
                    *  Minor: Hotel, Restaurant and <span inprof='y' id='22' class='skill'>Tourism Management</span> ; 
                    *  <span inprof='n' id='23' class='gpa-result'>GPA: 3.8</span>
                    *  <span inprof='n' id='24' class='gpa-result'>Magna Cum Laude</span>
                    *  Named to <span inprof='n' id='25' class='bad-occupation'>Dean's</span> List all semesters
                    *    Fraternity Brother of Sigma Phi Epsilon
                    *    Honors:	<span inprof='n' id='26' class='educational'>Alpha Lambda Delta Freshman Honor Society
                                       Gamma Beta Phi National Honors Society
                                Golden Key International Honour Society</span>

</TextResume>

</NonXMLResume>



<UserArea>
<DaxResumeUserArea>
<AdditionalPersonalData>
<ExperienceSummary>
<TotalMonthsOfWorkExperience>63</TotalMonthsOfWorkExperience>
<TotalYearsOfWorkExperience>5</TotalYearsOfWorkExperience>
<TotalMonthsOfManagementWorkExperience>11</TotalMonthsOfManagementWorkExperience>
<TotalYearsOfManagementWorkExperience>0.9</TotalYearsOfManagementWorkExperience>
<TotalMonthsOfLowLevelManagementWorkExperience>11</TotalMonthsOfLowLevelManagementWorkExperience>
<TotalYearsOfLowLevelManagementWorkExperience>0.9</TotalYearsOfLowLevelManagementWorkExperience>
<ExecutiveBrief>Keith M. Papa is a resident of Arlington, VA, US. He has been working in the Accountancy  occupational sector for more than 5 years. During his last employment he was working as a Payroll Accountant at InDyne, Inc. Keith has some experience in managment (11 months).</ExecutiveBrief>
<ManagementRecord>Since 2007-10 for 11 months the candidate had experience at a lower grade management level working as a 4Star Manager at Blockbuster Inc..
</ManagementRecord>
</ExperienceSummary>
</AdditionalPersonalData>
<ParserInfo>
<ParserConfiguration>{max_len=50000} {tel_flag=} {send_zip=} {fast_conv=} {DEF_LOCAL=} {sdate=0} {no_email_body=0} {do_clever_zoning=1} {keep_span=1} {complex=1} {accept_langs=} {not_accept_langs=} {prefer_lang_cv=EN} {pers_only=0} {turbo=0} {split_language=0} {picture=0} {picture_inline=0} {name_space=0} {charset=} {hrxml_upgrade_edu_hist=0}{hrxml_add_languages_section=0}{spool=} {docID=} {user=DEFAULT} </ParserConfiguration>
<ParserRelease>0.12.3.32629</ParserRelease>
<ParserReleaseDate>2014-06-18</ParserReleaseDate>
<ParserSchema>2.0.29</ParserSchema>
<ParserSchemaLocation>http://cvx.daxtra.com/cvts/xsd/candidate/2.0.29/Resume.xsd</ParserSchemaLocation>
<ConverterRelease>0.5.2.32629</ConverterRelease>
<ConverterReleaseDate>2014-06-18</ConverterReleaseDate>
</ParserInfo>
<FileStruct filename='/home/izoom/anazarov/grammar/analysis/3rconnect/doc/100_Resumes-Walsh/Keith.Papa_Resume[3].doc'>

<attachment fname='Keith.Papa_Resume[3].doc' ftype='doc' conv='yes' doc_type='cv' lang='EN'>/home/izoom/anazarov/grammar/analysis/3rconnect/doc/100_Resumes-Walsh/Keith.Papa_Resume[3].doc</attachment>


</FileStruct>
</DaxResumeUserArea>
</UserArea>
</Resume>
