<?xml version='1.0' encoding='ISO-8859-1'?>
<Resume lang='en' src='DAXTRA-CVX schema:2.0.29 release:0.12.3.32629 rdate:2014-06-18'>
<StructuredXMLResume>
<ContactInfo>
<PersonName id='2'>
<FormattedName>Kevin Church</FormattedName>
<GivenName>Kevin</GivenName>
<FamilyName>Church</FamilyName>
<sex>Male</sex>
</PersonName>
<ContactMethod>
<Telephone id='5' type='home'>
<InternationalCountryCode>1</InternationalCountryCode>
<SubscriberNumber>917 804.0274</SubscriberNumber>
<FormattedNumber>+1 917 804.0274</FormattedNumber></Telephone>

<InternetEmailAddress id='4' type='main'>kchurch09@gmail.com</InternetEmailAddress>
<PostalAddress id='3' type='main'>
<CountryCode>US</CountryCode>
<PostalCode>11422</PostalCode>
<Region>NY</Region>
<Municipality>Rosedale</Municipality>
<DeliveryAddress>
<AddressLine>137-04 257th street</AddressLine>
<StreetName>257th street</StreetName>
<BuildingNumber>137-04</BuildingNumber>
</DeliveryAddress>

</PostalAddress>
</ContactMethod>
</ContactInfo>
<ExecutiveSummary>Performance driven, self motivated and ethical financial consultant with 6 years of investment advisory experience and a proven ability to manage and achieve revenue generation goals in a dynamic environment.</ExecutiveSummary>

<Date id='36' type='dob'><Year>2005</Year></Date>

<EmploymentHistory>
<EmployerOrg employerOrgType='soleEmployer'>
<EmployerOrgName id='17_1'>ADAMS WEALTH MANAGEMENT</EmployerOrgName>
<EmployerContactInfo>
<LocationSummary id='17_2'>
<Municipality>New York</Municipality>
<Region>NY</Region>
<CountryCode>US</CountryCode>
</LocationSummary>
</EmployerContactInfo>
<PositionHistory positionType='PERMANENT'>
<Title id='18_1'>Vice President</Title>
<OrgName id='17_1'>ADAMS WEALTH MANAGEMENT</OrgName>

<OrgIndustry primaryIndicator='true'><IndustryDescription>OSJ under Caldwell International Securities</IndustryDescription></OrgIndustry>

<Description>Helped build a solid foundation for the establishment of this Office of Supervisory Jurisdiction within the brokerage industry.

Vice President
Oversee securities transactions, option trades, margin accounts and team payroll througha detailed oriented aptitude. Overtook and handled underperforming client accounts.Performed AML investigations and reviewed suspicious activity. Conducted bi-weekly sales and motivational meetings. Established and maintained key relationships with microcap companies in need of funding. Presented complex investment strategies to high net worth clients. Reviewed client accounts to ensure acceptability on KYC laws.

Key Accomplishments:
    *    Played an integral part in increasing revenue production by 9% within the first six months of the company being in business.</Description>
<StartDate id='17_3_1'><YearMonth>2010-07</YearMonth></StartDate>
<EndDate id='17_3_2'>notApplicable</EndDate>



<JobLevelInfo>
<JobGrade>joblevel-management-senior</JobGrade>
</JobLevelInfo>

<JobCategory>
<TaxonomyName>JOBAREA</TaxonomyName>
<CategoryCode>banking-finance</CategoryCode>
</JobCategory>


<UserArea>
<DaxPositionHistoryUserArea>
<TLSPAN first_id='17' last_id='23' border_id='26'></TLSPAN>
<MonthsOfWork>14</MonthsOfWork>
</DaxPositionHistoryUserArea>
</UserArea>
</PositionHistory>
</EmployerOrg>

<EmployerOrg employerOrgType='soleEmployer'>

<PositionHistory positionType='PERMANENT'>
<Title id='27_1_1'>Assistant Branch Manager</Title>




<Description>Ensured client and consultant relationship stayed within compliance and regulatory guidelines. Lead team in implementation of client development and management techniques. Executed client orders in the trading system.
Key Accomplishments:
    *    Directly trained and co-managed team of nine advisors.</Description>
<StartDate id='27_2_1'><Year>2007</Year></StartDate>
<EndDate id='27_2_2'><Year>2010</Year></EndDate>



<JobLevelInfo>
<JobGrade>joblevel-management-low</JobGrade>
</JobLevelInfo>

<JobCategory>
<TaxonomyName>JOBAREA</TaxonomyName>
<CategoryCode>retail</CategoryCode>
</JobCategory>


<UserArea>
<DaxPositionHistoryUserArea>
<Umbrella>26_1</Umbrella>
<TLSPAN first_id='27' last_id='29' border_id='30'></TLSPAN>
<MonthsOfWork>36</MonthsOfWork>
</DaxPositionHistoryUserArea>
</UserArea>
</PositionHistory>
</EmployerOrg>

<EmployerOrg employerOrgType='soleEmployer'>

<PositionHistory positionType='PERMANENT'>
<Title id='30_1_1'>Account Executive</Title>




<Description>Developed client base through network and telephone marketing. Functioned as the options principal for a branch of twenty. Ensured client satisfaction through specialized  investment  recommendations based on economic trends while maintaining clients' objectives. Prepared individualized P&#38;L statements and projections through the use of Microsoft Excel.

Key Accomplishments:
    *    Consistently performed above quotas which led to the promotion of Assistant Branch Manager.</Description>
<StartDate id='30_2_1'><Year>2005</Year></StartDate>
<EndDate id='30_2_2'><Year>2007</Year></EndDate>




<JobCategory>
<TaxonomyName>JOBAREA</TaxonomyName>
<CategoryCode>sales</CategoryCode>
</JobCategory>


<UserArea>
<DaxPositionHistoryUserArea>
<Umbrella>26_1</Umbrella>
<TLSPAN first_id='30' last_id='32' border_id='0'></TLSPAN>
<MonthsOfWork>24</MonthsOfWork>
</DaxPositionHistoryUserArea>
</UserArea>
</PositionHistory>
</EmployerOrg>

</EmploymentHistory>
<EducationHistory>
<SchoolOrInstitution schoolType='college'>




<Degree degreeType='some college'>
<DegreeName id='38_1'>FINRA Series 24</DegreeName>
<DegreeDate id='38_2'><Year>2007</Year></DegreeDate>
</Degree>





</SchoolOrInstitution>

<SchoolOrInstitution schoolType='college'>








<DatesOfAttendance>
<StartDate><AnyDate>notKnown</AnyDate></StartDate>
<EndDate id='37'><Year>2006</Year></EndDate>
</DatesOfAttendance>

</SchoolOrInstitution>

<SchoolOrInstitution schoolType='university'>
<SchoolName id='34_3'>St. Johns University</SchoolName>
<LocationSummary id='34_4'>
<Municipality>Jamaica</Municipality>
<Region>N.Y</Region>
<CountryCode>US</CountryCode>
</LocationSummary>


<Degree degreeType='bachelors'>
<DegreeName id='34_1'>Bachelor of Science</DegreeName>
<DegreeDate id='34_2'><Year>2005</Year></DegreeDate>
</Degree>
<Major id='34_1'>Finance</Major>

<Measure>
<MeasureValue id='34_5_1'>Cumulative GPA 3.52</MeasureValue>
</Measure>



</SchoolOrInstitution>

</EducationHistory>











<Competency oids='29 ' description='Skill' auth='no' name='implementation of client development and management techniques'>
<CompetencyEvidence name='Extent of Experience' typeDescription='Extent of Experience' type='MONTH' lastUsed='2010'><NumericValue description='MONTH'>36</NumericValue></CompetencyEvidence>

<CompetencyWeight type='skillLevel'><NumericValue minValue='0' maxValue='100'>93</NumericValue></CompetencyWeight>

<CompetencyWeight type='skillProficiency'><StringValue minValue='BASIC' maxValue='EXCELLENT'>EXCELLENT</StringValue></CompetencyWeight>
</Competency>

<Competency oids='9 ' description='Skill' auth='no' name='advisory experience'>
<CompetencyWeight type='skillLevel'><NumericValue minValue='0' maxValue='100'>88</NumericValue></CompetencyWeight>

<CompetencyWeight type='skillProficiency'><StringValue minValue='BASIC' maxValue='EXCELLENT'>EXCELLENT</StringValue></CompetencyWeight>
</Competency>

<Competency oids='13 ' description='Skill' auth='yes' name='Team Management'>
<CompetencyEvidence typeDescription='Alias' name='Alias'><StringValue>Team Leadership</StringValue></CompetencyEvidence>

<CompetencyWeight type='skillLevel'><NumericValue minValue='0' maxValue='100'>13</NumericValue></CompetencyWeight>
</Competency>

<Competency oids='12 ' description='Skill' auth='yes' name='System Strategy'>
<CompetencyEvidence typeDescription='Alias' name='Alias'><StringValue>Strategic Planning</StringValue></CompetencyEvidence>

<CompetencyWeight type='skillLevel'><NumericValue minValue='0' maxValue='100'>13</NumericValue></CompetencyWeight>
</Competency>

<Competency oids='10 ' description='Skill' auth='yes' name='Risk Management'>
<CompetencyWeight type='skillLevel'><NumericValue minValue='0' maxValue='100'>13</NumericValue></CompetencyWeight>
</Competency>

<Competency oids='11 ' description='Skill' auth='yes' name='Profit and Loss Accounts'>
<CompetencyEvidence typeDescription='Alias' name='Alias'><StringValue>P&#38;L</StringValue></CompetencyEvidence>

<CompetencyWeight type='skillLevel'><NumericValue minValue='0' maxValue='100'>13</NumericValue></CompetencyWeight>
</Competency>

<Competency oids='19 ' description='Skill' auth='yes' name='Payroll'>
<CompetencyEvidence name='Extent of Experience' typeDescription='Extent of Experience' type='MONTH' lastUsed='2011'><NumericValue description='MONTH'>14</NumericValue></CompetencyEvidence>

<CompetencyWeight type='skillLevel'><NumericValue minValue='0' maxValue='100'>100</NumericValue></CompetencyWeight>

<CompetencyWeight type='skillProficiency'><StringValue minValue='BASIC' maxValue='EXCELLENT'>EXCELLENT</StringValue></CompetencyWeight>
</Competency>

<Competency oids='31 ' description='Skill > IT' auth='yes' name='Microsoft Excel'>
<CompetencyEvidence name='Extent of Experience' typeDescription='Extent of Experience' type='MONTH' lastUsed='2007'><NumericValue description='MONTH'>24</NumericValue></CompetencyEvidence>

<CompetencyWeight type='skillLevel'><NumericValue minValue='0' maxValue='100'>55</NumericValue></CompetencyWeight>

<CompetencyWeight type='skillProficiency'><StringValue minValue='BASIC' maxValue='EXCELLENT'>WORKING</StringValue></CompetencyWeight>
</Competency>

<Competency oids='21 ' description='Skill' auth='yes' name='FSA Know Your Client'>
<CompetencyEvidence name='Extent of Experience' typeDescription='Extent of Experience' type='MONTH' lastUsed='2011'><NumericValue description='MONTH'>14</NumericValue></CompetencyEvidence>

<CompetencyEvidence typeDescription='Alias' name='Alias'><StringValue>KYC</StringValue></CompetencyEvidence>

<CompetencyWeight type='skillLevel'><NumericValue minValue='0' maxValue='100'>98</NumericValue></CompetencyWeight>

<CompetencyWeight type='skillProficiency'><StringValue minValue='BASIC' maxValue='EXCELLENT'>EXCELLENT</StringValue></CompetencyWeight>
</Competency>

<Competency oids='24 ' description='Skill' auth='yes' name='Asset Allocation'>
<CompetencyEvidence typeDescription='Alias' name='Alias'><StringValue>ASSET MANAGEMENT</StringValue></CompetencyEvidence>

<CompetencyWeight type='skillLevel'><NumericValue minValue='0' maxValue='100'>13</NumericValue></CompetencyWeight>
</Competency>

<Competency oids='20 ' description='Skill' auth='yes' name='Anti-Money Laundering'>
<CompetencyEvidence name='Extent of Experience' typeDescription='Extent of Experience' type='MONTH' lastUsed='2011'><NumericValue description='MONTH'>14</NumericValue></CompetencyEvidence>

<CompetencyEvidence typeDescription='Alias' name='Alias'><StringValue>AML</StringValue></CompetencyEvidence>

<CompetencyWeight type='skillLevel'><NumericValue minValue='0' maxValue='100'>99</NumericValue></CompetencyWeight>

<CompetencyWeight type='skillProficiency'><StringValue minValue='BASIC' maxValue='EXCELLENT'>EXCELLENT</StringValue></CompetencyWeight>
</Competency>

<Competency oids='14 ' description='Skill' auth='no' name='Analytical Skills'>
<CompetencyEvidence typeDescription='Alias' name='Alias'><StringValue>Excellent Analytical Skills</StringValue></CompetencyEvidence>

<CompetencyWeight type='skillLevel'><NumericValue minValue='0' maxValue='100'>88</NumericValue></CompetencyWeight>

<CompetencyWeight type='skillProficiency'><StringValue minValue='BASIC' maxValue='EXCELLENT'>EXCELLENT</StringValue></CompetencyWeight>
</Competency>

<Competency oids='7_1 28_1 ' description='Held Position' auth='no' name='consultant'>
<CompetencyEvidence name='Extent of Experience' typeDescription='Extent of Experience' type='MONTH' lastUsed='2010'><NumericValue description='MONTH'>36</NumericValue></CompetencyEvidence>

<CompetencyWeight type='skillLevel'><NumericValue minValue='0' maxValue='100'>93</NumericValue></CompetencyWeight>

<CompetencyWeight type='skillProficiency'><StringValue minValue='BASIC' maxValue='EXCELLENT'>EXCELLENT</StringValue></CompetencyWeight>
</Competency>

<Competency oids='18_1 ' description='Held Position' auth='yes' name='VP'>
<CompetencyEvidence name='Extent of Experience' typeDescription='Extent of Experience' type='MONTH' lastUsed='2011'><NumericValue description='MONTH'>14</NumericValue></CompetencyEvidence>

<CompetencyEvidence typeDescription='Alias' name='Alias'><StringValue>Vice President</StringValue></CompetencyEvidence>

<CompetencyWeight type='skillLevel'><NumericValue minValue='0' maxValue='100'>100</NumericValue></CompetencyWeight>

<CompetencyWeight type='skillProficiency'><StringValue minValue='BASIC' maxValue='EXCELLENT'>EXCELLENT</StringValue></CompetencyWeight>
</Competency>

<Competency oids='27_1_1 ' description='Held Position' auth='no' name='Assistant Branch Manager'>
<CompetencyEvidence name='Extent of Experience' typeDescription='Extent of Experience' type='MONTH' lastUsed='2010'><NumericValue description='MONTH'>36</NumericValue></CompetencyEvidence>

<CompetencyWeight type='skillLevel'><NumericValue minValue='0' maxValue='100'>93</NumericValue></CompetencyWeight>

<CompetencyWeight type='skillProficiency'><StringValue minValue='BASIC' maxValue='EXCELLENT'>EXCELLENT</StringValue></CompetencyWeight>
</Competency>

<Competency oids='30_1_1 ' description='Held Position' auth='no' name='Account Executive'>
<CompetencyEvidence name='Extent of Experience' typeDescription='Extent of Experience' type='MONTH' lastUsed='2007'><NumericValue description='MONTH'>24</NumericValue></CompetencyEvidence>

<CompetencyWeight type='skillLevel'><NumericValue minValue='0' maxValue='100'>55</NumericValue></CompetencyWeight>

<CompetencyWeight type='skillProficiency'><StringValue minValue='BASIC' maxValue='EXCELLENT'>WORKING</StringValue></CompetencyWeight>
</Competency>

<Competency oids='35 ' description='Degree/Qualification > Professional' auth='no' name='FINRA Series 7'>
<CompetencyWeight type='skillLevel'><NumericValue minValue='0' maxValue='100'>12</NumericValue></CompetencyWeight>
</Competency>

<Competency oids='38_1 ' description='Degree/Qualification > Professional' auth='no' name='FINRA Series 24'>
<CompetencyWeight type='skillLevel'><NumericValue minValue='0' maxValue='100'>12</NumericValue></CompetencyWeight>
</Competency>

<Competency oids='34_1 ' description='Degree/Qualification' auth='yes' name='Bachelors Degree > Bachelor of Science > Bachelor of Science Finance'>
<CompetencyEvidence name='Application' typeDescription='Application' type='Finance'><StringValue>Finance</StringValue></CompetencyEvidence>

<CompetencyEvidence typeDescription='Alias' name='Alias'><StringValue>Bachelor of Science, Finance</StringValue></CompetencyEvidence>

<CompetencyWeight type='skillLevel'><NumericValue minValue='0' maxValue='100'>12</NumericValue></CompetencyWeight>
</Competency>

<Competency description='Industry' auth='yes' name='industry~banking-finance'>
<CompetencyEvidence name='skillCount' typeDescription='skillCount'><NumericValue>1</NumericValue></CompetencyEvidence>

<CompetencyWeight type='skillLevel'><NumericValue minValue='0' maxValue='100'>100</NumericValue></CompetencyWeight>
</Competency>























<RevisionDate id='1'>2011-08-31</RevisionDate>
</StructuredXMLResume>
<NonXMLResume>

<TextResume>



<span inprof='n' id='1' class='date'>{{DOCUMENT_DATESTAMP}} 2011-8-31 {{END_DOCUMENT_DATESTAMP}}</span>


<span inprof='y' id='2' class='nominal'>Kevin Church</span>
<span inprof='y' id='3' class='location'>137-04 257th street
Rosedale, NY, 11422</span>
<span inprof='y' id='4' class='email'>kchurch09@gmail.com</span> - <span inprof='y' id='5' class='telephone'>917.804.0274</span>


QUALIFICATIONS PROFILE
Performance driven, self motivated and <span inprof='n' id='6' class='company'>ethical financial</span> <span inprof='y' id='7_1' class='role'>consultant</span> with <span inprof='n' id='8' class='duration'>6 years</span> of investment <span inprof='y' id='9' class='skill'>advisory experience</span> and a proven ability to manage and achieve revenue generation goals in a dynamic environment.

CORE PROFESSIONAL EXPERTISE
<span inprof='y' id='10' class='skill'>Risk Management</span>        <span inprof='y' id='11' class='skill'>P&#38;L</span> Management                         Excellent Communicator
Prospecting                  Relationship Development            Financial and <span inprof='y' id='12' class='skill'>Strategic Planning</span>
<span inprof='y' id='13' class='skill'>Team Leadership</span>         <span inprof='y' id='14' class='skill'>Excellent Analytical Skills</span>             Supervision of Client <span inprof='n' id='15' class='industry-sector'>Correspondence
Industry</span> Knowledge     Review of Client Performance       Diffusing of Client Grievances


<span inprof='n' id='16' class='work-hist-mark'>PROFESSIONAL EXPERIENCE</span>

<span inprof='y' id='17_1' class='company'>ADAMS WEALTH MANAGEMENT (OSJ under Caldwell International Securities)</span>, <span inprof='y' id='17_2' class='location'>New York, New York</span>
<span inprof='y' id='17_3_1' class='date'>July 2010</span>-<span inprof='y' id='17_3_2' class='date'>Present</span>
Helped build a solid foundation for the establishment of this Office of Supervisory Jurisdiction within the brokerage industry.

<span inprof='y' id='18_1' class='role'>Vice President</span>
Oversee securities transactions, option trades, margin accounts and team <span inprof='y' id='19' class='skill'>payroll</span> througha detailed oriented aptitude. Overtook and handled underperforming client accounts.Performed <span inprof='y' id='20' class='skill'>AML</span> investigations and reviewed suspicious activity. Conducted bi-weekly sales and motivational meetings. Established and maintained key relationships with microcap companies in need of funding. Presented complex investment strategies to high net worth clients. Reviewed client accounts to ensure acceptability on <span inprof='y' id='21' class='skill'>KYC</span> laws.

Key Accomplishments:
    *         Played an integral part in increasing revenue production by <span inprof='n' id='22' class='percent'>9%</span> within the first <span inprof='n' id='23' class='duration'>six months</span> of the company being in business.


E1 <span inprof='y' id='24' class='skill'>ASSET MANAGEMENT</span>, <span inprof='y' id='25' class='location'>New York, New York</span>
<span inprof='n' id='26' class='date-range'>February 2005- July 2010</span>

<span inprof='y' id='27_1_1' class='role'>Assistant Branch Manager</span> (<span inprof='y' id='27_2_1' class='date'>2007</span>-<span inprof='y' id='27_2_2' class='date'>2010</span>)
Ensured client and <span inprof='y' id='28_1' class='role'>consultant</span> relationship stayed within compliance and regulatory guidelines. Lead team in <span inprof='y' id='29' class='skill'>implementation of client development and management techniques</span>. Executed client orders in the trading system.

Key Accomplishments:
    *         Directly trained and co-managed team of nine advisors.


<span inprof='y' id='30_1_1' class='role'>Account Executive</span>(<span inprof='y' id='30_2_1' class='date'>2005</span>-<span inprof='y' id='30_2_2' class='date'>2007</span>)
Developed client base through network and telephone marketing. Functioned as the options principal for a branch of twenty. Ensured client satisfaction through specialized  investment  recommendations based on economic trends while maintaining clients' objectives. Prepared individualized P&#38;L statements and projections through the use of <span inprof='y' id='31' class='sofwr'>Microsoft Excel</span>.

Key Accomplishments:
    *         Consistently performed above quotas which led to the promotion <span inprof='n' id='32' class='bad-occupation'>of Assistant Branch Manager</span>.



<span inprof='n' id='33' class='edu-hist-mark'>EDUCATION AND CREDENTIALS</span>

<span inprof='y' id='34_1' class='qualif'>Bachelor of Science, Finance</span> (<span inprof='y' id='34_2' class='date'>2005</span>)
<span inprof='y' id='34_3' class='educational'>St. Johns University</span>, <span inprof='y' id='34_4' class='location'>Jamaica, N.Y.</span>
<span inprof='y' id='34_5_1' class='degree-measure'>Cumulative GPA 3.52</span>

Professional Licenses:
    *         <span inprof='y' id='35' class='qualif'>FINRA Series 7</span>, <span inprof='y' id='36' class='date'>63 (2005)</span>
    *         FINRA Series   4       <span inprof='y' id='37' class='date'>(2006)</span>
    *         <span inprof='y' id='38_1' class='qualif'>FINRA Series  24</span>      (<span inprof='y' id='38_2' class='date'>2007</span>)

</TextResume>

</NonXMLResume>



<UserArea>
<DaxResumeUserArea>
<AdditionalPersonalData>
<ExperienceSummary>
<TotalMonthsOfWorkExperience>74</TotalMonthsOfWorkExperience>
<TotalYearsOfWorkExperience>6</TotalYearsOfWorkExperience>
<TotalMonthsOfManagementWorkExperience>50</TotalMonthsOfManagementWorkExperience>
<TotalYearsOfManagementWorkExperience>4.1</TotalYearsOfManagementWorkExperience>
<TotalMonthsOfSeniorManagementWorkExperience>14</TotalMonthsOfSeniorManagementWorkExperience>
<TotalYearsOfSeniorManagementWorkExperience>1.1</TotalYearsOfSeniorManagementWorkExperience>
<TotalMonthsOfLowLevelManagementWorkExperience>36</TotalMonthsOfLowLevelManagementWorkExperience>
<TotalYearsOfLowLevelManagementWorkExperience>3</TotalYearsOfLowLevelManagementWorkExperience>
<ExecutiveBrief>Kevin Church is a resident of Rosedale, NY, US. He has been working in the Banking-finance  occupational sector for more than 6 years. Currently he is employed as a Vice President at ADAMS WEALTH MANAGEMENT. Kevin has an extensive management experience (4.1 years) with exposure to senior management positions.</ExecutiveBrief>
<ManagementRecord>Currently since 2010-07 the candidate had experience at a senior management level working as a Vice President at ADAMS WEALTH MANAGEMENT.
Since 2007 for 36 months the candidate had experience at a lower grade management level working as a Assistant Branch Manager.
</ManagementRecord>
</ExperienceSummary>
</AdditionalPersonalData>
<ParserInfo>
<ParserConfiguration>{max_len=50000} {tel_flag=} {send_zip=} {fast_conv=} {DEF_LOCAL=} {sdate=0} {no_email_body=0} {do_clever_zoning=1} {keep_span=1} {complex=1} {accept_langs=} {not_accept_langs=} {prefer_lang_cv=EN} {pers_only=0} {turbo=0} {split_language=0} {picture=0} {picture_inline=0} {name_space=0} {charset=} {hrxml_upgrade_edu_hist=0}{hrxml_add_languages_section=0}{spool=} {docID=} {user=DEFAULT} </ParserConfiguration>
<ParserRelease>0.12.3.32629</ParserRelease>
<ParserReleaseDate>2014-06-18</ParserReleaseDate>
<ParserSchema>2.0.29</ParserSchema>
<ParserSchemaLocation>http://cvx.daxtra.com/cvts/xsd/candidate/2.0.29/Resume.xsd</ParserSchemaLocation>
<ConverterRelease>0.5.2.32629</ConverterRelease>
<ConverterReleaseDate>2014-06-18</ConverterReleaseDate>
</ParserInfo>
<FileStruct filename='/home/izoom/anazarov/grammar/analysis/3rconnect/doc/100_Resumes-Walsh/Kevin Church.doc'>

<attachment fname='Kevin Church.doc' ftype='doc' conv='yes' doc_type='cv' lang='EN'>/home/izoom/anazarov/grammar/analysis/3rconnect/doc/100_Resumes-Walsh/Kevin Church.doc</attachment>


</FileStruct>
</DaxResumeUserArea>
</UserArea>
</Resume>
