<?xml version='1.0' encoding='ISO-8859-1'?>
<Resume lang='en' src='DAXTRA-CVX schema:2.0.29 release:0.12.3.32629 rdate:2014-06-18'>
<StructuredXMLResume>
<ContactInfo>
<PersonName id='2'>
<FormattedName>Saman Koohmaraie</FormattedName>
<GivenName>Saman</GivenName>
<FamilyName>Koohmaraie</FamilyName>
<sex>Female</sex>
</PersonName>
<ContactMethod>
<Telephone id='4' type='home'>
<InternationalCountryCode>1</InternationalCountryCode>
<SubscriberNumber>817 995-0940</SubscriberNumber>
<FormattedNumber>+1 817 995-0940</FormattedNumber></Telephone>

<InternetEmailAddress id='5' type='main'>saman@koohmaraie.com</InternetEmailAddress>
<PostalAddress id='3' type='main'>
<CountryCode>US</CountryCode>
<PostalCode>11207</PostalCode>
<Region>NY</Region>
<Municipality>Brooklyn</Municipality>
<DeliveryAddress>
<AddressLine>1029 Halsey Street</AddressLine>
<StreetName>Halsey Street</StreetName>
<BuildingNumber>1029</BuildingNumber>
</DeliveryAddress>

</PostalAddress>
</ContactMethod>
</ContactInfo>


<EmploymentHistory>
<EmployerOrg employerOrgType='soleEmployer'>
<EmployerOrgName id='17_1'>Glass, Lewis &#38; Co.</EmployerOrgName>
<EmployerContactInfo>
<LocationSummary id='17_2'>
<Municipality>New York</Municipality>
<Region>NY</Region>
<CountryCode>US</CountryCode>
</LocationSummary>
</EmployerContactInfo>
<PositionHistory>
<Title id='17_4_1'>Research Associate</Title>
<OrgName id='17_1'>Glass, Lewis &#38; Co.</OrgName>



<Description>* Analyze security filings of publicly listed companies to determine whether executive compensation 
    programs align with shareholders best interests; including, pay-per-performance alignment, performance 
    award methodologies, peer group comparison, M&#38;A benefits, severance and sign-on packages 
    * Provide recommendations to institutional shareholder clients on executive compensation proposals that are 
    put forward for vote at shareholder meetings 
    * Manage a team of three members that focuses on French and Belgian companies</Description>
<StartDate id='17_3_1'><YearMonth>2013-02</YearMonth></StartDate>
<EndDate id='17_3_2'>notApplicable</EndDate>




<JobCategory>
<TaxonomyName>JOBAREA</TaxonomyName>
<CategoryCode>edu~higher</CategoryCode>
</JobCategory>


<UserArea>
<DaxPositionHistoryUserArea>
<TLSPAN first_id='17' last_id='19' border_id='20'></TLSPAN>
<MonthsOfWork>2</MonthsOfWork>
</DaxPositionHistoryUserArea>
</UserArea>
</PositionHistory>
</EmployerOrg>

<EmployerOrg employerOrgType='soleEmployer'>
<EmployerOrgName id='20_1'>Uhde Shedden</EmployerOrgName>
<EmployerContactInfo>
<LocationSummary id='20_3'>
<Municipality>Bangkok</Municipality>
<CountryCode>TH</CountryCode>
</LocationSummary>
</EmployerContactInfo>
<PositionHistory positionType='CONTRACT'>
<Title id='20_5_1'>Assistant Financial Analyst</Title>
<OrgName id='20_2'>ThyssenKrupp</OrgName>



<Description>* Conducted extensive market research for the establishment of a $5 million oil and gas project in Vietnam, 
    completing relevant feasibility analysis and developing a business proposal with a five-year outlook 
    * Prepared the quarterly financial report, balancing and analyzing the statements of profits and losses ; 
    * Collected and analyzed relevant market data; built financial models and reports to summarize findings ; 
    * Compared, analyzed, and reconciled revenue records in the financial summary, using pivot tables and vlookups, with data recorded in the accounting software program ; 
    * Developed a comprehensive report on the expandability of the oil and gas industry in Indonesia and 
    presented the results to senior partners</Description>
<StartDate id='20_4'><Year>2011</Year></StartDate>
<EndDate id='20_4'><Year>2011</Year></EndDate>



<JobLevelInfo>
<JobGrade>joblevel-nonmanager-low</JobGrade>
</JobLevelInfo>

<JobCategory>
<TaxonomyName>JOBAREA</TaxonomyName>
<CategoryCode>oil-gas</CategoryCode>
</JobCategory>


<UserArea>
<DaxPositionHistoryUserArea>
<TLSPAN first_id='20' last_id='26' border_id='27'></TLSPAN>
<MonthsOfWork>7</MonthsOfWork>
</DaxPositionHistoryUserArea>
</UserArea>
</PositionHistory>
</EmployerOrg>

<EmployerOrg employerOrgType='soleEmployer'>
<EmployerOrgName id='27_1'>Ship Shape Investments</EmployerOrgName>
<EmployerContactInfo>
<LocationSummary id='27_2'>
<Municipality>London</Municipality>
<CountryCode>UK</CountryCode>
</LocationSummary>
</EmployerContactInfo>
<PositionHistory positionType='Intern'>
<Title id='27_4_1'>Real Estate Analyst</Title>
<OrgName id='27_1'>Ship Shape Investments</OrgName>



<Description>* Drafted a pitch book for a potential $1M equity investment in a proposed development, including an 
    executive summary, investment highlights, market overviews, financing assumptions and return projections 
    * Researched and analyzed the London property market and its legislation, generating a report on over 600
    properties that the company used to expand its residential real estate portfolio throughout London
    * Evaluated several apartment complexes and multifamily properties by projecting annualized net operating 
    income and researching capitalization rates of comparable properties in the area 
    * Created portfolio summaries including asset allocation, historical returns, and future investment strategies ; 
    * Conducted competitive market analysis for all major residential property types and monitored market 
    trends to identify potential risks</Description>
<StartDate id='27_3'><Year>2010</Year></StartDate>
<EndDate id='27_3'><Year>2010</Year></EndDate>




<JobCategory>
<TaxonomyName>JOBAREA</TaxonomyName>
<CategoryCode>property</CategoryCode>
</JobCategory>


<UserArea>
<DaxPositionHistoryUserArea>
<TLSPAN first_id='27' last_id='36' border_id='0'></TLSPAN>
<MonthsOfWork>7</MonthsOfWork>
</DaxPositionHistoryUserArea>
</UserArea>
</PositionHistory>
</EmployerOrg>

</EmploymentHistory>
<EducationHistory>
<SchoolOrInstitution schoolType='university'>
<SchoolName id='7_1'>University of Southern California</SchoolName>
<LocationSummary id='7_2'>
<Municipality>Los Angeles</Municipality>
<Region>CA</Region>
<CountryCode>US</CountryCode>
</LocationSummary>

<OrganizationUnit organizationType='unit'>Marshall School of Business</OrganizationUnit>
<Degree degreeType='bachelors'>
<DegreeName id='7_4'>Bachelor of Science in Business Administration</DegreeName>
<DegreeDate id='7_3'><YearMonth>2012-05</YearMonth></DegreeDate>
</Degree>
<Major id='8'>Finance</Major>

<Measure>
<MeasureValue id='8'>Cumulative GPA: 3.0</MeasureValue>
</Measure>


<Comments>Cumulative GPA: 3.0 Major GPA: 3.2
    * Relevant Coursework: Investments, Business Finance, Financial and Managerial Accounting, Spreadsheet
    Applications, Financial Derivatives, Applied Business Statistics, Strategic Management</Comments>
</SchoolOrInstitution>

<SchoolOrInstitution schoolType='university'>
<SchoolName id='12_1'>University of St. Gallen</SchoolName>
<LocationSummary id='12_2'>
<Municipality>St. Gallen</Municipality>
<CountryCode>CH</CountryCode>
</LocationSummary>






<DatesOfAttendance>
<StartDate><AnyDate>notKnown</AnyDate></StartDate>
<EndDate id='12_3'><Year>2011</Year></EndDate>
</DatesOfAttendance>
<Comments>Spent the semester at one of Europe's premier business schools; earned the highest results in Masters level courses in
Private Equity, Corporate Restructuring, Management Consulting, and Market Microstructure</Comments>
</SchoolOrInstitution>

</EducationHistory>











<Competency oids='32 36 ' description='Skill' auth='yes' name='Residential Property'>
<CompetencyEvidence name='Extent of Experience' typeDescription='Extent of Experience' type='MONTH' lastUsed='2010'><NumericValue description='MONTH'>7</NumericValue></CompetencyEvidence>

<CompetencyEvidence typeDescription='Alias' name='Alias'><StringValue>residential real estate</StringValue></CompetencyEvidence>

<CompetencyWeight type='skillLevel'><NumericValue minValue='0' maxValue='100'>71</NumericValue></CompetencyWeight>

<CompetencyWeight type='skillProficiency'><StringValue minValue='BASIC' maxValue='EXCELLENT'>GOOD</StringValue></CompetencyWeight>
</Competency>

<Competency oids='21 ' description='Skill' auth='no' name='market research'>
<CompetencyEvidence name='Extent of Experience' typeDescription='Extent of Experience' type='MONTH' lastUsed='2011'><NumericValue description='MONTH'>7</NumericValue></CompetencyEvidence>

<CompetencyEvidence typeDescription='Alias' name='Alias'><StringValue>extensive market research</StringValue></CompetencyEvidence>

<CompetencyWeight type='skillLevel'><NumericValue minValue='0' maxValue='100'>92</NumericValue></CompetencyWeight>

<CompetencyWeight type='skillProficiency'><StringValue minValue='BASIC' maxValue='EXCELLENT'>EXCELLENT</StringValue></CompetencyWeight>
</Competency>

<Competency oids='19 ' description='Skill' auth='yes' name='Team Management'>
<CompetencyEvidence name='Extent of Experience' typeDescription='Extent of Experience' type='MONTH' lastUsed='2013'><NumericValue description='MONTH'>2</NumericValue></CompetencyEvidence>

<CompetencyEvidence typeDescription='Alias' name='Alias'><StringValue>Manage a team</StringValue></CompetencyEvidence>

<CompetencyWeight type='skillLevel'><NumericValue minValue='0' maxValue='100'>99</NumericValue></CompetencyWeight>

<CompetencyWeight type='skillProficiency'><StringValue minValue='BASIC' maxValue='EXCELLENT'>EXCELLENT</StringValue></CompetencyWeight>
</Competency>

<Competency oids='11 ' description='Skill' auth='yes' name='Strategic Management'>
<CompetencyWeight type='skillLevel'><NumericValue minValue='0' maxValue='100'>14</NumericValue></CompetencyWeight>
</Competency>

<Competency oids='31 ' description='Skill' auth='yes' name='Property Market'>
<CompetencyEvidence name='Extent of Experience' typeDescription='Extent of Experience' type='MONTH' lastUsed='2010'><NumericValue description='MONTH'>7</NumericValue></CompetencyEvidence>

<CompetencyWeight type='skillLevel'><NumericValue minValue='0' maxValue='100'>72</NumericValue></CompetencyWeight>

<CompetencyWeight type='skillProficiency'><StringValue minValue='BASIC' maxValue='EXCELLENT'>GOOD</StringValue></CompetencyWeight>
</Competency>

<Competency oids='14 ' description='Skill' auth='yes' name='Private Equity'>
<CompetencyWeight type='skillLevel'><NumericValue minValue='0' maxValue='100'>14</NumericValue></CompetencyWeight>
</Competency>

<Competency oids='49 ' description='Skill > Language' auth='yes' name='Persian'>
<CompetencyWeight type='skillLevel'><NumericValue minValue='0' maxValue='100'>91</NumericValue></CompetencyWeight>

<CompetencyWeight type='skillProficiency'><StringValue minValue='BASIC' maxValue='EXCELLENT'>EXCELLENT</StringValue></CompetencyWeight>
</Competency>

<Competency oids='46 ' description='Skill > IT' auth='yes' name='Microsoft Word'>
<CompetencyEvidence typeDescription='Alias' name='Alias'><StringValue>Word</StringValue></CompetencyEvidence>

<CompetencyWeight type='skillLevel'><NumericValue minValue='0' maxValue='100'>91</NumericValue></CompetencyWeight>

<CompetencyWeight type='skillProficiency'><StringValue minValue='BASIC' maxValue='EXCELLENT'>EXCELLENT</StringValue></CompetencyWeight>
</Competency>

<Competency oids='47 ' description='Skill > IT' auth='yes' name='Microsoft PowerPoint'>
<CompetencyEvidence typeDescription='Alias' name='Alias'><StringValue>PowerPoint</StringValue></CompetencyEvidence>

<CompetencyWeight type='skillLevel'><NumericValue minValue='0' maxValue='100'>91</NumericValue></CompetencyWeight>

<CompetencyWeight type='skillProficiency'><StringValue minValue='BASIC' maxValue='EXCELLENT'>EXCELLENT</StringValue></CompetencyWeight>
</Competency>

<Competency oids='45 ' description='Skill > IT' auth='yes' name='Microsoft Excel'>
<CompetencyEvidence typeDescription='Alias' name='Alias'><StringValue>Expert in Microsoft Excel</StringValue></CompetencyEvidence>

<CompetencyWeight type='skillLevel'><NumericValue minValue='0' maxValue='100'>91</NumericValue></CompetencyWeight>

<CompetencyWeight type='skillProficiency'><StringValue minValue='BASIC' maxValue='EXCELLENT'>EXCELLENT</StringValue></CompetencyWeight>
</Competency>

<Competency oids='18 ' description='Skill' auth='yes' name='Mergers &#38; Acquisitions'>
<CompetencyEvidence name='Extent of Experience' typeDescription='Extent of Experience' type='MONTH' lastUsed='2013'><NumericValue description='MONTH'>2</NumericValue></CompetencyEvidence>

<CompetencyEvidence typeDescription='Alias' name='Alias'><StringValue>M&#38;A</StringValue></CompetencyEvidence>

<CompetencyWeight type='skillLevel'><NumericValue minValue='0' maxValue='100'>100</NumericValue></CompetencyWeight>

<CompetencyWeight type='skillProficiency'><StringValue minValue='BASIC' maxValue='EXCELLENT'>EXCELLENT</StringValue></CompetencyWeight>
</Competency>

<Competency oids='50 ' description='Skill > Language' auth='yes' name='French'>
<CompetencyWeight type='skillLevel'><NumericValue minValue='0' maxValue='100'>52</NumericValue></CompetencyWeight>

<CompetencyWeight type='skillProficiency'><StringValue minValue='BASIC' maxValue='EXCELLENT'>INTERMEDIATE</StringValue></CompetencyWeight>
</Competency>

<Competency oids='25 ' description='Skill' auth='yes' name='Financial Modelling'>
<CompetencyEvidence name='Extent of Experience' typeDescription='Extent of Experience' type='MONTH' lastUsed='2011'><NumericValue description='MONTH'>7</NumericValue></CompetencyEvidence>

<CompetencyEvidence typeDescription='Alias' name='Alias'><StringValue>financial models</StringValue></CompetencyEvidence>

<CompetencyWeight type='skillLevel'><NumericValue minValue='0' maxValue='100'>71</NumericValue></CompetencyWeight>

<CompetencyWeight type='skillProficiency'><StringValue minValue='BASIC' maxValue='EXCELLENT'>GOOD</StringValue></CompetencyWeight>
</Competency>

<Competency oids='24 ' description='Skill' auth='yes' name='Feasibility Studies'>
<CompetencyEvidence name='Extent of Experience' typeDescription='Extent of Experience' type='MONTH' lastUsed='2011'><NumericValue description='MONTH'>7</NumericValue></CompetencyEvidence>

<CompetencyEvidence typeDescription='Alias' name='Alias'><StringValue>feasibility analysis</StringValue></CompetencyEvidence>

<CompetencyWeight type='skillLevel'><NumericValue minValue='0' maxValue='100'>72</NumericValue></CompetencyWeight>

<CompetencyWeight type='skillProficiency'><StringValue minValue='BASIC' maxValue='EXCELLENT'>GOOD</StringValue></CompetencyWeight>
</Competency>

<Competency oids='29 ' description='Skill' auth='yes' name='Equities'>
<CompetencyEvidence name='Extent of Experience' typeDescription='Extent of Experience' type='MONTH' lastUsed='2010'><NumericValue description='MONTH'>7</NumericValue></CompetencyEvidence>

<CompetencyEvidence typeDescription='Alias' name='Alias'><StringValue>equity</StringValue></CompetencyEvidence>

<CompetencyWeight type='skillLevel'><NumericValue minValue='0' maxValue='100'>72</NumericValue></CompetencyWeight>

<CompetencyWeight type='skillProficiency'><StringValue minValue='BASIC' maxValue='EXCELLENT'>GOOD</StringValue></CompetencyWeight>
</Competency>

<Competency oids='9 ' description='Skill' auth='yes' name='Derivatives'>
<CompetencyWeight type='skillLevel'><NumericValue minValue='0' maxValue='100'>14</NumericValue></CompetencyWeight>
</Competency>

<Competency oids='35 ' description='Skill' auth='no' name='Conducted competitive market analysis'>
<CompetencyEvidence name='Extent of Experience' typeDescription='Extent of Experience' type='MONTH' lastUsed='2010'><NumericValue description='MONTH'>7</NumericValue></CompetencyEvidence>

<CompetencyWeight type='skillLevel'><NumericValue minValue='0' maxValue='100'>69</NumericValue></CompetencyWeight>

<CompetencyWeight type='skillProficiency'><StringValue minValue='BASIC' maxValue='EXCELLENT'>GOOD</StringValue></CompetencyWeight>
</Competency>

<Competency oids='10 ' description='Skill' auth='no' name='Business Statistics Management'>
<CompetencyEvidence typeDescription='Alias' name='Alias'><StringValue>Business Statistics</StringValue></CompetencyEvidence>

<CompetencyWeight type='skillLevel'><NumericValue minValue='0' maxValue='100'>14</NumericValue></CompetencyWeight>
</Competency>

<Competency oids='34 ' description='Skill' auth='yes' name='Asset Allocation'>
<CompetencyEvidence name='Extent of Experience' typeDescription='Extent of Experience' type='MONTH' lastUsed='2010'><NumericValue description='MONTH'>7</NumericValue></CompetencyEvidence>

<CompetencyWeight type='skillLevel'><NumericValue minValue='0' maxValue='100'>70</NumericValue></CompetencyWeight>

<CompetencyWeight type='skillProficiency'><StringValue minValue='BASIC' maxValue='EXCELLENT'>GOOD</StringValue></CompetencyWeight>
</Competency>

<Competency oids='41_1 ' description='Held Position' auth='no' name='Treasurer'>
<CompetencyWeight type='skillLevel'><NumericValue minValue='0' maxValue='100'>14</NumericValue></CompetencyWeight>
</Competency>

<Competency oids='17_4_1 ' description='Held Position' auth='no' name='Research Associate'>
<CompetencyEvidence name='Extent of Experience' typeDescription='Extent of Experience' type='MONTH' lastUsed='2013'><NumericValue description='MONTH'>2</NumericValue></CompetencyEvidence>

<CompetencyWeight type='skillLevel'><NumericValue minValue='0' maxValue='100'>100</NumericValue></CompetencyWeight>

<CompetencyWeight type='skillProficiency'><StringValue minValue='BASIC' maxValue='EXCELLENT'>EXCELLENT</StringValue></CompetencyWeight>
</Competency>

<Competency oids='27_4_1 ' description='Held Position' auth='no' name='Real Estate Analyst'>
<CompetencyEvidence name='Extent of Experience' typeDescription='Extent of Experience' type='MONTH' lastUsed='2010'><NumericValue description='MONTH'>7</NumericValue></CompetencyEvidence>

<CompetencyWeight type='skillLevel'><NumericValue minValue='0' maxValue='100'>72</NumericValue></CompetencyWeight>

<CompetencyWeight type='skillProficiency'><StringValue minValue='BASIC' maxValue='EXCELLENT'>GOOD</StringValue></CompetencyWeight>
</Competency>

<Competency oids='39_1 ' description='Held Position' auth='no' name='President'>
<CompetencyWeight type='skillLevel'><NumericValue minValue='0' maxValue='100'>14</NumericValue></CompetencyWeight>
</Competency>

<Competency oids='20_5_1 ' description='Held Position' auth='no' name='Assistant Financial Analyst'>
<CompetencyEvidence name='Extent of Experience' typeDescription='Extent of Experience' type='MONTH' lastUsed='2011'><NumericValue description='MONTH'>7</NumericValue></CompetencyEvidence>

<CompetencyWeight type='skillLevel'><NumericValue minValue='0' maxValue='100'>72</NumericValue></CompetencyWeight>

<CompetencyWeight type='skillProficiency'><StringValue minValue='BASIC' maxValue='EXCELLENT'>GOOD</StringValue></CompetencyWeight>
</Competency>

<Competency oids='7_4 8 ' description='Degree/Qualification' auth='yes' name='Bachelors Degree > Bachelor of Science in Business Administration'>
<CompetencyEvidence name='Application' typeDescription='Application' type='Finance'><StringValue>Finance</StringValue></CompetencyEvidence>

<CompetencyEvidence typeDescription='Alias' name='Alias'><StringValue>Bachelor of Science in Business Administration</StringValue></CompetencyEvidence>

<CompetencyWeight type='skillLevel'><NumericValue minValue='0' maxValue='100'>12</NumericValue></CompetencyWeight>

<CompetencyWeight type='skillProficiency'><StringValue minValue='BASIC' maxValue='EXCELLENT'>Cumulative GPA: 3.0</StringValue></CompetencyWeight>
</Competency>

<Competency description='Industry' auth='yes' name='industry~edu~higher'>
<CompetencyEvidence name='skillCount' typeDescription='skillCount'><NumericValue>1</NumericValue></CompetencyEvidence>

<CompetencyWeight type='skillLevel'><NumericValue minValue='0' maxValue='100'>100</NumericValue></CompetencyWeight>
</Competency>























<RevisionDate id='1'>2013-03-28</RevisionDate>
</StructuredXMLResume>
<NonXMLResume>

<TextResume>



<span inprof='n' id='1' class='date'>{{DOCUMENT_DATESTAMP}} 2013-03-28 21:16:26 {{DOCUMENT_DATESTAMP}}</span>

<span inprof='y' id='2' class='nominal'>SAMAN KOOHMARAIE</span>                                                              <span inprof='y' id='3' class='location'>1029 Halsey Street * Brooklyn, NY 11207</span>
                                                                             <span inprof='y' id='4' class='telephone'>(817) 995-0940</span> * <span inprof='y' id='5' class='email'>saman@koohmaraie.com</span>

                                                   <span inprof='n' id='6' class='edu-hist-mark'>EDUCATION</span>

<span inprof='y' id='7_1' class='educational'>University of Southern California, Marshall School of Business</span> * <span inprof='y' id='7_2' class='location'>Los Angeles, CA</span>                  <span inprof='y' id='7_3' class='date'>May 2012</span>
<span inprof='y' id='7_4' class='qualif'>Bachelor of Science in Business Administration</span> with <span inprof='y' id='8' class='qualif'>concentration in Finance
Cumulative GPA: 3.0 Major GPA: 3.2</span>
   * Relevant Coursework: Investments, Business Finance, Financial and Managerial Accounting, Spreadsheet
       Applications, Financial <span inprof='y' id='9' class='skill'>Derivatives</span>, Applied <span inprof='y' id='10' class='skill'>Business Statistics</span>, <span inprof='y' id='11' class='skill'>Strategic Management</span>

<span inprof='y' id='12_1' class='educational'>University of St. Gallen</span> * <span inprof='y' id='12_2' class='location'>St. Gallen, Switzerland</span>                                                       <span inprof='y' id='12_3' class='date'>Spring 2011</span>
Spent the semester at one of <span inprof='n' id='13' class='location'>Europe</span>'s premier business schools; earned the highest results in Masters level courses in
<span inprof='y' id='14' class='skill'>Private Equity</span>, Corporate Restructuring, <span inprof='n' id='15' class='qualif'>Management Consulting</span>, and Market Microstructure



                                        <span inprof='n' id='16' class='work-hist-mark'>PROFESSIONAL EXPERIENCE</span>

<span inprof='y' id='17_1' class='company'>Glass, Lewis &#38; Co.</span> * <span inprof='y' id='17_2' class='location'>New York, NY</span>                                                               <span inprof='y' id='17_3_1' class='date'>Feb 2013</span>-<span inprof='y' id='17_3_2' class='date'>Present</span>
<span inprof='y' id='17_4_1' class='role'>Research Associate</span>
   * Analyze security filings of publicly listed companies to determine whether executive compensation 
        programs align with shareholders best interests; including, pay-per-performance alignment, performance 
        award methodologies, peer group comparison, <span inprof='y' id='18' class='skill'>M&#38;A</span> benefits, severance and sign-on packages 
   * Provide recommendations to institutional shareholder clients on executive compensation proposals that are 
        put forward for vote at shareholder meetings 
   * <span inprof='y' id='19' class='skill'>Manage a team</span> of three members that focuses on French and Belgian companies

<span inprof='y' id='20_1' class='company'>Uhde Shedden</span>, <span inprof='y' id='20_2' class='company'>ThyssenKrupp</span> * <span inprof='y' id='20_3' class='location'>Bangkok, Thailand</span>                                                        <span inprof='y' id='20_4' class='date'>Summer 2011</span>
<span inprof='y' id='20_5_1' class='role'>Assistant Financial Analyst</span>
    * Conducted <span inprof='y' id='21' class='skill'>extensive market research</span> for the establishment of a <span inprof='n' id='22' class='money'>$5 million</span> oil and gas project in <span inprof='n' id='23' class='location'>Vietnam</span>, 
        completing relevant <span inprof='y' id='24' class='skill'>feasibility analysis</span> and developing a business proposal with a five-year outlook 
    * Prepared the quarterly financial report, balancing and analyzing the statements of profits and losses ; 
    * Collected and analyzed relevant market data; built <span inprof='y' id='25' class='skill'>financial models</span> and reports to summarize findings ; 
    * Compared, analyzed, and reconciled revenue records in the financial summary, using pivot tables and vlookups, with data recorded in the accounting software program ; 
    * Developed a comprehensive report on the expandability of the oil and gas industry in <span inprof='n' id='26' class='location'>Indonesia</span> and 
        presented the results to senior partners

<span inprof='y' id='27_1' class='company'>Ship Shape Investments</span> * <span inprof='y' id='27_2' class='location'>London, United Kingdom</span>                                                        <span inprof='y' id='27_3' class='date'>Summer 2010</span>
<span inprof='y' id='27_4_1' class='role'>Real Estate Analyst</span> <span inprof='n' id='27_4_2' class='empl-type'>Intern</span>
   * Drafted a pitch book for a potential <span inprof='n' id='28' class='money'>$1M</span> <span inprof='y' id='29' class='skill'>equity</span> investment in a proposed development, including an 
        executive summary, investment highlights, market overviews, financing assumptions and return projections 
   * Researched and analyzed <span inprof='n' id='30' class='location'>the London</span> <span inprof='y' id='31' class='skill'>property market</span> and its legislation, generating a report on over 600
        properties that the company used to expand its <span inprof='y' id='32' class='skill'>residential real estate</span> <span inprof='n' id='33' class='internet-web-address'>portfolio throughout London</span>
   * Evaluated several apartment complexes and multifamily properties by projecting annualized net operating 
        income and researching capitalization rates of comparable properties in the area 
   * Created portfolio summaries including <span inprof='y' id='34' class='skill'>asset allocation</span>, historical returns, and future investment strategies ; 
   * <span inprof='y' id='35' class='skill'>Conducted competitive market analysis</span> for all major <span inprof='y' id='36' class='skill'>residential property</span> types and monitored market 
        trends to identify potential risks


                                            LEADERSHIP        &#38;    SKILLS

LEADERSHIP      Pi Kappa Phi National Fraternity * <span inprof='y' id='37' class='location'>Los Angeles, CA</span>                           <span inprof='n' id='38' class='date-range'>January 2010-May 2012</span>


                Founder, <span inprof='y' id='39_1' class='role'>President</span> (<span inprof='n' id='40' class='date-range'>January 2010- December 2010</span>), <span inprof='y' id='41_1' class='role'>Treasurer</span> <span inprof='n' id='42' class='date-range'>(August 2011-May 2012)</span>
                    * Directed the daily operations of the organization and worked diligently to maintain a strong 
                       relationship with the university, national representatives, and the Greek community 
                    * Managed the <span inprof='n' id='43' class='money'>$250,000</span> annual budget and oversaw all expenditures ; 
                    * Reduced expenses by <span inprof='n' id='44' class='percent'>18%</span> through effective capital allocation

TECHNICAL       <span inprof='y' id='45' class='sofwr'>Expert in Microsoft Excel</span> (Pivot Tables, V-Lookups, Macros), <span inprof='y' id='46' class='sofwr'>Word</span>, and <span inprof='y' id='47' class='sofwr'>PowerPoint</span>
<span inprof='n' id='48' class='skills-qualif-mark'>SKILLS</span>

<span inprof='y' id='49' class='skill'>LANGUAGES
Persian (Fluent)</span>, <span inprof='y' id='50' class='skill'>French (Intermediate)</span>

</TextResume>

</NonXMLResume>



<UserArea>
<DaxResumeUserArea>
<AdditionalPersonalData>
<ExperienceSummary>
<TotalMonthsOfWorkExperience>16</TotalMonthsOfWorkExperience>
<TotalYearsOfWorkExperience>1</TotalYearsOfWorkExperience>
<ExecutiveBrief>Saman Koohmaraie is a resident of Brooklyn, NY, US. She has been working in the Edu~higher  occupational sector for 16 months. Currently she is employed as a Research Associate at Glass, Lewis &amp; Co. So far Saman has not gained any managerial experience.</ExecutiveBrief>
</ExperienceSummary>
</AdditionalPersonalData>
<ParserInfo>
<ParserConfiguration>{max_len=50000} {tel_flag=} {send_zip=} {fast_conv=} {DEF_LOCAL=} {sdate=0} {no_email_body=0} {do_clever_zoning=1} {keep_span=1} {complex=1} {accept_langs=} {not_accept_langs=} {prefer_lang_cv=EN} {pers_only=0} {turbo=0} {split_language=0} {picture=0} {picture_inline=0} {name_space=0} {charset=} {hrxml_upgrade_edu_hist=0}{hrxml_add_languages_section=0}{spool=} {docID=} {user=DEFAULT} </ParserConfiguration>
<ParserRelease>0.12.3.32629</ParserRelease>
<ParserReleaseDate>2014-06-18</ParserReleaseDate>
<ParserSchema>2.0.29</ParserSchema>
<ParserSchemaLocation>http://cvx.daxtra.com/cvts/xsd/candidate/2.0.29/Resume.xsd</ParserSchemaLocation>
<ConverterRelease>0.5.2.32629</ConverterRelease>
<ConverterReleaseDate>2014-06-18</ConverterReleaseDate>
</ParserInfo>
<FileStruct filename='/home/izoom/anazarov/grammar/analysis/3rconnect/doc/100_Resumes-Walsh/Koohmaraie Resume.pdf'>

<attachment fname='Koohmaraie Resume.pdf' ftype='pdf' conv='yes' doc_type='cv' lang='EN'>/home/izoom/anazarov/grammar/analysis/3rconnect/doc/100_Resumes-Walsh/Koohmaraie Resume.pdf</attachment>


</FileStruct>
</DaxResumeUserArea>
</UserArea>
</Resume>
