<?xml version='1.0' encoding='ISO-8859-1'?>
<Resume lang='en' src='DAXTRA-CVX schema:2.0.29 release:0.12.3.32629 rdate:2014-06-18'>
<StructuredXMLResume>
<ContactInfo>
<PersonName id='2'>
<FormattedName>Laquita Khealie</FormattedName>
<GivenName>Laquita</GivenName>
<FamilyName>Khealie</FamilyName>
</PersonName>
<ContactMethod>
<Mobile id='4'>
<InternationalCountryCode>1</InternationalCountryCode>
<SubscriberNumber>347-383-1663</SubscriberNumber>
<FormattedNumber>+1 347-383-1663</FormattedNumber></Mobile>

<InternetEmailAddress id='3' oids='3 3 ' type='main'>lkhealie@gmail.com</InternetEmailAddress>
<PostalAddress id='3' type='main'>
<CountryCode>US</CountryCode>
<PostalCode>11203</PostalCode>
<Region>N.Y</Region>
<Municipality>Brooklyn</Municipality>
<DeliveryAddress>
<AddressLine>215 East 37th Street</AddressLine>
<StreetName>East 37th Street</StreetName>
<BuildingNumber>215</BuildingNumber>
</DeliveryAddress>

</PostalAddress>
</ContactMethod>
</ContactInfo>
<ExecutiveSummary>Licensed Health Insurance Agent, State of New York certified Defense Driving Instructor
Goal-oriented self-starter with proven success as a motivator and a team builder; Leader with progressive experience in all aspects of strategic partnership relationships; Creative and enthusiastic with proven success in building and managing relationships with peers, artists, patrons, and the general public.</ExecutiveSummary>


<EmploymentHistory>
<EmployerOrg employerOrgType='soleEmployer'>
<EmployerOrgName id='17'>State Farm</EmployerOrgName>
<EmployerContactInfo>
<LocationSummary id='18'>
<Municipality>Brooklyn</Municipality>
<Region>NY</Region>
<CountryCode>US</CountryCode>
</LocationSummary>
</EmployerContactInfo>
<PositionHistory positionType='PERMANENT'>
<Title id='20_1'>INSURANCE SALES REPRESENTATIVE</Title>
<OrgName id='17'>State Farm</OrgName>



<Description>Responsible for the sell of various type of insurance policies to individuals and business on behalf of insurance companies, including automobile, fire, life, property, medical and dental insurance or specialized policies. Interview prospective clients to obtain data about their financial resources and needs, the physical condition of the person or property to be insured, and to discuss any existing coverage. Called policyholder to deliver and explain policy, to analyze insurance program and suggest additions or changes, or to change beneficiaries. Ensured that policy requirements are fulfilled, including any necessary medical examinations and the completion of appropriate forms. Customize insurance programs to suit individual customers, often covering a variety of risk.
    Highlights:
    *    Licensed as a insurance agent in the state of New York for Personal Lines and Life &#38; Health ; 
    *    Remarkable experience in selling and servicing insurance products ; 
    *    Sold $10 thousand in Insurance product.</Description>
<StartDate id='19_1'><Year>2009</Year></StartDate>
<EndDate id='19_2'><Year>2012</Year></EndDate>




<JobCategory>
<TaxonomyName>JOBAREA</TaxonomyName>
<CategoryCode>insurance</CategoryCode>
</JobCategory>


<UserArea>
<DaxPositionHistoryUserArea>
<TLSPAN first_id='17' last_id='28' border_id='29'></TLSPAN>
<MonthsOfWork>36</MonthsOfWork>
</DaxPositionHistoryUserArea>
</UserArea>
</PositionHistory>
</EmployerOrg>

<EmployerOrg employerOrgType='soleEmployer'>
<EmployerOrgName id='29_1'>New York Department</EmployerOrgName>
<EmployerContactInfo>
<LocationSummary id='29_2'>
<Municipality>Brooklyn</Municipality>
<Region>NY</Region>
<CountryCode>US</CountryCode>
</LocationSummary>
</EmployerContactInfo>
<PositionHistory positionType='PERMANENT'>

<OrgName organizationType='unit' id='29_1'>School Safety Division</OrgName>



<Description>SCHOOL SAFETY AGENT, NYPD
    Provided security for students, faculty and visitor while on and around school grounds. Regulated the flow of students at entrances, and maintained order at various times within the school. Provided daily use of scanning equipment as wells as hand held safety devices. Reported unsafe behavior or environment to school officials.</Description>
<StartDate id='29_3_1'><Year>2008</Year></StartDate>
<EndDate id='29_3_2'><Year>2009</Year></EndDate>




<JobCategory>
<TaxonomyName>JOBAREA</TaxonomyName>
<CategoryCode>edu</CategoryCode>
</JobCategory>


<UserArea>
<DaxPositionHistoryUserArea>
<TLSPAN first_id='29' last_id='30' border_id='33'></TLSPAN>
<MonthsOfWork>12</MonthsOfWork>
</DaxPositionHistoryUserArea>
</UserArea>
</PositionHistory>
</EmployerOrg>

<EmployerOrg employerOrgType='soleEmployer'>
<EmployerOrgName id='31'>State Farm</EmployerOrgName>
<EmployerContactInfo>
<LocationSummary id='32'>
<Municipality>Brooklyn</Municipality>
<Region>NY</Region>
<CountryCode>US</CountryCode>
</LocationSummary>
</EmployerContactInfo>
<PositionHistory positionType='PERMANENT'>
<Title id='34_1'>CUSTOMER SERVICE REPRESENTATIVE</Title>
<OrgName id='31'>State Farm</OrgName>



<Description>Conferred with customers by telephone or in person to provide information about products or services, take or enter orders, cancel accounts, or obtain details of complaints. Kept records of customers interactions or transactions, recording details of inquiries, complaints, or comments as well as actions taken. Determine charges for services quested, collect deposits or payments, or arrange for billing.    Review insurance policy terms to determine whether a particular loss is covered by insurance.</Description>
<StartDate id='33_1'><Year>2007</Year></StartDate>
<EndDate id='33_2'><Year>2008</Year></EndDate>




<JobCategory>
<TaxonomyName>JOBAREA</TaxonomyName>
<CategoryCode>customer-service</CategoryCode>
</JobCategory>


<UserArea>
<DaxPositionHistoryUserArea>
<TLSPAN first_id='31' last_id='35' border_id='36'></TLSPAN>
<MonthsOfWork>12</MonthsOfWork>
</DaxPositionHistoryUserArea>
</UserArea>
</PositionHistory>
</EmployerOrg>

<EmployerOrg employerOrgType='soleEmployer'>
<EmployerOrgName id='36_1'>Katherine Gibbs School</EmployerOrgName>
<EmployerContactInfo>
<LocationSummary id='36_2'>
<Municipality>New York</Municipality>
<Region>NY</Region>
<CountryCode>US</CountryCode>
</LocationSummary>
</EmployerContactInfo>
<PositionHistory>
<Title id='36_4_1'>RECEPTIONIST</Title>
<OrgName id='36_1'>Katherine Gibbs School</OrgName>



<Description>Operated telephone switchboard to answer, screen, or forward calls, providing information, taking messages, or scheduling appointments. Greeting customers entering establishment, determine nature and purpose of visit, and direct or escort them to specific destinations. Hear and resolve complaints from customer or the public. Performed administrative support task, such as proofreading, transcribing handwritten information, and file and maintain records, collect, sort, distribute, or prepare mail, or messages.</Description>
<StartDate id='36_3_1'><Year>2006</Year></StartDate>
<EndDate id='36_3_2'><Year>2004</Year></EndDate>




<JobCategory>
<TaxonomyName>JOBAREA</TaxonomyName>
<CategoryCode>secretarial</CategoryCode>
</JobCategory>


<UserArea>
<DaxPositionHistoryUserArea>
<TLSPAN first_id='36' last_id='39' border_id='0'></TLSPAN>
</DaxPositionHistoryUserArea>
</UserArea>
</PositionHistory>
</EmployerOrg>

</EmploymentHistory>
<EducationHistory>
<SchoolOrInstitution schoolType='community'>
<SchoolName id='42_1'>Borough of Manhattan Community College</SchoolName>
<LocationSummary id='41'>
<Municipality>New York</Municipality>
<Region>NY</Region>
<CountryCode>US</CountryCode>
</LocationSummary>


<Degree degreeType='associates'>
<DegreeName id='42_2'>A.A.</DegreeName>

</Degree>
<Major id='42_2'>Business Entrepreneurship</Major>




</SchoolOrInstitution>

</EducationHistory>











<Competency oids='22 35 ' description='Skill' auth='yes' name='Insurance Policies'>
<CompetencyEvidence name='Extent of Experience' typeDescription='Extent of Experience' type='MONTH' lastUsed='2012'><NumericValue description='MONTH'>48</NumericValue></CompetencyEvidence>

<CompetencyEvidence typeDescription='Alias' name='Alias'><StringValue>insurance policy</StringValue></CompetencyEvidence>

<CompetencyWeight type='skillLevel'><NumericValue minValue='0' maxValue='100'>100</NumericValue></CompetencyWeight>

<CompetencyWeight type='skillProficiency'><StringValue minValue='BASIC' maxValue='EXCELLENT'>EXCELLENT</StringValue></CompetencyWeight>
</Competency>

<Competency oids='10 ' description='Skill' auth='no' name='progressive experience'>
<CompetencyWeight type='skillLevel'><NumericValue minValue='0' maxValue='100'>14</NumericValue></CompetencyWeight>
</Competency>

<Competency oids='38 ' description='Skill' auth='no' name='administrative support'>


<CompetencyWeight type='skillLevel'><NumericValue minValue='0' maxValue='100'>22</NumericValue></CompetencyWeight>

<CompetencyWeight type='skillProficiency'><StringValue minValue='BASIC' maxValue='EXCELLENT'>BASIC</StringValue></CompetencyWeight>
</Competency>

<Competency oids='37 ' description='Skill' auth='yes' name='Switchboard'>


<CompetencyWeight type='skillLevel'><NumericValue minValue='0' maxValue='100'>23</NumericValue></CompetencyWeight>

<CompetencyWeight type='skillProficiency'><StringValue minValue='BASIC' maxValue='EXCELLENT'>BASIC</StringValue></CompetencyWeight>
</Competency>

<Competency oids='21 ' description='Skill' auth='no' name='Responsible for the sell'>
<CompetencyEvidence name='Extent of Experience' typeDescription='Extent of Experience' type='MONTH' lastUsed='2012'><NumericValue description='MONTH'>36</NumericValue></CompetencyEvidence>

<CompetencyWeight type='skillLevel'><NumericValue minValue='0' maxValue='100'>99</NumericValue></CompetencyWeight>

<CompetencyWeight type='skillProficiency'><StringValue minValue='BASIC' maxValue='EXCELLENT'>EXCELLENT</StringValue></CompetencyWeight>
</Competency>

<Competency oids='27 ' description='Skill' auth='no' name='Remarkable experience'>
<CompetencyEvidence name='Extent of Experience' typeDescription='Extent of Experience' type='MONTH' lastUsed='2012'><NumericValue description='MONTH'>36</NumericValue></CompetencyEvidence>

<CompetencyWeight type='skillLevel'><NumericValue minValue='0' maxValue='100'>96</NumericValue></CompetencyWeight>

<CompetencyWeight type='skillProficiency'><StringValue minValue='BASIC' maxValue='EXCELLENT'>EXCELLENT</StringValue></CompetencyWeight>
</Competency>

<Competency oids='39 ' description='Skill' auth='yes' name='Proofreading'>


<CompetencyWeight type='skillLevel'><NumericValue minValue='0' maxValue='100'>22</NumericValue></CompetencyWeight>

<CompetencyWeight type='skillProficiency'><StringValue minValue='BASIC' maxValue='EXCELLENT'>BASIC</StringValue></CompetencyWeight>
</Competency>

<Competency oids='13 ' description='Skill > IT' auth='yes' name='Microsoft Word'>
<CompetencyEvidence typeDescription='Alias' name='Alias'><StringValue>Proficient with MS Word</StringValue></CompetencyEvidence>

<CompetencyWeight type='skillLevel'><NumericValue minValue='0' maxValue='100'>93</NumericValue></CompetencyWeight>

<CompetencyWeight type='skillProficiency'><StringValue minValue='BASIC' maxValue='EXCELLENT'>EXCELLENT</StringValue></CompetencyWeight>
</Competency>

<Competency oids='15 ' description='Skill > IT' auth='yes' name='Microsoft PowerPoint'>
<CompetencyEvidence typeDescription='Alias' name='Alias'><StringValue>PowerPoint</StringValue></CompetencyEvidence>

<CompetencyWeight type='skillLevel'><NumericValue minValue='0' maxValue='100'>93</NumericValue></CompetencyWeight>

<CompetencyWeight type='skillProficiency'><StringValue minValue='BASIC' maxValue='EXCELLENT'>EXCELLENT</StringValue></CompetencyWeight>
</Competency>

<Competency oids='12 ' description='Skill > IT' auth='yes' name='Microsoft Office'>
<CompetencyEvidence typeDescription='Alias' name='Alias'><StringValue>MS Office</StringValue></CompetencyEvidence>

<CompetencyWeight type='skillLevel'><NumericValue minValue='0' maxValue='100'>14</NumericValue></CompetencyWeight>
</Competency>

<Competency oids='14 ' description='Skill > IT' auth='yes' name='Microsoft Excel'>
<CompetencyEvidence typeDescription='Alias' name='Alias'><StringValue>Excel spreadsheets</StringValue></CompetencyEvidence>

<CompetencyWeight type='skillLevel'><NumericValue minValue='0' maxValue='100'>93</NumericValue></CompetencyWeight>

<CompetencyWeight type='skillProficiency'><StringValue minValue='BASIC' maxValue='EXCELLENT'>EXCELLENT</StringValue></CompetencyWeight>
</Competency>

<Competency oids='23 ' description='Skill' auth='yes' name='Dental insurance'>
<CompetencyEvidence name='Extent of Experience' typeDescription='Extent of Experience' type='MONTH' lastUsed='2012'><NumericValue description='MONTH'>36</NumericValue></CompetencyEvidence>

<CompetencyWeight type='skillLevel'><NumericValue minValue='0' maxValue='100'>97</NumericValue></CompetencyWeight>

<CompetencyWeight type='skillProficiency'><StringValue minValue='BASIC' maxValue='EXCELLENT'>EXCELLENT</StringValue></CompetencyWeight>
</Competency>

<Competency oids='9_1 ' description='Held Position' auth='no' name='a team builder'>
<CompetencyWeight type='skillLevel'><NumericValue minValue='0' maxValue='100'>14</NumericValue></CompetencyWeight>
</Competency>

<Competency oids='25_2 ' description='Held Position' auth='no' name='a insurance agent'>
<CompetencyEvidence name='Extent of Experience' typeDescription='Extent of Experience' type='MONTH' lastUsed='2012'><NumericValue description='MONTH'>36</NumericValue></CompetencyEvidence>

<CompetencyWeight type='skillLevel'><NumericValue minValue='0' maxValue='100'>98</NumericValue></CompetencyWeight>

<CompetencyWeight type='skillProficiency'><StringValue minValue='BASIC' maxValue='EXCELLENT'>EXCELLENT</StringValue></CompetencyWeight>
</Competency>

<Competency oids='36_4_1 ' description='Held Position' auth='no' name='RECEPTIONIST'>


<CompetencyWeight type='skillLevel'><NumericValue minValue='0' maxValue='100'>23</NumericValue></CompetencyWeight>

<CompetencyWeight type='skillProficiency'><StringValue minValue='BASIC' maxValue='EXCELLENT'>BASIC</StringValue></CompetencyWeight>
</Competency>

<Competency oids='6_1 ' description='Held Position' auth='no' name='Licensed Health Insurance Agent'>
<CompetencyWeight type='skillLevel'><NumericValue minValue='0' maxValue='100'>14</NumericValue></CompetencyWeight>
</Competency>

<Competency oids='20_1 ' description='Held Position' auth='no' name='INSURANCE SALES REPRESENTATIVE'>
<CompetencyEvidence name='Extent of Experience' typeDescription='Extent of Experience' type='MONTH' lastUsed='2012'><NumericValue description='MONTH'>36</NumericValue></CompetencyEvidence>

<CompetencyWeight type='skillLevel'><NumericValue minValue='0' maxValue='100'>99</NumericValue></CompetencyWeight>

<CompetencyWeight type='skillProficiency'><StringValue minValue='BASIC' maxValue='EXCELLENT'>EXCELLENT</StringValue></CompetencyWeight>
</Competency>

<Competency oids='34_1 ' description='Held Position' auth='no' name='CUSTOMER SERVICE REPRESENTATIVE'>
<CompetencyEvidence name='Extent of Experience' typeDescription='Extent of Experience' type='MONTH' lastUsed='2008'><NumericValue description='MONTH'>12</NumericValue></CompetencyEvidence>

<CompetencyWeight type='skillLevel'><NumericValue minValue='0' maxValue='100'>54</NumericValue></CompetencyWeight>

<CompetencyWeight type='skillProficiency'><StringValue minValue='BASIC' maxValue='EXCELLENT'>WORKING</StringValue></CompetencyWeight>
</Competency>

<Competency oids='8 ' description='Degree/Qualification > Professional' auth='no' name='certified Defense Driving Instructor'>
<CompetencyWeight type='skillLevel'><NumericValue minValue='0' maxValue='100'>12</NumericValue></CompetencyWeight>
</Competency>

<Competency oids='42_2 ' description='Degree/Qualification' auth='yes' name='AA Degree > AA Degree Business Entrepreneurship'>
<CompetencyEvidence name='Application' typeDescription='Application' type='Business Entrepreneurship'><StringValue>Business Entrepreneurship</StringValue></CompetencyEvidence>

<CompetencyEvidence typeDescription='Alias' name='Alias'><StringValue>A.A. in Business Entrepreneurship</StringValue></CompetencyEvidence>

<CompetencyWeight type='skillLevel'><NumericValue minValue='0' maxValue='100'>12</NumericValue></CompetencyWeight>
</Competency>

<Competency description='Industry' auth='yes' name='industry~insurance'>
<CompetencyEvidence name='skillCount' typeDescription='skillCount'><NumericValue>1</NumericValue></CompetencyEvidence>

<CompetencyWeight type='skillLevel'><NumericValue minValue='0' maxValue='100'>100</NumericValue></CompetencyWeight>
</Competency>























<RevisionDate id='1'>2013-03-06</RevisionDate>
</StructuredXMLResume>
<NonXMLResume>

<TextResume>



<span inprof='n' id='1' class='date'>{{DOCUMENT_DATESTAMP}} 2013-03-06 {{END_DOCUMENT_DATESTAMP}}</span> 

<span inprof='y' id='2' class='nominal-mb'>Laquita Khealie</span>
<span inprof='y' id='3' class='location'>215 East 37th Street                                                 email: lkhealie@gmail.com - email: lkhealie@gmail.com
Brooklyn, N.Y. 11203</span>                                                      <span inprof='y' id='4' class='telephone'>Cellular: 347-383-1663</span>

<span inprof='n' id='5' class='work-hist-mark'>PROFESSIONAL SUMMARY</span>
<span inprof='y' id='6_1' class='role'>Licensed Health Insurance Agent</span>, <span inprof='n' id='7' class='location'>State of New York</span> <span inprof='y' id='8' class='qualif'>certified Defense Driving Instructor</span>
Goal-oriented self-starter with proven success as a motivator and <span inprof='y' id='9_1' class='role'>a team builder</span>; Leader with <span inprof='y' id='10' class='skill'>progressive experience</span> in all aspects of strategic partnership relationships; Creative and enthusiastic with proven success in building and managing relationships with peers, artists, patrons, and the general public.

<span inprof='n' id='11' class='skills-qualif-mark'>Skills:</span>
<span inprof='y' id='12' class='sofwr'>MS Office</span> - <span inprof='y' id='13' class='sofwr'>Proficient with MS Word</span>, <span inprof='y' id='14' class='sofwr'>Excel spreadsheets</span> (Functions &#38; Formulas), <span inprof='y' id='15' class='sofwr'>PowerPoint</span>.


<span inprof='n' id='16' class='work-hist-mark'>PROFESSIONAL EXPERIENCE</span>
<span inprof='y' id='17' class='company'>State Farm</span> Insurance. - <span inprof='y' id='18' class='location'>Brooklyn, NY</span>             <span inprof='y' id='19_1' class='date'>2009</span> - <span inprof='y' id='19_2' class='date'>2012</span>
    <span inprof='y' id='20_1' class='role'>INSURANCE SALES REPRESENTATIVE</span>
    <span inprof='y' id='21' class='skill'>Responsible for the sell</span> of various type of <span inprof='y' id='22' class='skill'>insurance policies</span> to individuals and business on behalf of insurance companies, including automobile, fire, life, property, medical and <span inprof='y' id='23' class='skill'>dental insurance</span> or specialized policies. Interview prospective clients to obtain data about their financial resources and needs, the physical condition of the person or property to be insured, and to discuss any existing coverage. Called policyholder to deliver and explain policy, to analyze insurance program and suggest additions or changes, or to change beneficiaries. Ensured that policy requirements are fulfilled, including any necessary medical examinations and the completion of appropriate forms. Customize insurance programs to suit individual customers, often covering a variety of risk.
    <span inprof='n' id='24' class='title-line'>Highlights:</span>
    *    Licensed <span inprof='n' id='25_1' class='some-position'>as</span> <span inprof='y' id='25_2' class='role'>a insurance agent</span> in the state of <span inprof='n' id='26' class='location'>New York</span> for Personal Lines and Life &#38; Health ; 
    *    <span inprof='y' id='27' class='skill'>Remarkable experience</span> in selling and servicing insurance products ; 
    *    Sold <span inprof='n' id='28' class='money'>$10 thousand</span> in Insurance product.

<span inprof='y' id='29_1' class='educational'>New York Department School Safety Division</span> - <span inprof='y' id='29_2' class='location'>Brooklyn, NY</span>    <span inprof='y' id='29_3_1' class='date'>2008</span> - <span inprof='y' id='29_3_2' class='date'>2009</span>
    SCHOOL SAFETY AGENT, NYPD
    Provided security for students, faculty and visitor while on and around school grounds. Regulated the flow of students at entrances, and maintained order at various times within the school. Provided daily use of scanning equipment as <span inprof='n' id='30' class='location'>wells</span> as hand held safety devices. Reported unsafe behavior or environment to school officials.
<span inprof='y' id='31' class='company'>State Farm</span> Insurance - <span inprof='y' id='32' class='location'>Brooklyn, NY</span>    <span inprof='y' id='33_1' class='date'>2007</span>- <span inprof='y' id='33_2' class='date'>2008</span>
    <span inprof='y' id='34_1' class='role'>CUSTOMER SERVICE REPRESENTATIVE</span>
    Conferred with customers by telephone or in person to provide information about products or services, take or enter orders, cancel accounts, or obtain details of complaints. Kept records of customers interactions or transactions, recording details of inquiries, complaints, or comments as well as actions taken. Determine charges for services quested, collect deposits or payments, or arrange for billing.   Review <span inprof='y' id='35' class='skill'>insurance policy</span> terms to determine whether a particular loss is covered by insurance.
<span inprof='y' id='36_1' class='educational'>Katherine Gibbs School</span> - <span inprof='y' id='36_2' class='location'>New York, NY</span>    <span inprof='y' id='36_3_1' class='date'>2006</span>- <span inprof='y' id='36_3_2' class='date'>2004</span>
    <span inprof='y' id='36_4_1' class='role'>RECEPTIONIST</span>
    Operated telephone <span inprof='y' id='37' class='skill'>switchboard</span> to answer, screen, or forward calls, providing information, taking messages, or scheduling appointments. Greeting customers entering establishment, determine nature and purpose of visit, and direct or escort them to specific destinations. Hear and resolve complaints from customer or the public. Performed <span inprof='y' id='38' class='skill'>administrative support</span> task, such as <span inprof='y' id='39' class='skill'>proofreading</span>, transcribing handwritten information, and file and maintain records, collect, sort, distribute, or prepare mail, or messages.



<span inprof='n' id='40' class='edu-hist-mark'>EDUCATION</span>
<span inprof='y' id='41' class='location'>New York, NY</span>
<span inprof='y' id='42_1' class='educational'>Borough of Manhattan Community College</span> - <span inprof='y' id='42_2' class='qualif'>A.A. in Business Entrepreneurship</span>

</TextResume>

</NonXMLResume>



<UserArea>
<DaxResumeUserArea>
<AdditionalPersonalData>
<ExperienceSummary>
<TotalMonthsOfWorkExperience>36</TotalMonthsOfWorkExperience>
<TotalYearsOfWorkExperience>3</TotalYearsOfWorkExperience>
<ExecutiveBrief>Laquita Khealie is a resident of Brooklyn, N.Y, US.  has been working in the Insurance  occupational sector for more than 3 years. During this candidate's last employment this candidate was working as an INSURANCE SALES REPRESENTATIVE at State Farm. So far Laquita has not gained any managerial experience.</ExecutiveBrief>
</ExperienceSummary>
</AdditionalPersonalData>
<ParserInfo>
<ParserConfiguration>{max_len=50000} {tel_flag=} {send_zip=} {fast_conv=} {DEF_LOCAL=} {sdate=0} {no_email_body=0} {do_clever_zoning=1} {keep_span=1} {complex=1} {accept_langs=} {not_accept_langs=} {prefer_lang_cv=EN} {pers_only=0} {turbo=0} {split_language=0} {picture=0} {picture_inline=0} {name_space=0} {charset=} {hrxml_upgrade_edu_hist=0}{hrxml_add_languages_section=0}{spool=} {docID=} {user=DEFAULT} </ParserConfiguration>
<ParserRelease>0.12.3.32629</ParserRelease>
<ParserReleaseDate>2014-06-18</ParserReleaseDate>
<ParserSchema>2.0.29</ParserSchema>
<ParserSchemaLocation>http://cvx.daxtra.com/cvts/xsd/candidate/2.0.29/Resume.xsd</ParserSchemaLocation>
<ConverterRelease>0.5.2.32629</ConverterRelease>
<ConverterReleaseDate>2014-06-18</ConverterReleaseDate>
</ParserInfo>
<FileStruct filename='/home/izoom/anazarov/grammar/analysis/3rconnect/doc/100_Resumes-Walsh/Laquita K updated resume..docx'>

<attachment fname='Laquita K updated resume..docx' ftype='docx' conv='yes' doc_type='cv' lang='EN'>/home/izoom/anazarov/grammar/analysis/3rconnect/doc/100_Resumes-Walsh/Laquita K updated resume..docx</attachment>


</FileStruct>
</DaxResumeUserArea>
</UserArea>
</Resume>
