<?xml version='1.0' encoding='ISO-8859-1'?>
<Resume lang='en' src='DAXTRA-CVX schema:2.0.29 release:0.12.3.32629 rdate:2014-06-18'>
<StructuredXMLResume>
<ContactInfo>
<PersonName id='2'>
<FormattedName>Miranda Harris</FormattedName>
<GivenName>Miranda</GivenName>
<FamilyName>Harris</FamilyName>
<sex>Female</sex>
</PersonName>
<ContactMethod>
<Telephone id='3' type='home'>
<InternationalCountryCode>1</InternationalCountryCode>
<SubscriberNumber>510 938-9972</SubscriberNumber>
<FormattedNumber>+1 510 938-9972</FormattedNumber></Telephone>

<InternetEmailAddress id='4' type='main'>harris.miranda@gmail.com</InternetEmailAddress>
</ContactMethod>
</ContactInfo>
<ExecutiveSummary>Leasing experience, Real Estate Education, 7 years administrative and 10+ years' customer service experience. Proficient with standard software tools Microsoft Word, Excel, Access, Outlook, and Lotus Notes. Typing 55+ wpm.</ExecutiveSummary>


<EmploymentHistory>
<EmployerOrg employerOrgType='soleEmployer'>
<EmployerOrgName id='15_2'>Career Strategies</EmployerOrgName>
<EmployerContactInfo>
<LocationSummary id='19'>
<Municipality>tours</Municipality>
<CountryCode>FR</CountryCode>
</LocationSummary>
</EmployerContactInfo>
<PositionHistory positionType='PERMANENT'>
<Title id='15_3_1'>Leasing Consultant</Title>
<Title id='15_3_2'>Administrative Receptionist</Title>
<OrgName id='15_2'>Career Strategies</OrgName>

<OrgIndustry primaryIndicator='true'><IndustryDescription>temp not for hire</IndustryDescription></OrgIndustry>

<Description>*  Exercise required telephone and sales technique ; 
    *  Exercise quality customer service experience and timely response to resident requests and complaints. ; 
    *  Knowledge of lease terms, industry policies and standards; up-to- date on Fair Housing Laws ; 
    *  Maintain updated rent listings with all apartment locater services and local businesses to provide informational material. ; 
    *  Assist on-going resident retention program under direction of the Community Director. ; 
    *  Maintain professional appearance of office, amenity areas, model apartments and community. ; 
    *  Punctual and timely in meeting all requirements of performance. ; 
    *  Open and close property management office.
    *  RDR and Lease Signing, Move in inspections ; 
    *  Create tour appointments, manage pop-cards, prospect internet lease inquiries, apartment tours, list apartments on Craigslist, update pricing on websites, and market writing. ; 
    *  Refer tenants to housing relocation consultants, and furniture rental companies Attend visitors and incoming calls, take tenants concerns and direct to the appropriate staff, distribute welcome and appreciation items, 3 day notices, submit work/service orders, be a witness for incidents and take notes for reports. ; 
    *  Manage entry area, create estoppels certificates, upload loan servicing information, manage rent roll information current and prior, verify correct information for clients, various office duties including assisting employees, and errands. ; 
    *  Update monthly sales reports, code invoices, verify invoice payments, verify and file COIs, work in various file books, drawers and Excel records. ; 
    *  Create announcements, memos, letters to lawyers, and tenant, manage incoming correspondence, and orders supplies. ;</Description>
<StartDate id='15_1_1'><YearMonth>2012-08</YearMonth></StartDate>
<EndDate id='15_1_2'><YearMonth>2013-04</YearMonth></EndDate>



<JobLevelInfo>
<JobGrade>joblevel-nonmanager-low</JobGrade>
</JobLevelInfo>

<JobCategory>
<TaxonomyName>JOBAREA</TaxonomyName>
<CategoryCode>secretarial</CategoryCode>
</JobCategory>


<UserArea>
<DaxPositionHistoryUserArea>
<TLSPAN first_id='15' last_id='27' border_id='28'></TLSPAN>
<MonthsOfWork>9</MonthsOfWork>
</DaxPositionHistoryUserArea>
</UserArea>
</PositionHistory>
</EmployerOrg>

<EmployerOrg employerOrgType='soleEmployer'>
<EmployerOrgName id='28_2'>Dynamic Office &#38; Accounting Solutions</EmployerOrgName>

<PositionHistory positionType='PERMANENT'>
<Title id='28_3_1'>Receptionist</Title>
<Title id='28_3_2'>Insurance Assistant</Title>
<OrgName id='28_2'>Dynamic Office &#38; Accounting Solutions</OrgName>

<OrgIndustry primaryIndicator='true'><IndustryDescription>temp not for hire</IndustryDescription></OrgIndustry>

<Description>Dynamic Office &#38; Accounting Solutions (temp not for hire) -     *  All receptionist duties and issue insurance certificates, address client requests, log tasks in shared Excel folder, obtain signatures for packages, submit forms for notarization, deliver certificates via email, scan, mail, and Fed-Ex, communicate with clients, and insurance personnel. ;</Description>
<StartDate id='28_1_1'><YearMonth>2011-01</YearMonth></StartDate>
<EndDate id='28_1_2'><YearMonth>2013-04</YearMonth></EndDate>



<JobLevelInfo>
<JobGrade>joblevel-nonmanager-low</JobGrade>
</JobLevelInfo>

<JobCategory>
<TaxonomyName>JOBAREA</TaxonomyName>
<CategoryCode>insurance</CategoryCode>
</JobCategory>


<UserArea>
<DaxPositionHistoryUserArea>
<TLSPAN first_id='28' last_id='31' border_id='32'></TLSPAN>
<MonthsOfWork>28</MonthsOfWork>
</DaxPositionHistoryUserArea>
</UserArea>
</PositionHistory>
</EmployerOrg>

<EmployerOrg employerOrgType='soleEmployer'>
<EmployerOrgName id='32_2'>Ajilon Professional</EmployerOrgName>

<PositionHistory positionType='CONTRACT'>
<Title id='32_3_1'>Housing Authority Receptionist</Title>
<OrgName id='32_2'>Ajilon Professional</OrgName>

<OrgIndustry primaryIndicator='true'><IndustryDescription>temp not for hire</IndustryDescription></OrgIndustry>

<Description>*  Demanding lobby traffic, prioritize clients, client confidentiality, keep current resource information and Section 8 listings available, assist submittal of sensitive documents, hold rent checks for clients and paychecks for landlords, Excel log of mail and deliveries, and notify employees of clients notifications and messages, filing, and document destruction, responsible for all mail and deliveries services including stamp meter. ; 
    *  Maintain directories and logs of front desk activities, reserve conference rooms and travel arrangements, manage lobby, heavy phones and solicitors, update Employee Health and Safety member information, exercise professional judgment and confidentiality, Excel workbooks, post job listings, hold payroll checks and packages, manage junk mail, office orders, greet guests, make service requests for machines and building, refund vending monies, file order records and receipts of monies, holiday decorating. ; 
    *  Data entry, scanning and quality control of accounts payable documents, file documents for storage and shipping off site, keep documents organized, cleaned scanning equipment, complete charts and track various projects. ; 
    *  Prep work, quality control, and transfer to storage device. Scan sensitive documents from millions of microfiche film into pdf format, store onto a hard drive and compact disks for customers, and complete paper chart and tracking. ;</Description>
<StartDate id='32_1_1'><YearMonth>2010-02</YearMonth></StartDate>
<EndDate id='32_1_2'><YearMonth>2010-09</YearMonth></EndDate>




<JobCategory>
<TaxonomyName>JOBAREA</TaxonomyName>
<CategoryCode>secretarial</CategoryCode>
</JobCategory>


<UserArea>
<DaxPositionHistoryUserArea>
<TLSPAN first_id='32' last_id='44' border_id='45'></TLSPAN>
<MonthsOfWork>8</MonthsOfWork>
</DaxPositionHistoryUserArea>
</UserArea>
</PositionHistory>
</EmployerOrg>

<EmployerOrg employerOrgType='soleEmployer'>
<EmployerOrgName id='45_2'>Metro One Telecommunications</EmployerOrgName>

<PositionHistory positionType='PERMANENT'>
<Title id='45_3_1'>Call Center Customer Service Rep</Title>
<OrgName id='45_2'>Metro One Telecommunications</OrgName>

<OrgIndustry primaryIndicator='true'><IndustryDescription>Now Melissa Data</IndustryDescription></OrgIndustry>

<Description>Metro One Telecommunications (Now Melissa Data) - 
*  Directory assistance - government, business and residential listings ; 
    *  Concierge Services - movie times, driving directions, weather forecasts, restaurant reservations ; 
    *  Fast paced environment - large call volume, multi- task ; 
    *  Customer Service - Dispute resolution, focus on company etiquette and time margins ; 
    *  Large call volume - up to 1200 per day ;</Description>
<StartDate id='45_1_1'><YearMonth>1999-04</YearMonth></StartDate>
<EndDate id='45_1_2'><YearMonth>2009-09</YearMonth></EndDate>




<JobCategory>
<TaxonomyName>JOBAREA</TaxonomyName>
<CategoryCode>customer-service</CategoryCode>
</JobCategory>


<UserArea>
<DaxPositionHistoryUserArea>
<TLSPAN first_id='45' last_id='47' border_id='0'></TLSPAN>
<MonthsOfWork>126</MonthsOfWork>
</DaxPositionHistoryUserArea>
</UserArea>
</PositionHistory>
</EmployerOrg>

</EmploymentHistory>
<EducationHistory>
<SchoolOrInstitution schoolType='college'>
<SchoolName id='49_2'>Contra Costa College</SchoolName>
<LocationSummary id='49_3'>
<Municipality>San Pablo</Municipality>
<Region>CA</Region>
<CountryCode>US</CountryCode>
</LocationSummary>


<Degree degreeType='associates'>
<DegreeName id='49_4'>AA Degree</DegreeName>
<DegreeDate id='49_1'><Year>2009</Year></DegreeDate>
</Degree>
<Major id='49_4'>Liberal Arts</Major>



<Comments>*  Fair Housing Certificate
    *  Silver Leasing Consultant Certificate
    *  Guard Card
    *  2 Semester Certificates in QuickBooks
    *  High School Bookkeeping ;</Comments>
</SchoolOrInstitution>

</EducationHistory>











<Competency oids='10 26 30 33 38 ' description='Skill > IT' auth='yes' name='Microsoft Excel'>
<CompetencyEvidence name='Extent of Experience' typeDescription='Extent of Experience' type='MONTH' lastUsed='2013'><NumericValue description='MONTH'>45</NumericValue></CompetencyEvidence>

<CompetencyEvidence typeDescription='Alias' name='Alias'><StringValue>Excel</StringValue></CompetencyEvidence>

<CompetencyWeight type='skillLevel'><NumericValue minValue='0' maxValue='100'>96</NumericValue></CompetencyWeight>

<CompetencyWeight type='skillProficiency'><StringValue minValue='BASIC' maxValue='EXCELLENT'>EXCELLENT</StringValue></CompetencyWeight>
</Competency>

<Competency oids='42 44 ' description='Skill' auth='yes' name='Quality Control'>
<CompetencyEvidence name='Extent of Experience' typeDescription='Extent of Experience' type='MONTH' lastUsed='2010'><NumericValue description='MONTH'>8</NumericValue></CompetencyEvidence>

<CompetencyWeight type='skillLevel'><NumericValue minValue='0' maxValue='100'>63</NumericValue></CompetencyWeight>

<CompetencyWeight type='skillProficiency'><StringValue minValue='BASIC' maxValue='EXCELLENT'>GOOD</StringValue></CompetencyWeight>
</Competency>

<Competency oids='34 ' description='Skill' auth='no' name='responsible for all mail'>
<CompetencyEvidence name='Extent of Experience' typeDescription='Extent of Experience' type='MONTH' lastUsed='2010'><NumericValue description='MONTH'>8</NumericValue></CompetencyEvidence>

<CompetencyWeight type='skillLevel'><NumericValue minValue='0' maxValue='100'>67</NumericValue></CompetencyWeight>

<CompetencyWeight type='skillProficiency'><StringValue minValue='BASIC' maxValue='EXCELLENT'>GOOD</StringValue></CompetencyWeight>
</Competency>

<Competency oids='24 ' description='Skill' auth='no' name='manage rent roll'>
<CompetencyEvidence name='Extent of Experience' typeDescription='Extent of Experience' type='MONTH' lastUsed='2013'><NumericValue description='MONTH'>9</NumericValue></CompetencyEvidence>

<CompetencyWeight type='skillLevel'><NumericValue minValue='0' maxValue='100'>92</NumericValue></CompetencyWeight>

<CompetencyWeight type='skillProficiency'><StringValue minValue='BASIC' maxValue='EXCELLENT'>EXCELLENT</StringValue></CompetencyWeight>
</Competency>

<Competency oids='36 ' description='Skill' auth='no' name='manage lobby'>
<CompetencyEvidence name='Extent of Experience' typeDescription='Extent of Experience' type='MONTH' lastUsed='2010'><NumericValue description='MONTH'>8</NumericValue></CompetencyEvidence>

<CompetencyWeight type='skillLevel'><NumericValue minValue='0' maxValue='100'>66</NumericValue></CompetencyWeight>

<CompetencyWeight type='skillProficiency'><StringValue minValue='BASIC' maxValue='EXCELLENT'>GOOD</StringValue></CompetencyWeight>
</Competency>

<Competency oids='40 ' description='Skill' auth='no' name='manage junk mail'>
<CompetencyEvidence name='Extent of Experience' typeDescription='Extent of Experience' type='MONTH' lastUsed='2010'><NumericValue description='MONTH'>8</NumericValue></CompetencyEvidence>

<CompetencyWeight type='skillLevel'><NumericValue minValue='0' maxValue='100'>63</NumericValue></CompetencyWeight>

<CompetencyWeight type='skillProficiency'><StringValue minValue='BASIC' maxValue='EXCELLENT'>GOOD</StringValue></CompetencyWeight>
</Competency>

<Competency oids='27 ' description='Skill' auth='no' name='manage incoming correspondence'>
<CompetencyEvidence name='Extent of Experience' typeDescription='Extent of Experience' type='MONTH' lastUsed='2013'><NumericValue description='MONTH'>9</NumericValue></CompetencyEvidence>

<CompetencyWeight type='skillLevel'><NumericValue minValue='0' maxValue='100'>90</NumericValue></CompetencyWeight>

<CompetencyWeight type='skillProficiency'><StringValue minValue='BASIC' maxValue='EXCELLENT'>EXCELLENT</StringValue></CompetencyWeight>
</Competency>

<Competency oids='8 ' description='Skill' auth='no' name='customer service experience'>
<CompetencyEvidence name='Extent of Experience' typeDescription='Extent of Experience' type='YEAR'><NumericValue description='YEAR'>10</NumericValue></CompetencyEvidence>

<CompetencyEvidence typeDescription='Alias' name='Alias'><StringValue>10+ years' customer service experience</StringValue></CompetencyEvidence>

<CompetencyWeight type='skillLevel'><NumericValue minValue='0' maxValue='100'>13</NumericValue></CompetencyWeight>
</Competency>

<Competency oids='53 ' description='Skill > IT' auth='yes' name='QuickBooks'>
<CompetencyWeight type='skillLevel'><NumericValue minValue='0' maxValue='100'>13</NumericValue></CompetencyWeight>
</Competency>

<Competency oids='18 ' description='Skill' auth='yes' name='Property Management'>
<CompetencyEvidence name='Extent of Experience' typeDescription='Extent of Experience' type='MONTH' lastUsed='2013'><NumericValue description='MONTH'>9</NumericValue></CompetencyEvidence>

<CompetencyWeight type='skillLevel'><NumericValue minValue='0' maxValue='100'>94</NumericValue></CompetencyWeight>

<CompetencyWeight type='skillProficiency'><StringValue minValue='BASIC' maxValue='EXCELLENT'>EXCELLENT</StringValue></CompetencyWeight>
</Competency>

<Competency oids='39 ' description='Skill' auth='yes' name='Payroll'>
<CompetencyEvidence name='Extent of Experience' typeDescription='Extent of Experience' type='MONTH' lastUsed='2010'><NumericValue description='MONTH'>8</NumericValue></CompetencyEvidence>

<CompetencyWeight type='skillLevel'><NumericValue minValue='0' maxValue='100'>64</NumericValue></CompetencyWeight>

<CompetencyWeight type='skillProficiency'><StringValue minValue='BASIC' maxValue='EXCELLENT'>GOOD</StringValue></CompetencyWeight>
</Competency>

<Competency oids='31 ' description='Skill' auth='yes' name='Notarisation'>
<CompetencyEvidence name='Extent of Experience' typeDescription='Extent of Experience' type='MONTH' lastUsed='2013'><NumericValue description='MONTH'>28</NumericValue></CompetencyEvidence>

<CompetencyEvidence typeDescription='Alias' name='Alias'><StringValue>notarization</StringValue></CompetencyEvidence>

<CompetencyWeight type='skillLevel'><NumericValue minValue='0' maxValue='100'>99</NumericValue></CompetencyWeight>

<CompetencyWeight type='skillProficiency'><StringValue minValue='BASIC' maxValue='EXCELLENT'>EXCELLENT</StringValue></CompetencyWeight>
</Competency>

<Competency oids='9 ' description='Skill > IT' auth='yes' name='Microsoft Word'>
<CompetencyWeight type='skillLevel'><NumericValue minValue='0' maxValue='100'>13</NumericValue></CompetencyWeight>
</Competency>

<Competency oids='12 ' description='Skill > IT' auth='yes' name='Microsoft Outlook'>
<CompetencyEvidence typeDescription='Alias' name='Alias'><StringValue>Outlook</StringValue></CompetencyEvidence>

<CompetencyWeight type='skillLevel'><NumericValue minValue='0' maxValue='100'>13</NumericValue></CompetencyWeight>
</Competency>

<Competency oids='11 ' description='Skill > IT' auth='yes' name='Microsoft Access'>
<CompetencyEvidence typeDescription='Alias' name='Alias'><StringValue>Access</StringValue></CompetencyEvidence>

<CompetencyWeight type='skillLevel'><NumericValue minValue='0' maxValue='100'>13</NumericValue></CompetencyWeight>
</Competency>

<Competency oids='22 ' description='Skill' auth='no' name='Manage entry area'>
<CompetencyEvidence name='Extent of Experience' typeDescription='Extent of Experience' type='MONTH' lastUsed='2013'><NumericValue description='MONTH'>9</NumericValue></CompetencyEvidence>

<CompetencyWeight type='skillLevel'><NumericValue minValue='0' maxValue='100'>93</NumericValue></CompetencyWeight>

<CompetencyWeight type='skillProficiency'><StringValue minValue='BASIC' maxValue='EXCELLENT'>EXCELLENT</StringValue></CompetencyWeight>
</Competency>

<Competency oids='13 ' description='Skill > IT' auth='yes' name='Lotus Notes/Domino'>
<CompetencyEvidence typeDescription='Alias' name='Alias'><StringValue>Lotus Notes</StringValue></CompetencyEvidence>

<CompetencyWeight type='skillLevel'><NumericValue minValue='0' maxValue='100'>13</NumericValue></CompetencyWeight>
</Competency>

<Competency oids='6 ' description='Skill' auth='no' name='Leasing experience'>
<CompetencyWeight type='skillLevel'><NumericValue minValue='0' maxValue='100'>13</NumericValue></CompetencyWeight>
</Competency>

<Competency oids='25 ' description='Skill' auth='yes' name='Invoicing'>
<CompetencyEvidence name='Extent of Experience' typeDescription='Extent of Experience' type='MONTH' lastUsed='2013'><NumericValue description='MONTH'>9</NumericValue></CompetencyEvidence>

<CompetencyEvidence typeDescription='Alias' name='Alias'><StringValue>invoice payments</StringValue></CompetencyEvidence>

<CompetencyWeight type='skillLevel'><NumericValue minValue='0' maxValue='100'>91</NumericValue></CompetencyWeight>

<CompetencyWeight type='skillProficiency'><StringValue minValue='BASIC' maxValue='EXCELLENT'>EXCELLENT</StringValue></CompetencyWeight>
</Competency>

<Competency oids='37 ' description='Skill' auth='yes' name='Health and Safety'>
<CompetencyEvidence name='Extent of Experience' typeDescription='Extent of Experience' type='MONTH' lastUsed='2010'><NumericValue description='MONTH'>8</NumericValue></CompetencyEvidence>

<CompetencyWeight type='skillLevel'><NumericValue minValue='0' maxValue='100'>66</NumericValue></CompetencyWeight>

<CompetencyWeight type='skillProficiency'><StringValue minValue='BASIC' maxValue='EXCELLENT'>GOOD</StringValue></CompetencyWeight>
</Competency>

<Competency oids='46 ' description='Skill' auth='yes' name='Feature Films'>
<CompetencyEvidence name='Extent of Experience' typeDescription='Extent of Experience' type='MONTH' lastUsed='2009'><NumericValue description='MONTH'>126</NumericValue></CompetencyEvidence>

<CompetencyEvidence typeDescription='Alias' name='Alias'><StringValue>movie</StringValue></CompetencyEvidence>

<CompetencyWeight type='skillLevel'><NumericValue minValue='0' maxValue='100'>56</NumericValue></CompetencyWeight>

<CompetencyWeight type='skillProficiency'><StringValue minValue='BASIC' maxValue='EXCELLENT'>WORKING</StringValue></CompetencyWeight>
</Competency>

<Competency oids='16 ' description='Skill' auth='no' name='Exercise quality customer service experience'>
<CompetencyEvidence name='Extent of Experience' typeDescription='Extent of Experience' type='MONTH' lastUsed='2013'><NumericValue description='MONTH'>9</NumericValue></CompetencyEvidence>

<CompetencyWeight type='skillLevel'><NumericValue minValue='0' maxValue='100'>95</NumericValue></CompetencyWeight>

<CompetencyWeight type='skillProficiency'><StringValue minValue='BASIC' maxValue='EXCELLENT'>EXCELLENT</StringValue></CompetencyWeight>
</Competency>

<Competency oids='23 ' description='Skill' auth='yes' name='Estoppel'>
<CompetencyEvidence name='Extent of Experience' typeDescription='Extent of Experience' type='MONTH' lastUsed='2013'><NumericValue description='MONTH'>9</NumericValue></CompetencyEvidence>

<CompetencyEvidence typeDescription='Alias' name='Alias'><StringValue>estoppels</StringValue></CompetencyEvidence>

<CompetencyWeight type='skillLevel'><NumericValue minValue='0' maxValue='100'>93</NumericValue></CompetencyWeight>

<CompetencyWeight type='skillProficiency'><StringValue minValue='BASIC' maxValue='EXCELLENT'>EXCELLENT</StringValue></CompetencyWeight>
</Competency>

<Competency oids='47 ' description='Skill' auth='no' name='Dispute resolution'>
<CompetencyEvidence name='Extent of Experience' typeDescription='Extent of Experience' type='MONTH' lastUsed='2009'><NumericValue description='MONTH'>126</NumericValue></CompetencyEvidence>

<CompetencyWeight type='skillLevel'><NumericValue minValue='0' maxValue='100'>55</NumericValue></CompetencyWeight>

<CompetencyWeight type='skillProficiency'><StringValue minValue='BASIC' maxValue='EXCELLENT'>WORKING</StringValue></CompetencyWeight>
</Competency>

<Competency oids='41 ' description='Skill' auth='yes' name='Data Entry'>
<CompetencyEvidence name='Extent of Experience' typeDescription='Extent of Experience' type='MONTH' lastUsed='2010'><NumericValue description='MONTH'>8</NumericValue></CompetencyEvidence>

<CompetencyWeight type='skillLevel'><NumericValue minValue='0' maxValue='100'>63</NumericValue></CompetencyWeight>

<CompetencyWeight type='skillProficiency'><StringValue minValue='BASIC' maxValue='EXCELLENT'>GOOD</StringValue></CompetencyWeight>
</Competency>

<Competency oids='54 ' description='Skill' auth='no' name='Bookkeeping'>
<CompetencyWeight type='skillLevel'><NumericValue minValue='0' maxValue='100'>13</NumericValue></CompetencyWeight>
</Competency>

<Competency oids='28_3_1 29_1 ' description='Held Position' auth='no' name='Receptionist'>
<CompetencyEvidence name='Extent of Experience' typeDescription='Extent of Experience' type='MONTH' lastUsed='2013'><NumericValue description='MONTH'>28</NumericValue></CompetencyEvidence>

<CompetencyWeight type='skillLevel'><NumericValue minValue='0' maxValue='100'>100</NumericValue></CompetencyWeight>

<CompetencyWeight type='skillProficiency'><StringValue minValue='BASIC' maxValue='EXCELLENT'>EXCELLENT</StringValue></CompetencyWeight>
</Competency>

<Competency oids='15_3_1 ' description='Held Position' auth='no' name='Leasing Consultant'>
<CompetencyEvidence name='Extent of Experience' typeDescription='Extent of Experience' type='MONTH' lastUsed='2013'><NumericValue description='MONTH'>9</NumericValue></CompetencyEvidence>

<CompetencyWeight type='skillLevel'><NumericValue minValue='0' maxValue='100'>95</NumericValue></CompetencyWeight>

<CompetencyWeight type='skillProficiency'><StringValue minValue='BASIC' maxValue='EXCELLENT'>EXCELLENT</StringValue></CompetencyWeight>
</Competency>

<Competency oids='28_3_2 ' description='Held Position' auth='no' name='Insurance Assistant'>
<CompetencyEvidence name='Extent of Experience' typeDescription='Extent of Experience' type='MONTH' lastUsed='2013'><NumericValue description='MONTH'>28</NumericValue></CompetencyEvidence>

<CompetencyWeight type='skillLevel'><NumericValue minValue='0' maxValue='100'>100</NumericValue></CompetencyWeight>

<CompetencyWeight type='skillProficiency'><StringValue minValue='BASIC' maxValue='EXCELLENT'>EXCELLENT</StringValue></CompetencyWeight>
</Competency>

<Competency oids='32_3_1 ' description='Held Position' auth='no' name='Housing Authority Receptionist'>
<CompetencyEvidence name='Extent of Experience' typeDescription='Extent of Experience' type='MONTH' lastUsed='2010'><NumericValue description='MONTH'>8</NumericValue></CompetencyEvidence>

<CompetencyWeight type='skillLevel'><NumericValue minValue='0' maxValue='100'>68</NumericValue></CompetencyWeight>

<CompetencyWeight type='skillProficiency'><StringValue minValue='BASIC' maxValue='EXCELLENT'>GOOD</StringValue></CompetencyWeight>
</Competency>

<Competency oids='20_1 ' description='Held Position' auth='no' name='Craigslist'>
<CompetencyEvidence name='Extent of Experience' typeDescription='Extent of Experience' type='MONTH' lastUsed='2013'><NumericValue description='MONTH'>9</NumericValue></CompetencyEvidence>

<CompetencyWeight type='skillLevel'><NumericValue minValue='0' maxValue='100'>93</NumericValue></CompetencyWeight>

<CompetencyWeight type='skillProficiency'><StringValue minValue='BASIC' maxValue='EXCELLENT'>EXCELLENT</StringValue></CompetencyWeight>
</Competency>

<Competency oids='45_3_1 ' description='Held Position' auth='no' name='Call Center Customer Service Rep'>
<CompetencyEvidence name='Extent of Experience' typeDescription='Extent of Experience' type='MONTH' lastUsed='2009'><NumericValue description='MONTH'>126</NumericValue></CompetencyEvidence>

<CompetencyWeight type='skillLevel'><NumericValue minValue='0' maxValue='100'>56</NumericValue></CompetencyWeight>

<CompetencyWeight type='skillProficiency'><StringValue minValue='BASIC' maxValue='EXCELLENT'>WORKING</StringValue></CompetencyWeight>
</Competency>

<Competency oids='15_3_2 ' description='Held Position' auth='no' name='Administrative Receptionist'>
<CompetencyEvidence name='Extent of Experience' typeDescription='Extent of Experience' type='MONTH' lastUsed='2013'><NumericValue description='MONTH'>9</NumericValue></CompetencyEvidence>

<CompetencyWeight type='skillLevel'><NumericValue minValue='0' maxValue='100'>95</NumericValue></CompetencyWeight>

<CompetencyWeight type='skillProficiency'><StringValue minValue='BASIC' maxValue='EXCELLENT'>EXCELLENT</StringValue></CompetencyWeight>
</Competency>

<Competency oids='52 ' description='Degree/Qualification' auth='no' name='Silver Leasing Consultant Certificate'>
<CompetencyWeight type='skillLevel'><NumericValue minValue='0' maxValue='100'>12</NumericValue></CompetencyWeight>
</Competency>

<Competency oids='51 ' description='Degree/Qualification > Professional' auth='no' name='Fair Housing Certificate'>
<CompetencyWeight type='skillLevel'><NumericValue minValue='0' maxValue='100'>12</NumericValue></CompetencyWeight>
</Competency>

<Competency oids='49_4 ' description='Degree/Qualification' auth='yes' name='AA Degree > AA Degree Liberal Arts'>
<CompetencyEvidence name='Application' typeDescription='Application' type='Liberal Arts'><StringValue>Liberal Arts</StringValue></CompetencyEvidence>

<CompetencyEvidence typeDescription='Alias' name='Alias'><StringValue>A.A., Liberal Arts</StringValue></CompetencyEvidence>

<CompetencyWeight type='skillLevel'><NumericValue minValue='0' maxValue='100'>12</NumericValue></CompetencyWeight>
</Competency>

<Competency description='Industry' auth='yes' name='industry~secretarial'>
<CompetencyEvidence name='skillCount' typeDescription='skillCount'><NumericValue>2</NumericValue></CompetencyEvidence>

<CompetencyWeight type='skillLevel'><NumericValue minValue='0' maxValue='100'>100</NumericValue></CompetencyWeight>
</Competency>























<RevisionDate id='1'>2013-04-26</RevisionDate>
</StructuredXMLResume>
<NonXMLResume>

<TextResume>



<span inprof='n' id='1' class='date'>{{DOCUMENT_DATESTAMP}} 2013-4-26 {{END_DOCUMENT_DATESTAMP}}</span>


<span inprof='y' id='2' class='nominal'>MIRANDA HARRIS</span>
<span inprof='y' id='3' class='telephone'>510-938-9972</span>
<span inprof='y' id='4' class='email'>harris.miranda@gmail.com</span>


<span inprof='n' id='5' class='objectives-mark'>Summary:</span> <span inprof='y' id='6' class='skill'>Leasing experience</span>, Real Estate Education, <span inprof='n' id='7' class='duration'>7 years</span> administrative and <span inprof='y' id='8' class='skill'>10+ years' customer service experience</span>. Proficient with standard software tools <span inprof='y' id='9' class='sofwr'>Microsoft Word</span>, <span inprof='y' id='10' class='sofwr'>Excel</span>, <span inprof='y' id='11' class='sofwr'>Access</span>, <span inprof='y' id='12' class='sofwr'>Outlook</span>, and <span inprof='y' id='13' class='sofwr'>Lotus Notes</span>. Typing 55+ wpm.

<span inprof='n' id='14' class='work-hist-mark'>Experience:</span>

<span inprof='y' id='15_1_1' class='date'>8/2012</span> - <span inprof='y' id='15_1_2' class='date'>4/2013</span> - <span inprof='y' id='15_2' class='company'>Career Strategies (temp not for hire)</span> - <span inprof='y' id='15_3_1' class='role'>Leasing Consultant</span> &#38; <span inprof='y' id='15_3_2' class='role'>Administrative Receptionist</span>

    *  Exercise required telephone and sales technique ; 
    *  <span inprof='y' id='16' class='skill'>Exercise quality customer service experience</span> and timely response to resident requests and complaints. ; 
    *  Knowledge of lease terms, industry policies and standards; up-to- date on Fair Housing Laws ; 
    *  Maintain updated rent listings with all apartment locater services and local businesses to provide informational material. ; 
    *  Assist on-going resident retention program under direction <span inprof='n' id='17' class='bad-occupation'>of the Community Director</span>. ; 
    *  Maintain professional appearance of office, amenity areas, model apartments and community. ; 
    *  Punctual and timely in meeting all requirements of performance. ; 
    *  Open and close <span inprof='y' id='18' class='skill'>property management</span> office.
    *  RDR and Lease Signing, Move in inspections ; 
    *  Create tour appointments, manage pop-cards, prospect internet lease inquiries, apartment <span inprof='y' id='19' class='location'>tours</span>, list apartments on <span inprof='y' id='20_1' class='role'>Craigslist</span>, update pricing on websites, and market writing. ; 
    *  Refer tenants to housing relocation consultants, and furniture rental companies Attend visitors and incoming calls, take tenants concerns and direct to the appropriate staff, distribute welcome and appreciation items, <span inprof='n' id='21' class='duration'>3 day</span> notices, submit work/service orders, be a witness for incidents and take notes for reports. ; 
    *  <span inprof='y' id='22' class='skill'>Manage entry area</span>, create <span inprof='y' id='23' class='skill'>estoppels</span> certificates, upload loan servicing information, <span inprof='y' id='24' class='skill'>manage rent roll</span> information current and prior, verify correct information for clients, various office duties including assisting employees, and errands. ; 
    *  Update monthly sales reports, code invoices, verify <span inprof='y' id='25' class='skill'>invoice payments</span>, verify and file COIs, work in various file books, drawers and <span inprof='y' id='26' class='sofwr'>Excel</span> records. ; 
    *  Create announcements, memos, letters to lawyers, and tenant, <span inprof='y' id='27' class='skill'>manage incoming correspondence</span>, and orders supplies.

<span inprof='y' id='28_1_1' class='date'>01/2011</span> - <span inprof='y' id='28_1_2' class='date'>04/2013</span> - <span inprof='y' id='28_2' class='company'>Dynamic Office &#38; Accounting Solutions (temp not for hire)</span> - <span inprof='y' id='28_3_1' class='role'>Receptionist</span> and <span inprof='y' id='28_3_2' class='role'>Insurance Assistant</span>
    *  All <span inprof='y' id='29_1' class='role'>receptionist</span> duties and issue insurance certificates, address client requests, log tasks in shared <span inprof='y' id='30' class='sofwr'>Excel</span> folder, obtain signatures for packages, submit forms for <span inprof='y' id='31' class='skill'>notarization</span>, deliver certificates via email, scan, mail, and Fed-Ex, communicate with clients, and insurance personnel.


<span inprof='y' id='32_1_1' class='date'>02/2010</span> - <span inprof='y' id='32_1_2' class='date'>09/2010</span> - <span inprof='y' id='32_2' class='company'>Ajilon Professional (temp not for hire)</span> - <span inprof='y' id='32_3_1' class='role'>Housing Authority Receptionist</span>
    *  Demanding lobby traffic, prioritize clients, client confidentiality, keep current resource information and Section 8 listings available, assist submittal of sensitive documents, hold rent checks for clients and paychecks for landlords, <span inprof='y' id='33' class='sofwr'>Excel</span> log of mail and deliveries, and notify employees of clients notifications and messages, filing, and document destruction, <span inprof='y' id='34' class='skill'>responsible for all mail</span> and deliveries services including stamp meter. ; 
    *  Maintain directories and logs <span inprof='n' id='35' class='bad-occupation'>of front desk</span> activities, reserve conference rooms and travel arrangements, <span inprof='y' id='36' class='skill'>manage lobby</span>, heavy phones and solicitors, update Employee <span inprof='y' id='37' class='skill'>Health and Safety</span> member information, exercise professional judgment and confidentiality, <span inprof='y' id='38' class='sofwr'>Excel</span> workbooks, post job listings, hold <span inprof='y' id='39' class='skill'>payroll</span> checks and packages, <span inprof='y' id='40' class='skill'>manage junk mail</span>, office orders, greet guests, make service requests for machines and building, refund vending monies, file order records and receipts of monies, holiday decorating. ; 
    *  <span inprof='y' id='41' class='skill'>Data entry</span>, scanning and <span inprof='y' id='42' class='skill'>quality control</span> <span inprof='n' id='43' class='bad-occupation'>of accounts payable</span> documents, file documents for storage and shipping off site, keep documents organized, cleaned scanning equipment, complete charts and track various projects. ; 
    *  Prep work, <span inprof='y' id='44' class='skill'>quality control</span>, and transfer to storage device. Scan sensitive documents from millions of microfiche film into pdf format, store onto a hard drive and compact disks for customers, and complete paper chart and tracking.

<span inprof='y' id='45_1_1' class='date'>04/1999</span> - <span inprof='y' id='45_1_2' class='date'>09/2009</span> - <span inprof='y' id='45_2' class='company'>Metro One Telecommunications (Now Melissa Data)</span> - <span inprof='y' id='45_3_1' class='role'>Call Center Customer Service Rep</span>
    *  Directory assistance - government, business and residential listings ; 
    *  Concierge Services - <span inprof='y' id='46' class='skill'>movie</span> times, driving directions, weather forecasts, restaurant reservations ; 
    *  Fast paced environment - large call volume, multi- task ; 
    *  Customer Service - <span inprof='y' id='47' class='skill'>Dispute resolution</span>, focus on company etiquette and time margins ; 
    *  Large call volume - up to 1200 per day

<span inprof='n' id='48' class='edu-hist-mark'>Education:</span>

    *  <span inprof='y' id='49_1' class='date'>2009</span> <span inprof='y' id='49_2' class='educational'>Contra Costa College</span>, <span inprof='y' id='49_3' class='location'>San Pablo, CA</span>
       <span inprof='y' id='49_4' class='qualif'>A.A., Liberal Arts</span>, <span inprof='n' id='50' class='duration'>2 Years</span> Real Estate
    *  <span inprof='y' id='51' class='qualif'>Fair Housing Certificate</span>
    *  <span inprof='y' id='52' class='qualif'>Silver Leasing Consultant Certificate</span>
    *  Guard Card
    *  2 Semester Certificates in <span inprof='y' id='53' class='sofwr'>QuickBooks</span>
    *  High School <span inprof='y' id='54' class='skill'>Bookkeeping</span>

</TextResume>

</NonXMLResume>



<UserArea>
<DaxResumeUserArea>
<AdditionalPersonalData>
<ExperienceSummary>
<TotalMonthsOfWorkExperience>171</TotalMonthsOfWorkExperience>
<TotalYearsOfWorkExperience>14</TotalYearsOfWorkExperience>
<ExecutiveBrief>Miranda Harris has been working in the Secretarial  occupational sector for more than 14 years. During her last employment she was working as a Leasing Consultant/Administrative Receptionist at Career Strategies. So far Miranda has not gained any managerial experience.</ExecutiveBrief>
</ExperienceSummary>
</AdditionalPersonalData>
<ParserInfo>
<ParserConfiguration>{max_len=50000} {tel_flag=} {send_zip=} {fast_conv=} {DEF_LOCAL=} {sdate=0} {no_email_body=0} {do_clever_zoning=1} {keep_span=1} {complex=1} {accept_langs=} {not_accept_langs=} {prefer_lang_cv=EN} {pers_only=0} {turbo=0} {split_language=0} {picture=0} {picture_inline=0} {name_space=0} {charset=} {hrxml_upgrade_edu_hist=0}{hrxml_add_languages_section=0}{spool=} {docID=} {user=DEFAULT} </ParserConfiguration>
<ParserRelease>0.12.3.32629</ParserRelease>
<ParserReleaseDate>2014-06-18</ParserReleaseDate>
<ParserSchema>2.0.29</ParserSchema>
<ParserSchemaLocation>http://cvx.daxtra.com/cvts/xsd/candidate/2.0.29/Resume.xsd</ParserSchemaLocation>
<ConverterRelease>0.5.2.32629</ConverterRelease>
<ConverterReleaseDate>2014-06-18</ConverterReleaseDate>
</ParserInfo>
<FileStruct filename='/home/izoom/anazarov/grammar/analysis/3rconnect/doc/100_Resumes-Walsh/Leasing Resume.doc'>

<attachment fname='Leasing Resume.doc' ftype='doc' conv='yes' doc_type='cv' lang='EN'>/home/izoom/anazarov/grammar/analysis/3rconnect/doc/100_Resumes-Walsh/Leasing Resume.doc</attachment>


</FileStruct>
</DaxResumeUserArea>
</UserArea>
</Resume>
