<?xml version='1.0' encoding='ISO-8859-1'?>
<Resume lang='en' src='DAXTRA-CVX schema:2.0.29 release:0.12.3.32629 rdate:2014-06-18'>
<StructuredXMLResume>
<ContactInfo>
<PersonName id='2'>
<FormattedName>Manon Huang</FormattedName>
<GivenName>Manon</GivenName>
<FamilyName>Huang</FamilyName>
<sex>Female</sex>
</PersonName>
<ContactMethod>
<Mobile id='5'>
<InternationalCountryCode>1</InternationalCountryCode>
<SubscriberNumber>408-499-7037</SubscriberNumber>
<FormattedNumber>+1 408-499-7037</FormattedNumber></Mobile>

<InternetEmailAddress id='3' type='main'>manonhuang000@gmail.com</InternetEmailAddress>
<PostalAddress id='4' type='main'>
<CountryCode>US</CountryCode>
<PostalCode>94539</PostalCode>
<Region>CA</Region>
<Municipality>Fremont</Municipality>
<DeliveryAddress>
<AddressLine>39971 Michelle ST</AddressLine>
<StreetName>Michelle ST</StreetName>
<BuildingNumber>39971</BuildingNumber>
</DeliveryAddress>

</PostalAddress>
</ContactMethod>
</ContactInfo>


<EmploymentHistory>
<EmployerOrg employerOrgType='soleEmployer'>
<EmployerOrgName id='31'>Optovue</EmployerOrgName>
<EmployerContactInfo>
<LocationSummary id='32'>
<Municipality>Fremont</Municipality>
<Region>CA</Region>
<CountryCode>US</CountryCode>
</LocationSummary>
</EmployerContactInfo>
<PositionHistory positionType='CONTRACT'>
<Title id='34_1'>Database Administrative</Title>
<OrgName id='31'>Optovue</OrgName>



<Description>* Managed the collection of data in DBMS software using Oracle, Access, and JDBC connecting to MySQL. ; 
    * Verified data accuracy and precision in addition to tracking errors and combining data in compiled spreadsheets. ; 
    * Organized and prepared reports and data presentation. accumulate ; 
    * Compiled inventories in Oracle Application and executed cycle counts. ; 
    * Worked on Oracle advanced supply chain planning in light assembly environment</Description>
<StartDate id='33_1'><YearMonth>2010-06</YearMonth></StartDate>
<EndDate id='33_2'><YearMonth>2011-01</YearMonth></EndDate>




<JobCategory>
<TaxonomyName>JOBAREA</TaxonomyName>
<CategoryCode>it</CategoryCode>
</JobCategory>


<UserArea>
<DaxPositionHistoryUserArea>
<TLSPAN first_id='31' last_id='42' border_id='44'></TLSPAN>
<MonthsOfWork>8</MonthsOfWork>
</DaxPositionHistoryUserArea>
</UserArea>
</PositionHistory>
</EmployerOrg>

<EmployerOrg employerOrgType='soleEmployer'>
<EmployerOrgName id='43'>Fremont Senior Center</EmployerOrgName>

<PositionHistory positionType='CONTRACT'>
<Title id='44_2_1'>Clerical Support / Volunteer</Title>
<OrgName id='43'>Fremont Senior Center</OrgName>



<Description>* Help seniors with daily activities.
    * Answer the phone calls for senior.
    * File membership's card to the drawer.
    * Enter data information in the computer
    * Schedule appointments to senior
    * Sell lunch ticket for senior
    * Fax documents to instructor</Description>
<StartDate id='44_1_1'><YearMonth>2008-04</YearMonth></StartDate>
<EndDate id='44_1_2'><YearMonth>2008-08</YearMonth></EndDate>




<JobCategory>
<TaxonomyName>JOBAREA</TaxonomyName>
<CategoryCode>senior</CategoryCode>
</JobCategory>


<UserArea>
<DaxPositionHistoryUserArea>
<TLSPAN first_id='43' last_id='44' border_id='54'></TLSPAN>
<MonthsOfWork>5</MonthsOfWork>
</DaxPositionHistoryUserArea>
</UserArea>
</PositionHistory>
</EmployerOrg>

<EmployerOrg employerOrgType='soleEmployer'>
<EmployerOrgName id='53'>Audatex</EmployerOrgName>

<PositionHistory positionType='CONTRACT'>

<OrgName id='53'>Audatex</OrgName>



<Description>Database Application
    Correct OC and CRC errors in Oracle 11i.
    Run document in the Oracle 11i software.
    Used Remedy and TPX program to keep on track the errors.</Description>
<StartDate id='54_1'><YearMonth>2007-03</YearMonth></StartDate>
<EndDate id='54_2'><YearMonth>2007-05</YearMonth></EndDate>




<JobCategory>
<TaxonomyName>JOBAREA</TaxonomyName>
<CategoryCode>it</CategoryCode>
</JobCategory>


<UserArea>
<DaxPositionHistoryUserArea>
<TLSPAN first_id='53' last_id='57' border_id='58'></TLSPAN>
<MonthsOfWork>3</MonthsOfWork>
</DaxPositionHistoryUserArea>
</UserArea>
</PositionHistory>
</EmployerOrg>

<EmployerOrg employerOrgType='soleEmployer'>
<EmployerOrgName id='58_2'>Comcast Cable</EmployerOrgName>
<EmployerContactInfo>
<LocationSummary id='58_3'>
<Municipality>San Jose</Municipality>
<Region>CA</Region>
<CountryCode>US</CountryCode>
</LocationSummary>
</EmployerContactInfo>
<PositionHistory positionType='CONTRACT'>
<Title id='58_4_1'>Data Entry Clerk</Title>
<OrgName id='58_2'>Comcast Cable</OrgName>



<Description>* Searched addresses in Google Map. ; 
    * Make use the Google Map to put data information in excel. ; 
    * Sort data in correct order in excel sheet.
    * Search the Data information in excel.
    * Use Outlook to write Email to the Team.</Description>
<StartDate id='58_1_1'><YearMonth>2006-10</YearMonth></StartDate>
<EndDate id='58_1_2'><YearMonth>2007-03</YearMonth></EndDate>




<JobCategory>
<TaxonomyName>JOBAREA</TaxonomyName>
<CategoryCode>secretarial</CategoryCode>
</JobCategory>


<UserArea>
<DaxPositionHistoryUserArea>
<TLSPAN first_id='58' last_id='60' border_id='61'></TLSPAN>
<MonthsOfWork>6</MonthsOfWork>
</DaxPositionHistoryUserArea>
</UserArea>
</PositionHistory>
</EmployerOrg>

<EmployerOrg employerOrgType='soleEmployer'>
<EmployerOrgName id='61_2'>First American Title InsuranceSan Jose</EmployerOrgName>
<EmployerContactInfo>
<LocationSummary id='61_3'>
<Region>CA</Region>
</LocationSummary>
</EmployerContactInfo>
<PositionHistory positionType='CONTRACT'>
<Title id='62_1'>EPIC Processor</Title>
<OrgName id='61_2'>First American Title InsuranceSan Jose</OrgName>



<Description>* Separated and Reviewed Loan Documents from different banks (Included Closing/Funding Instructions, Preliminary Reports, Notes, Deed of Trusts, Notarized Documents, and Draw Documents ; 
    * Shipped the funding packages to the banks with correct addresses ; 
    * Compared the Legal descriptions from the preliminary report to Deed of Trusts, and recorded the Deed of Trust to the county ; 
    * Entries data to all the banking documents into computer ; 
    * Copied and Certified all the funding/closing packages ; 
    * Approve loan Documents, and recording to county.</Description>
<StartDate id='61_1_1'><YearMonth>2005-04</YearMonth></StartDate>
<EndDate id='61_1_2'><YearMonth>2005-09</YearMonth></EndDate>




<JobCategory>
<TaxonomyName>JOBAREA</TaxonomyName>
<CategoryCode>legal</CategoryCode>
</JobCategory>


<UserArea>
<DaxPositionHistoryUserArea>
<TLSPAN first_id='61' last_id='62' border_id='63'></TLSPAN>
<MonthsOfWork>6</MonthsOfWork>
</DaxPositionHistoryUserArea>
</UserArea>
</PositionHistory>
</EmployerOrg>

<EmployerOrg employerOrgType='soleEmployer'>
<EmployerOrgName id='63_2'>Washington Mutual Wholesale</EmployerOrgName>
<EmployerContactInfo>
<LocationSummary id='63_3'>
<Municipality>Campbell</Municipality>
<Region>CA</Region>
<CountryCode>US</CountryCode>
</LocationSummary>
</EmployerContactInfo>
<PositionHistory positionType='PERMANENT'>
<Title id='64_1'>Loan Coordinator</Title>
<OrgName id='63_2'>Washington Mutual Wholesale</OrgName>



<Description>* Reviewed the loan application package for completeness and accuracy ; 
    * Signed off on loan conditions, analyzed title report, purchase contract and escrow instructions ; 
    * Reviewed and verified credit report and other income and liabilities ; 
    * Performed verbal verification of employment and acts as a back-up to processing ; 
    * Calculated the Income/Asset from the borrower ; 
    * Contacted Brokers and sent the information to the brokers ; 
    * Reviewed borrower 's profiles
    * Set up the Loan Documents ; 
    * Draw Documents and sent the documents to the borrower ; 
    * Quality control on set up files ; 
    * Organized different types of banking documents ; 
    * Helped Closing and Funding loans</Description>
<StartDate id='63_1_1'><YearMonth>2002-12</YearMonth></StartDate>
<EndDate id='63_1_2'><YearMonth>2004-10</YearMonth></EndDate>




<JobCategory>
<TaxonomyName>JOBAREA</TaxonomyName>
<CategoryCode>banking-finance</CategoryCode>
</JobCategory>


<UserArea>
<DaxPositionHistoryUserArea>
<TLSPAN first_id='63' last_id='65' border_id='66'></TLSPAN>
<MonthsOfWork>23</MonthsOfWork>
</DaxPositionHistoryUserArea>
</UserArea>
</PositionHistory>
</EmployerOrg>

<EmployerOrg employerOrgType='soleEmployer'>
<EmployerOrgName id='66_2'>Lending, Inc</EmployerOrgName>

<PositionHistory positionType='PERMANENT'>

<OrgName organizationType='unit' id='66_2'>Advanced Team</OrgName>




<StartDate id='66_1_1'><YearMonth>2002-05</YearMonth></StartDate>
<EndDate id='66_1_2'><YearMonth>2003-01</YearMonth></EndDate>






<UserArea>
<DaxPositionHistoryUserArea>
<TLSPAN first_id='66' last_id='66' border_id='73'></TLSPAN>
<MonthsOfWork>9</MonthsOfWork>
</DaxPositionHistoryUserArea>
</UserArea>
</PositionHistory>
</EmployerOrg>

<EmployerOrg employerOrgType='soleEmployer'>
<EmployerOrgName id='73_2'>University of Texas at Austin</EmployerOrgName>
<EmployerContactInfo>
<LocationSummary id='75'>
<Municipality>Austin</Municipality>
<Region>Tx</Region>
<CountryCode>US</CountryCode>
</LocationSummary>
</EmployerContactInfo>
<PositionHistory positionType='CONTRACT'>
<Title id='72_1'>Contacted appraiser</Title>
<OrgName id='73_2'>University of Texas at Austin</OrgName>



<Description>Undergraduate Research Assistant Austin, Tx
    * Developed test plan to beta test S2S Software Projects Under Dr. Vicki Alstrum ; 
    * Corrected errors in implementation to projects, documents, and directory structure</Description>
<StartDate id='73_1_1'><YearMonth>2001-01</YearMonth></StartDate>
<EndDate id='73_1_2'><YearMonth>2001-05</YearMonth></EndDate>




<JobCategory>
<TaxonomyName>JOBAREA</TaxonomyName>
<CategoryCode>it</CategoryCode>
</JobCategory>


<UserArea>
<DaxPositionHistoryUserArea>
<TLSPAN first_id='72' last_id='76' border_id='0'></TLSPAN>
<MonthsOfWork>5</MonthsOfWork>
</DaxPositionHistoryUserArea>
</UserArea>
</PositionHistory>
</EmployerOrg>

</EmploymentHistory>
<EducationHistory>
<SchoolOrInstitution schoolType='college'>
<SchoolName id='45_1'>Ohlone College</SchoolName>




<Major id='45_3'>Develop graphic design</Major>


<DatesOfAttendance>
<StartDate id='45_2_1'><YearMonth>2008-01</YearMonth></StartDate>
<EndDate id='45_2_2'><YearMonth>2010-08</YearMonth></EndDate>
</DatesOfAttendance>
<Comments>* Use computer design new image.
    * Insert and edit photo in adobe software.
    * Constantly update and improve website. ; 
    * Knowledge experiences on Adobe Flash, Photoshop, Dreamweaver.
    Html, Xhtml, CSS and PHP.</Comments>
</SchoolOrInstitution>

<SchoolOrInstitution schoolType='college'>
<SchoolName id='9_2'>Ohlone College</SchoolName>
<LocationSummary id='9_4'>
<Municipality>Fremont</Municipality>
<Region>CA</Region>
<CountryCode>US</CountryCode>
</LocationSummary>


<Degree degreeType='associates'>
<DegreeName id='9_3'>Associate Degree</DegreeName>
<DegreeDate id='9_1'><YearMonth>2010-01</YearMonth></DegreeDate>
</Degree>
<Major id='9_3'>Multimedia</Major>



<Comments>Skills Operation System:
Win XP, PC, Mac, Unix/Linux
    User Operations: Microsoft Excel, Microsoft Access, Microsoft Word
    Microsoft Project, Oracle 11i, Remedy, TPX, Flash, Dreamweaver.
    Software Language: C++, Java, Haskell, Pascal, PHP, MySql,</Comments>
</SchoolOrInstitution>

<SchoolOrInstitution schoolType='university'>
<SchoolName id='8_2'>University of Texas</SchoolName>
<LocationSummary id='8_4'>
<Municipality>Austin</Municipality>
<Region>Tx</Region>
<CountryCode>US</CountryCode>
</LocationSummary>


<Degree degreeType='bachelors'>
<DegreeName id='8_3'>Bachelor of Science</DegreeName>
<DegreeDate id='8_1'><YearMonth>2002-05</YearMonth></DegreeDate>
</Degree>





</SchoolOrInstitution>

</EducationHistory>











<Competency oids='19 55 57 ' description='Skill > IT' auth='yes' name='Oracle 11i'>
<CompetencyEvidence name='Extent of Experience' typeDescription='Extent of Experience' type='MONTH' lastUsed='2007'><NumericValue description='MONTH'>3</NumericValue></CompetencyEvidence>

<CompetencyEvidence typeDescription='Alias' name='Alias'><StringValue>11i 11i</StringValue></CompetencyEvidence>

<CompetencyWeight type='skillLevel'><NumericValue minValue='0' maxValue='100'>29</NumericValue></CompetencyWeight>

<CompetencyWeight type='skillProficiency'><StringValue minValue='BASIC' maxValue='EXCELLENT'>BASIC</StringValue></CompetencyWeight>
</Competency>

<Competency oids='28 52 ' description='Skill > IT' auth='yes' name='Personal Home Page'>
<CompetencyEvidence typeDescription='Alias' name='Alias'><StringValue>PHP</StringValue></CompetencyEvidence>

<CompetencyWeight type='skillLevel'><NumericValue minValue='0' maxValue='100'>18</NumericValue></CompetencyWeight>
</Competency>

<Competency oids='29 40 ' description='Skill > IT' auth='yes' name='MySQL'>
<CompetencyEvidence name='Extent of Experience' typeDescription='Extent of Experience' type='MONTH' lastUsed='2011'><NumericValue description='MONTH'>8</NumericValue></CompetencyEvidence>

<CompetencyWeight type='skillLevel'><NumericValue minValue='0' maxValue='100'>86</NumericValue></CompetencyWeight>

<CompetencyWeight type='skillProficiency'><StringValue minValue='BASIC' maxValue='EXCELLENT'>GOOD</StringValue></CompetencyWeight>
</Competency>

<Competency oids='15 79 ' description='Skill > IT' auth='yes' name='Microsoft Excel'>
<CompetencyEvidence typeDescription='Alias' name='Alias'><StringValue>Excel</StringValue></CompetencyEvidence>

<CompetencyWeight type='skillLevel'><NumericValue minValue='0' maxValue='100'>18</NumericValue></CompetencyWeight>
</Competency>

<Competency oids='16 38 ' description='Skill > IT' auth='yes' name='Microsoft Access'>
<CompetencyEvidence name='Extent of Experience' typeDescription='Extent of Experience' type='MONTH' lastUsed='2011'><NumericValue description='MONTH'>8</NumericValue></CompetencyEvidence>

<CompetencyEvidence typeDescription='Alias' name='Alias'><StringValue>Access</StringValue></CompetencyEvidence>

<CompetencyWeight type='skillLevel'><NumericValue minValue='0' maxValue='100'>88</NumericValue></CompetencyWeight>

<CompetencyWeight type='skillProficiency'><StringValue minValue='BASIC' maxValue='EXCELLENT'>GOOD</StringValue></CompetencyWeight>
</Competency>

<Competency oids='22 46 ' description='Skill > IT' auth='yes' name='Macromedia Flash'>
<CompetencyEvidence typeDescription='Alias' name='Alias'><StringValue>Flash</StringValue></CompetencyEvidence>

<CompetencyEvidence typeDescription='Alias' name='Alias'><StringValue>Adobe Flash</StringValue></CompetencyEvidence>

<CompetencyWeight type='skillLevel'><NumericValue minValue='0' maxValue='100'>18</NumericValue></CompetencyWeight>
</Competency>

<Competency oids='23 48 ' description='Skill > IT' auth='yes' name='Macromedia Dreamweaver'>
<CompetencyEvidence typeDescription='Alias' name='Alias'><StringValue>Dreamweaver</StringValue></CompetencyEvidence>

<CompetencyWeight type='skillLevel'><NumericValue minValue='0' maxValue='100'>18</NumericValue></CompetencyWeight>
</Competency>

<Competency oids='50 ' description='Skill > IT' auth='yes' name='XHTML'>
<CompetencyWeight type='skillLevel'><NumericValue minValue='0' maxValue='100'>18</NumericValue></CompetencyWeight>
</Competency>

<Competency oids='10 ' description='Skill > IT' auth='no' name='Win XP'>
<CompetencyWeight type='skillLevel'><NumericValue minValue='0' maxValue='100'>18</NumericValue></CompetencyWeight>
</Competency>

<Competency oids='13 ' description='Skill > IT' auth='yes' name='UNIX'>
<CompetencyWeight type='skillLevel'><NumericValue minValue='0' maxValue='100'>18</NumericValue></CompetencyWeight>
</Competency>

<Competency oids='21 ' description='Skill > IT' auth='no' name='TPX'>
<CompetencyWeight type='skillLevel'><NumericValue minValue='0' maxValue='100'>18</NumericValue></CompetencyWeight>
</Competency>

<Competency oids='20 ' description='Skill > IT' auth='yes' name='Remedy'>
<CompetencyWeight type='skillLevel'><NumericValue minValue='0' maxValue='100'>18</NumericValue></CompetencyWeight>
</Competency>

<Competency oids='65 ' description='Skill' auth='yes' name='Quality Control'>
<CompetencyEvidence name='Extent of Experience' typeDescription='Extent of Experience' type='MONTH' lastUsed='2004'><NumericValue description='MONTH'>23</NumericValue></CompetencyEvidence>

<CompetencyWeight type='skillLevel'><NumericValue minValue='0' maxValue='100'>35</NumericValue></CompetencyWeight>

<CompetencyWeight type='skillProficiency'><StringValue minValue='BASIC' maxValue='EXCELLENT'>BASIC</StringValue></CompetencyWeight>
</Competency>

<Competency oids='27 ' description='Skill > IT' auth='yes' name='Pascal'>
<CompetencyWeight type='skillLevel'><NumericValue minValue='0' maxValue='100'>18</NumericValue></CompetencyWeight>
</Competency>

<Competency oids='11 ' description='Skill > IT' auth='yes' name='PC Hardware'>
<CompetencyEvidence typeDescription='Alias' name='Alias'><StringValue>PC</StringValue></CompetencyEvidence>

<CompetencyWeight type='skillLevel'><NumericValue minValue='0' maxValue='100'>18</NumericValue></CompetencyWeight>
</Competency>

<Competency oids='41 ' description='Skill > IT' auth='yes' name='Oracle Applications'>
<CompetencyEvidence name='Extent of Experience' typeDescription='Extent of Experience' type='MONTH' lastUsed='2011'><NumericValue description='MONTH'>8</NumericValue></CompetencyEvidence>

<CompetencyEvidence typeDescription='Alias' name='Alias'><StringValue>Oracle Application</StringValue></CompetencyEvidence>

<CompetencyWeight type='skillLevel'><NumericValue minValue='0' maxValue='100'>85</NumericValue></CompetencyWeight>

<CompetencyWeight type='skillProficiency'><StringValue minValue='BASIC' maxValue='EXCELLENT'>GOOD</StringValue></CompetencyWeight>
</Competency>

<Competency oids='42 ' description='Skill > IT' auth='yes' name='Oracle ASCP'>
<CompetencyEvidence name='Extent of Experience' typeDescription='Extent of Experience' type='MONTH' lastUsed='2011'><NumericValue description='MONTH'>8</NumericValue></CompetencyEvidence>

<CompetencyEvidence typeDescription='Alias' name='Alias'><StringValue>Oracle advanced supply chain planning</StringValue></CompetencyEvidence>

<CompetencyWeight type='skillLevel'><NumericValue minValue='0' maxValue='100'>85</NumericValue></CompetencyWeight>

<CompetencyWeight type='skillProficiency'><StringValue minValue='BASIC' maxValue='EXCELLENT'>GOOD</StringValue></CompetencyWeight>
</Competency>

<Competency oids='37 ' description='Skill > IT' auth='yes' name='Oracle'>
<CompetencyEvidence name='Extent of Experience' typeDescription='Extent of Experience' type='MONTH' lastUsed='2011'><NumericValue description='MONTH'>8</NumericValue></CompetencyEvidence>

<CompetencyWeight type='skillLevel'><NumericValue minValue='0' maxValue='100'>89</NumericValue></CompetencyWeight>

<CompetencyWeight type='skillProficiency'><StringValue minValue='BASIC' maxValue='EXCELLENT'>GOOD</StringValue></CompetencyWeight>
</Competency>

<Competency oids='17 ' description='Skill > IT' auth='yes' name='Microsoft Word'>
<CompetencyWeight type='skillLevel'><NumericValue minValue='0' maxValue='100'>18</NumericValue></CompetencyWeight>
</Competency>

<Competency oids='18 ' description='Skill > IT' auth='yes' name='Microsoft Project'>
<CompetencyWeight type='skillLevel'><NumericValue minValue='0' maxValue='100'>18</NumericValue></CompetencyWeight>
</Competency>

<Competency oids='60 ' description='Skill > IT' auth='yes' name='Microsoft Outlook'>
<CompetencyEvidence name='Extent of Experience' typeDescription='Extent of Experience' type='MONTH' lastUsed='2007'><NumericValue description='MONTH'>6</NumericValue></CompetencyEvidence>

<CompetencyEvidence typeDescription='Alias' name='Alias'><StringValue>Outlook</StringValue></CompetencyEvidence>

<CompetencyWeight type='skillLevel'><NumericValue minValue='0' maxValue='100'>29</NumericValue></CompetencyWeight>

<CompetencyWeight type='skillProficiency'><StringValue minValue='BASIC' maxValue='EXCELLENT'>BASIC</StringValue></CompetencyWeight>
</Competency>

<Competency oids='35 ' description='Skill' auth='no' name='Managed the collection'>
<CompetencyEvidence name='Extent of Experience' typeDescription='Extent of Experience' type='MONTH' lastUsed='2011'><NumericValue description='MONTH'>8</NumericValue></CompetencyEvidence>

<CompetencyWeight type='skillLevel'><NumericValue minValue='0' maxValue='100'>91</NumericValue></CompetencyWeight>

<CompetencyWeight type='skillProficiency'><StringValue minValue='BASIC' maxValue='EXCELLENT'>GOOD</StringValue></CompetencyWeight>
</Competency>

<Competency oids='14 ' description='Skill > IT' auth='yes' name='Linux'>
<CompetencyWeight type='skillLevel'><NumericValue minValue='0' maxValue='100'>18</NumericValue></CompetencyWeight>
</Competency>

<Competency oids='25 ' description='Skill > IT' auth='yes' name='Java'>
<CompetencyWeight type='skillLevel'><NumericValue minValue='0' maxValue='100'>18</NumericValue></CompetencyWeight>
</Competency>

<Competency oids='39 ' description='Skill > IT' auth='yes' name='JDBC'>
<CompetencyEvidence name='Extent of Experience' typeDescription='Extent of Experience' type='MONTH' lastUsed='2011'><NumericValue description='MONTH'>8</NumericValue></CompetencyEvidence>

<CompetencyWeight type='skillLevel'><NumericValue minValue='0' maxValue='100'>87</NumericValue></CompetencyWeight>

<CompetencyWeight type='skillProficiency'><StringValue minValue='BASIC' maxValue='EXCELLENT'>GOOD</StringValue></CompetencyWeight>
</Competency>

<Competency oids='69 ' description='Skill' auth='yes' name='Inventory Management'>
<CompetencyEvidence typeDescription='Alias' name='Alias'><StringValue>inventory control</StringValue></CompetencyEvidence>

<CompetencyWeight type='skillLevel'><NumericValue minValue='0' maxValue='100'>18</NumericValue></CompetencyWeight>
</Competency>

<Competency oids='26 ' description='Skill > IT' auth='yes' name='Haskell'>
<CompetencyWeight type='skillLevel'><NumericValue minValue='0' maxValue='100'>18</NumericValue></CompetencyWeight>
</Competency>

<Competency oids='49 ' description='Skill > IT' auth='yes' name='HTML'>
<CompetencyWeight type='skillLevel'><NumericValue minValue='0' maxValue='100'>18</NumericValue></CompetencyWeight>
</Competency>

<Competency oids='6 ' description='Skill' auth='yes' name='Data Entry'>
<CompetencyWeight type='skillLevel'><NumericValue minValue='0' maxValue='100'>18</NumericValue></CompetencyWeight>
</Competency>

<Competency oids='36 ' description='Skill > IT' auth='yes' name='DBMS'>
<CompetencyEvidence name='Extent of Experience' typeDescription='Extent of Experience' type='MONTH' lastUsed='2011'><NumericValue description='MONTH'>8</NumericValue></CompetencyEvidence>

<CompetencyWeight type='skillLevel'><NumericValue minValue='0' maxValue='100'>90</NumericValue></CompetencyWeight>

<CompetencyWeight type='skillProficiency'><StringValue minValue='BASIC' maxValue='EXCELLENT'>GOOD</StringValue></CompetencyWeight>
</Competency>

<Competency oids='51 ' description='Skill > IT' auth='yes' name='Cascading Style Sheets'>
<CompetencyEvidence typeDescription='Alias' name='Alias'><StringValue>CSS</StringValue></CompetencyEvidence>

<CompetencyWeight type='skillLevel'><NumericValue minValue='0' maxValue='100'>18</NumericValue></CompetencyWeight>
</Competency>

<Competency oids='24 ' description='Skill > IT' auth='yes' name='C++'>
<CompetencyWeight type='skillLevel'><NumericValue minValue='0' maxValue='100'>18</NumericValue></CompetencyWeight>
</Competency>

<Competency oids='12 ' description='Skill > IT' auth='yes' name='Apple Mac'>
<CompetencyEvidence typeDescription='Alias' name='Alias'><StringValue>Mac</StringValue></CompetencyEvidence>

<CompetencyWeight type='skillLevel'><NumericValue minValue='0' maxValue='100'>18</NumericValue></CompetencyWeight>
</Competency>

<Competency oids='47 ' description='Skill > IT' auth='yes' name='Adobe Photoshop'>
<CompetencyEvidence typeDescription='Alias' name='Alias'><StringValue>Photoshop</StringValue></CompetencyEvidence>

<CompetencyWeight type='skillLevel'><NumericValue minValue='0' maxValue='100'>18</NumericValue></CompetencyWeight>
</Competency>

<Competency oids='74_1 ' description='Held Position' auth='no' name='Undergraduate Research Assistant'>
<CompetencyEvidence name='Extent of Experience' typeDescription='Extent of Experience' type='MONTH' lastUsed='2001'><NumericValue description='MONTH'>5</NumericValue></CompetencyEvidence>

<CompetencyWeight type='skillLevel'><NumericValue minValue='0' maxValue='100'>28</NumericValue></CompetencyWeight>

<CompetencyWeight type='skillProficiency'><StringValue minValue='BASIC' maxValue='EXCELLENT'>BASIC</StringValue></CompetencyWeight>
</Competency>

<Competency oids='78_1 ' description='Held Position' auth='no' name='Undergraduate Assistant'>
<CompetencyWeight type='skillLevel'><NumericValue minValue='0' maxValue='100'>18</NumericValue></CompetencyWeight>
</Competency>

<Competency oids='78_2 ' description='Held Position' auth='no' name='Math Grader'>
<CompetencyWeight type='skillLevel'><NumericValue minValue='0' maxValue='100'>18</NumericValue></CompetencyWeight>
</Competency>

<Competency oids='64_1 ' description='Held Position' auth='no' name='Loan Coordinator'>
<CompetencyEvidence name='Extent of Experience' typeDescription='Extent of Experience' type='MONTH' lastUsed='2004'><NumericValue description='MONTH'>23</NumericValue></CompetencyEvidence>

<CompetencyWeight type='skillLevel'><NumericValue minValue='0' maxValue='100'>35</NumericValue></CompetencyWeight>

<CompetencyWeight type='skillProficiency'><StringValue minValue='BASIC' maxValue='EXCELLENT'>BASIC</StringValue></CompetencyWeight>
</Competency>

<Competency oids='62_1 ' description='Held Position' auth='no' name='EPIC Processor'>
<CompetencyEvidence name='Extent of Experience' typeDescription='Extent of Experience' type='MONTH' lastUsed='2005'><NumericValue description='MONTH'>6</NumericValue></CompetencyEvidence>

<CompetencyWeight type='skillLevel'><NumericValue minValue='0' maxValue='100'>29</NumericValue></CompetencyWeight>

<CompetencyWeight type='skillProficiency'><StringValue minValue='BASIC' maxValue='EXCELLENT'>BASIC</StringValue></CompetencyWeight>
</Competency>

<Competency oids='34_1 ' description='Held Position' auth='no' name='Database Administrative'>
<CompetencyEvidence name='Extent of Experience' typeDescription='Extent of Experience' type='MONTH' lastUsed='2011'><NumericValue description='MONTH'>8</NumericValue></CompetencyEvidence>

<CompetencyWeight type='skillLevel'><NumericValue minValue='0' maxValue='100'>91</NumericValue></CompetencyWeight>

<CompetencyWeight type='skillProficiency'><StringValue minValue='BASIC' maxValue='EXCELLENT'>GOOD</StringValue></CompetencyWeight>
</Competency>

<Competency oids='58_4_1 ' description='Held Position' auth='no' name='Data Entry Clerk'>
<CompetencyEvidence name='Extent of Experience' typeDescription='Extent of Experience' type='MONTH' lastUsed='2007'><NumericValue description='MONTH'>6</NumericValue></CompetencyEvidence>

<CompetencyWeight type='skillLevel'><NumericValue minValue='0' maxValue='100'>29</NumericValue></CompetencyWeight>

<CompetencyWeight type='skillProficiency'><StringValue minValue='BASIC' maxValue='EXCELLENT'>BASIC</StringValue></CompetencyWeight>
</Competency>

<Competency oids='72_1 ' description='Held Position' auth='no' name='Contacted appraiser'>
<CompetencyEvidence name='Extent of Experience' typeDescription='Extent of Experience' type='MONTH' lastUsed='2001'><NumericValue description='MONTH'>5</NumericValue></CompetencyEvidence>

<CompetencyWeight type='skillLevel'><NumericValue minValue='0' maxValue='100'>29</NumericValue></CompetencyWeight>

<CompetencyWeight type='skillProficiency'><StringValue minValue='BASIC' maxValue='EXCELLENT'>BASIC</StringValue></CompetencyWeight>
</Competency>

<Competency oids='44_2_1 ' description='Held Position' auth='no' name='Clerical Support / Volunteer'>
<CompetencyEvidence name='Extent of Experience' typeDescription='Extent of Experience' type='MONTH' lastUsed='2008'><NumericValue description='MONTH'>5</NumericValue></CompetencyEvidence>

<CompetencyWeight type='skillLevel'><NumericValue minValue='0' maxValue='100'>65</NumericValue></CompetencyWeight>

<CompetencyWeight type='skillProficiency'><StringValue minValue='BASIC' maxValue='EXCELLENT'>WORKING</StringValue></CompetencyWeight>
</Competency>

<Competency oids='67_1 ' description='Held Position' auth='no' name='Administrative Assistant'>
<CompetencyWeight type='skillLevel'><NumericValue minValue='0' maxValue='100'>18</NumericValue></CompetencyWeight>
</Competency>

<Competency oids='45_3 ' description='Degree/Qualification' auth='yes' name='Develop graphic design'>
<CompetencyEvidence name='Application' typeDescription='Application' type='Develop graphic design'><StringValue>Develop graphic design</StringValue></CompetencyEvidence>

<CompetencyWeight type='skillLevel'><NumericValue minValue='0' maxValue='100'>12</NumericValue></CompetencyWeight>
</Competency>

<Competency oids='8_3 ' description='Degree/Qualification' auth='yes' name='Bachelors Degree > Bachelor of Science'>
<CompetencyEvidence typeDescription='Alias' name='Alias'><StringValue>Bachelor of Science</StringValue></CompetencyEvidence>

<CompetencyWeight type='skillLevel'><NumericValue minValue='0' maxValue='100'>12</NumericValue></CompetencyWeight>
</Competency>

<Competency oids='9_3 ' description='Degree/Qualification' auth='yes' name='Associate Degree > Associate Degree Multimedia'>
<CompetencyEvidence name='Application' typeDescription='Application' type='Multimedia'><StringValue>Multimedia</StringValue></CompetencyEvidence>

<CompetencyEvidence typeDescription='Alias' name='Alias'><StringValue>Associate degree in Multimedia</StringValue></CompetencyEvidence>

<CompetencyWeight type='skillLevel'><NumericValue minValue='0' maxValue='100'>12</NumericValue></CompetencyWeight>
</Competency>

<Competency oids='80 ' description='Degree/Qualification > Professional' auth='no' name='Arm Award and National Honor Society Award'>
<CompetencyWeight type='skillLevel'><NumericValue minValue='0' maxValue='100'>12</NumericValue></CompetencyWeight>
</Competency>

<Competency description='Industry' auth='yes' name='industry~it'>
<CompetencyEvidence name='skillCount' typeDescription='skillCount'><NumericValue>3</NumericValue></CompetencyEvidence>

<CompetencyWeight type='skillLevel'><NumericValue minValue='0' maxValue='100'>100</NumericValue></CompetencyWeight>
</Competency>























<RevisionDate id='1'>2013-03-06</RevisionDate>
</StructuredXMLResume>
<NonXMLResume>

<TextResume>



<span inprof='n' id='1' class='date'>{{DOCUMENT_DATESTAMP}} 2013-03-06 {{END_DOCUMENT_DATESTAMP}}</span> 

<span inprof='y' id='2' class='nominal'>Manon Huang</span>
<span inprof='y' id='3' class='email'>manonhuang000@gmail.com</span>
<span inprof='y' id='4' class='location'>39971 Michelle ST,
Fremont, CA 94539</span>
<span inprof='y' id='5' class='telephone'>Cell phone: 408-499-7037</span>

Objective To obtain a full time position in <span inprof='y' id='6' class='skill'>Data Entry</span>.

<span inprof='n' id='7' class='edu-hist-mark'>Education</span>
<span inprof='y' id='8_1' class='date'>May 2002</span> <span inprof='y' id='8_2' class='educational'>University of Texas</span> <span inprof='y' id='8_3' class='qualif'>Bachelor of Science</span> <span inprof='y' id='8_4' class='location'>Austin, Tx</span>
<span inprof='y' id='9_1' class='date'>Jan 2010</span> <span inprof='y' id='9_2' class='educational'>Ohlone College</span> <span inprof='y' id='9_3' class='qualif'>Associate degree in Multimedia</span> <span inprof='y' id='9_4' class='location'>Fremont, CA</span>

Skills Operation System:
<span inprof='y' id='10' class='sofwr'>Win XP</span>, <span inprof='y' id='11' class='sofwr'>PC</span>, <span inprof='y' id='12' class='sofwr'>Mac</span>, <span inprof='y' id='13' class='sofwr'>Unix</span>/<span inprof='y' id='14' class='sofwr'>Linux</span>
            User Operations: <span inprof='y' id='15' class='sofwr'>Microsoft Excel</span>, <span inprof='y' id='16' class='sofwr'>Microsoft Access</span>, <span inprof='y' id='17' class='sofwr'>Microsoft Word</span>
            <span inprof='y' id='18' class='sofwr'>Microsoft Project</span>, <span inprof='y' id='19' class='sofwr'>Oracle 11i</span>, <span inprof='y' id='20' class='sofwr'>Remedy</span>, <span inprof='y' id='21' class='sofwr'>TPX</span>, <span inprof='y' id='22' class='sofwr'>Flash</span>, <span inprof='y' id='23' class='sofwr'>Dreamweaver</span>.
            Software Language: <span inprof='y' id='24' class='sofwr'>C++</span>, <span inprof='y' id='25' class='sofwr'>Java</span>, <span inprof='y' id='26' class='sofwr'>Haskell</span>, <span inprof='y' id='27' class='sofwr'>Pascal</span>, <span inprof='y' id='28' class='sofwr'>PHP</span>, <span inprof='y' id='29' class='sofwr'>MySql</span>,

<span inprof='n' id='30' class='work-hist-mark'>Experiences</span>

<span inprof='y' id='31' class='company'>Optovue</span> <span inprof='y' id='32' class='location'>Fremont,CA</span>

<span inprof='y' id='33_1' class='date'>June 2010</span>-<span inprof='y' id='33_2' class='date'>Jan 2011</span>

<span inprof='y' id='34_1' class='role'>Database Administrative</span>
    * <span inprof='y' id='35' class='skill'>Managed the collection</span> of data in <span inprof='y' id='36' class='sofwr'>DBMS</span> software using <span inprof='y' id='37' class='sofwr'>Oracle</span>, <span inprof='y' id='38' class='sofwr'>Access</span>, and <span inprof='y' id='39' class='sofwr'>JDBC</span> connecting to <span inprof='y' id='40' class='sofwr'>MySQL</span>. ; 
    * Verified data accuracy and precision in addition to tracking errors and combining data in compiled spreadsheets. ; 
    * Organized and prepared reports and data presentation. accumulate ; 
    * Compiled inventories in <span inprof='y' id='41' class='sofwr'>Oracle Application</span> and executed cycle counts. ; 
    * Worked on <span inprof='y' id='42' class='sofwr'>Oracle advanced supply chain planning</span> in light assembly environment

<span inprof='y' id='43' class='company'>Fremont Senior Center</span>

<span inprof='y' id='44_1_1' class='date'>April 08</span>-<span inprof='y' id='44_1_2' class='date'>Aug 08</span>
<span inprof='y' id='44_2_1' class='role'>Clerical Support / Volunteer</span>
    * Help seniors with daily activities.
    * Answer the phone calls for senior.
    * File membership's card to the drawer.
    * Enter data information in the computer
    * Schedule appointments to senior
    * Sell lunch ticket for senior
    * Fax documents to instructor

<span inprof='y' id='45_1' class='educational'>Ohlone College</span>
<span inprof='y' id='45_2_1' class='date'>Jan 08</span>-<span inprof='y' id='45_2_2' class='date'>Aug 2010</span>
    * <span inprof='y' id='45_3' class='qualif'>Develop graphic design</span> and layout.
    * Use computer design new image.
    * Insert and edit photo in adobe software.
    * Constantly update and improve website. ; 
    * Knowledge experiences on <span inprof='y' id='46' class='sofwr'>Adobe Flash</span>, <span inprof='y' id='47' class='sofwr'>Photoshop</span>, <span inprof='y' id='48' class='sofwr'>Dreamweaver</span>.
    <span inprof='y' id='49' class='sofwr'>Html</span>, <span inprof='y' id='50' class='sofwr'>Xhtml</span>, <span inprof='y' id='51' class='sofwr'>CSS</span> and <span inprof='y' id='52' class='sofwr'>PHP</span>.

<span inprof='y' id='53' class='company'>Audatex</span>

<span inprof='y' id='54_1' class='date'>Mar 07</span>-<span inprof='y' id='54_2' class='date'>May 07</span>
Database Application
        Correct OC and CRC errors in <span inprof='y' id='55' class='sofwr'>Oracle 11i</span>.
        Run document in the <span inprof='n' id='56' class='sofwr'>Oracle</span> <span inprof='y' id='57' class='sofwr'>11i</span> software.
        Used Remedy and TPX program to keep on track the errors.

<span inprof='y' id='58_1_1' class='date'>Oct 2006</span>-<span inprof='y' id='58_1_2' class='date'>Mar 07</span>
<span inprof='y' id='58_2' class='company'>Comcast Cable</span> <span inprof='y' id='58_3' class='location'>San Jose, CA</span>
<span inprof='y' id='58_4_1' class='role'>Data Entry Clerk</span>

    * Searched addresses in Google Map. ; 
    * Make use <span inprof='n' id='59' class='company'>the Google</span> Map to put data information in excel. ; 
    * Sort data in correct order in excel sheet.
    * Search the Data information in excel.
    * Use <span inprof='y' id='60' class='sofwr'>Outlook</span> to write Email to the Team.

<span inprof='y' id='61_1_1' class='date'>April 2005</span> - <span inprof='y' id='61_1_2' class='date'>Sept 2005</span> <span inprof='y' id='61_2' class='company'>First American Title InsuranceSan Jose</span>, <span inprof='y' id='61_3' class='location'>CA</span>

<span inprof='y' id='62_1' class='role'>EPIC Processor</span>
    * Separated and Reviewed Loan Documents from different banks (Included Closing/Funding Instructions, Preliminary Reports, Notes, Deed of Trusts, Notarized Documents, and Draw Documents ; 
    * Shipped the funding packages to the banks with correct addresses ; 
    * Compared the Legal descriptions from the preliminary report to Deed of Trusts, and recorded the Deed of Trust to the county ; 
    * Entries data to all the banking documents into computer ; 
    * Copied and Certified all the funding/closing packages ; 
    * Approve loan Documents, and recording to county.

<span inprof='y' id='63_1_1' class='date'>Dec 2002</span> - <span inprof='y' id='63_1_2' class='date'>Oct 2004</span> <span inprof='y' id='63_2' class='company'>Washington Mutual Wholesale</span> <span inprof='y' id='63_3' class='location'>Campbell, CA</span>

<span inprof='y' id='64_1' class='role'>Loan Coordinator</span> II, Set Up and Closing Processor
    * Reviewed the loan application package for completeness and accuracy ; 
    * Signed off on loan conditions, analyzed title report, purchase contract and escrow instructions ; 
    * Reviewed and verified credit report and other income and liabilities ; 
    * Performed verbal verification of employment and acts as a back-up to processing ; 
    * Calculated the Income/Asset from the borrower ; 
    * Contacted Brokers and sent the information to the brokers ; 
    * Reviewed borrower 's profiles
    * Set up the Loan Documents ; 
    * Draw Documents and sent the documents to the borrower ; 
    * <span inprof='y' id='65' class='skill'>Quality control</span> on set up files ; 
    * Organized different types of banking documents ; 
    * Helped Closing and Funding loans

<span inprof='y' id='66_1_1' class='date'>May 2002</span> - <span inprof='y' id='66_1_2' class='date'>Jan 2003</span> <span inprof='y' id='66_2' class='company'>Advanced Team Lending, Inc</span>

<span inprof='y' id='67_1' class='role'>Administrative Assistant</span> <span inprof='y' id='68' class='location'>San Jose, CA</span>
    * Managed purchasing and <span inprof='y' id='69' class='skill'>inventory control</span> ; 
    * Analyzed and organized office operations ; 
    * Gathered borrower 's information (include pay stub, credit score, checking/saving accounts) ; 
    * Ran borrower's credit score by using Equifax, <span inprof='n' id='70' class='company'>Trans union</span>, <span inprof='n' id='71' class='company'>Experian</span> ; 
    * Analyzed borrower's credit report ; 
    * Helped borrowers to choose different terms of interest rate ; 
    * <span inprof='y' id='72_1' class='role'>Contacted appraiser</span> to check the house value
<span inprof='y' id='73_1_1' class='date'>Jan 2001</span> - <span inprof='y' id='73_1_2' class='date'>May 2001</span> <span inprof='y' id='73_2' class='educational'>University of Texas at Austin</span>

<span inprof='y' id='74_1' class='role'>Undergraduate Research Assistant</span> <span inprof='y' id='75' class='location'>Austin, Tx</span>
    * Developed test plan to beta test S2S Software Projects Under <span inprof='n' id='76' class='nominal'>Dr. Vicki Alstrum</span> ; 
    * Corrected errors in implementation to projects, documents, and directory structure
<span inprof='n' id='77_1' class='date-range'>Jan 1999 - May 2002</span> <span inprof='y' id='77_2' class='educational'>University of Texas at Austin</span> <span inprof='y' id='77_3' class='location'>Austin, Tx</span>

<span inprof='y' id='78_1' class='role'>Undergraduate Assistant</span> / <span inprof='y' id='78_2' class='role'>Math Grader</span>
    * Graded Calculus homework and quizzes assigned by professors ; 
    * Graded Intermediate Algebra assigned by professors ; 
    * Collected and calculated 300+ students' grade into <span inprof='y' id='79' class='sofwr'>Excel</span>
Awards Coat of <span inprof='y' id='80' class='qualif'>Arm Award and National Honor Society Award</span>

</TextResume>

</NonXMLResume>



<UserArea>
<DaxResumeUserArea>
<AdditionalPersonalData>
<ExperienceSummary>
<TotalMonthsOfWorkExperience>65</TotalMonthsOfWorkExperience>
<TotalYearsOfWorkExperience>5</TotalYearsOfWorkExperience>
<ExecutiveBrief>Manon Huang is a resident of Fremont, CA, US. She has been working in the IT  occupational sector for more than 5 years. During her last employment she was working as a Database Administrative at Optovue. Manon has extensive knowledge of Oracle 11i, MySQL, Microsoft Access, Oracle Applications, Oracle ASCP, Oracle, Microsoft Outlook, JDBC, DBMS. So far Manon has not gained any managerial experience.</ExecutiveBrief>
</ExperienceSummary>
</AdditionalPersonalData>
<ParserInfo>
<ParserConfiguration>{max_len=50000} {tel_flag=} {send_zip=} {fast_conv=} {DEF_LOCAL=} {sdate=0} {no_email_body=0} {do_clever_zoning=1} {keep_span=1} {complex=1} {accept_langs=} {not_accept_langs=} {prefer_lang_cv=EN} {pers_only=0} {turbo=0} {split_language=0} {picture=0} {picture_inline=0} {name_space=0} {charset=} {hrxml_upgrade_edu_hist=0}{hrxml_add_languages_section=0}{spool=} {docID=} {user=DEFAULT} </ParserConfiguration>
<ParserRelease>0.12.3.32629</ParserRelease>
<ParserReleaseDate>2014-06-18</ParserReleaseDate>
<ParserSchema>2.0.29</ParserSchema>
<ParserSchemaLocation>http://cvx.daxtra.com/cvts/xsd/candidate/2.0.29/Resume.xsd</ParserSchemaLocation>
<ConverterRelease>0.5.2.32629</ConverterRelease>
<ConverterReleaseDate>2014-06-18</ConverterReleaseDate>
</ParserInfo>
<FileStruct filename='/home/izoom/anazarov/grammar/analysis/3rconnect/doc/100_Resumes-Walsh/Manon Huan1.docx'>

<attachment fname='Manon Huan1.docx' ftype='docx' conv='yes' doc_type='cv' lang='EN'>/home/izoom/anazarov/grammar/analysis/3rconnect/doc/100_Resumes-Walsh/Manon Huan1.docx</attachment>


</FileStruct>
</DaxResumeUserArea>
</UserArea>
</Resume>
