<?xml version='1.0' encoding='ISO-8859-1'?>
<Resume lang='en' src='DAXTRA-CVX schema:2.0.29 release:0.12.3.32629 rdate:2014-06-18'>
<StructuredXMLResume>
<ContactInfo>
<PersonName id='2'>
<FormattedName>Melina K. Paschal</FormattedName>
<GivenName>Melina</GivenName>
<MiddleName>K.</MiddleName>
<FamilyName>Paschal</FamilyName>
<sex>Female</sex>
</PersonName>
<ContactMethod>
<Telephone id='4' type='home'>
<InternationalCountryCode>1</InternationalCountryCode>
<SubscriberNumber>510 875-4177</SubscriberNumber>
<FormattedNumber>+1 510 875-4177</FormattedNumber></Telephone>

<Telephone id='5' type='alt'>
<InternationalCountryCode>1</InternationalCountryCode>
<SubscriberNumber>510 938-2566</SubscriberNumber>
<FormattedNumber>+1 510 938-2566</FormattedNumber></Telephone>

<InternetEmailAddress id='6' type='main'>melina.paschal0@gmail.com</InternetEmailAddress>
<PostalAddress id='3' type='main'>
<CountryCode>US</CountryCode>
<PostalCode>94607</PostalCode>
<Region>CA</Region>
<Municipality>Oakland</Municipality>
<DeliveryAddress>
<AddressLine>1560 5th Street #B</AddressLine>
<StreetName>5th Street</StreetName>
<BuildingNumber>1560</BuildingNumber>
<Unit>#B</Unit>
</DeliveryAddress>

</PostalAddress>
</ContactMethod>
</ContactInfo>
<ExecutiveSummary>To secure a challenging position where I can effectively contribute my skills that offer professional growth.</ExecutiveSummary>


<EmploymentHistory>
<EmployerOrg employerOrgType='soleEmployer'>
<EmployerOrgName id='15_1'>McDonalds</EmployerOrgName>
<EmployerContactInfo>
<LocationSummary id='15_3'>
<Municipality>Oakland</Municipality>
<CountryCode>CA</CountryCode>
</LocationSummary>
</EmployerContactInfo>
<PositionHistory positionType='PERMANENT'>
<Title id='15_2_1'>Crew Member</Title>
<Title id='15_2_2'>Cashier</Title>
<OrgName id='15_1'>McDonalds</OrgName>



<Description>*  Requested and record customer orders, and compute bills using cash registers, multi counting machines, or pencil and paper. ; 
    *  Communicate with customers regarding orders, comments, or complaints. ; 
    *  Clean and organize eating, services, and kitchen areas. ; 
    *  Serve customers in eating places that specialize in fast service. ;</Description>
<StartDate id='15_4_1'><Year>2012</Year></StartDate>
<EndDate id='15_4_2'>notApplicable</EndDate>




<JobCategory>
<TaxonomyName>JOBAREA</TaxonomyName>
<CategoryCode>retail</CategoryCode>
</JobCategory>


<UserArea>
<DaxPositionHistoryUserArea>
<TLSPAN first_id='15' last_id='15' border_id='16'></TLSPAN>
<MonthsOfWork>12</MonthsOfWork>
</DaxPositionHistoryUserArea>
</UserArea>
</PositionHistory>
</EmployerOrg>

<EmployerOrg employerOrgType='soleEmployer'>
<EmployerOrgName id='16_1'>United States Postal Service</EmployerOrgName>
<EmployerContactInfo>
<LocationSummary id='16_4'>
<Municipality>Oakland</Municipality>
<CountryCode>CA</CountryCode>
</LocationSummary>
</EmployerContactInfo>
<PositionHistory positionType='PERMANENT'>
<Title id='16_3_1'>Handler</Title>
<OrgName id='16_2'>Casual Mail</OrgName>



<Description>*  Unloads mail from trucks. Separates all mail received from trucks and conveyors for dispatch to other conveying units and separates and delivers mail for delivery to distribution areas. ; 
    *  Picks up sacks, pouches, and outside pieces, separates outgoing bulk mails for dispatch and loads mail onto trucks. ; 
    *  Loads, unloads, and moves bulk mail and performs other duties incidental to the movement and processing of mail. ;</Description>
<StartDate id='16_5_1'><Year>2012</Year></StartDate>
<EndDate id='16_5_2'><Year>2013</Year></EndDate>




<JobCategory>
<TaxonomyName>JOBAREA</TaxonomyName>
<CategoryCode>transport</CategoryCode>
</JobCategory>


<UserArea>
<DaxPositionHistoryUserArea>
<TLSPAN first_id='16' last_id='16' border_id='17'></TLSPAN>
<MonthsOfWork>12</MonthsOfWork>
</DaxPositionHistoryUserArea>
</UserArea>
</PositionHistory>
</EmployerOrg>

<EmployerOrg employerOrgType='soleEmployer'>
<EmployerOrgName id='17_1'>Walmart</EmployerOrgName>
<EmployerContactInfo>
<LocationSummary id='17_3'>
<Municipality>Manteca</Municipality>
<Region>CA</Region>
<CountryCode>US</CountryCode>
</LocationSummary>
</EmployerContactInfo>
<PositionHistory positionType='CONTRACT'>
<Title id='17_2_1'>Cashier</Title>
<OrgName id='17_1'>Walmart</OrgName>



<Description>*  Receive payment by cash, check, credit cards, vouchers, or automatic debits. ; 
    *  Issue receipts, refunds, credits, or change due to customers. ; 
    *  Maintain clean and orderly checkout areas and complete other general cleaning duties, such as mopping floors and emptying trash cans. ; 
    *  Stock shelves, and mark prices on shelves and items. ;</Description>
<StartDate id='17_4_1'><Year>2011</Year></StartDate>
<EndDate id='17_4_2'><Year>2011</Year></EndDate>




<JobCategory>
<TaxonomyName>JOBAREA</TaxonomyName>
<CategoryCode>caretaking-cleaning</CategoryCode>
</JobCategory>


<UserArea>
<DaxPositionHistoryUserArea>
<TLSPAN first_id='17' last_id='17' border_id='18'></TLSPAN>
<MonthsOfWork>7</MonthsOfWork>
</DaxPositionHistoryUserArea>
</UserArea>
</PositionHistory>
</EmployerOrg>

<EmployerOrg employerOrgType='soleEmployer'>
<EmployerOrgName id='18_1'>San Joaquin County Aging &#38; Community Services</EmployerOrgName>
<EmployerContactInfo>
<LocationSummary id='18_3'>
<Municipality>Manteca</Municipality>
<Region>CA</Region>
<CountryCode>US</CountryCode>
</LocationSummary>
</EmployerContactInfo>
<PositionHistory positionType='PERMANENT'>
<Title id='18_2_1'>Caregiver</Title>
<OrgName id='18_1'>San Joaquin County Aging &#38; Community Services</OrgName>



<Description>*  Cared for patients in their homes. Changed bed linen, washed and ironed laundry and cleaned patient quarters. ; 
    *  Purchased, prepared and served food for patient, following special prescribed diets. ; 
    *  Assisted patients into and out of bed, automobile and wheelchair, to lavatory and up and down stairs. Assist patient to dress, bathe and groom self. ; 
    *  Administered prescribed oral medications under written direction of physician and as directed by home care nurse. ;</Description>
<StartDate id='18_4_1'><Year>2010</Year></StartDate>
<EndDate id='18_4_2'><Year>2011</Year></EndDate>




<JobCategory>
<TaxonomyName>JOBAREA</TaxonomyName>
<CategoryCode>caretaking-cleaning</CategoryCode>
</JobCategory>


<UserArea>
<DaxPositionHistoryUserArea>
<TLSPAN first_id='18' last_id='18' border_id='19'></TLSPAN>
<MonthsOfWork>12</MonthsOfWork>
</DaxPositionHistoryUserArea>
</UserArea>
</PositionHistory>
</EmployerOrg>

<EmployerOrg employerOrgType='soleEmployer'>
<EmployerOrgName id='19_1'>Kaiser Permanente</EmployerOrgName>
<EmployerContactInfo>
<LocationSummary id='19_4'>
<Municipality>Oakland</Municipality>
<CountryCode>CA</CountryCode>
</LocationSummary>
</EmployerContactInfo>
<PositionHistory positionType='PERMANENT'>
<Title id='19_3_1'>Assistant</Title>
<OrgName id='19_2'>Administrative Services</OrgName>



<Description>*  Answer phone calls and direct calls to appropriate parties or take messages. ; 
    *  Conduct research, compile data, and prepare papers for consideration and presentation by executives, committees and boards of directors. ; 
    *  Coordinate and direct office services, such as records, departmental finances, budget preparation, personnel issues, and housekeeping, to aid executives. ; 
    *  Perform general office duties, such as ordering supplies, maintaining records management database systems, and performing basic bookkeeping work. ;</Description>
<StartDate id='19_5_1'><Year>2005</Year></StartDate>
<EndDate id='19_5_2'><Year>2010</Year></EndDate>



<JobLevelInfo>
<JobGrade>joblevel-nonmanager-low</JobGrade>
</JobLevelInfo>

<JobCategory>
<TaxonomyName>JOBAREA</TaxonomyName>
<CategoryCode>secretarial</CategoryCode>
</JobCategory>


<UserArea>
<DaxPositionHistoryUserArea>
<TLSPAN first_id='19' last_id='21' border_id='22'></TLSPAN>
<MonthsOfWork>60</MonthsOfWork>
</DaxPositionHistoryUserArea>
</UserArea>
</PositionHistory>
</EmployerOrg>

<EmployerOrg employerOrgType='soleEmployer'>
<EmployerOrgName id='22_1'>Dental Front</EmployerOrgName>
<EmployerContactInfo>
<LocationSummary id='22_3'>
<Municipality>Oakland</Municipality>
<CountryCode>CA</CountryCode>
</LocationSummary>
</EmployerContactInfo>
<PositionHistory positionType='PERMANENT'>
<Title id='22_2_1'>Desk Clerk</Title>
<OrgName organizationType='unit' id='22_1'>Naismith Dental Group</OrgName>



<Description>*  Greet visitors and determine whether they should be given access to specific individuals. ; 
    *  Interpret administrative and operating policies and procedures for employees. ; 
    *  Meet with individuals, special interest groups and others on behalf of executives, committees and boards of directors. ; 
    *  Open, sort, and distribute incoming correspondence, including faxes and email. ; 
    *  Supervise and train other clerical staff and arrange for employee training by scheduling training or organizing training material. ;</Description>
<StartDate id='22_4_1'><Year>2004</Year></StartDate>
<EndDate id='22_4_2'><Year>2005</Year></EndDate>




<JobCategory>
<TaxonomyName>JOBAREA</TaxonomyName>
<CategoryCode>secretarial</CategoryCode>
</JobCategory>


<UserArea>
<DaxPositionHistoryUserArea>
<TLSPAN first_id='22' last_id='25' border_id='0'></TLSPAN>
<MonthsOfWork>12</MonthsOfWork>
</DaxPositionHistoryUserArea>
</UserArea>
</PositionHistory>
</EmployerOrg>

</EmploymentHistory>
<EducationHistory>
<SchoolOrInstitution schoolType='university'>
<SchoolName id='27_2'>South University</SchoolName>



<Degree degreeType='associates'>
<DegreeName id='28'>Associate</DegreeName>
<DegreeDate id='27_1_2'><Year>2012</Year></DegreeDate>
</Degree>
<Major id='28'>Allied Health Science</Major>


<DatesOfAttendance>
<StartDate id='27_1_1'><Year>2011</Year></StartDate>
<EndDate id='27_1_2'><Year>2012</Year></EndDate>
</DatesOfAttendance>

</SchoolOrInstitution>

<SchoolOrInstitution schoolType='college'>
<SchoolName id='29_2'>Bryman College</SchoolName>
<LocationSummary id='29_3'>
<Municipality>San Francisco</Municipality>
<Region>CA</Region>
<CountryCode>US</CountryCode>
</LocationSummary>


<Degree degreeType='some college'>
<DegreeName id='29_4_1'>Medical Administrative Assistant</DegreeName>
<DegreeDate id='29_1_2'><Year>2001</Year></DegreeDate>
</Degree>



<DatesOfAttendance>
<StartDate id='29_1_1'><Year>2000</Year></StartDate>
<EndDate id='29_1_2'><Year>2001</Year></EndDate>
</DatesOfAttendance>

</SchoolOrInstitution>

<SchoolOrInstitution schoolType='college'>
<SchoolName id='30_2'>Oakland High School</SchoolName>
<LocationSummary id='30_3'>
<Municipality>Oakland</Municipality>
<CountryCode>CA</CountryCode>
</LocationSummary>


<Degree degreeType='some college'>
<DegreeName id='30_4'>Higher School Certificate</DegreeName>
<DegreeDate id='30_1_2'><Year>1988</Year></DegreeDate>
</Degree>



<DatesOfAttendance>
<StartDate id='30_1_1'><Year>1984</Year></StartDate>
<EndDate id='30_1_2'><Year>1988</Year></EndDate>
</DatesOfAttendance>

</SchoolOrInstitution>

</EducationHistory>











<Competency oids='25 ' description='Skill' auth='no' name='scheduling training'>
<CompetencyEvidence name='Extent of Experience' typeDescription='Extent of Experience' type='MONTH' lastUsed='2005'><NumericValue description='MONTH'>12</NumericValue></CompetencyEvidence>

<CompetencyWeight type='skillLevel'><NumericValue minValue='0' maxValue='100'>22</NumericValue></CompetencyWeight>

<CompetencyWeight type='skillProficiency'><StringValue minValue='BASIC' maxValue='EXCELLENT'>BASIC</StringValue></CompetencyWeight>
</Competency>

<Competency oids='24 ' description='Skill' auth='no' name='employee training'>
<CompetencyEvidence name='Extent of Experience' typeDescription='Extent of Experience' type='MONTH' lastUsed='2005'><NumericValue description='MONTH'>12</NumericValue></CompetencyEvidence>

<CompetencyWeight type='skillLevel'><NumericValue minValue='0' maxValue='100'>23</NumericValue></CompetencyWeight>

<CompetencyWeight type='skillProficiency'><StringValue minValue='BASIC' maxValue='EXCELLENT'>BASIC</StringValue></CompetencyWeight>
</Competency>

<Competency oids='20 ' description='Skill' auth='no' name='budget preparation'>
<CompetencyEvidence name='Extent of Experience' typeDescription='Extent of Experience' type='MONTH' lastUsed='2010'><NumericValue description='MONTH'>60</NumericValue></CompetencyEvidence>

<CompetencyWeight type='skillLevel'><NumericValue minValue='0' maxValue='100'>75</NumericValue></CompetencyWeight>

<CompetencyWeight type='skillProficiency'><StringValue minValue='BASIC' maxValue='EXCELLENT'>GOOD</StringValue></CompetencyWeight>
</Competency>

<Competency oids='9 ' description='Skill > IT' auth='yes' name='Microsoft Word'>
<CompetencyEvidence typeDescription='Alias' name='Alias'><StringValue>Word</StringValue></CompetencyEvidence>

<CompetencyWeight type='skillLevel'><NumericValue minValue='0' maxValue='100'>13</NumericValue></CompetencyWeight>
</Competency>

<Competency oids='11 ' description='Skill > IT' auth='yes' name='Microsoft PowerPoint'>
<CompetencyEvidence typeDescription='Alias' name='Alias'><StringValue>PowerPoint</StringValue></CompetencyEvidence>

<CompetencyWeight type='skillLevel'><NumericValue minValue='0' maxValue='100'>13</NumericValue></CompetencyWeight>
</Competency>

<Competency oids='12 ' description='Skill > IT' auth='yes' name='Microsoft Outlook'>
<CompetencyEvidence typeDescription='Alias' name='Alias'><StringValue>Outlook</StringValue></CompetencyEvidence>

<CompetencyWeight type='skillLevel'><NumericValue minValue='0' maxValue='100'>13</NumericValue></CompetencyWeight>
</Competency>

<Competency oids='10 ' description='Skill > IT' auth='yes' name='Microsoft Excel'>
<CompetencyEvidence typeDescription='Alias' name='Alias'><StringValue>Excel</StringValue></CompetencyEvidence>

<CompetencyWeight type='skillLevel'><NumericValue minValue='0' maxValue='100'>13</NumericValue></CompetencyWeight>
</Competency>

<Competency oids='8 ' description='Skill' auth='no' name='Mail Processing'>
<CompetencyWeight type='skillLevel'><NumericValue minValue='0' maxValue='100'>13</NumericValue></CompetencyWeight>
</Competency>

<Competency oids='13 ' description='Skill > IT' auth='yes' name='Lotus Notes/Domino'>
<CompetencyEvidence typeDescription='Alias' name='Alias'><StringValue>Lotus Notes</StringValue></CompetencyEvidence>

<CompetencyWeight type='skillLevel'><NumericValue minValue='0' maxValue='100'>13</NumericValue></CompetencyWeight>
</Competency>

<Competency oids='21 ' description='Skill' auth='no' name='Bookkeeping'>
<CompetencyEvidence name='Extent of Experience' typeDescription='Extent of Experience' type='MONTH' lastUsed='2010'><NumericValue description='MONTH'>60</NumericValue></CompetencyEvidence>

<CompetencyEvidence typeDescription='Alias' name='Alias'><StringValue>basic bookkeeping</StringValue></CompetencyEvidence>

<CompetencyWeight type='skillLevel'><NumericValue minValue='0' maxValue='100'>74</NumericValue></CompetencyWeight>

<CompetencyWeight type='skillProficiency'><StringValue minValue='BASIC' maxValue='EXCELLENT'>GOOD</StringValue></CompetencyWeight>
</Competency>

<Competency oids='15_2_2 17_2_1 ' description='Held Position' auth='no' name='Cashier'>
<CompetencyEvidence name='Extent of Experience' typeDescription='Extent of Experience' type='MONTH' lastUsed='2013'><NumericValue description='MONTH'>19</NumericValue></CompetencyEvidence>

<CompetencyWeight type='skillLevel'><NumericValue minValue='0' maxValue='100'>100</NumericValue></CompetencyWeight>

<CompetencyWeight type='skillProficiency'><StringValue minValue='BASIC' maxValue='EXCELLENT'>EXCELLENT</StringValue></CompetencyWeight>
</Competency>

<Competency oids='29_4_1 ' description='Held Position' auth='no' name='Medical Administrative Assistant'>
<CompetencyWeight type='skillLevel'><NumericValue minValue='0' maxValue='100'>13</NumericValue></CompetencyWeight>
</Competency>

<Competency oids='23_1 ' description='Held Position' auth='no' name='Interpret'>
<CompetencyEvidence name='Extent of Experience' typeDescription='Extent of Experience' type='MONTH' lastUsed='2005'><NumericValue description='MONTH'>12</NumericValue></CompetencyEvidence>

<CompetencyWeight type='skillLevel'><NumericValue minValue='0' maxValue='100'>22</NumericValue></CompetencyWeight>

<CompetencyWeight type='skillProficiency'><StringValue minValue='BASIC' maxValue='EXCELLENT'>BASIC</StringValue></CompetencyWeight>
</Competency>

<Competency oids='16_3_1 ' description='Held Position' auth='no' name='Handler'>
<CompetencyEvidence name='Extent of Experience' typeDescription='Extent of Experience' type='MONTH' lastUsed='2013'><NumericValue description='MONTH'>12</NumericValue></CompetencyEvidence>

<CompetencyWeight type='skillLevel'><NumericValue minValue='0' maxValue='100'>96</NumericValue></CompetencyWeight>

<CompetencyWeight type='skillProficiency'><StringValue minValue='BASIC' maxValue='EXCELLENT'>EXCELLENT</StringValue></CompetencyWeight>
</Competency>

<Competency oids='22_2_1 ' description='Held Position' auth='no' name='Desk Clerk'>
<CompetencyEvidence name='Extent of Experience' typeDescription='Extent of Experience' type='MONTH' lastUsed='2005'><NumericValue description='MONTH'>12</NumericValue></CompetencyEvidence>

<CompetencyWeight type='skillLevel'><NumericValue minValue='0' maxValue='100'>23</NumericValue></CompetencyWeight>

<CompetencyWeight type='skillProficiency'><StringValue minValue='BASIC' maxValue='EXCELLENT'>BASIC</StringValue></CompetencyWeight>
</Competency>

<Competency oids='15_2_1 ' description='Held Position' auth='no' name='Crew Member'>
<CompetencyEvidence name='Extent of Experience' typeDescription='Extent of Experience' type='MONTH' lastUsed='2013'><NumericValue description='MONTH'>12</NumericValue></CompetencyEvidence>

<CompetencyWeight type='skillLevel'><NumericValue minValue='0' maxValue='100'>96</NumericValue></CompetencyWeight>

<CompetencyWeight type='skillProficiency'><StringValue minValue='BASIC' maxValue='EXCELLENT'>EXCELLENT</StringValue></CompetencyWeight>
</Competency>

<Competency oids='18_2_1 ' description='Held Position' auth='no' name='Caregiver'>
<CompetencyEvidence name='Extent of Experience' typeDescription='Extent of Experience' type='MONTH' lastUsed='2011'><NumericValue description='MONTH'>12</NumericValue></CompetencyEvidence>

<CompetencyWeight type='skillLevel'><NumericValue minValue='0' maxValue='100'>69</NumericValue></CompetencyWeight>

<CompetencyWeight type='skillProficiency'><StringValue minValue='BASIC' maxValue='EXCELLENT'>GOOD</StringValue></CompetencyWeight>
</Competency>

<Competency oids='19_3_1 ' description='Held Position' auth='no' name='Assistant'>
<CompetencyEvidence name='Extent of Experience' typeDescription='Extent of Experience' type='MONTH' lastUsed='2010'><NumericValue description='MONTH'>60</NumericValue></CompetencyEvidence>

<CompetencyWeight type='skillLevel'><NumericValue minValue='0' maxValue='100'>75</NumericValue></CompetencyWeight>

<CompetencyWeight type='skillProficiency'><StringValue minValue='BASIC' maxValue='EXCELLENT'>GOOD</StringValue></CompetencyWeight>
</Competency>

<Competency oids='30_4 ' description='Degree/Qualification' auth='yes' name='Higher School Certificate'>
<CompetencyEvidence typeDescription='Alias' name='Alias'><StringValue>High School Diploma</StringValue></CompetencyEvidence>

<CompetencyWeight type='skillLevel'><NumericValue minValue='0' maxValue='100'>12</NumericValue></CompetencyWeight>
</Competency>

<Competency oids='28 ' description='Degree/Qualification' auth='no' name='Associate > Associate Allied Health Science'>
<CompetencyEvidence name='Application' typeDescription='Application' type='Allied Health Science'><StringValue>Allied Health Science</StringValue></CompetencyEvidence>

<CompetencyEvidence typeDescription='Alias' name='Alias'><StringValue>Associate in Allied Health Science</StringValue></CompetencyEvidence>

<CompetencyWeight type='skillLevel'><NumericValue minValue='0' maxValue='100'>12</NumericValue></CompetencyWeight>
</Competency>

<Competency description='Industry' auth='yes' name='industry~retail'>
<CompetencyEvidence name='skillCount' typeDescription='skillCount'><NumericValue>1</NumericValue></CompetencyEvidence>

<CompetencyWeight type='skillLevel'><NumericValue minValue='0' maxValue='100'>100</NumericValue></CompetencyWeight>
</Competency>























<RevisionDate id='1'>2013-04-24</RevisionDate>
</StructuredXMLResume>
<NonXMLResume>

<TextResume>



<span inprof='n' id='1' class='date'>{{DOCUMENT_DATESTAMP}} 2013-4-24 {{END_DOCUMENT_DATESTAMP}}</span>


<span inprof='y' id='2' class='nominal'>Melina K. Paschal</span>
<span inprof='y' id='3' class='location'>1560 5th Street #B ~ Oakland, CA 94607</span> ~ <span inprof='y' id='4' class='telephone'>(510) 875-4177</span> ~ <span inprof='y' id='5' class='telephone'>(510) 938-2566</span>
<span inprof='y' id='6' class='email'>melina.paschal0@gmail.com</span>

<span inprof='n' id='7' class='objectives-mark'>OBJECTIVE:</span> To secure a challenging position where I can effectively contribute my skills that offer professional growth.

    *
    *  Scheduling - Appointments &#38; Traveling
    *  Customer Service - Retail &#38; Sales
    *  Maintenance - Filing &#38; Data Entry
    *  Coordination - Conferences &#38; Meetings ; 
    *  Management - Materials &#38; <span inprof='y' id='8' class='skill'>Mail Processing</span> ; 
    *  Computer Skills - <span inprof='y' id='9' class='sofwr'>Word</span>, <span inprof='y' id='10' class='sofwr'>Excel</span>, <span inprof='y' id='11' class='sofwr'>PowerPoint</span>, <span inprof='y' id='12' class='sofwr'>Outlook</span>, <span inprof='y' id='13' class='sofwr'>Lotus Notes</span>, Dentrix




<span inprof='n' id='14' class='work-hist-mark'>PROFESSIONAL EXPERIENCE</span>
<span inprof='y' id='15_1' class='company'>McDonalds</span>, <span inprof='y' id='15_2_1' class='role'>Crew Member</span>/<span inprof='y' id='15_2_2' class='role'>Cashier</span>, <span inprof='y' id='15_3' class='location'>Oakland, CA</span>                                                                    <span inprof='y' id='15_4_1' class='date'>2012</span> - <span inprof='y' id='15_4_2' class='date'>Present</span>
                                                                                                               *  Requested and record customer orders, and compute bills using cash registers, multi counting machines, or pencil and paper. ; 
                                                                                                               *  Communicate with customers regarding orders, comments, or complaints. ; 
                                                                                                               *  Clean and organize eating, services, and kitchen areas. ; 
                                                                                                               *  Serve customers in eating places that specialize in fast service.
<span inprof='y' id='16_1' class='company'>United States Postal Service</span>, <span inprof='y' id='16_2' class='company'>Casual Mail</span> <span inprof='y' id='16_3_1' class='role'>Handler</span>, <span inprof='y' id='16_4' class='location'>Oakland, CA</span>                                                 <span inprof='y' id='16_5_1' class='date'>2012</span> - <span inprof='y' id='16_5_2' class='date'>2013</span>
                                                                                                               *  Unloads mail from trucks. Separates all mail received from trucks and conveyors for dispatch to other conveying units and separates and delivers mail for delivery to distribution areas. ; 
                                                                                                               *  Picks up sacks, pouches, and outside pieces, separates outgoing bulk mails for dispatch and loads mail onto trucks. ; 
                                                                                                               *  Loads, unloads, and moves bulk mail and performs other duties incidental to the movement and processing of mail.
<span inprof='y' id='17_1' class='company'>Walmart</span>, <span inprof='y' id='17_2_1' class='role'>Cashier</span>, <span inprof='y' id='17_3' class='location'>Manteca, CA</span>                                                                                  <span inprof='y' id='17_4_1' class='date'>2011</span> - <span inprof='y' id='17_4_2' class='date'>2011</span>
                                                                                                               *  Receive payment by cash, check, credit cards, vouchers, or automatic debits. ; 
                                                                                                               *  Issue receipts, refunds, credits, or change due to customers. ; 
                                                                                                               *  Maintain clean and orderly checkout areas and complete other general cleaning duties, such as mopping floors and emptying trash cans. ; 
                                                                                                               *  Stock shelves, and mark prices on shelves and items.
<span inprof='y' id='18_1' class='company'>San Joaquin County Aging &#38; Community Services</span>, <span inprof='y' id='18_2_1' class='role'>Caregiver</span>, <span inprof='y' id='18_3' class='location'>Manteca, CA</span>                <span inprof='y' id='18_4_1' class='date'>2010</span> - <span inprof='y' id='18_4_2' class='date'>2011</span>
                                                                                                               *  Cared for patients in their homes. Changed bed linen, washed and ironed laundry and cleaned patient quarters. ; 
                                                                                                               *  Purchased, prepared and served food for patient, following special prescribed diets. ; 
                                                                                                               *  Assisted patients into and out of bed, automobile and wheelchair, to lavatory and up and down stairs. Assist patient to dress, bathe and groom self. ; 
                                                                                                               *  Administered prescribed oral medications under written direction of physician and as directed by home care nurse.





<span inprof='y' id='19_1' class='company'>Kaiser Permanente</span>, <span inprof='y' id='19_2' class='company'>Administrative Services</span> <span inprof='y' id='19_3_1' class='role'>Assistant</span>, <span inprof='y' id='19_4' class='location'>Oakland, CA</span>                          <span inprof='y' id='19_5_1' class='date'>2005</span> - <span inprof='y' id='19_5_2' class='date'>2010</span>
    *  Answer phone calls and direct calls to appropriate parties or take messages. ; 
    *  Conduct research, compile data, and prepare papers for consideration and presentation by executives, committees and boards of directors. ; 
    *  Coordinate and direct office services, such as records, departmental finances, <span inprof='y' id='20' class='skill'>budget preparation</span>, personnel issues, and housekeeping, to aid executives. ; 
    *  Perform general office duties, such as ordering supplies, maintaining records management database systems, and performing <span inprof='y' id='21' class='skill'>basic bookkeeping</span> work.
<span inprof='y' id='22_1' class='company'>Naismith Dental Group, Dental Front</span> <span inprof='y' id='22_2_1' class='role'>Desk Clerk</span>, <span inprof='y' id='22_3' class='location'>Oakland, CA</span>                               <span inprof='y' id='22_4_1' class='date'>2004</span> - <span inprof='y' id='22_4_2' class='date'>2005</span>
                                                                                          *  Greet visitors and determine whether they should be given access to specific individuals. ; 
                                                                                          *  <span inprof='y' id='23_1' class='role'>Interpret</span> administrative and operating policies and procedures for employees. ; 
                                                                                          *  Meet with individuals, special interest groups and others on behalf of executives, committees and boards of directors. ; 
                                                                                          *  Open, sort, and distribute incoming correspondence, including faxes and email. ; 
                                                                                          *  Supervise and train other clerical staff and arrange for <span inprof='y' id='24' class='skill'>employee training</span> by <span inprof='y' id='25' class='skill'>scheduling training</span> or organizing training material.

<span inprof='n' id='26' class='edu-hist-mark'>EDUCATION</span>
<span inprof='y' id='27_1_1' class='date'>2011</span> - <span inprof='y' id='27_1_2' class='date'>2012</span>          <span inprof='y' id='27_2' class='educational'>South University</span> - Online, <span inprof='y' id='28' class='qualif'>Associate in Allied Health Science</span>, some courses

<span inprof='y' id='29_1_1' class='date'>2000</span> - <span inprof='y' id='29_1_2' class='date'>2001</span>          <span inprof='y' id='29_2' class='educational'>Bryman College</span>, <span inprof='y' id='29_3' class='location'>San Francisco, CA</span>, <span inprof='y' id='29_4_1' class='role'>Medical Administrative Assistant</span>, Graduated

<span inprof='y' id='30_1_1' class='date'>1984</span> - <span inprof='y' id='30_1_2' class='date'>1988</span>          <span inprof='y' id='30_2' class='educational'>Oakland High School</span>, <span inprof='y' id='30_3' class='location'>Oakland, CA</span>, <span inprof='y' id='30_4' class='qualif'>High School Diploma</span> received, Graduated


REFERENCES Available Upon Request

</TextResume>

</NonXMLResume>



<UserArea>
<DaxResumeUserArea>
<AdditionalPersonalData>
<ExperienceSummary>
<TotalMonthsOfWorkExperience>115</TotalMonthsOfWorkExperience>
<TotalYearsOfWorkExperience>9</TotalYearsOfWorkExperience>
<ExecutiveBrief>Melina K. Paschal is a resident of Oakland, CA, US. She has been working in the Retail  occupational sector for more than 9 years. Currently she is employed as a Crew Member/Cashier at McDonalds. So far Melina has not gained any managerial experience.</ExecutiveBrief>
</ExperienceSummary>
</AdditionalPersonalData>
<ParserInfo>
<ParserConfiguration>{max_len=50000} {tel_flag=} {send_zip=} {fast_conv=} {DEF_LOCAL=} {sdate=0} {no_email_body=0} {do_clever_zoning=1} {keep_span=1} {complex=1} {accept_langs=} {not_accept_langs=} {prefer_lang_cv=EN} {pers_only=0} {turbo=0} {split_language=0} {picture=0} {picture_inline=0} {name_space=0} {charset=} {hrxml_upgrade_edu_hist=0}{hrxml_add_languages_section=0}{spool=} {docID=} {user=DEFAULT} </ParserConfiguration>
<ParserRelease>0.12.3.32629</ParserRelease>
<ParserReleaseDate>2014-06-18</ParserReleaseDate>
<ParserSchema>2.0.29</ParserSchema>
<ParserSchemaLocation>http://cvx.daxtra.com/cvts/xsd/candidate/2.0.29/Resume.xsd</ParserSchemaLocation>
<ConverterRelease>0.5.2.32629</ConverterRelease>
<ConverterReleaseDate>2014-06-18</ConverterReleaseDate>
</ParserInfo>
<FileStruct filename='/home/izoom/anazarov/grammar/analysis/3rconnect/doc/100_Resumes-Walsh/Melina K Paschal 2013 Resume.doc'>

<attachment fname='Melina K Paschal 2013 Resume.doc' ftype='doc' conv='yes' doc_type='cv' lang='EN'>/home/izoom/anazarov/grammar/analysis/3rconnect/doc/100_Resumes-Walsh/Melina K Paschal 2013 Resume.doc</attachment>


</FileStruct>
</DaxResumeUserArea>
</UserArea>
</Resume>
