<?xml version='1.0' encoding='ISO-8859-1'?>
<Resume lang='en' src='DAXTRA-CVX schema:2.0.29 release:0.12.3.32629 rdate:2014-06-18'>
<StructuredXMLResume>
<ContactInfo>
<PersonName id='2'>
<FormattedName>Christopher A. Menzel</FormattedName>
<GivenName>Christopher</GivenName>
<MiddleName>A.</MiddleName>
<FamilyName>Menzel</FamilyName>
<sex>Male</sex>
</PersonName>
<ContactMethod>
<Telephone id='5' type='home'>
<InternationalCountryCode>1</InternationalCountryCode>
<SubscriberNumber>908 510-9872</SubscriberNumber>
<FormattedNumber>+1 908 510-9872</FormattedNumber></Telephone>

<InternetEmailAddress id='4' type='main'>chrismenzel14@gmail.com</InternetEmailAddress>
<PostalAddress id='3' type='main'>
<CountryCode>US</CountryCode>
<PostalCode>07920</PostalCode>
<Region>NJ</Region>
<Municipality>Basking Ridge</Municipality>
<DeliveryAddress>
<AddressLine>3032 Valley Road</AddressLine>
<StreetName>Valley Road</StreetName>
<BuildingNumber>3032</BuildingNumber>
</DeliveryAddress>

</PostalAddress>
</ContactMethod>
</ContactInfo>


<EmploymentHistory>
<EmployerOrg employerOrgType='soleEmployer'>
<EmployerOrgName id='17_1'>Ithaca College Dean's</EmployerOrgName>
<EmployerContactInfo>
<LocationSummary id='17_2'>
<Municipality>List</Municipality>
</LocationSummary>
</EmployerContactInfo>
<PositionHistory positionType='PERMANENT'>

<OrgName id='17_1'>Ithaca College Dean's</OrgName>



<Description>*    Completed semester with at least 15 credits and a minimum GPA of 3.5</Description>
<StartDate id='17_3_1'><YearMonth>2009-08</YearMonth></StartDate>
<EndDate id='17_3_2'>notApplicable</EndDate>






<UserArea>
<DaxPositionHistoryUserArea>
<TLSPAN first_id='17' last_id='18' border_id='23'></TLSPAN>
<MonthsOfWork>45</MonthsOfWork>
</DaxPositionHistoryUserArea>
</UserArea>
</PositionHistory>
</EmployerOrg>

<EmployerOrg employerOrgType='soleEmployer'>
<EmployerOrgName id='23_1'>Core Trading Consultants</EmployerOrgName>
<EmployerContactInfo>
<LocationSummary id='23_3'>
<Municipality>Ithaca</Municipality>
<Region>NY</Region>
<CountryCode>US</CountryCode>
</LocationSummary>
</EmployerContactInfo>
<PositionHistory positionType='PERMANENT'>
<Title id='23_4_1'>Junior Analyst</Title>
<OrgName id='23_2'>Ithaca College</OrgName>



<Description>*    Collaborated with an industry group that researched potential investments regarding the technology industry, for the student managed Ithaca College $25,000 mutual fund ; 
*    Aided senior analyst and tech industry group in researching and preparing buy/sell presentations</Description>
<StartDate id='23_5_1'><YearMonth>2009-08</YearMonth></StartDate>
<EndDate id='23_5_2'>notApplicable</EndDate>



<JobLevelInfo>
<JobGrade>joblevel-nonmanager-low</JobGrade>
</JobLevelInfo>

<JobCategory>
<TaxonomyName>JOBAREA</TaxonomyName>
<CategoryCode>it</CategoryCode>
</JobCategory>


<UserArea>
<DaxPositionHistoryUserArea>
<TLSPAN first_id='23' last_id='28' border_id='30'></TLSPAN>
<MonthsOfWork>45</MonthsOfWork>
</DaxPositionHistoryUserArea>
</UserArea>
</PositionHistory>
</EmployerOrg>

<EmployerOrg employerOrgType='soleEmployer'>
<EmployerOrgName id='30_1'>Northwestern Mutual Financial Network</EmployerOrgName>
<EmployerContactInfo>
<LocationSummary id='30_2'>
<Municipality>Basking Ridge</Municipality>
<Region>NJ</Region>
<CountryCode>US</CountryCode>
</LocationSummary>
</EmployerContactInfo>
<PositionHistory positionType='Internship'>
<Title id='30_3_1'>Financial Representative</Title>
<OrgName id='30_1'>Northwestern Mutual Financial Network</OrgName>



<Description>*    Worked side-by-side with financial representatives and professional office staff to build relationships with clients by analyzing their specific financial needs and helping them reach their individual goals ; 
*    Licensed to sell life, health, accident, and long-term care insurance in New Jersey</Description>
<StartDate id='30_4_1'><YearMonth>2012-05</YearMonth></StartDate>
<EndDate id='30_4_2'><YearMonth>2013-01</YearMonth></EndDate>




<JobCategory>
<TaxonomyName>JOBAREA</TaxonomyName>
<CategoryCode>banking-finance</CategoryCode>
</JobCategory>


<UserArea>
<DaxPositionHistoryUserArea>
<TLSPAN first_id='30' last_id='32' border_id='33'></TLSPAN>
<MonthsOfWork>9</MonthsOfWork>
</DaxPositionHistoryUserArea>
</UserArea>
</PositionHistory>
</EmployerOrg>

<EmployerOrg employerOrgType='soleEmployer'>
<EmployerOrgName id='33_1'>Forest Lodge Catering</EmployerOrgName>
<EmployerContactInfo>
<LocationSummary id='33_2'>
<Municipality>Warren</Municipality>
<Region>NJ</Region>
<CountryCode>US</CountryCode>
</LocationSummary>
</EmployerContactInfo>
<PositionHistory positionType='PERMANENT'>
<Title id='33_3_1'>Customer Relations</Title>
<OrgName id='33_1'>Forest Lodge Catering</OrgName>



<Description>*    Led a small team in order to complete day to day operations (mostly preparation &#38; closing)</Description>
<StartDate id='33_4_1'><YearMonth>2010-05</YearMonth></StartDate>
<EndDate id='33_4_2'><YearMonth>2011-07</YearMonth></EndDate>




<JobCategory>
<TaxonomyName>JOBAREA</TaxonomyName>
<CategoryCode>customer-service</CategoryCode>
</JobCategory>


<UserArea>
<DaxPositionHistoryUserArea>
<TLSPAN first_id='33' last_id='33' border_id='34'></TLSPAN>
<MonthsOfWork>15</MonthsOfWork>
</DaxPositionHistoryUserArea>
</UserArea>
</PositionHistory>
</EmployerOrg>

<EmployerOrg employerOrgType='soleEmployer'>
<EmployerOrgName id='34_1'>R. Menzel Electrical</EmployerOrgName>
<EmployerContactInfo>
<LocationSummary id='34_3'>
<Municipality>Basking Ridge</Municipality>
<Region>NJ</Region>
<CountryCode>US</CountryCode>
</LocationSummary>
</EmployerContactInfo>
<PositionHistory positionType='PERMANENT'>
<Title id='34_4_1'>Electrical Assistant</Title>
<OrgName id='34_1'>R. Menzel Electrical</OrgName>



<Description>*    Assisted lead electrician in the installation of electrical systems, including lighting, electrical outlets, and circuit breakers</Description>
<StartDate id='34_5_1'><YearMonth>2008-04</YearMonth></StartDate>
<EndDate id='34_5_2'>notApplicable</EndDate>



<JobLevelInfo>
<JobGrade>joblevel-nonmanager-low</JobGrade>
</JobLevelInfo>

<JobCategory>
<TaxonomyName>JOBAREA</TaxonomyName>
<CategoryCode>engineering</CategoryCode>
</JobCategory>


<UserArea>
<DaxPositionHistoryUserArea>
<TLSPAN first_id='34' last_id='36' border_id='0'></TLSPAN>
<MonthsOfWork>60</MonthsOfWork>
</DaxPositionHistoryUserArea>
</UserArea>
</PositionHistory>
</EmployerOrg>

</EmploymentHistory>
<EducationHistory>
<SchoolOrInstitution schoolType='college'>








<DatesOfAttendance>
<StartDate><AnyDate>notKnown</AnyDate></StartDate>
<EndDate id='8'><YearMonth>2013-05</YearMonth></EndDate>
</DatesOfAttendance>
<Comments>*    Concentration: Finance and Management
Related Coursework: Business Statistics, Financial/Managerial Accounting, Financial Markets &#38; Institutions, Business Systems &#38; Technologies, Business Finance, Business &#38; Professional Communication, Sustainable Management, Leadership/Power &#38; Politics in Organizations, International Finance, Cases in Financial Management, Strategic Management, Seminar in Organizational Development &#38; Change
Honors &#38; Awards    Ithaca, NY</Comments>
</SchoolOrInstitution>

<SchoolOrInstitution schoolType='college'>








<DatesOfAttendance>
<StartDate><AnyDate>notKnown</AnyDate></StartDate>
<EndDate id='7_4'><YearMonth>2009-08</YearMonth></EndDate>
</DatesOfAttendance>
<Comments>*    Concentration: Finance and Management
Related Coursework: Business Statistics, Financial/Managerial Accounting, Financial Markets &#38; Institutions, Business Systems &#38; Technologies, Business Finance, Business &#38; Professional Communication, Sustainable Management, Leadership/Power &#38; Politics in Organizations, International Finance, Cases in Financial Management, Strategic Management, Seminar in Organizational Development &#38; Change
Honors &#38; Awards    Ithaca, NY</Comments>
</SchoolOrInstitution>

</EducationHistory>











<Competency oids='15 ' description='Skill' auth='no' name='Organizational Development'>
<CompetencyWeight type='skillLevel'><NumericValue minValue='0' maxValue='100'>13</NumericValue></CompetencyWeight>
</Competency>

<Competency oids='27 ' description='Skill' auth='yes' name='Mutual Funds'>
<CompetencyEvidence name='Extent of Experience' typeDescription='Extent of Experience' type='MONTH' lastUsed='2013'><NumericValue description='MONTH'>45</NumericValue></CompetencyEvidence>

<CompetencyEvidence typeDescription='Alias' name='Alias'><StringValue>mutual fund</StringValue></CompetencyEvidence>

<CompetencyWeight type='skillLevel'><NumericValue minValue='0' maxValue='100'>100</NumericValue></CompetencyWeight>

<CompetencyWeight type='skillProficiency'><StringValue minValue='BASIC' maxValue='EXCELLENT'>EXCELLENT</StringValue></CompetencyWeight>
</Competency>

<Competency oids='11 ' description='Skill' auth='yes' name='Money Markets'>
<CompetencyEvidence typeDescription='Alias' name='Alias'><StringValue>Financial Markets</StringValue></CompetencyEvidence>

<CompetencyWeight type='skillLevel'><NumericValue minValue='0' maxValue='100'>13</NumericValue></CompetencyWeight>
</Competency>

<Competency oids='31 ' description='Skill' auth='yes' name='Long term care insurance'>
<CompetencyEvidence name='Extent of Experience' typeDescription='Extent of Experience' type='MONTH' lastUsed='2013'><NumericValue description='MONTH'>9</NumericValue></CompetencyEvidence>

<CompetencyWeight type='skillLevel'><NumericValue minValue='0' maxValue='100'>94</NumericValue></CompetencyWeight>

<CompetencyWeight type='skillProficiency'><StringValue minValue='BASIC' maxValue='EXCELLENT'>EXCELLENT</StringValue></CompetencyWeight>
</Competency>

<Competency oids='36 ' description='Skill' auth='yes' name='Circuit Breakers'>
<CompetencyEvidence name='Extent of Experience' typeDescription='Extent of Experience' type='MONTH' lastUsed='2013'><NumericValue description='MONTH'>60</NumericValue></CompetencyEvidence>

<CompetencyWeight type='skillLevel'><NumericValue minValue='0' maxValue='100'>100</NumericValue></CompetencyWeight>

<CompetencyWeight type='skillProficiency'><StringValue minValue='BASIC' maxValue='EXCELLENT'>EXCELLENT</StringValue></CompetencyWeight>
</Competency>

<Competency oids='23_4_1 ' description='Held Position' auth='no' name='Junior Analyst'>
<CompetencyEvidence name='Extent of Experience' typeDescription='Extent of Experience' type='MONTH' lastUsed='2013'><NumericValue description='MONTH'>45</NumericValue></CompetencyEvidence>

<CompetencyWeight type='skillLevel'><NumericValue minValue='0' maxValue='100'>100</NumericValue></CompetencyWeight>

<CompetencyWeight type='skillProficiency'><StringValue minValue='BASIC' maxValue='EXCELLENT'>EXCELLENT</StringValue></CompetencyWeight>
</Competency>

<Competency oids='30_3_1 ' description='Held Position' auth='no' name='Financial Representative'>
<CompetencyEvidence name='Extent of Experience' typeDescription='Extent of Experience' type='MONTH' lastUsed='2013'><NumericValue description='MONTH'>9</NumericValue></CompetencyEvidence>

<CompetencyWeight type='skillLevel'><NumericValue minValue='0' maxValue='100'>94</NumericValue></CompetencyWeight>

<CompetencyWeight type='skillProficiency'><StringValue minValue='BASIC' maxValue='EXCELLENT'>EXCELLENT</StringValue></CompetencyWeight>
</Competency>

<Competency oids='34_4_1 ' description='Held Position' auth='no' name='Electrical Assistant'>
<CompetencyEvidence name='Extent of Experience' typeDescription='Extent of Experience' type='MONTH' lastUsed='2013'><NumericValue description='MONTH'>60</NumericValue></CompetencyEvidence>

<CompetencyWeight type='skillLevel'><NumericValue minValue='0' maxValue='100'>100</NumericValue></CompetencyWeight>

<CompetencyWeight type='skillProficiency'><StringValue minValue='BASIC' maxValue='EXCELLENT'>EXCELLENT</StringValue></CompetencyWeight>
</Competency>

<Competency oids='33_3_1 ' description='Held Position' auth='no' name='Customer Relations'>
<CompetencyEvidence name='Extent of Experience' typeDescription='Extent of Experience' type='MONTH' lastUsed='2011'><NumericValue description='MONTH'>15</NumericValue></CompetencyEvidence>

<CompetencyWeight type='skillLevel'><NumericValue minValue='0' maxValue='100'>68</NumericValue></CompetencyWeight>

<CompetencyWeight type='skillProficiency'><StringValue minValue='BASIC' maxValue='EXCELLENT'>GOOD</StringValue></CompetencyWeight>
</Competency>

<Competency oids='28_1 ' description='Held Position' auth='no' name='Aided senior analyst'>
<CompetencyEvidence name='Extent of Experience' typeDescription='Extent of Experience' type='MONTH' lastUsed='2013'><NumericValue description='MONTH'>45</NumericValue></CompetencyEvidence>

<CompetencyWeight type='skillLevel'><NumericValue minValue='0' maxValue='100'>99</NumericValue></CompetencyWeight>

<CompetencyWeight type='skillProficiency'><StringValue minValue='BASIC' maxValue='EXCELLENT'>EXCELLENT</StringValue></CompetencyWeight>
</Competency>

<Competency oids='7_3 ' description='Degree/Qualification' auth='yes' name='Bachelors Degree > Bachelor of Science in Business Administration'>
<CompetencyEvidence typeDescription='Alias' name='Alias'><StringValue>Bachelor of Science in Business Administration, GPA: 3.6</StringValue></CompetencyEvidence>

<CompetencyWeight type='skillLevel'><NumericValue minValue='0' maxValue='100'>12</NumericValue></CompetencyWeight>

<CompetencyWeight type='skillProficiency'><StringValue minValue='BASIC' maxValue='EXCELLENT'>GPA: 3.6</StringValue></CompetencyWeight>
</Competency>

<Competency description='Industry' auth='yes' name='industry~it'>
<CompetencyEvidence name='skillCount' typeDescription='skillCount'><NumericValue>1</NumericValue></CompetencyEvidence>

<CompetencyWeight type='skillLevel'><NumericValue minValue='0' maxValue='100'>61</NumericValue></CompetencyWeight>
</Competency>























<RevisionDate id='1'>2013-04-17</RevisionDate>
</StructuredXMLResume>
<NonXMLResume>

<TextResume>



<span inprof='n' id='1' class='date'>{{DOCUMENT_DATESTAMP}} 2013-04-17 {{END_DOCUMENT_DATESTAMP}}</span> 

<span inprof='y' id='2' class='nominal'>CHRISTOPHER A. MENZEL</span>
<span inprof='y' id='3' class='location'>3032 Valley Road, Basking Ridge, New Jersey 07920</span>
<span inprof='y' id='4' class='email'>chrismenzel14@gmail.com</span> &#xf06c;&#xf020;<span inprof='y' id='5' class='telephone'>908-510-9872</span>

<span inprof='n' id='6' class='edu-hist-mark'>EDUCATION</span>
<span inprof='n' id='7_1' class='educational'>Ithaca College, School of Business</span>    <span inprof='n' id='7_2' class='location'>Ithaca, NY</span>
<span inprof='y' id='7_3' class='qualif'>Bachelor of Science in Business Administration, GPA: 3.6</span>    <span inprof='y' id='7_4' class='date'>Aug. 2009</span>-Expected <span inprof='y' id='8' class='date'>May 2013</span>
*    <span inprof='n' id='9' class='qualif'>Concentration: Finance and Management</span>
Related Coursework: Business <span inprof='n' id='10' class='qualif'>Statistics, Financial/Managerial Accounting</span>, <span inprof='y' id='11' class='skill'>Financial Markets</span> &#38; Institutions, Business Systems &#38; Technologies, <span inprof='n' id='12' class='qualif'>Business Finance, Business &#38; Professional Communication, Sustainable Management, Leadership/Power &#38; Politics</span> in <span inprof='n' id='13' class='company'>Organizations, International Finance</span>, Cases in <span inprof='n' id='14' class='qualif'>Financial Management, Strategic Management</span>, Seminar in <span inprof='y' id='15' class='skill'>Organizational Development</span> &#38; Change
Honors &#38; Awards                                                                                                                      <span inprof='n' id='16' class='location'>Ithaca, NY</span>
<span inprof='y' id='17_1' class='company'>Ithaca College Dean's</span> <span inprof='y' id='17_2' class='location'>List</span>                                                                                               <span inprof='y' id='17_3_1' class='date'>Aug. 2009</span>-<span inprof='y' id='17_3_2' class='date'>present</span>
*    Completed semester with at least 15 credits and a minimum <span inprof='n' id='18' class='gpa-result'>GPA of 3.5</span>
Academic All-American                                                                                         <span inprof='n' id='19' class='date-range'>Aug. 2009-March 2013</span>
*    <span inprof='n' id='20' class='gpa-result'>3.2 GPA</span> or higher for all <span inprof='n' id='21' class='duration'>four years</span> playing hockey in <span inprof='n' id='22' class='company'>the American Collegiate Hockey Association</span>

LEADERSHIP EXPERIENCE
<span inprof='y' id='23_1' class='company'>Core Trading Consultants</span>, <span inprof='y' id='23_2' class='company'>Ithaca College</span>    <span inprof='y' id='23_3' class='location'>Ithaca, NY</span>
<span inprof='y' id='23_4_1' class='role'>Junior Analyst</span>    <span inprof='y' id='23_5_1' class='date'>Aug. 2009</span>-<span inprof='y' id='23_5_2' class='date'>present</span>
*    Collaborated with an industry group that researched potential investments regarding the technology industry, <span inprof='n' id='24' class='bad-occupation'>for the student</span> managed <span inprof='n' id='25' class='educational'>Ithaca College</span> <span inprof='n' id='26' class='money'>$25,000</span> <span inprof='y' id='27' class='skill'>mutual fund</span> ; 
*    <span inprof='y' id='28_1' class='role'>Aided senior analyst</span> and tech industry group in researching and preparing buy/sell presentations

<span inprof='n' id='29' class='work-hist-mark'>WORK EXPERIENCE</span>
<span inprof='y' id='30_1' class='company'>Northwestern Mutual Financial Network</span>     <span inprof='y' id='30_2' class='location'>Basking Ridge, NJ</span>
<span inprof='y' id='30_3_1' class='role'>Financial Representative</span> <span inprof='n' id='30_3_2' class='empl-type'>Internship</span>    <span inprof='y' id='30_4_1' class='date'>May 2012</span>-<span inprof='y' id='30_4_2' class='date'>January 2013</span>
*    Worked side-by-side with financial representatives and professional office staff to build relationships with clients by analyzing their specific financial needs and helping them reach their individual goals ; 
*    Licensed to sell life, health, accident, and <span inprof='y' id='31' class='skill'>long-term care insurance</span> in <span inprof='n' id='32' class='location'>New Jersey</span>
<span inprof='y' id='33_1' class='company'>Forest Lodge Catering</span>                                                                                                            <span inprof='y' id='33_2' class='location'>Warren, NJ</span>
<span inprof='y' id='33_3_1' class='role'>Customer Relations</span>                                                                                                      <span inprof='y' id='33_4_1' class='date'>May 2010</span>- <span inprof='y' id='33_4_2' class='date'>July 2011</span>
    *    Led a small team in order to complete day to day operations (mostly preparation &#38; closing)
<span inprof='y' id='34_1' class='company'>R. Menzel Electrical</span> <span inprof='n' id='34_2' class='empl-type'>Contractor</span>                                                                                 <span inprof='y' id='34_3' class='location'>Basking Ridge, NJ</span>
<span inprof='y' id='34_4_1' class='role'>Electrical Assistant</span>                                                                                                          <span inprof='y' id='34_5_1' class='date'>April 2008</span>-<span inprof='y' id='34_5_2' class='date'>present</span>
    *    <span inprof='n' id='35' class='bad-occupation'>Assisted lead electrician</span> in the installation of electrical systems, including lighting, electrical outlets, and <span inprof='y' id='36' class='skill'>circuit breakers</span>

</TextResume>

</NonXMLResume>



<UserArea>
<DaxResumeUserArea>
<AdditionalPersonalData>
<ExperienceSummary>
<TotalMonthsOfWorkExperience>174</TotalMonthsOfWorkExperience>
<TotalYearsOfWorkExperience>14</TotalYearsOfWorkExperience>
<ExecutiveBrief>Christopher A. Menzel is a resident of Basking Ridge, NJ, US. He has been working in the IT  occupational sector for more than 14 years. Currently he is employed at Ithaca College Dean's. So far Christopher has not gained any managerial experience.</ExecutiveBrief>
</ExperienceSummary>
</AdditionalPersonalData>
<ParserInfo>
<ParserConfiguration>{max_len=50000} {tel_flag=} {send_zip=} {fast_conv=} {DEF_LOCAL=} {sdate=0} {no_email_body=0} {do_clever_zoning=1} {keep_span=1} {complex=1} {accept_langs=} {not_accept_langs=} {prefer_lang_cv=EN} {pers_only=0} {turbo=0} {split_language=0} {picture=0} {picture_inline=0} {name_space=0} {charset=} {hrxml_upgrade_edu_hist=0}{hrxml_add_languages_section=0}{spool=} {docID=} {user=DEFAULT} </ParserConfiguration>
<ParserRelease>0.12.3.32629</ParserRelease>
<ParserReleaseDate>2014-06-18</ParserReleaseDate>
<ParserSchema>2.0.29</ParserSchema>
<ParserSchemaLocation>http://cvx.daxtra.com/cvts/xsd/candidate/2.0.29/Resume.xsd</ParserSchemaLocation>
<ConverterRelease>0.5.2.32629</ConverterRelease>
<ConverterReleaseDate>2014-06-18</ConverterReleaseDate>
</ParserInfo>
<FileStruct filename='/home/izoom/anazarov/grammar/analysis/3rconnect/doc/100_Resumes-Walsh/Menzel_Chris_resume.docx'>

<attachment fname='Menzel_Chris_resume.docx' ftype='docx' conv='yes' doc_type='cv' lang='EN'>/home/izoom/anazarov/grammar/analysis/3rconnect/doc/100_Resumes-Walsh/Menzel_Chris_resume.docx</attachment>


</FileStruct>
</DaxResumeUserArea>
</UserArea>
</Resume>
