<?xml version='1.0' encoding='ISO-8859-1'?>
<Resume lang='en' src='DAXTRA-CVX schema:2.0.29 release:0.12.3.32629 rdate:2014-06-18'>
<StructuredXMLResume>
<ContactInfo>
<PersonName id='2' oids='2 55 '>
<FormattedName>Michael Silveira</FormattedName>
<GivenName>Michael</GivenName>
<FamilyName>Silveira</FamilyName>
<sex>Male</sex>
</PersonName>
<ContactMethod>
<Telephone id='3' oids='3 58 ' type='home'>
<InternationalCountryCode>1</InternationalCountryCode>
<SubscriberNumber>917 572.4558</SubscriberNumber>
<FormattedNumber>+1 917 572.4558</FormattedNumber></Telephone>

<InternetEmailAddress id='56' oids='4 56 57 ' type='main'>mike.silveira@me.com</InternetEmailAddress>
<PostalAddress id='3' type='main'>
<CountryCode>US</CountryCode>
<PostalCode>10314</PostalCode>
<Region>NY</Region>
<Municipality>Staten Island</Municipality>
<DeliveryAddress>
<AddressLine>40A Jennifer Place</AddressLine>
<StreetName>Jennifer Place</StreetName>
<BuildingNumber>40A</BuildingNumber>
</DeliveryAddress>

</PostalAddress>
</ContactMethod>
</ContactInfo>
<ExecutiveSummary>Successful, productive and efficient senior level securities professional. More than 17 years expertise in domestic back office, project management, project delivery, business analysis, business architecture, business strategy, organizational change, process improvement re-engineering, outsourcing, equities, fixed income, business &#38; product development, business process management, operations deployment, training &#38; development, organizational assessments and restructuring, analysis, program management and business re-engineering/process improvement. Recognized for high level skills in evaluating operational institutional and retail structures, recommending and implementing solutions that improve productivity and reduce ancillary costs.</ExecutiveSummary>


<EmploymentHistory>
<EmployerOrg employerOrgType='soleEmployer'>
<EmployerOrgName id='30_1'>Deutsche Bank Securities, Inc.</EmployerOrgName>

<PositionHistory positionType='PERMANENT'>
<Title id='31_1_1'>Vice President, Global</Title>
<OrgName organizationType='unit' id='30_1'>Deutsche Bank Securities, Inc.</OrgName>



<Description>Build globally consistent, stable and scalable middle and back office infrastructures and align bank with goals of Global Market partners. Develop strategic initiatives toward electronic trading and increase market share and trade volumes. Enhance bank controls, improve productivity by identifying efficiencies and reduce cost per trade figures.
Achievements
Collaborated with front office IT and Global Technology to implement operational procedures for DB HFT (High Frequency Trading) including trade booking flows and the migration of clearance from Deutsche Bank legacy system to Broadridge's Ascendis platform 
Collaborated with front office IT and Global Technology to implement operational procedures for DB Dark Pool, including trade booking and clearance flows using NASDAQ &#38; NSCC clearing agreements
Dark Pool executed an average of 250-300k crosses daily, generating $20m in revenue and averaged $25m in transaction cost savings annually. DB is ranked 4th in bulge bracket in Dark Pool newsletter 
Involved in trade confirms working group that included Compliance, Front Office IT, Global Technology and Ops focusing on findings from the 2010 TMMS exam. Group identified root causes and implemented changes to report correct capacity and market maker fields on the confirms 
Coordinated an OATS reporting project collaborating with Compliance, Market Surveillance, Front Office IT and Ops to reduce FINRA mismatches</Description>
<StartDate id='31_3_1'><Year>2010</Year></StartDate>
<EndDate id='31_3_2'>notApplicable</EndDate>



<JobLevelInfo>
<JobGrade>joblevel-management-senior</JobGrade>
</JobLevelInfo>

<JobCategory>
<TaxonomyName>JOBAREA</TaxonomyName>
<CategoryCode>it</CategoryCode>
</JobCategory>


<UserArea>
<DaxPositionHistoryUserArea>
<Umbrella>30_3_1</Umbrella>
<TLSPAN first_id='31' last_id='46' border_id='47'></TLSPAN>
<MonthsOfWork>24</MonthsOfWork>
</DaxPositionHistoryUserArea>
</UserArea>
</PositionHistory>
</EmployerOrg>

<EmployerOrg employerOrgType='soleEmployer'>
<EmployerOrgName id='30_1'>Deutsche Bank Securities, Inc.</EmployerOrgName>

<PositionHistory positionType='PERMANENT'>
<Title id='47_1_1'>Vice President, Operations</Title>
<OrgName id='30_1'>Deutsche Bank Securities, Inc.</OrgName>




<StartDate id='47_2_1'><Year>2008</Year></StartDate>
<EndDate id='47_2_2'><Year>2010</Year></EndDate>



<JobLevelInfo>
<JobGrade>joblevel-management-senior</JobGrade>
</JobLevelInfo>

<JobCategory>
<TaxonomyName>JOBAREA</TaxonomyName>
<CategoryCode>senior</CategoryCode>
</JobCategory>


<UserArea>
<DaxPositionHistoryUserArea>
<Umbrella>30_3_1</Umbrella>
<TLSPAN first_id='47' last_id='47' border_id='48'></TLSPAN>
<MonthsOfWork>24</MonthsOfWork>
</DaxPositionHistoryUserArea>
</UserArea>
</PositionHistory>
</EmployerOrg>

<EmployerOrg employerOrgType='soleEmployer'>
<EmployerOrgName id='30_1'>Deutsche Bank Securities, Inc.</EmployerOrgName>

<PositionHistory positionType='PERMANENT'>
<Title id='48_1_1'>Assistant Vice President</Title>
<OrgName organizationType='unit' id='30_1'>Deutsche Bank Securities, Inc.</OrgName>




<StartDate id='48_3_1'><Year>2006</Year></StartDate>
<EndDate id='48_3_2'><Year>2008</Year></EndDate>



<JobLevelInfo>
<JobGrade>joblevel-management-senior</JobGrade>
</JobLevelInfo>

<JobCategory>
<TaxonomyName>JOBAREA</TaxonomyName>
<CategoryCode>senior</CategoryCode>
</JobCategory>


<UserArea>
<DaxPositionHistoryUserArea>
<Umbrella>30_3_1</Umbrella>
<TLSPAN first_id='48' last_id='48' border_id='49'></TLSPAN>
<MonthsOfWork>24</MonthsOfWork>
</DaxPositionHistoryUserArea>
</UserArea>
</PositionHistory>
</EmployerOrg>

<EmployerOrg employerOrgType='soleEmployer'>
<EmployerOrgName id='30_1'>Deutsche Bank Securities, Inc.</EmployerOrgName>
<EmployerContactInfo>
<LocationSummary id='64'>
<CountryCode>IN</CountryCode>
</LocationSummary>
</EmployerContactInfo>
<PositionHistory positionType='PERMANENT'>
<Title id='49_1_1'>Senior Associate</Title>
<OrgName organizationType='unit' id='30_1'>Deutsche Bank Securities, Inc.</OrgName>



<Description>Oversaw domestic equities and fixed income security operations clearance. Directly supervised staff comprised of VPs, AVPs, associates and clerical personnel. Thoroughly involved in hiring, training and development for quality assurance and compliance processes. Recruited to build securities operations suitable for a top three global investment bank.
Achievements
Directed and implemented numerous system conversions to adapt to volume that expanded from 60,000 to 2,000,000 daily trades

Michael Silveira    mike.silveira@me.com - email: mike.silveira@me.com    917.572.4558
Pg. 2
Professional Experience (con't.)
Achievements
Oversaw conversion from ADP to eSpear
Established aggregation and average price trade flows and increased volume without ancillary overhead costs
Developed various on-line web systems and exception allocation and tracking systems 
Implemented operational procedures and trade booking flows for DMA and HFT desks and developed Correspondent Clearing business by creating 9A/9B agreements with NSCC
Reduced clearance costs and outsourced P&#38;S securities exception process to India and Florida
Instituted numerous regulatory controls and reports to ensure audit compliance on continuing basis
Served as member of team that interviews candidates from area universities to fill internship positions 
Developed a PB client order ID data base system (Internal PB clients for correspondent clearing) and improved efficiencies, control and regulatory reporting</Description>
<StartDate id='49_3_1'><Year>2000</Year></StartDate>
<EndDate id='49_3_2'><Year>2006</Year></EndDate>




<JobCategory>
<TaxonomyName>JOBAREA</TaxonomyName>
<CategoryCode>banking-finance</CategoryCode>
</JobCategory>


<UserArea>
<DaxPositionHistoryUserArea>
<Umbrella>30_3_1</Umbrella>
<TLSPAN first_id='49' last_id='68' border_id='71'></TLSPAN>
<MonthsOfWork>72</MonthsOfWork>
</DaxPositionHistoryUserArea>
</UserArea>
</PositionHistory>
</EmployerOrg>

<EmployerOrg employerOrgType='soleEmployer'>
<EmployerOrgName id='71_2'>P&#38;S Clearance Operations</EmployerOrgName>

<PositionHistory positionType='PERMANENT'>
<Title id='71_1_1'>Associate</Title>
<OrgName id='71_2'>P&#38;S Clearance Operations</OrgName>



<Description>Balanced/Reconciled NASDAQ clearance for T+1 and T+2 using on-line exception system. Monitored ACT and Risk Management.</Description>
<StartDate id='71_3_1'><Year>1999</Year></StartDate>
<EndDate id='71_3_2'><Year>2000</Year></EndDate>




<JobCategory>
<TaxonomyName>JOBAREA</TaxonomyName>
<CategoryCode>banking-finance</CategoryCode>
</JobCategory>


<UserArea>
<DaxPositionHistoryUserArea>
<TLSPAN first_id='71' last_id='73' border_id='76'></TLSPAN>
<MonthsOfWork>12</MonthsOfWork>
</DaxPositionHistoryUserArea>
</UserArea>
</PositionHistory>
</EmployerOrg>

<EmployerOrg employerOrgType='soleEmployer'>
<EmployerOrgName id='76_2'>P&#38;S Clearance Operations</EmployerOrgName>

<PositionHistory positionType='PERMANENT'>
<Title id='76_1_1'>Associate</Title>
<OrgName id='76_2'>P&#38;S Clearance Operations</OrgName>



<Description>Delegated with oversight for improving operational efficiencies and reducing costs within clearing operational areas, including equities, fixed income, CNS and Stock Record. Supervised staff of 10. Used broad knowledge of operational activities including proficiency in balancing the AMEX and NYSE contract sheets. Provided support for both institutional and retail trading desks. Liaised with trading desks and correspondents. Process/Compare step-out/step-in trades. Provided staff with daily work assignments and scheduled coverage of all work shifts.</Description>
<StartDate id='76_3_1'><Year>1996</Year></StartDate>
<EndDate id='76_3_2'><Year>1999</Year></EndDate>




<JobCategory>
<TaxonomyName>JOBAREA</TaxonomyName>
<CategoryCode>banking-finance</CategoryCode>
</JobCategory>


<UserArea>
<DaxPositionHistoryUserArea>
<TLSPAN first_id='76' last_id='80' border_id='83'></TLSPAN>
<MonthsOfWork>36</MonthsOfWork>
</DaxPositionHistoryUserArea>
</UserArea>
</PositionHistory>
</EmployerOrg>

<EmployerOrg employerOrgType='soleEmployer'>
<EmployerOrgName id='83_2'>P&#38;S Operations</EmployerOrgName>

<PositionHistory positionType='PERMANENT'>
<Title id='83_1_1'>Associate</Title>
<OrgName id='83_2'>P&#38;S Operations</OrgName>

<OrgIndustry primaryIndicator='true'><IndustryDescription>Security Systems</IndustryDescription></OrgIndustry>

<Description>Monitored and balanced all listed equities suspense, error and average price accounts. Compared clearance for fixed income, equities and foreign securities regular way and x-clearing.

Skills
    Industry Security Systems
Broadridge BPS; Broadridge Ascendis; OCS; ACT; RTTM; FINTA OATS reporting facility 
    Working knowledge of Word, Excel and Internet applications</Description>
<StartDate id='83_3_1'><Year>1995</Year></StartDate>
<EndDate id='83_3_2'><Year>1996</Year></EndDate>




<JobCategory>
<TaxonomyName>JOBAREA</TaxonomyName>
<CategoryCode>banking-finance</CategoryCode>
</JobCategory>


<UserArea>
<DaxPositionHistoryUserArea>
<TLSPAN first_id='83' last_id='93' border_id='0'></TLSPAN>
<MonthsOfWork>12</MonthsOfWork>
</DaxPositionHistoryUserArea>
</UserArea>
</PositionHistory>
</EmployerOrg>

</EmploymentHistory>
<EducationHistory>
<SchoolOrInstitution schoolType='college'>
<SchoolName id='96_1'>Dominican College</SchoolName>
<LocationSummary id='96_2'>
<Municipality>Orangeburg</Municipality>
<Region>NY</Region>
<CountryCode>US</CountryCode>
</LocationSummary>


<Degree degreeType='bachelors'>
<DegreeName id='96_3'>Bachelors Degree</DegreeName>
<DegreeDate id='96_4'><Year>1995</Year></DegreeDate>
</Degree>
<Major id='96_3'>Science</Major>



<Comments>1st Team All American Baseball</Comments>
</SchoolOrInstitution>

</EducationHistory>











<Competency oids='37 40 44 46 ' description='Skill' auth='no' name='front office'>
<CompetencyEvidence name='Extent of Experience' typeDescription='Extent of Experience' type='MONTH' lastUsed='2012'><NumericValue description='MONTH'>24</NumericValue></CompetencyEvidence>

<CompetencyWeight type='skillLevel'><NumericValue minValue='0' maxValue='100'>97</NumericValue></CompetencyWeight>

<CompetencyWeight type='skillProficiency'><StringValue minValue='BASIC' maxValue='EXCELLENT'>EXCELLENT</StringValue></CompetencyWeight>
</Competency>

<Competency oids='19 51 78 85 ' description='Skill' auth='yes' name='Fixed Income'>
<CompetencyEvidence name='Extent of Experience' typeDescription='Extent of Experience' type='MONTH' lastUsed='2006'><NumericValue description='MONTH'>120</NumericValue></CompetencyEvidence>

<CompetencyWeight type='skillLevel'><NumericValue minValue='0' maxValue='100'>29</NumericValue></CompetencyWeight>

<CompetencyWeight type='skillProficiency'><StringValue minValue='BASIC' maxValue='EXCELLENT'>BASIC</StringValue></CompetencyWeight>
</Competency>

<Competency oids='18 77 84 86 ' description='Skill' auth='yes' name='Equities'>
<CompetencyEvidence name='Extent of Experience' typeDescription='Extent of Experience' type='MONTH' lastUsed='1999'><NumericValue description='MONTH'>48</NumericValue></CompetencyEvidence>

<CompetencyWeight type='skillLevel'><NumericValue minValue='0' maxValue='100'>29</NumericValue></CompetencyWeight>

<CompetencyWeight type='skillProficiency'><StringValue minValue='BASIC' maxValue='EXCELLENT'>BASIC</StringValue></CompetencyWeight>
</Competency>

<Competency oids='8 21 ' description='Skill' auth='no' name='product development Management'>
<CompetencyEvidence typeDescription='Alias' name='Alias'><StringValue>product development</StringValue></CompetencyEvidence>

<CompetencyWeight type='skillLevel'><NumericValue minValue='0' maxValue='100'>13</NumericValue></CompetencyWeight>
</Competency>

<Competency oids='7 20 ' description='Skill' auth='no' name='business Management'>
<CompetencyEvidence typeDescription='Alias' name='Alias'><StringValue>business</StringValue></CompetencyEvidence>

<CompetencyWeight type='skillLevel'><NumericValue minValue='0' maxValue='100'>13</NumericValue></CompetencyWeight>
</Competency>

<Competency oids='13 33 ' description='Skill' auth='no' name='back office'>
<CompetencyEvidence name='Extent of Experience' typeDescription='Extent of Experience' type='MONTH' lastUsed='2012'><NumericValue description='MONTH'>24</NumericValue></CompetencyEvidence>

<CompetencyWeight type='skillLevel'><NumericValue minValue='0' maxValue='100'>99</NumericValue></CompetencyWeight>

<CompetencyWeight type='skillProficiency'><StringValue minValue='BASIC' maxValue='EXCELLENT'>EXCELLENT</StringValue></CompetencyWeight>
</Competency>

<Competency oids='10 68 ' description='Skill' auth='yes' name='Regulatory Reporting'>
<CompetencyEvidence name='Extent of Experience' typeDescription='Extent of Experience' type='MONTH' lastUsed='2006'><NumericValue description='MONTH'>72</NumericValue></CompetencyEvidence>

<CompetencyWeight type='skillLevel'><NumericValue minValue='0' maxValue='100'>26</NumericValue></CompetencyWeight>

<CompetencyWeight type='skillProficiency'><StringValue minValue='BASIC' maxValue='EXCELLENT'>BASIC</StringValue></CompetencyWeight>
</Competency>

<Competency oids='17 27 ' description='Skill' auth='yes' name='Process Improvement'>
<CompetencyWeight type='skillLevel'><NumericValue minValue='0' maxValue='100'>13</NumericValue></CompetencyWeight>
</Competency>

<Competency oids='6 16 ' description='Skill' auth='yes' name='Business Analysis'>
<CompetencyWeight type='skillLevel'><NumericValue minValue='0' maxValue='100'>13</NumericValue></CompetencyWeight>
</Competency>

<Competency oids='23 ' description='Skill' auth='no' name='operations deployment'>
<CompetencyWeight type='skillLevel'><NumericValue minValue='0' maxValue='100'>13</NumericValue></CompetencyWeight>
</Competency>

<Competency oids='32 ' description='Skill' auth='no' name='middle Office'>
<CompetencyEvidence name='Extent of Experience' typeDescription='Extent of Experience' type='MONTH' lastUsed='2012'><NumericValue description='MONTH'>24</NumericValue></CompetencyEvidence>

<CompetencyEvidence typeDescription='Alias' name='Alias'><StringValue>middle</StringValue></CompetencyEvidence>

<CompetencyWeight type='skillLevel'><NumericValue minValue='0' maxValue='100'>100</NumericValue></CompetencyWeight>

<CompetencyWeight type='skillProficiency'><StringValue minValue='BASIC' maxValue='EXCELLENT'>EXCELLENT</StringValue></CompetencyWeight>
</Competency>

<Competency oids='28 ' description='Skill' auth='no' name='level skills'>
<CompetencyWeight type='skillLevel'><NumericValue minValue='0' maxValue='100'>13</NumericValue></CompetencyWeight>
</Competency>

<Competency oids='24 ' description='Skill' auth='no' name='analysis'>
<CompetencyEvidence typeDescription='Alias' name='Alias'><StringValue>analysis,</StringValue></CompetencyEvidence>

<CompetencyWeight type='skillLevel'><NumericValue minValue='0' maxValue='100'>13</NumericValue></CompetencyWeight>
</Competency>

<Competency oids='73 ' description='Skill' auth='yes' name='Risk Management'>
<CompetencyEvidence name='Extent of Experience' typeDescription='Extent of Experience' type='MONTH' lastUsed='2000'><NumericValue description='MONTH'>12</NumericValue></CompetencyEvidence>

<CompetencyWeight type='skillLevel'><NumericValue minValue='0' maxValue='100'>23</NumericValue></CompetencyWeight>

<CompetencyWeight type='skillProficiency'><StringValue minValue='BASIC' maxValue='EXCELLENT'>BASIC</StringValue></CompetencyWeight>
</Competency>

<Competency oids='53 ' description='Skill > IT' auth='yes' name='Quality Assurance'>
<CompetencyEvidence name='Extent of Experience' typeDescription='Extent of Experience' type='MONTH' lastUsed='2006'><NumericValue description='MONTH'>72</NumericValue></CompetencyEvidence>

<CompetencyEvidence name='Application' typeDescription='Application' type='development'><StringValue>development</StringValue></CompetencyEvidence>

<CompetencyEvidence typeDescription='Alias' name='Alias'><StringValue>development for quality assurance</StringValue></CompetencyEvidence>

<CompetencyWeight type='skillLevel'><NumericValue minValue='0' maxValue='100'>28</NumericValue></CompetencyWeight>

<CompetencyWeight type='skillProficiency'><StringValue minValue='BASIC' maxValue='EXCELLENT'>BASIC</StringValue></CompetencyWeight>
</Competency>

<Competency oids='14 ' description='Skill' auth='yes' name='Project Management'>
<CompetencyWeight type='skillLevel'><NumericValue minValue='0' maxValue='100'>13</NumericValue></CompetencyWeight>
</Competency>

<Competency oids='9 ' description='Skill' auth='yes' name='Operations Management'>
<CompetencyWeight type='skillLevel'><NumericValue minValue='0' maxValue='100'>13</NumericValue></CompetencyWeight>
</Competency>

<Competency oids='92 ' description='Skill > IT' auth='yes' name='Microsoft Word'>
<CompetencyEvidence name='Extent of Experience' typeDescription='Extent of Experience' type='MONTH' lastUsed='1996'><NumericValue description='MONTH'>12</NumericValue></CompetencyEvidence>

<CompetencyEvidence typeDescription='Alias' name='Alias'><StringValue>Word</StringValue></CompetencyEvidence>

<CompetencyWeight type='skillLevel'><NumericValue minValue='0' maxValue='100'>67</NumericValue></CompetencyWeight>

<CompetencyWeight type='skillProficiency'><StringValue minValue='BASIC' maxValue='EXCELLENT'>GOOD</StringValue></CompetencyWeight>
</Competency>

<Competency oids='93 ' description='Skill > IT' auth='yes' name='Microsoft Excel'>
<CompetencyEvidence name='Extent of Experience' typeDescription='Extent of Experience' type='MONTH' lastUsed='1996'><NumericValue description='MONTH'>12</NumericValue></CompetencyEvidence>

<CompetencyEvidence typeDescription='Alias' name='Alias'><StringValue>Excel</StringValue></CompetencyEvidence>

<CompetencyWeight type='skillLevel'><NumericValue minValue='0' maxValue='100'>66</NumericValue></CompetencyWeight>

<CompetencyWeight type='skillProficiency'><StringValue minValue='BASIC' maxValue='EXCELLENT'>GOOD</StringValue></CompetencyWeight>
</Competency>

<Competency oids='50 ' description='Skill' auth='yes' name='Domestic Equities'>
<CompetencyEvidence name='Extent of Experience' typeDescription='Extent of Experience' type='MONTH' lastUsed='2006'><NumericValue description='MONTH'>72</NumericValue></CompetencyEvidence>

<CompetencyWeight type='skillLevel'><NumericValue minValue='0' maxValue='100'>29</NumericValue></CompetencyWeight>

<CompetencyWeight type='skillProficiency'><StringValue minValue='BASIC' maxValue='EXCELLENT'>BASIC</StringValue></CompetencyWeight>
</Competency>

<Competency oids='35 ' description='Skill' auth='no' name='Develop strategic initiatives'>
<CompetencyEvidence name='Extent of Experience' typeDescription='Extent of Experience' type='MONTH' lastUsed='2012'><NumericValue description='MONTH'>24</NumericValue></CompetencyEvidence>

<CompetencyWeight type='skillLevel'><NumericValue minValue='0' maxValue='100'>98</NumericValue></CompetencyWeight>

<CompetencyWeight type='skillProficiency'><StringValue minValue='BASIC' maxValue='EXCELLENT'>EXCELLENT</StringValue></CompetencyWeight>
</Competency>

<Competency oids='79 ' description='Skill' auth='yes' name='Central Nervous System'>
<CompetencyEvidence name='Extent of Experience' typeDescription='Extent of Experience' type='MONTH' lastUsed='1999'><NumericValue description='MONTH'>36</NumericValue></CompetencyEvidence>

<CompetencyEvidence typeDescription='Alias' name='Alias'><StringValue>CNS</StringValue></CompetencyEvidence>

<CompetencyWeight type='skillLevel'><NumericValue minValue='0' maxValue='100'>26</NumericValue></CompetencyWeight>

<CompetencyWeight type='skillProficiency'><StringValue minValue='BASIC' maxValue='EXCELLENT'>BASIC</StringValue></CompetencyWeight>
</Competency>

<Competency oids='22 ' description='Skill' auth='yes' name='Business Process Management'>
<CompetencyWeight type='skillLevel'><NumericValue minValue='0' maxValue='100'>13</NumericValue></CompetencyWeight>
</Competency>

<Competency oids='66 ' description='Skill' auth='yes' name='Audit'>
<CompetencyEvidence name='Extent of Experience' typeDescription='Extent of Experience' type='MONTH' lastUsed='2006'><NumericValue description='MONTH'>72</NumericValue></CompetencyEvidence>

<CompetencyWeight type='skillLevel'><NumericValue minValue='0' maxValue='100'>27</NumericValue></CompetencyWeight>

<CompetencyWeight type='skillProficiency'><StringValue minValue='BASIC' maxValue='EXCELLENT'>BASIC</StringValue></CompetencyWeight>
</Competency>

<Competency oids='71_1_1 76_1_1 83_1_1 ' description='Held Position' auth='no' name='Associate'>
<CompetencyEvidence name='Extent of Experience' typeDescription='Extent of Experience' type='MONTH' lastUsed='2000'><NumericValue description='MONTH'>60</NumericValue></CompetencyEvidence>

<CompetencyWeight type='skillLevel'><NumericValue minValue='0' maxValue='100'>29</NumericValue></CompetencyWeight>

<CompetencyWeight type='skillProficiency'><StringValue minValue='BASIC' maxValue='EXCELLENT'>BASIC</StringValue></CompetencyWeight>
</Competency>

<Competency oids='45_1 ' description='Held Position' auth='no' name='market maker'>
<CompetencyEvidence name='Extent of Experience' typeDescription='Extent of Experience' type='MONTH' lastUsed='2012'><NumericValue description='MONTH'>24</NumericValue></CompetencyEvidence>

<CompetencyWeight type='skillLevel'><NumericValue minValue='0' maxValue='100'>99</NumericValue></CompetencyWeight>

<CompetencyWeight type='skillProficiency'><StringValue minValue='BASIC' maxValue='EXCELLENT'>EXCELLENT</StringValue></CompetencyWeight>
</Competency>

<Competency oids='47_1_1 ' description='Held Position' auth='no' name='Vice President, Operations'>
<CompetencyEvidence name='Extent of Experience' typeDescription='Extent of Experience' type='MONTH' lastUsed='2010'><NumericValue description='MONTH'>24</NumericValue></CompetencyEvidence>

<CompetencyWeight type='skillLevel'><NumericValue minValue='0' maxValue='100'>72</NumericValue></CompetencyWeight>

<CompetencyWeight type='skillProficiency'><StringValue minValue='BASIC' maxValue='EXCELLENT'>GOOD</StringValue></CompetencyWeight>
</Competency>

<Competency oids='31_1_1 ' description='Held Position' auth='no' name='Vice President, Global'>
<CompetencyEvidence name='Extent of Experience' typeDescription='Extent of Experience' type='MONTH' lastUsed='2012'><NumericValue description='MONTH'>24</NumericValue></CompetencyEvidence>

<CompetencyWeight type='skillLevel'><NumericValue minValue='0' maxValue='100'>100</NumericValue></CompetencyWeight>

<CompetencyWeight type='skillProficiency'><StringValue minValue='BASIC' maxValue='EXCELLENT'>EXCELLENT</StringValue></CompetencyWeight>
</Competency>

<Competency oids='5_1 ' description='Held Position' auth='no' name='Senior Financial Securities Executive'>
<CompetencyWeight type='skillLevel'><NumericValue minValue='0' maxValue='100'>13</NumericValue></CompetencyWeight>
</Competency>

<Competency oids='49_1_1 ' description='Held Position' auth='no' name='Senior Associate'>
<CompetencyEvidence name='Extent of Experience' typeDescription='Extent of Experience' type='MONTH' lastUsed='2006'><NumericValue description='MONTH'>72</NumericValue></CompetencyEvidence>

<CompetencyWeight type='skillLevel'><NumericValue minValue='0' maxValue='100'>29</NumericValue></CompetencyWeight>

<CompetencyWeight type='skillProficiency'><StringValue minValue='BASIC' maxValue='EXCELLENT'>BASIC</StringValue></CompetencyWeight>
</Competency>

<Competency oids='61_1 ' description='Held Position' auth='no' name='Correspondent Clearing'>
<CompetencyEvidence name='Extent of Experience' typeDescription='Extent of Experience' type='MONTH' lastUsed='2006'><NumericValue description='MONTH'>72</NumericValue></CompetencyEvidence>

<CompetencyWeight type='skillLevel'><NumericValue minValue='0' maxValue='100'>29</NumericValue></CompetencyWeight>

<CompetencyWeight type='skillProficiency'><StringValue minValue='BASIC' maxValue='EXCELLENT'>BASIC</StringValue></CompetencyWeight>
</Competency>

<Competency oids='48_1_1 ' description='Held Position' auth='no' name='Assistant Vice President'>
<CompetencyEvidence name='Extent of Experience' typeDescription='Extent of Experience' type='MONTH' lastUsed='2008'><NumericValue description='MONTH'>24</NumericValue></CompetencyEvidence>

<CompetencyWeight type='skillLevel'><NumericValue minValue='0' maxValue='100'>54</NumericValue></CompetencyWeight>

<CompetencyWeight type='skillProficiency'><StringValue minValue='BASIC' maxValue='EXCELLENT'>WORKING</StringValue></CompetencyWeight>
</Competency>

<Competency oids='72 89 ' description='Degree/Qualification > Professional' auth='yes' name='ACT Qualification'>
<CompetencyEvidence typeDescription='Alias' name='Alias'><StringValue>ACT</StringValue></CompetencyEvidence>

<CompetencyWeight type='skillLevel'><NumericValue minValue='0' maxValue='100'>24</NumericValue></CompetencyWeight>
</Competency>

<Competency oids='94 ' description='Degree/Qualification > Professional' auth='no' name='Member, SIA Data Management Division'>
<CompetencyWeight type='skillLevel'><NumericValue minValue='0' maxValue='100'>12</NumericValue></CompetencyWeight>
</Competency>

<Competency oids='96_3 ' description='Degree/Qualification' auth='yes' name='Bachelors Degree > Bachelors Degree Science'>
<CompetencyEvidence name='Application' typeDescription='Application' type='Science'><StringValue>Science</StringValue></CompetencyEvidence>

<CompetencyEvidence typeDescription='Alias' name='Alias'><StringValue>Bachelor of Science, Management and Marketing</StringValue></CompetencyEvidence>

<CompetencyWeight type='skillLevel'><NumericValue minValue='0' maxValue='100'>12</NumericValue></CompetencyWeight>

<CompetencyWeight type='skillProficiency'><StringValue minValue='BASIC' maxValue='EXCELLENT'>First_Class</StringValue></CompetencyWeight>
</Competency>

<Competency oids='96_3 ' description='Degree/Qualification' auth='yes' name='Bachelors Degree > Bachelors Degree Marketing'>
<CompetencyEvidence name='Application' typeDescription='Application' type='Marketing'><StringValue>Marketing</StringValue></CompetencyEvidence>

<CompetencyEvidence typeDescription='Alias' name='Alias'><StringValue>Bachelor of Science, Management and Marketing</StringValue></CompetencyEvidence>

<CompetencyWeight type='skillLevel'><NumericValue minValue='0' maxValue='100'>12</NumericValue></CompetencyWeight>

<CompetencyWeight type='skillProficiency'><StringValue minValue='BASIC' maxValue='EXCELLENT'>First_Class</StringValue></CompetencyWeight>
</Competency>

<Competency oids='96_3 ' description='Degree/Qualification' auth='yes' name='Bachelors Degree > Bachelors Degree Management'>
<CompetencyEvidence name='Application' typeDescription='Application' type='Management'><StringValue>Management</StringValue></CompetencyEvidence>

<CompetencyEvidence typeDescription='Alias' name='Alias'><StringValue>Bachelor of Science, Management and Marketing</StringValue></CompetencyEvidence>

<CompetencyWeight type='skillLevel'><NumericValue minValue='0' maxValue='100'>12</NumericValue></CompetencyWeight>

<CompetencyWeight type='skillProficiency'><StringValue minValue='BASIC' maxValue='EXCELLENT'>First_Class</StringValue></CompetencyWeight>
</Competency>

<Competency description='Industry' auth='yes' name='industry~senior'>
<CompetencyEvidence name='skillCount' typeDescription='skillCount'><NumericValue>2</NumericValue></CompetencyEvidence>

<CompetencyWeight type='skillLevel'><NumericValue minValue='0' maxValue='100'>100</NumericValue></CompetencyWeight>
</Competency>























<RevisionDate id='1'>2012-10-11</RevisionDate>
</StructuredXMLResume>
<NonXMLResume>

<TextResume>



<span inprof='n' id='1' class='date'>{{DOCUMENT_DATESTAMP}} 2012-10-11 {{END_DOCUMENT_DATESTAMP}}</span> 

<span inprof='y' id='2' class='nominal'>Michael Silveira</span>
<span inprof='y' id='3' class='location'>40A Jennifer Place                                              917.572.4558
Staten Island, NY 10314</span>                                  <span inprof='y' id='4' class='email'>mike.silveira@me.com</span>

<span inprof='y' id='5_1' class='role'>Senior Financial Securities Executive</span> with broad-based skills in <span inprof='y' id='6' class='skill'>business analysis</span>,
<span inprof='y' id='7' class='skill'>business</span> &#38; <span inprof='y' id='8' class='skill'>product development</span>, <span inprof='y' id='9' class='skill'>operations management</span> and <span inprof='y' id='10' class='skill'>regulatory reporting</span>

<span inprof='n' id='11' class='work-hist-mark'>Professional Profile</span>
Successful, productive and efficient senior level securities professional. <span inprof='n' id='12' class='duration'>More than 17 years</span> expertise in domestic <span inprof='y' id='13' class='skill'>back office</span>, <span inprof='y' id='14' class='skill'>project management</span>, <span inprof='n' id='15' class='sofwr'>project</span> delivery, <span inprof='y' id='16' class='skill'>business analysis</span>, business architecture, business strategy, organizational change, <span inprof='y' id='17' class='skill'>process improvement</span> re-engineering, outsourcing, <span inprof='y' id='18' class='skill'>equities</span>, <span inprof='y' id='19' class='skill'>fixed income</span>, <span inprof='y' id='20' class='skill'>business</span> &#38; <span inprof='y' id='21' class='skill'>product development</span>, <span inprof='y' id='22' class='skill'>business process management</span>, <span inprof='y' id='23' class='skill'>operations deployment</span>, training &#38; development, organizational assessments and restructuring, <span inprof='y' id='24' class='skill'>analysis,</span> program <span inprof='n' id='25' class='qualif'>management and business</span> <span inprof='n' id='26' class='qualif'>re-engineering</span>/<span inprof='y' id='27' class='skill'>process improvement</span>. Recognized for high <span inprof='y' id='28' class='skill'>level skills</span> in evaluating operational institutional and retail structures, recommending and implementing solutions that improve productivity and reduce ancillary costs.

<span inprof='n' id='29' class='work-hist-mark'>Professional Experience</span>
<span inprof='y' id='30_1' class='company'>Deutsche Bank Securities, Inc.</span>, <span inprof='n' id='30_2' class='location'>New York, NY</span>, <span inprof='n' id='30_3' class='date-range'>2000 - Present</span>
<span inprof='y' id='31_1_1' class='role'>Vice President, Global</span> <span inprof='n' id='31_2' class='company'>Equities Business Services</span>, <span inprof='y' id='31_3_1' class='date'>2010</span> - <span inprof='y' id='31_3_2' class='date'>Present</span>
Build globally consistent, stable and scalable <span inprof='y' id='32' class='skill'>middle</span> and <span inprof='y' id='33' class='skill'>back office</span> infrastructures and align bank with goals of <span inprof='n' id='34' class='company'>Global Market partners</span>. <span inprof='y' id='35' class='skill'>Develop strategic initiatives</span> toward electronic trading and increase market share and trade volumes. Enhance bank controls, improve productivity by identifying efficiencies and reduce cost per trade figures.
<span inprof='n' id='36' class='title-line'>Achievements</span>
Collaborated with <span inprof='y' id='37' class='skill'>front office</span> IT and Global Technology to implement operational procedures for DB <span inprof='n' id='38' class='company'>HFT (High Frequency Trading)</span> including trade booking flows and the migration of clearance from <span inprof='n' id='39' class='company'>Deutsche Bank</span> legacy system to Broadridge's Ascendis platform 
Collaborated with <span inprof='y' id='40' class='skill'>front office</span> IT and Global Technology to implement operational procedures for DB Dark Pool, including trade booking and clearance flows using <span inprof='n' id='41' class='company'>NASDAQ &#38; NSCC</span> clearing agreements
Dark Pool executed an average of 250-300k crosses daily, generating <span inprof='n' id='42' class='money'>$20m</span> in revenue and averaged <span inprof='n' id='43' class='money'>$25m</span> in transaction cost savings annually. DB is ranked 4th in bulge bracket in Dark Pool newsletter 
Involved in trade confirms working group that included Compliance, <span inprof='y' id='44' class='skill'>Front Office</span> IT, Global Technology and Ops focusing on findings from the 2010 TMMS exam. Group identified root causes and implemented changes to report correct capacity and <span inprof='y' id='45_1' class='role'>market maker</span> fields on the confirms 
Coordinated an OATS reporting project collaborating with Compliance, Market Surveillance, <span inprof='y' id='46' class='skill'>Front Office</span> IT and Ops to reduce FINRA mismatches

<span inprof='y' id='47_1_1' class='role'>Vice President, Operations</span>, <span inprof='y' id='47_2_1' class='date'>2008</span> - <span inprof='y' id='47_2_2' class='date'>2010</span>

<span inprof='y' id='48_1_1' class='role'>Assistant Vice President</span>, <span inprof='n' id='48_2' class='company'>P&#38;S Clearance Operations</span>, <span inprof='y' id='48_3_1' class='date'>2006</span> - <span inprof='y' id='48_3_2' class='date'>2008</span>

<span inprof='y' id='49_1_1' class='role'>Senior Associate</span>, <span inprof='n' id='49_2' class='company'>P&#38;S Clearance Operations</span>, <span inprof='y' id='49_3_1' class='date'>2000</span> - <span inprof='y' id='49_3_2' class='date'>2006</span>

Oversaw <span inprof='y' id='50' class='skill'>domestic equities</span> and <span inprof='y' id='51' class='skill'>fixed income</span> security operations clearance. Directly supervised staff comprised of VPs, <span inprof='n' id='52' class='company'>AVPs, associates</span> and clerical personnel. Thoroughly involved in hiring, training and <span inprof='y' id='53' class='sofwr'>development for quality assurance</span> and compliance processes. Recruited to build securities operations suitable for a top three global investment bank.
<span inprof='n' id='54' class='title-line'>Achievements</span>
Directed and implemented numerous system conversions to adapt to volume that expanded from 60,000 to 2,000,000 daily trades

<span inprof='y' id='55' class='nominal'>Michael Silveira</span>                <span inprof='y' id='56' class='email'>mike.silveira@me.com</span> - <span inprof='y' id='57' class='email'>email: mike.silveira@me.com</span>                  <span inprof='y' id='58' class='telephone'>917.572.4558</span>
Pg. 2
Professional Experience (con't.)
<span inprof='n' id='59' class='title-line'>Achievements</span>
Oversaw conversion from ADP to eSpear
Established aggregation and average price trade flows and increased volume without ancillary overhead costs
Developed various on-line web systems and exception allocation and tracking systems 
Implemented operational procedures and trade booking flows for DMA and <span inprof='n' id='60' class='company'>HFT</span> desks and developed <span inprof='y' id='61_1' class='role'>Correspondent Clearing</span> business by creating 9A/9B agreements with <span inprof='n' id='62' class='educational'>NSCC</span>
Reduced clearance costs and outsourced <span inprof='n' id='63' class='company'>P&#38;S</span> securities exception process to <span inprof='y' id='64' class='location'>India</span> and <span inprof='n' id='65' class='location'>Florida</span>
Instituted numerous regulatory controls and reports to ensure <span inprof='y' id='66' class='skill'>audit</span> compliance on continuing basis
Served as member of team that interviews candidates from area universities to fill internship positions 
Developed a PB client order ID data base system (Internal PB clients <span inprof='n' id='67' class='bad-occupation'>for correspondent clearing</span>) and improved efficiencies, control and <span inprof='y' id='68' class='skill'>regulatory reporting</span>

<span inprof='n' id='69' class='company'>Lewco Securities</span>, <span inprof='n' id='70' class='location'>Jersey City, NJ</span>
<span inprof='y' id='71_1_1' class='role'>Associate</span> - <span inprof='y' id='71_2' class='company'>P&#38;S Clearance Operations</span>, <span inprof='y' id='71_3_1' class='date'>1999</span> - <span inprof='y' id='71_3_2' class='date'>2000</span>
Balanced/Reconciled NASDAQ clearance for T+1 and T+2 using on-line exception system. Monitored <span inprof='y' id='72' class='qualif'>ACT</span> and <span inprof='y' id='73' class='skill'>Risk Management</span>.

<span inprof='n' id='74' class='company'>Paine Weber Inc.</span>, <span inprof='n' id='75' class='location'>Weehawken, NJ</span>
<span inprof='y' id='76_1_1' class='role'>Associate</span> - <span inprof='y' id='76_2' class='company'>P&#38;S Clearance Operations</span>, <span inprof='y' id='76_3_1' class='date'>1996</span> - <span inprof='y' id='76_3_2' class='date'>1999</span>
Delegated with oversight for improving operational efficiencies and reducing costs within clearing operational areas, including <span inprof='y' id='77' class='skill'>equities</span>, <span inprof='y' id='78' class='skill'>fixed income</span>, <span inprof='y' id='79' class='skill'>CNS</span> and Stock Record. Supervised staff of 10. Used broad knowledge of operational activities including proficiency in balancing <span inprof='n' id='80' class='company'>the AMEX and NYSE</span> contract sheets. Provided support for both institutional and retail trading desks. Liaised with trading desks and correspondents. Process/Compare step-out/step-in trades. Provided staff with daily work assignments and scheduled coverage of all work shifts.

<span inprof='n' id='81' class='company'>Dean Witter</span> <span inprof='n' id='82' class='location'>Reynolds, New York, NY</span>
<span inprof='y' id='83_1_1' class='role'>Associate</span> - <span inprof='y' id='83_2' class='company'>P&#38;S Operations</span>, <span inprof='y' id='83_3_1' class='date'>1995</span> - <span inprof='y' id='83_3_2' class='date'>1996</span>
Monitored and balanced all listed <span inprof='y' id='84' class='skill'>equities</span> suspense, error and average price accounts. Compared clearance for <span inprof='y' id='85' class='skill'>fixed income</span>, <span inprof='y' id='86' class='skill'>equities</span> and foreign securities regular way and x-clearing.

<span inprof='n' id='87' class='title-line'>Skills</span>
    <span inprof='n' id='88' class='industry-sector'>Industry Security Systems</span>
Broadridge BPS; Broadridge Ascendis; OCS; <span inprof='y' id='89' class='qualif'>ACT</span>; RTTM; FINTA OATS reporting facility 
    <span inprof='n' id='90' class='skill'>Working</span> <span inprof='n' id='91' class='skill'>knowledge of</span> <span inprof='y' id='92' class='sofwr'>Word</span>, <span inprof='y' id='93' class='sofwr'>Excel</span> and Internet applications

Affiliations
    <span inprof='y' id='94' class='qualif'>Member, SIA Data Management Division</span> and DTCC Universal Trade Capture working group

<span inprof='n' id='95' class='edu-hist-mark'>Education</span>
    <span inprof='y' id='96_1' class='educational'>Dominican College</span>, <span inprof='y' id='96_2' class='location'>Orangeburg, NY</span>
    <span inprof='y' id='96_3' class='qualif'>Bachelor of Science, Management and Marketing</span>, <span inprof='y' id='96_4' class='date'>1995</span>
    <span inprof='n' id='97' class='qualif-attr-left'>1st</span> Team All American Baseball

</TextResume>

</NonXMLResume>



<UserArea>
<DaxResumeUserArea>
<AdditionalPersonalData>
<ExperienceSummary>
<TotalMonthsOfWorkExperience>204</TotalMonthsOfWorkExperience>
<TotalYearsOfWorkExperience>17</TotalYearsOfWorkExperience>
<TotalMonthsOfManagementWorkExperience>72</TotalMonthsOfManagementWorkExperience>
<TotalYearsOfManagementWorkExperience>6</TotalYearsOfManagementWorkExperience>
<TotalMonthsOfSeniorManagementWorkExperience>72</TotalMonthsOfSeniorManagementWorkExperience>
<TotalYearsOfSeniorManagementWorkExperience>6</TotalYearsOfSeniorManagementWorkExperience>
<ExecutiveBrief>Michael Silveira is a resident of Staten Island, NY, US. He has been working in the Senior  occupational sector for more than 17 years. Currently he is employed as a Vice President, Global at Deutsche Bank Securities, Inc. Michael has an extensive management experience (6 years) with exposure to senior management positions.</ExecutiveBrief>
<ManagementRecord>Currently since 2010 the candidate had experience at a senior management level working as a Vice President, Global at Deutsche Bank Securities, Inc..
Since 2008 for 24 months the candidate had experience at a senior management level working as a Vice President, Operations at Deutsche Bank Securities, Inc..
Since 2006 for 24 months the candidate had experience at a senior management level working as a Assistant Vice President at Deutsche Bank Securities, Inc..
</ManagementRecord>
</ExperienceSummary>
</AdditionalPersonalData>
<ParserInfo>
<ParserConfiguration>{max_len=50000} {tel_flag=} {send_zip=} {fast_conv=} {DEF_LOCAL=} {sdate=0} {no_email_body=0} {do_clever_zoning=1} {keep_span=1} {complex=1} {accept_langs=} {not_accept_langs=} {prefer_lang_cv=EN} {pers_only=0} {turbo=0} {split_language=0} {picture=0} {picture_inline=0} {name_space=0} {charset=} {hrxml_upgrade_edu_hist=0}{hrxml_add_languages_section=0}{spool=} {docID=} {user=DEFAULT} </ParserConfiguration>
<ParserRelease>0.12.3.32629</ParserRelease>
<ParserReleaseDate>2014-06-18</ParserReleaseDate>
<ParserSchema>2.0.29</ParserSchema>
<ParserSchemaLocation>http://cvx.daxtra.com/cvts/xsd/candidate/2.0.29/Resume.xsd</ParserSchemaLocation>
<ConverterRelease>0.5.2.32629</ConverterRelease>
<ConverterReleaseDate>2014-06-18</ConverterReleaseDate>
</ParserInfo>
<FileStruct filename='/home/izoom/anazarov/grammar/analysis/3rconnect/doc/100_Resumes-Walsh/Mike Silveira Resume.docx'>

<attachment fname='Mike Silveira Resume.docx' ftype='docx' conv='yes' doc_type='cv' lang='EN'>/home/izoom/anazarov/grammar/analysis/3rconnect/doc/100_Resumes-Walsh/Mike Silveira Resume.docx</attachment>


</FileStruct>
</DaxResumeUserArea>
</UserArea>
</Resume>
