<?xml version='1.0' encoding='ISO-8859-1'?>
<Resume lang='en' src='DAXTRA-CVX schema:2.0.29 release:0.12.3.32629 rdate:2014-06-18'>
<StructuredXMLResume>
<ContactInfo>
<PersonName id='2'>
<FormattedName>Don Delima</FormattedName>
<GivenName>Don</GivenName>
<FamilyName>Delima</FamilyName>
<sex>Male</sex>
</PersonName>
<ContactMethod>
<Telephone id='4' type='home'>
<InternationalCountryCode>1</InternationalCountryCode>
<SubscriberNumber>609 204-4049</SubscriberNumber>
<FormattedNumber>+1 609 204-4049</FormattedNumber></Telephone>

<InternetEmailAddress id='5' type='main'>dondelima@gmail.com</InternetEmailAddress>
<PostalAddress id='3' type='main'>
<CountryCode>US</CountryCode>
<PostalCode>11373</PostalCode>
<Region>NY</Region>
<Municipality>Elmhurst</Municipality>
<DeliveryAddress>
<AddressLine>95-09 40th Road, Apt. 1</AddressLine>
<StreetName>40th Road</StreetName>
<BuildingNumber>95-09</BuildingNumber>
<Unit>Apt. 1</Unit>
</DeliveryAddress>

</PostalAddress>
</ContactMethod>
</ContactInfo>
<ExecutiveSummary>To obtain a position that requires research, data analysis, and evaluation as part of its responsibilities.</ExecutiveSummary>


<EmploymentHistory>
<EmployerOrg employerOrgType='soleEmployer'>
<EmployerOrgName id='9'>Morgan Stanley</EmployerOrgName>
<EmployerContactInfo>
<LocationSummary id='10'>
<Municipality>New York</Municipality>
<Region>NY</Region>
<CountryCode>US</CountryCode>
</LocationSummary>
</EmployerContactInfo>
<PositionHistory>
<Title id='8_1'>Consultant</Title>
<Title id='8_2'>Client Reporting Analyst</Title>
<OrgName id='9'>Morgan Stanley</OrgName>



<Description>*    Update portfolio performance in proprietary database so that financial advisors can produce accurate statements for clients. ; 
    *    Reconcile information on custom portfolio reports with that on Morgan Stanley statements to ensure that the reports' figures have not been tampered with when they are given to the clients for their records. ; 
    *    Amend portfolio transactions by including details provided by advisors so that they and the clients can comprehend all activity in a given period when reviewing the portfolio. ; 
    *    Collaborate with other Morgan Stanley teams on database issues that cannot be resolved by the client reporting team.</Description>
<StartDate id='11_1'><YearMonth>2013-03</YearMonth></StartDate>
<EndDate id='11_1'><YearMonth>2013-03</YearMonth></EndDate>



<JobLevelInfo>
<JobGrade>joblevel-nonmanager-low</JobGrade>
</JobLevelInfo>

<JobCategory>
<TaxonomyName>JOBAREA</TaxonomyName>
<CategoryCode>accountancy</CategoryCode>
</JobCategory>


<UserArea>
<DaxPositionHistoryUserArea>
<TLSPAN first_id='8' last_id='16' border_id='17'></TLSPAN>
</DaxPositionHistoryUserArea>
</UserArea>
</PositionHistory>
</EmployerOrg>

<EmployerOrg employerOrgType='soleEmployer'>
<EmployerOrgName id='17_2'>Moody's</EmployerOrgName>
<EmployerContactInfo>
<LocationSummary id='17_3'>
<Municipality>New York</Municipality>
<Region>NY</Region>
<CountryCode>US</CountryCode>
</LocationSummary>
</EmployerContactInfo>
<PositionHistory positionType='PERMANENT'>
<Title id='17_1_1'>Consultant</Title>
<Title id='17_1_2'>Analyst</Title>
<OrgName id='17_2'>Moody's</OrgName>



<Description>*    Maintained credit analysis data integrity by comparing proprietary databases with each other to see if their information is consistent with each other. ; 
    *    Ensured that credit analysis information presented on Moodys.com is updated and accurate by looking through issuers' rating history for lags in activity and through credit opinions for significant facts regarding the issuer. ; 
    *    Gathered raw data relating to debt issuers' credit analyses, format it in Excel, and upload it into proprietary databases so that managing directors have current information to use when evaluating their analyst teams' productivity. ; 
    *    Conferred with manager and directors about discrepancies in the data regarding proper analyst coverage.</Description>
<StartDate id='17_4_1'><YearMonth>2012-06</YearMonth></StartDate>
<EndDate id='17_4_2'><YearMonth>2013-03</YearMonth></EndDate>



<JobLevelInfo>
<JobGrade>joblevel-nonmanager-low</JobGrade>
</JobLevelInfo>

<JobCategory>
<TaxonomyName>JOBAREA</TaxonomyName>
<CategoryCode>banking-finance</CategoryCode>
</JobCategory>


<UserArea>
<DaxPositionHistoryUserArea>
<TLSPAN first_id='17' last_id='24' border_id='25'></TLSPAN>
<MonthsOfWork>10</MonthsOfWork>
</DaxPositionHistoryUserArea>
</UserArea>
</PositionHistory>
</EmployerOrg>

<EmployerOrg employerOrgType='soleEmployer'>
<EmployerOrgName id='25_2'>Avis Budget Group</EmployerOrgName>
<EmployerContactInfo>
<LocationSummary id='25_3'>
<Municipality>East Elmhurst</Municipality>
<Region>NY</Region>
<CountryCode>US</CountryCode>
</LocationSummary>
</EmployerContactInfo>
<PositionHistory positionType='Intern'>
<Title id='25_1_1'>Financial Analyst</Title>
<OrgName id='25_2'>Avis Budget Group</OrgName>



<Description>*    Recorded into a spreadsheet monthly car shuttling expenses incurred by company's rental locations in the Northeastern United States so that analysts can use the information as part of the locations' profit-and-loss reviews. ; 
    *    Compiled daily and weekly reports on credit card phishing, gas card usage, gasoline consumption, and car accessory rentals and send them out to district managers so that they can track their district's performance. ; 
    *    Logged invoices pertaining to damages and expenses incurred in the Northeast region from Hurricane Irene and have them entered into corporate ledgers so that the regional office's profit-and-loss statement will not be distorted by the extraordinary costs. ; 
    *    Audited an expense account to see if rental location managers are making appropriate purchases and to help analysts estimate the incurred monthly costs.</Description>
<StartDate id='25_4_1'><YearMonth>2011-06</YearMonth></StartDate>
<EndDate id='25_4_2'><YearMonth>2012-05</YearMonth></EndDate>




<JobCategory>
<TaxonomyName>JOBAREA</TaxonomyName>
<CategoryCode>accountancy</CategoryCode>
</JobCategory>


<UserArea>
<DaxPositionHistoryUserArea>
<TLSPAN first_id='25' last_id='31' border_id='32'></TLSPAN>
<MonthsOfWork>12</MonthsOfWork>
</DaxPositionHistoryUserArea>
</UserArea>
</PositionHistory>
</EmployerOrg>

<EmployerOrg employerOrgType='soleEmployer'>
<EmployerOrgName id='32_2'>The Burgiss Group</EmployerOrgName>
<EmployerContactInfo>
<LocationSummary id='32_3'>
<Municipality>Hoboken</Municipality>
<Region>NJ</Region>
<CountryCode>US</CountryCode>
</LocationSummary>
</EmployerContactInfo>
<PositionHistory positionType='Intern'>
<Title id='32_1_1'>Private Equity Analyst</Title>
<OrgName id='32_2'>The Burgiss Group</OrgName>



<Description>*    Helped build a custom benchmark index for clients by researching private equity firms' financial statements for relevant metrics. ; 
    *    Assisted Client Support Group in determining if additional financial statements from partnerships are required for tracking purposes by assessing fund database update history. ; 
    *    Helped Client Support Group in classifying partnerships in Burgiss Group's database according to investment type and asset class. ; 
    *    Attended informational seminars on private equity in order to develop a stronger understanding of the industry.</Description>
<StartDate id='32_4_1'><YearMonth>2011-01</YearMonth></StartDate>
<EndDate id='32_4_2'><YearMonth>2011-05</YearMonth></EndDate>




<JobCategory>
<TaxonomyName>JOBAREA</TaxonomyName>
<CategoryCode>banking-finance</CategoryCode>
</JobCategory>


<UserArea>
<DaxPositionHistoryUserArea>
<TLSPAN first_id='32' last_id='39' border_id='40'></TLSPAN>
<MonthsOfWork>5</MonthsOfWork>
</DaxPositionHistoryUserArea>
</UserArea>
</PositionHistory>
</EmployerOrg>

<EmployerOrg employerOrgType='soleEmployer'>
<EmployerOrgName id='40_2'>Merrill Lynch</EmployerOrgName>
<EmployerContactInfo>
<LocationSummary id='40_3'>
<Municipality>Hopewell</Municipality>
<Region>NJ</Region>
<CountryCode>US</CountryCode>
</LocationSummary>
</EmployerContactInfo>
<PositionHistory positionType='CONTRACT'>
<Title id='40_1_1'>Consultant</Title>
<Title id='40_1_2'>Analyst</Title>
<OrgName id='40_2'>Merrill Lynch</OrgName>



<Description>*    Ensured that TEFRA refunds were legally sent to clients by validating tax documents for social security and tax identification numbers. ; 
    *    Responded to over several dozen weekly branch office requests to reverse TEFRA withholdings on their clients' accounts. ; 
    *    Audited first drafts of clients' tax statements for errors and confirm that the printed information is accurate with the company's database. ; 
    *    Verified tax information in company database with third-party information systems used by clients.</Description>
<StartDate id='40_4_1'><YearMonth>2008-12</YearMonth></StartDate>
<EndDate id='40_4_2'><YearMonth>2009-04</YearMonth></EndDate>



<JobLevelInfo>
<JobGrade>joblevel-nonmanager-low</JobGrade>
</JobLevelInfo>

<JobCategory>
<TaxonomyName>JOBAREA</TaxonomyName>
<CategoryCode>accountancy</CategoryCode>
</JobCategory>


<UserArea>
<DaxPositionHistoryUserArea>
<TLSPAN first_id='40' last_id='44' border_id='45'></TLSPAN>
<MonthsOfWork>5</MonthsOfWork>
</DaxPositionHistoryUserArea>
</UserArea>
</PositionHistory>
</EmployerOrg>

<EmployerOrg employerOrgType='soleEmployer'>
<EmployerOrgName id='45_2'>Merrill Lynch</EmployerOrgName>
<EmployerContactInfo>
<LocationSummary id='45_3'>
<Municipality>Warren</Municipality>
<Region>NJ</Region>
<CountryCode>US</CountryCode>
</LocationSummary>
</EmployerContactInfo>
<PositionHistory positionType='Intern'>
<Title id='45_1_1'>Wealth Management</Title>
<OrgName id='45_2'>Merrill Lynch</OrgName>



<Description>*    Researched Merrill Lynch's proprietary database, company websites and other Internet resources for information and reports on investment opportunities for financial advisors' clients. ; 
    *    Printed and assembled performance reports of clients' portfolios for advisors' client meetings. ; 
    *    Updated bond maturity list weekly in Excel in order to notify advisors when to either invest the proceeds into other securities for or send the proceeds back to their clients. ; 
    *    Updated personal expense reports and client portfolio metrics in Excel for advisors' future reference. ;</Description>
<StartDate id='45_4_1'><YearMonth>2008-09</YearMonth></StartDate>
<EndDate id='45_4_2'><YearMonth>2008-12</YearMonth></EndDate>




<JobCategory>
<TaxonomyName>JOBAREA</TaxonomyName>
<CategoryCode>it</CategoryCode>
</JobCategory>


<UserArea>
<DaxPositionHistoryUserArea>
<TLSPAN first_id='45' last_id='49' border_id='0'></TLSPAN>
<MonthsOfWork>4</MonthsOfWork>
</DaxPositionHistoryUserArea>
</UserArea>
</PositionHistory>
</EmployerOrg>

</EmploymentHistory>
<EducationHistory>
<SchoolOrInstitution schoolType='university'>
<SchoolName id='51_1'>St. John's University</SchoolName>
<LocationSummary id='51_2'>
<Municipality>Queens</Municipality>
<Region>NY</Region>
<CountryCode>US</CountryCode>
</LocationSummary>

<OrganizationUnit organizationType='unit'>Tobin College of Business</OrganizationUnit>
<Degree degreeType='masters'>
<DegreeName id='51_3'>Master of Business Administration</DegreeName>
<DegreeDate id='51_4'><YearMonth>2012-05</YearMonth></DegreeDate>
</Degree>
<Major id='51_3'>Finance</Major>

<Measure>
<MeasureValue id='51_5_1'>GPA: 3.88</MeasureValue>
</Measure>


<Comments>*    Member of New York Society of Security Analysts, Beta Gamma Sigma, and Omicron Delta Epsilon. ; 
    *    Discussed a buy recommendation of Amazon to school's treasury office for the Graduate Student Managed Investment Fund based on a top-down analysis of the online retailer. ; 
    *    Participated in New York Society of Security Analysts' 2010 Global Investment Research Challenge and discussed a sell recommendation of New Jersey Resources to a panel of experienced analysts. ; 
    *    Finalist in Association for Corporate Growth's 2011 ACG Cup Competition, a contest that requires students to analyze a case study regarding a business deal to see if its terms were sufficient for the involved parties and suggest term alterations they deem necessary. ; 
    *    Compared Pfizer and Merck through ratio analysis to see which would be the better investment. ; 
    *    Built regression models through SPSS and S-Plus for price valuations of stocks and funds. ; 
    *    Analyzed and made recommendations to LEGO's and Nike's business strategies in order to improve operating efficiency and competitiveness.</Comments>
</SchoolOrInstitution>

<SchoolOrInstitution schoolType='university'>
<SchoolName id='61_1'>Rutgers University</SchoolName>
<LocationSummary id='61_2'>
<Municipality>New Brunswick</Municipality>
<Region>NJ</Region>
<CountryCode>US</CountryCode>
</LocationSummary>


<Degree degreeType='bachelors'>
<DegreeName id='61_3'>Bachelor of Arts</DegreeName>
<DegreeDate id='61_4'><YearMonth>2008-05</YearMonth></DegreeDate>
</Degree>
<Major id='61_3'>Economics</Major>



<Comments>Provided lecture for a business finance class on the function and history of the Black-Scholes Model and demonstrated its use in Excel.
    Increased value of virtual portfolio by 10% in two months by observing market trends, reading company reports, and researching industry sectors for potential investment opportunities. 
    Volunteered to lead research project on consumer privacy and reported findings in an informational website and a presentation to classmates.</Comments>
</SchoolOrInstitution>

</EducationHistory>











<Competency oids='21 47 49 63 72 ' description='Skill > IT' auth='yes' name='Microsoft Excel'>
<CompetencyEvidence name='Extent of Experience' typeDescription='Extent of Experience' type='MONTH' lastUsed='2013'><NumericValue description='MONTH'>14</NumericValue></CompetencyEvidence>

<CompetencyEvidence typeDescription='Alias' name='Alias'><StringValue>Excel</StringValue></CompetencyEvidence>

<CompetencyWeight type='skillLevel'><NumericValue minValue='0' maxValue='100'>98</NumericValue></CompetencyWeight>

<CompetencyWeight type='skillProficiency'><StringValue minValue='BASIC' maxValue='EXCELLENT'>EXCELLENT</StringValue></CompetencyWeight>
</Competency>

<Competency oids='41 42 43 44 ' description='Skill' auth='yes' name='Taxation'>
<CompetencyEvidence name='Extent of Experience' typeDescription='Extent of Experience' type='MONTH' lastUsed='2009'><NumericValue description='MONTH'>5</NumericValue></CompetencyEvidence>

<CompetencyEvidence typeDescription='Alias' name='Alias'><StringValue>tax</StringValue></CompetencyEvidence>

<CompetencyWeight type='skillLevel'><NumericValue minValue='0' maxValue='100'>50</NumericValue></CompetencyWeight>

<CompetencyWeight type='skillProficiency'><StringValue minValue='BASIC' maxValue='EXCELLENT'>WORKING</StringValue></CompetencyWeight>
</Competency>

<Competency oids='34 36 ' description='Skill' auth='no' name='financial statements'>
<CompetencyEvidence name='Extent of Experience' typeDescription='Extent of Experience' type='MONTH' lastUsed='2011'><NumericValue description='MONTH'>5</NumericValue></CompetencyEvidence>

<CompetencyWeight type='skillLevel'><NumericValue minValue='0' maxValue='100'>68</NumericValue></CompetencyWeight>

<CompetencyWeight type='skillProficiency'><StringValue minValue='BASIC' maxValue='EXCELLENT'>GOOD</StringValue></CompetencyWeight>
</Competency>

<Competency oids='33 39 ' description='Skill' auth='yes' name='Private Equity'>
<CompetencyEvidence name='Extent of Experience' typeDescription='Extent of Experience' type='MONTH' lastUsed='2011'><NumericValue description='MONTH'>5</NumericValue></CompetencyEvidence>

<CompetencyWeight type='skillLevel'><NumericValue minValue='0' maxValue='100'>68</NumericValue></CompetencyWeight>

<CompetencyWeight type='skillProficiency'><StringValue minValue='BASIC' maxValue='EXCELLENT'>GOOD</StringValue></CompetencyWeight>
</Competency>

<Competency oids='18 19 ' description='Skill' auth='yes' name='Credit Analysis'>
<CompetencyEvidence name='Extent of Experience' typeDescription='Extent of Experience' type='MONTH' lastUsed='2013'><NumericValue description='MONTH'>10</NumericValue></CompetencyEvidence>

<CompetencyWeight type='skillLevel'><NumericValue minValue='0' maxValue='100'>98</NumericValue></CompetencyWeight>

<CompetencyWeight type='skillProficiency'><StringValue minValue='BASIC' maxValue='EXCELLENT'>EXCELLENT</StringValue></CompetencyWeight>
</Competency>

<Competency oids='60 ' description='Skill' auth='no' name='ratio analysis'>
<CompetencyWeight type='skillLevel'><NumericValue minValue='0' maxValue='100'>13</NumericValue></CompetencyWeight>
</Competency>

<Competency oids='7 ' description='Skill' auth='no' name='data analysis'>
<CompetencyWeight type='skillLevel'><NumericValue minValue='0' maxValue='100'>13</NumericValue></CompetencyWeight>
</Competency>

<Competency oids='12 ' description='Skill' auth='yes' name='Portfolio Valuations'>
<CompetencyEvidence typeDescription='Alias' name='Alias'><StringValue>portfolio performance</StringValue></CompetencyEvidence>

<CompetencyWeight type='skillLevel'><NumericValue minValue='0' maxValue='100'>96</NumericValue></CompetencyWeight>

<CompetencyWeight type='skillProficiency'><StringValue minValue='BASIC' maxValue='EXCELLENT'>EXCELLENT</StringValue></CompetencyWeight>
</Competency>

<Competency oids='27 ' description='Skill' auth='yes' name='Petrol'>
<CompetencyEvidence name='Extent of Experience' typeDescription='Extent of Experience' type='MONTH' lastUsed='2012'><NumericValue description='MONTH'>12</NumericValue></CompetencyEvidence>

<CompetencyEvidence typeDescription='Alias' name='Alias'><StringValue>gasoline</StringValue></CompetencyEvidence>

<CompetencyWeight type='skillLevel'><NumericValue minValue='0' maxValue='100'>89</NumericValue></CompetencyWeight>

<CompetencyWeight type='skillProficiency'><StringValue minValue='BASIC' maxValue='EXCELLENT'>EXCELLENT</StringValue></CompetencyWeight>
</Competency>

<Competency oids='68 ' description='Skill > IT' auth='yes' name='Oracle'>
<CompetencyWeight type='skillLevel'><NumericValue minValue='0' maxValue='100'>13</NumericValue></CompetencyWeight>
</Competency>

<Competency oids='71 ' description='Skill > IT' auth='yes' name='Microsoft Word'>
<CompetencyEvidence typeDescription='Alias' name='Alias'><StringValue>Word</StringValue></CompetencyEvidence>

<CompetencyWeight type='skillLevel'><NumericValue minValue='0' maxValue='100'>13</NumericValue></CompetencyWeight>
</Competency>

<Competency oids='73 ' description='Skill > IT' auth='yes' name='Microsoft PowerPoint'>
<CompetencyEvidence typeDescription='Alias' name='Alias'><StringValue>PowerPoint</StringValue></CompetencyEvidence>

<CompetencyWeight type='skillLevel'><NumericValue minValue='0' maxValue='100'>13</NumericValue></CompetencyWeight>
</Competency>

<Competency oids='74 ' description='Skill > IT' auth='yes' name='Microsoft Outlook'>
<CompetencyEvidence typeDescription='Alias' name='Alias'><StringValue>Outlook</StringValue></CompetencyEvidence>

<CompetencyWeight type='skillLevel'><NumericValue minValue='0' maxValue='100'>13</NumericValue></CompetencyWeight>
</Competency>

<Competency oids='30 ' description='Skill' auth='yes' name='Ledgers'>
<CompetencyEvidence name='Extent of Experience' typeDescription='Extent of Experience' type='MONTH' lastUsed='2012'><NumericValue description='MONTH'>12</NumericValue></CompetencyEvidence>

<CompetencyWeight type='skillLevel'><NumericValue minValue='0' maxValue='100'>87</NumericValue></CompetencyWeight>

<CompetencyWeight type='skillProficiency'><StringValue minValue='BASIC' maxValue='EXCELLENT'>EXCELLENT</StringValue></CompetencyWeight>
</Competency>

<Competency oids='69 ' description='Skill > IT' auth='yes' name='Hyperion'>
<CompetencyWeight type='skillLevel'><NumericValue minValue='0' maxValue='100'>13</NumericValue></CompetencyWeight>
</Competency>

<Competency oids='67 ' description='Skill' auth='yes' name='Financial Modelling'>
<CompetencyEvidence typeDescription='Alias' name='Alias'><StringValue>Financial modeling</StringValue></CompetencyEvidence>

<CompetencyWeight type='skillLevel'><NumericValue minValue='0' maxValue='100'>13</NumericValue></CompetencyWeight>
</Competency>

<Competency oids='70 ' description='Skill > IT' auth='yes' name='Essbase'>
<CompetencyWeight type='skillLevel'><NumericValue minValue='0' maxValue='100'>13</NumericValue></CompetencyWeight>
</Competency>

<Competency oids='29 ' description='Skill' auth='yes' name='Damages'>
<CompetencyEvidence name='Extent of Experience' typeDescription='Extent of Experience' type='MONTH' lastUsed='2012'><NumericValue description='MONTH'>12</NumericValue></CompetencyEvidence>

<CompetencyWeight type='skillLevel'><NumericValue minValue='0' maxValue='100'>88</NumericValue></CompetencyWeight>

<CompetencyWeight type='skillProficiency'><StringValue minValue='BASIC' maxValue='EXCELLENT'>EXCELLENT</StringValue></CompetencyWeight>
</Competency>

<Competency oids='16 ' description='Skill' auth='yes' name='Client Reporting'>
<CompetencyWeight type='skillLevel'><NumericValue minValue='0' maxValue='100'>96</NumericValue></CompetencyWeight>

<CompetencyWeight type='skillProficiency'><StringValue minValue='BASIC' maxValue='EXCELLENT'>EXCELLENT</StringValue></CompetencyWeight>
</Competency>

<Competency oids='8_1 17_1_1 40_1_1 ' description='Held Position' auth='no' name='Consultant'>
<CompetencyEvidence name='Extent of Experience' typeDescription='Extent of Experience' type='MONTH' lastUsed='2013'><NumericValue description='MONTH'>15</NumericValue></CompetencyEvidence>

<CompetencyWeight type='skillLevel'><NumericValue minValue='0' maxValue='100'>100</NumericValue></CompetencyWeight>

<CompetencyWeight type='skillProficiency'><StringValue minValue='BASIC' maxValue='EXCELLENT'>EXCELLENT</StringValue></CompetencyWeight>
</Competency>

<Competency oids='17_1_2 24_1 40_1_2 ' description='Held Position' auth='no' name='Analyst'>
<CompetencyEvidence name='Extent of Experience' typeDescription='Extent of Experience' type='MONTH' lastUsed='2013'><NumericValue description='MONTH'>15</NumericValue></CompetencyEvidence>

<CompetencyWeight type='skillLevel'><NumericValue minValue='0' maxValue='100'>100</NumericValue></CompetencyWeight>

<CompetencyWeight type='skillProficiency'><StringValue minValue='BASIC' maxValue='EXCELLENT'>EXCELLENT</StringValue></CompetencyWeight>
</Competency>

<Competency oids='31_1 ' description='Held Position' auth='no' name='managers'>
<CompetencyEvidence name='Extent of Experience' typeDescription='Extent of Experience' type='MONTH' lastUsed='2012'><NumericValue description='MONTH'>12</NumericValue></CompetencyEvidence>

<CompetencyWeight type='skillLevel'><NumericValue minValue='0' maxValue='100'>88</NumericValue></CompetencyWeight>

<CompetencyWeight type='skillProficiency'><StringValue minValue='BASIC' maxValue='EXCELLENT'>EXCELLENT</StringValue></CompetencyWeight>
</Competency>

<Competency oids='45_1_1 ' description='Held Position' auth='no' name='Wealth Management'>
<CompetencyEvidence name='Extent of Experience' typeDescription='Extent of Experience' type='MONTH' lastUsed='2008'><NumericValue description='MONTH'>4</NumericValue></CompetencyEvidence>

<CompetencyWeight type='skillLevel'><NumericValue minValue='0' maxValue='100'>50</NumericValue></CompetencyWeight>

<CompetencyWeight type='skillProficiency'><StringValue minValue='BASIC' maxValue='EXCELLENT'>WORKING</StringValue></CompetencyWeight>
</Competency>

<Competency oids='32_1_1 ' description='Held Position' auth='no' name='Private Equity Analyst'>
<CompetencyEvidence name='Extent of Experience' typeDescription='Extent of Experience' type='MONTH' lastUsed='2011'><NumericValue description='MONTH'>5</NumericValue></CompetencyEvidence>

<CompetencyWeight type='skillLevel'><NumericValue minValue='0' maxValue='100'>68</NumericValue></CompetencyWeight>

<CompetencyWeight type='skillProficiency'><StringValue minValue='BASIC' maxValue='EXCELLENT'>GOOD</StringValue></CompetencyWeight>
</Competency>

<Competency oids='25_1_1 ' description='Held Position' auth='no' name='Financial Analyst'>
<CompetencyEvidence name='Extent of Experience' typeDescription='Extent of Experience' type='MONTH' lastUsed='2012'><NumericValue description='MONTH'>12</NumericValue></CompetencyEvidence>

<CompetencyWeight type='skillLevel'><NumericValue minValue='0' maxValue='100'>89</NumericValue></CompetencyWeight>

<CompetencyWeight type='skillProficiency'><StringValue minValue='BASIC' maxValue='EXCELLENT'>EXCELLENT</StringValue></CompetencyWeight>
</Competency>

<Competency oids='8_2 ' description='Held Position' auth='no' name='Client Reporting Analyst'>
<CompetencyWeight type='skillLevel'><NumericValue minValue='0' maxValue='100'>96</NumericValue></CompetencyWeight>

<CompetencyWeight type='skillProficiency'><StringValue minValue='BASIC' maxValue='EXCELLENT'>EXCELLENT</StringValue></CompetencyWeight>
</Competency>

<Competency oids='52 ' description='Degree/Qualification > Professional' auth='no' name='Member of New York Society of Security Analysts'>
<CompetencyWeight type='skillLevel'><NumericValue minValue='0' maxValue='100'>12</NumericValue></CompetencyWeight>
</Competency>

<Competency oids='51_3 ' description='Degree/Qualification' auth='yes' name='Masters Degree > Master of Business Administration > Master of Business Administration Finance'>
<CompetencyEvidence name='Application' typeDescription='Application' type='Finance'><StringValue>Finance</StringValue></CompetencyEvidence>

<CompetencyEvidence typeDescription='Alias' name='Alias'><StringValue>Master of Business Administration in Finance</StringValue></CompetencyEvidence>

<CompetencyWeight type='skillLevel'><NumericValue minValue='0' maxValue='100'>12</NumericValue></CompetencyWeight>
</Competency>

<Competency oids='61_3 ' description='Degree/Qualification' auth='yes' name='Bachelors Degree > Bachelor of Arts > Bachelor of Arts Economics'>
<CompetencyEvidence name='Application' typeDescription='Application' type='Economics'><StringValue>Economics</StringValue></CompetencyEvidence>

<CompetencyEvidence typeDescription='Alias' name='Alias'><StringValue>Bachelor of Arts in Economics</StringValue></CompetencyEvidence>

<CompetencyWeight type='skillLevel'><NumericValue minValue='0' maxValue='100'>12</NumericValue></CompetencyWeight>
</Competency>

<Competency description='Industry' auth='yes' name='industry~accountancy'>
<CompetencyEvidence name='skillCount' typeDescription='skillCount'><NumericValue>3</NumericValue></CompetencyEvidence>

<CompetencyWeight type='skillLevel'><NumericValue minValue='0' maxValue='100'>100</NumericValue></CompetencyWeight>
</Competency>























<RevisionDate id='1'>2013-04-25</RevisionDate>
</StructuredXMLResume>
<NonXMLResume>

<TextResume>



{{HEADER}}




{{END_HEADER}}


{{FOOTER}}




{{END_FOOTER}}


<span inprof='n' id='1' class='date'>{{DOCUMENT_DATESTAMP}} 2013-04-25 {{END_DOCUMENT_DATESTAMP}}</span> 



<span inprof='y' id='2' class='nominal'>Don Delima</span>
<span inprof='y' id='3' class='location'>95-09 40th Road, Apt. 1, Elmhurst, NY 11373</span>
<span inprof='y' id='4' class='telephone'>Phone: (609) 204-4049</span>
<span inprof='y' id='5' class='email'>E-mail: dondelima@gmail.com</span>







<span inprof='n' id='6' class='objectives-mark'>OBJECTIVE</span>          To obtain a position that requires research, <span inprof='y' id='7' class='skill'>data analysis</span>, and evaluation as part of its responsibilities.

RELEVANT           <span inprof='y' id='8_1' class='role'>Consultant</span>/<span inprof='y' id='8_2' class='role'>Client Reporting Analyst</span>, <span inprof='y' id='9' class='company'>Morgan Stanley</span>, <span inprof='y' id='10' class='location'>New York, NY</span>
EXPERIENCE         <span inprof='y' id='11_1' class='date'>March 2013</span> - <span inprof='n' id='11_2' class='date'>Present</span>
                       *    Update <span inprof='y' id='12' class='skill'>portfolio performance</span> in proprietary database so that financial advisors can produce accurate statements for clients. ; 
                       *    Reconcile information on custom portfolio reports with that on <span inprof='y' id='13' class='company'>Morgan Stanley</span> statements to ensure that the reports' figures have not been tampered with when they are given to the clients for their records. ; 
                       *    <span inprof='n' id='14' class='company'>Amend portfolio</span> transactions by including details provided by advisors so that they and the clients can comprehend all activity in a given period when reviewing the portfolio. ; 
                       *    Collaborate with other <span inprof='y' id='15' class='company'>Morgan Stanley</span> teams on database issues that cannot be resolved by the <span inprof='y' id='16' class='skill'>client reporting</span> team.

                   <span inprof='y' id='17_1_1' class='role'>Consultant</span>/<span inprof='y' id='17_1_2' class='role'>Analyst</span>, <span inprof='y' id='17_2' class='company'>Moody's</span>, <span inprof='y' id='17_3' class='location'>New York, NY</span>
                   <span inprof='y' id='17_4_1' class='date'>June 2012</span> - <span inprof='y' id='17_4_2' class='date'>March 2013</span>
                       *    Maintained <span inprof='y' id='18' class='skill'>credit analysis</span> data integrity by comparing proprietary databases with each other to see if their information is consistent with each other. ; 
                       *    Ensured that <span inprof='y' id='19' class='skill'>credit analysis</span> information presented on <span inprof='n' id='20' class='internet-web-address'>Moodys.com</span> is updated and accurate by looking through issuers' rating history for lags in activity and through credit opinions for significant facts regarding the issuer. ; 
                       *    Gathered raw data relating to debt issuers' credit analyses, format it in <span inprof='y' id='21' class='sofwr'>Excel</span>, and upload it into proprietary databases so that managing directors have current information to use when evaluating <span inprof='n' id='22' class='bad-occupation'>their analyst</span> teams' productivity. ; 
                       *    Conferred <span inprof='n' id='23' class='bad-occupation'>with manager</span> and directors about discrepancies in the data regarding proper <span inprof='y' id='24_1' class='role'>analyst</span> coverage.

                   <span inprof='y' id='25_1_1' class='role'>Financial Analyst</span> <span inprof='n' id='25_1_2' class='empl-type'>Intern</span>, <span inprof='y' id='25_2' class='company'>Avis Budget Group</span>, <span inprof='y' id='25_3' class='location'>East Elmhurst, NY</span>
                   <span inprof='y' id='25_4_1' class='date'>June 2011</span>-<span inprof='y' id='25_4_2' class='date'>May 2012</span>
                       *    Recorded into a spreadsheet monthly car shuttling expenses incurred by company's rental locations in <span inprof='n' id='26' class='location'>the Northeastern United States</span> so that analysts can use the information as part of the locations' profit-and-loss reviews. ; 
                       *    Compiled daily and weekly reports on credit card phishing, gas card usage, <span inprof='y' id='27' class='skill'>gasoline</span> consumption, and car accessory rentals and send them out <span inprof='n' id='28' class='bad-occupation'>to district managers</span> so that they can track their district's performance. ; 
                       *    Logged invoices pertaining to <span inprof='y' id='29' class='skill'>damages</span> and expenses incurred in the Northeast region from Hurricane Irene and have them entered into corporate <span inprof='y' id='30' class='skill'>ledgers</span> so that the regional office's profit-and-loss statement will not be distorted by the extraordinary costs. ; 
                       *    Audited an expense account to see if rental location <span inprof='y' id='31_1' class='role'>managers</span> are making appropriate purchases and to help analysts estimate the incurred monthly costs.

                   <span inprof='y' id='32_1_1' class='role'>Private Equity Analyst</span> <span inprof='n' id='32_1_2' class='empl-type'>Intern</span>, <span inprof='y' id='32_2' class='company'>The Burgiss Group</span>, <span inprof='y' id='32_3' class='location'>Hoboken, NJ</span>
                   <span inprof='y' id='32_4_1' class='date'>January 2011</span>-<span inprof='y' id='32_4_2' class='date'>May 2011</span>
                       *    Helped build a custom benchmark index for clients by researching <span inprof='y' id='33' class='skill'>private equity</span> firms' <span inprof='y' id='34' class='skill'>financial statements</span> for relevant metrics. ; 
                       *    <span inprof='n' id='35' class='company'>Assisted Client Support Group</span> in determining if additional <span inprof='y' id='36' class='skill'>financial statements</span> from partnerships are required for tracking purposes by assessing fund database update history. ; 
                       *    <span inprof='n' id='37' class='company'>Helped Client Support Group</span> in classifying partnerships in <span inprof='n' id='38' class='company'>Burgiss Group</span>'s database according to investment type and asset class. ; 
                       *    Attended informational seminars on <span inprof='y' id='39' class='skill'>private equity</span> in order to develop a stronger understanding of the industry.

                   <span inprof='y' id='40_1_1' class='role'>Consultant</span>/<span inprof='y' id='40_1_2' class='role'>Analyst</span>, <span inprof='y' id='40_2' class='company'>Merrill Lynch</span>, <span inprof='y' id='40_3' class='location'>Hopewell, NJ</span>
                   <span inprof='y' id='40_4_1' class='date'>December 2008</span>-<span inprof='y' id='40_4_2' class='date'>April 2009</span>
                       *    Ensured that TEFRA refunds were legally sent to clients by validating <span inprof='y' id='41' class='skill'>tax</span> documents for social security and <span inprof='y' id='42' class='skill'>tax</span> identification numbers. ; 
                       *    Responded to over several dozen weekly branch office requests to reverse TEFRA withholdings on their clients' accounts. ; 
                       *    Audited first drafts of clients' <span inprof='y' id='43' class='skill'>tax</span> statements for errors and confirm that the printed information is accurate with the company's database. ; 
                       *    Verified <span inprof='y' id='44' class='skill'>tax</span> information in company database with third-party information systems used by clients.


                   <span inprof='y' id='45_1_1' class='role'>Wealth Management</span> <span inprof='n' id='45_1_2' class='empl-type'>Intern</span>, <span inprof='y' id='45_2' class='company'>Merrill Lynch</span>, <span inprof='y' id='45_3' class='location'>Warren, NJ</span>
                   <span inprof='y' id='45_4_1' class='date'>September 2008</span>-<span inprof='y' id='45_4_2' class='date'>December 2008</span>
                       *    Researched <span inprof='y' id='46' class='company'>Merrill Lynch</span>'s proprietary database, company websites and other Internet resources for information and reports on investment opportunities for financial advisors' clients. ; 
                       *    Printed and assembled performance reports of clients' portfolios for advisors' client meetings. ; 
                       *    Updated bond maturity list weekly in <span inprof='y' id='47' class='sofwr'>Excel</span> in order to notify advisors when to either invest the proceeds into other securities for or send the proceeds back to their clients. ; 
                       *    Updated personal expense reports and client <span inprof='n' id='48' class='internet-web-address'>portfolio metrics</span> in <span inprof='y' id='49' class='sofwr'>Excel</span> for advisors' future reference.

<span inprof='n' id='50' class='edu-hist-mark'>EDUCATION</span>
<span inprof='y' id='51_1' class='educational'>St. John's University - Tobin College of Business</span>, <span inprof='y' id='51_2' class='location'>Queens, NY</span>
                   <span inprof='y' id='51_3' class='qualif'>Master of Business Administration in Finance</span>, <span inprof='y' id='51_4' class='date'>May 2012</span>
                       *    <span inprof='y' id='51_5_1' class='degree-measure'>GPA: 3.88</span> ; 
                       *    <span inprof='y' id='52' class='qualif'>Member of New York Society of Security Analysts</span>, Beta Gamma Sigma, and Omicron Delta Epsilon. ; 
                       *    Discussed a buy recommendation of <span inprof='n' id='53' class='location'>Amazon</span> to school's treasury office <span inprof='n' id='54' class='bad-occupation'>for the Graduate Student</span> Managed Investment Fund based on a top-down analysis of the online retailer. ; 
                       *    Participated in <span inprof='n' id='55' class='educational'>New York Society of Security Analysts</span>' 2010 <span inprof='n' id='56' class='company'>Global Investment Research</span> Challenge and discussed a sell recommendation of <span inprof='n' id='57' class='location'>New Jersey</span> Resources to a panel of experienced analysts. ; 
                       *    <span inprof='n' id='58' class='bad-occupation'>Finalist in Association for Corporate Growth's</span> 2011 ACG Cup Competition, a contest that requires students to analyze a case study regarding a business deal to see if its terms were sufficient for the involved parties and suggest term alterations they deem necessary. ; 
                       *    Compared <span inprof='n' id='59' class='company'>Pfizer and Merck</span> through <span inprof='y' id='60' class='skill'>ratio analysis</span> to see which would be the better investment. ; 
                       *    Built regression models through SPSS and S-Plus for price valuations of stocks and funds. ; 
                       *    Analyzed and made recommendations to LEGO's and Nike's business strategies in order to improve operating efficiency and competitiveness.

                   <span inprof='y' id='61_1' class='educational'>Rutgers University</span>, <span inprof='y' id='61_2' class='location'>New Brunswick, NJ</span>
                   <span inprof='y' id='61_3' class='qualif'>Bachelor of Arts in Economics</span>, <span inprof='y' id='61_4' class='date'>May 2008</span>
                   Provided lecture for a <span inprof='n' id='62' class='qualif'>business finance</span> class on the function and history of the Black-Scholes Model and demonstrated its use in <span inprof='y' id='63' class='sofwr'>Excel</span>.
                   Increased value of virtual <span inprof='n' id='64' class='internet-web-address'>portfolio by 10</span>% in <span inprof='n' id='65' class='duration'>two months</span> by observing market trends, reading company reports, and researching industry sectors for potential investment opportunities. 
                   Volunteered to lead research project on consumer privacy and reported findings in an informational website and a presentation to classmates.







<span inprof='n' id='66' class='title-line'>SKILLS</span>
<span inprof='y' id='67' class='skill'>Financial modeling</span>, Bloomberg, FactSet, SPSS, S-Plus, <span inprof='y' id='68' class='sofwr'>Oracle</span>, <span inprof='y' id='69' class='sofwr'>Hyperion</span> <span inprof='y' id='70' class='sofwr'>Essbase</span>, <span inprof='y' id='71' class='sofwr'>Word</span>, <span inprof='y' id='72' class='sofwr'>Excel</span> (i.e, macros, pivot tables, vlookups), <span inprof='y' id='73' class='sofwr'>PowerPoint</span>, <span inprof='y' id='74' class='sofwr'>Outlook</span>


</TextResume>

</NonXMLResume>



<UserArea>
<DaxResumeUserArea>
<AdditionalPersonalData>
<ExperienceSummary>
<TotalMonthsOfWorkExperience>36</TotalMonthsOfWorkExperience>
<TotalYearsOfWorkExperience>3</TotalYearsOfWorkExperience>
<ExecutiveBrief>Don Delima is a resident of Elmhurst, NY, US. He has been working in the Accountancy  occupational sector for more than 3 years. During his last employment he was working as a Consultant/Client Reporting Analyst at Morgan Stanley. So far Don has not gained any managerial experience.</ExecutiveBrief>
</ExperienceSummary>
</AdditionalPersonalData>
<ParserInfo>
<ParserConfiguration>{max_len=50000} {tel_flag=} {send_zip=} {fast_conv=} {DEF_LOCAL=} {sdate=0} {no_email_body=0} {do_clever_zoning=1} {keep_span=1} {complex=1} {accept_langs=} {not_accept_langs=} {prefer_lang_cv=EN} {pers_only=0} {turbo=0} {split_language=0} {picture=0} {picture_inline=0} {name_space=0} {charset=} {hrxml_upgrade_edu_hist=0}{hrxml_add_languages_section=0}{spool=} {docID=} {user=DEFAULT} </ParserConfiguration>
<ParserRelease>0.12.3.32629</ParserRelease>
<ParserReleaseDate>2014-06-18</ParserReleaseDate>
<ParserSchema>2.0.29</ParserSchema>
<ParserSchemaLocation>http://cvx.daxtra.com/cvts/xsd/candidate/2.0.29/Resume.xsd</ParserSchemaLocation>
<ConverterRelease>0.5.2.32629</ConverterRelease>
<ConverterReleaseDate>2014-06-18</ConverterReleaseDate>
</ParserInfo>
<FileStruct filename='/home/izoom/anazarov/grammar/analysis/3rconnect/doc/100_Resumes-Walsh/My Resume.docx'>

<attachment fname='My Resume.docx' ftype='docx' conv='yes' doc_type='cv' lang='EN'>/home/izoom/anazarov/grammar/analysis/3rconnect/doc/100_Resumes-Walsh/My Resume.docx</attachment>


</FileStruct>
</DaxResumeUserArea>
</UserArea>
</Resume>
