<?xml version='1.0' encoding='ISO-8859-1'?>
<Resume lang='en' src='DAXTRA-CVX schema:2.0.29 release:0.12.3.32629 rdate:2014-06-18'>
<StructuredXMLResume>
<ContactInfo>
<PersonName id='2'>
<FormattedName>Zingan Dissou</FormattedName>
<GivenName>Zingan</GivenName>
<FamilyName>Dissou</FamilyName>
</PersonName>
<ContactMethod>
<Telephone id='3' type='home'>
<InternationalCountryCode>1</InternationalCountryCode>
<SubscriberNumber>862 438-4598</SubscriberNumber>
<FormattedNumber>+1 862 438-4598</FormattedNumber></Telephone>

<InternetEmailAddress id='4' type='main'>dissouzig@hotmail.com</InternetEmailAddress>
<PostalAddress id='3' type='main'>
<CountryCode>US</CountryCode>
<PostalCode>07017</PostalCode>
<Region>NJ</Region>
<Municipality>East Orange</Municipality>
<DeliveryAddress>
<AddressLine>212 North Munn Ave 2nd Floor</AddressLine>
<StreetName>North Munn Ave</StreetName>
<BuildingNumber>212</BuildingNumber>
<Unit>2nd Floor</Unit>
</DeliveryAddress>

</PostalAddress>
</ContactMethod>
</ContactInfo>
<ExecutiveSummary>Seeking an entry level position in Finance, brokerage firm or investment company where I can utilize my skills and gain experience.</ExecutiveSummary>


<EmploymentHistory>
<EmployerOrg employerOrgType='soleEmployer'>
<EmployerOrgName id='32_2'>Financial Professional</EmployerOrgName>

<PositionHistory>
<Title id='32_3_1'>Associate</Title>
<OrgName id='33'>Prudential Financial</OrgName>



<Description>Financial Professional Associate at Prudential Financial ;</Description>
<StartDate id='32_1_1'><YearMonth>2013-01</YearMonth></StartDate>
<EndDate id='32_1_2'>notApplicable</EndDate>




<JobCategory>
<TaxonomyName>JOBAREA</TaxonomyName>
<CategoryCode>accountancy</CategoryCode>
</JobCategory>


<UserArea>
<DaxPositionHistoryUserArea>
<TLSPAN first_id='32' last_id='33' border_id='34'></TLSPAN>
<MonthsOfWork>3</MonthsOfWork>
</DaxPositionHistoryUserArea>
</UserArea>
</PositionHistory>
</EmployerOrg>

<EmployerOrg employerOrgType='soleEmployer'>
<EmployerOrgName id='34_3'>WFG</EmployerOrgName>
<EmployerContactInfo>
<LocationSummary id='34_4'>
<Municipality>sales</Municipality>
</LocationSummary>
</EmployerContactInfo>
<PositionHistory positionType='CONTRACT'>
<Title id='34_2_1'>Financial agent</Title>
<OrgName organizationType='unit' id='34_3'>World Financial Group</OrgName>




<StartDate id='34_1_1'><YearMonth>2012-09</YearMonth></StartDate>
<EndDate id='34_1_2'><YearMonth>2012-12</YearMonth></EndDate>




<JobCategory>
<TaxonomyName>JOBAREA</TaxonomyName>
<CategoryCode>banking-finance</CategoryCode>
</JobCategory>


<UserArea>
<DaxPositionHistoryUserArea>
<TLSPAN first_id='34' last_id='34' border_id='36'></TLSPAN>
<MonthsOfWork>4</MonthsOfWork>
</DaxPositionHistoryUserArea>
</UserArea>
</PositionHistory>
</EmployerOrg>

<EmployerOrg employerOrgType='soleEmployer'>
<EmployerOrgName id='35'>APSLAND Company</EmployerOrgName>

<PositionHistory positionType='PERMANENT'>
<Title id='37_2'>Financial Assistant Manager</Title>
<OrgName id='35'>APSLAND Company</OrgName>




<StartDate id='36_1'><Year>2007</Year></StartDate>
<EndDate id='36_2'><Year>2009</Year></EndDate>



<JobLevelInfo>
<JobGrade>joblevel-management-low</JobGrade>
</JobLevelInfo>

<JobCategory>
<TaxonomyName>JOBAREA</TaxonomyName>
<CategoryCode>banking-finance</CategoryCode>
</JobCategory>


<UserArea>
<DaxPositionHistoryUserArea>
<TLSPAN first_id='35' last_id='37' border_id='38'></TLSPAN>
<MonthsOfWork>24</MonthsOfWork>
</DaxPositionHistoryUserArea>
</UserArea>
</PositionHistory>
</EmployerOrg>

<EmployerOrg employerOrgType='soleEmployer'>
<EmployerOrgName id='38_2'>FUCEC Investment Banking</EmployerOrgName>
<EmployerContactInfo>
<LocationSummary id='38_4'>
<CountryCode>TG</CountryCode>
</LocationSummary>
</EmployerContactInfo>
<PositionHistory positionType='Internship'>

<OrgName id='38_3'>Lome</OrgName>




<StartDate id='38_5_1'><Year>2005</Year></StartDate>
<EndDate id='38_5_2'><Year>2006</Year></EndDate>






<UserArea>
<DaxPositionHistoryUserArea>
<TLSPAN first_id='38' last_id='38' border_id='0'></TLSPAN>
<MonthsOfWork>12</MonthsOfWork>
</DaxPositionHistoryUserArea>
</UserArea>
</PositionHistory>
</EmployerOrg>

</EmploymentHistory>
<EducationHistory>
<SchoolOrInstitution schoolType='college'>
<SchoolName id='40_1'>Keller Graduate School of Management</SchoolName>
<LocationSummary id='40_2'>
<Municipality>New York</Municipality>
<Region>NY</Region>
<CountryCode>US</CountryCode>
</LocationSummary>


<Degree degreeType='masters'>
<DegreeName id='40_3'>Master of Business Administration</DegreeName>
<DegreeDate id='42'><YearMonth>2013-04</YearMonth></DegreeDate>
</Degree>
<Major id='41'>Finance</Major>



<Comments>Master in Business Administration with Concentration in Finance</Comments>
</SchoolOrInstitution>

<SchoolOrInstitution schoolType='university'>
<SchoolName id='43_1'>University of Lome</SchoolName>
<LocationSummary id='43_2'>
<CountryCode>TG</CountryCode>
</LocationSummary>


<Degree degreeType='bachelors'>
<DegreeName id='43_3'>Bachelors Degree</DegreeName>
<DegreeDate id='43_4'><Year>2010</Year></DegreeDate>
</Degree>
<Major id='43_3'>Finance</Major>




</SchoolOrInstitution>

<SchoolOrInstitution schoolType='university'>
<SchoolName id='44_1'>University of Lome</SchoolName>
<LocationSummary id='44_2'>
<CountryCode>TG</CountryCode>
</LocationSummary>


<Degree degreeType='associates'>
<DegreeName id='44_3'>Associate Degree</DegreeName>
<DegreeDate id='45'><Year>2008</Year></DegreeDate>
</Degree>
<Major id='44_3'>Economic and Science</Major>




</SchoolOrInstitution>

<SchoolOrInstitution schoolType='college'>




<Degree degreeType='certification'>
<DegreeName id='46_1'>Professional Certificate in Accounting</DegreeName>
<DegreeDate id='46_2'><Year>2005</Year></DegreeDate>
</Degree>





</SchoolOrInstitution>

</EducationHistory>











<Competency oids='8 ' description='Skill' auth='no' name='which leadership skills'>
<CompetencyWeight type='skillLevel'><NumericValue minValue='0' maxValue='100'>14</NumericValue></CompetencyWeight>
</Competency>

<Competency oids='23 ' description='Skill' auth='no' name='reliable and alternative investment analysis'>
<CompetencyWeight type='skillLevel'><NumericValue minValue='0' maxValue='100'>14</NumericValue></CompetencyWeight>
</Competency>

<Competency oids='13 ' description='Skill' auth='no' name='practical management experience'>
<CompetencyWeight type='skillLevel'><NumericValue minValue='0' maxValue='100'>14</NumericValue></CompetencyWeight>
</Competency>

<Competency oids='11 ' description='Skill' auth='no' name='organizational skills'>
<CompetencyWeight type='skillLevel'><NumericValue minValue='0' maxValue='100'>14</NumericValue></CompetencyWeight>
</Competency>

<Competency oids='5 ' description='Skill' auth='no' name='gain experience'>
<CompetencyWeight type='skillLevel'><NumericValue minValue='0' maxValue='100'>14</NumericValue></CompetencyWeight>
</Competency>

<Competency oids='17 ' description='Skill' auth='no' name='financial management'>
<CompetencyEvidence typeDescription='Alias' name='Alias'><StringValue>Advanced financial management</StringValue></CompetencyEvidence>

<CompetencyWeight type='skillLevel'><NumericValue minValue='0' maxValue='100'>91</NumericValue></CompetencyWeight>

<CompetencyWeight type='skillProficiency'><StringValue minValue='BASIC' maxValue='EXCELLENT'>EXCELLENT</StringValue></CompetencyWeight>
</Competency>

<Competency oids='19 ' description='Skill' auth='no' name='Securities analysis'>
<CompetencyWeight type='skillLevel'><NumericValue minValue='0' maxValue='100'>14</NumericValue></CompetencyWeight>
</Competency>

<Competency oids='18 ' description='Skill' auth='yes' name='Mergers &#38; Acquisitions'>
<CompetencyEvidence typeDescription='Alias' name='Alias'><StringValue>Mergers and acquisitions</StringValue></CompetencyEvidence>

<CompetencyWeight type='skillLevel'><NumericValue minValue='0' maxValue='100'>14</NumericValue></CompetencyWeight>
</Competency>

<Competency oids='16 ' description='Skill' auth='yes' name='Investment Analysis'>
<CompetencyWeight type='skillLevel'><NumericValue minValue='0' maxValue='100'>14</NumericValue></CompetencyWeight>
</Competency>

<Competency oids='30 ' description='Skill' auth='yes' name='Health insurance'>
<CompetencyWeight type='skillLevel'><NumericValue minValue='0' maxValue='100'>14</NumericValue></CompetencyWeight>
</Competency>

<Competency oids='25 ' description='Skill > Language' auth='yes' name='French'>
<CompetencyWeight type='skillLevel'><NumericValue minValue='0' maxValue='100'>91</NumericValue></CompetencyWeight>

<CompetencyWeight type='skillProficiency'><StringValue minValue='BASIC' maxValue='EXCELLENT'>NATIVE</StringValue></CompetencyWeight>
</Competency>

<Competency oids='9 ' description='Skill' auth='yes' name='Financial Planning'>
<CompetencyWeight type='skillLevel'><NumericValue minValue='0' maxValue='100'>14</NumericValue></CompetencyWeight>
</Competency>

<Competency oids='21 ' description='Skill' auth='yes' name='Financial Accounting'>
<CompetencyWeight type='skillLevel'><NumericValue minValue='0' maxValue='100'>14</NumericValue></CompetencyWeight>
</Competency>

<Competency oids='20 ' description='Skill' auth='no' name='Federal tax management'>
<CompetencyWeight type='skillLevel'><NumericValue minValue='0' maxValue='100'>14</NumericValue></CompetencyWeight>
</Competency>

<Competency oids='26 ' description='Skill' auth='no' name='Excellent time management skills'>
<CompetencyWeight type='skillLevel'><NumericValue minValue='0' maxValue='100'>14</NumericValue></CompetencyWeight>
</Competency>

<Competency oids='22 ' description='Skill' auth='no' name='Excellent communication skills'>
<CompetencyWeight type='skillLevel'><NumericValue minValue='0' maxValue='100'>14</NumericValue></CompetencyWeight>
</Competency>

<Competency oids='28 ' description='Skill' auth='yes' name='Equities Trading'>
<CompetencyWeight type='skillLevel'><NumericValue minValue='0' maxValue='100'>14</NumericValue></CompetencyWeight>
</Competency>

<Competency oids='25 ' description='Skill > Language' auth='yes' name='English'>
<CompetencyWeight type='skillLevel'><NumericValue minValue='0' maxValue='100'>91</NumericValue></CompetencyWeight>

<CompetencyWeight type='skillProficiency'><StringValue minValue='BASIC' maxValue='EXCELLENT'>NATIVE</StringValue></CompetencyWeight>
</Competency>

<Competency oids='10_1 ' description='Held Position' auth='no' name='team-builder'>
<CompetencyWeight type='skillLevel'><NumericValue minValue='0' maxValue='100'>14</NumericValue></CompetencyWeight>
</Competency>

<Competency oids='37_2 ' description='Held Position' auth='no' name='a Financial Assistant Manager'>
<CompetencyEvidence name='Extent of Experience' typeDescription='Extent of Experience' type='MONTH' lastUsed='2009'><NumericValue description='MONTH'>24</NumericValue></CompetencyEvidence>

<CompetencyWeight type='skillLevel'><NumericValue minValue='0' maxValue='100'>56</NumericValue></CompetencyWeight>

<CompetencyWeight type='skillProficiency'><StringValue minValue='BASIC' maxValue='EXCELLENT'>WORKING</StringValue></CompetencyWeight>
</Competency>

<Competency oids='29_1 ' description='Held Position' auth='no' name='Stock Broker'>
<CompetencyWeight type='skillLevel'><NumericValue minValue='0' maxValue='100'>14</NumericValue></CompetencyWeight>
</Competency>

<Competency oids='15_1 ' description='Held Position' auth='no' name='Risk management assessor'>
<CompetencyWeight type='skillLevel'><NumericValue minValue='0' maxValue='100'>14</NumericValue></CompetencyWeight>
</Competency>

<Competency oids='27_1 ' description='Held Position' auth='no' name='Inspiring team leader'>
<CompetencyWeight type='skillLevel'><NumericValue minValue='0' maxValue='100'>14</NumericValue></CompetencyWeight>
</Competency>

<Competency oids='34_2_1 ' description='Held Position' auth='no' name='Financial agent'>
<CompetencyEvidence name='Extent of Experience' typeDescription='Extent of Experience' type='MONTH' lastUsed='2012'><NumericValue description='MONTH'>4</NumericValue></CompetencyEvidence>

<CompetencyWeight type='skillLevel'><NumericValue minValue='0' maxValue='100'>90</NumericValue></CompetencyWeight>

<CompetencyWeight type='skillProficiency'><StringValue minValue='BASIC' maxValue='EXCELLENT'>EXCELLENT</StringValue></CompetencyWeight>
</Competency>

<Competency oids='32_3_1 ' description='Held Position' auth='no' name='Associate'>
<CompetencyEvidence name='Extent of Experience' typeDescription='Extent of Experience' type='MONTH' lastUsed='2013'><NumericValue description='MONTH'>3</NumericValue></CompetencyEvidence>

<CompetencyWeight type='skillLevel'><NumericValue minValue='0' maxValue='100'>100</NumericValue></CompetencyWeight>

<CompetencyWeight type='skillProficiency'><StringValue minValue='BASIC' maxValue='EXCELLENT'>EXCELLENT</StringValue></CompetencyWeight>
</Competency>

<Competency oids='46_1 ' description='Degree/Qualification > Professional' auth='no' name='Professional Certificate in Accounting'>
<CompetencyWeight type='skillLevel'><NumericValue minValue='0' maxValue='100'>12</NumericValue></CompetencyWeight>
</Competency>

<Competency oids='40_3 41 ' description='Degree/Qualification' auth='yes' name='Masters Degree > Master of Business Administration'>
<CompetencyEvidence name='Application' typeDescription='Application' type='Finance'><StringValue>Finance</StringValue></CompetencyEvidence>

<CompetencyEvidence typeDescription='Alias' name='Alias'><StringValue>Master in Business Administration</StringValue></CompetencyEvidence>

<CompetencyWeight type='skillLevel'><NumericValue minValue='0' maxValue='100'>12</NumericValue></CompetencyWeight>
</Competency>

<Competency oids='43_3 ' description='Degree/Qualification' auth='yes' name='Bachelors Degree > Bachelors Degree Management Control'>
<CompetencyEvidence name='Application' typeDescription='Application' type='Management Control'><StringValue>Management Control</StringValue></CompetencyEvidence>

<CompetencyEvidence typeDescription='Alias' name='Alias'><StringValue>Bachelor Degree in Finance and Management Control</StringValue></CompetencyEvidence>

<CompetencyWeight type='skillLevel'><NumericValue minValue='0' maxValue='100'>12</NumericValue></CompetencyWeight>
</Competency>

<Competency oids='43_3 ' description='Degree/Qualification' auth='yes' name='Bachelors Degree > Bachelors Degree Finance'>
<CompetencyEvidence name='Application' typeDescription='Application' type='Finance'><StringValue>Finance</StringValue></CompetencyEvidence>

<CompetencyEvidence typeDescription='Alias' name='Alias'><StringValue>Bachelor Degree in Finance and Management Control</StringValue></CompetencyEvidence>

<CompetencyWeight type='skillLevel'><NumericValue minValue='0' maxValue='100'>12</NumericValue></CompetencyWeight>
</Competency>

<Competency oids='44_3 ' description='Degree/Qualification' auth='yes' name='Associate Degree > Associate Degree Economic and Science'>
<CompetencyEvidence name='Application' typeDescription='Application' type='Economic and Science'><StringValue>Economic and Science</StringValue></CompetencyEvidence>

<CompetencyEvidence typeDescription='Alias' name='Alias'><StringValue>Associate Degree in Economic and Science</StringValue></CompetencyEvidence>

<CompetencyWeight type='skillLevel'><NumericValue minValue='0' maxValue='100'>12</NumericValue></CompetencyWeight>
</Competency>

<Competency description='Industry' auth='yes' name='industry~accountancy'>
<CompetencyEvidence name='skillCount' typeDescription='skillCount'><NumericValue>1</NumericValue></CompetencyEvidence>

<CompetencyWeight type='skillLevel'><NumericValue minValue='0' maxValue='100'>100</NumericValue></CompetencyWeight>
</Competency>























<RevisionDate id='1'>2013-03-14</RevisionDate>
</StructuredXMLResume>
<NonXMLResume>

<TextResume>



<span inprof='n' id='1' class='date'>{{DOCUMENT_DATESTAMP}} 2013-03-14 {{END_DOCUMENT_DATESTAMP}}</span> 

<span inprof='y' id='2' class='nominal-mb'>Zingan Dissou</span>


<span inprof='y' id='3' class='location'>212 North Munn Ave 2nd Floor        Phone: (862) 438-4598
East Orange, NJ 07017</span>               <span inprof='y' id='4' class='email'>dissouzig@hotmail.com</span>



Objective
Seeking an entry level position in Finance, brokerage firm or investment company where I can utilize my skills and <span inprof='y' id='5' class='skill'>gain experience</span>.

<span inprof='n' id='6' class='title-line'>Summary</span>
    *    I'm very skilled in creating constructive and <span inprof='n' id='7' class='company'>cooperative</span> working relationships within a team setting, a solid leader who successfully follows through with team goals and expectations ; 
    *    Operates well in a highly competitive environment in <span inprof='y' id='8' class='skill'>which leadership skills</span> are the key to success. Creative in providing <span inprof='y' id='9' class='skill'>financial planning</span> strategies for clients by accurately assessing each client's present and future financial needs objectives and requirements. ; 
    *    Diligent and driven professional who has achieved success in a variety of roles with increasing levels of responsibility. An effective communicator and <span inprof='y' id='10_1' class='role'>team-builder</span> with strong analytical, management and <span inprof='y' id='11' class='skill'>organizational skills</span> ; 
    *    Very dedicated to developing policies and procedures applicable to modern-day trading, aligning reality with regulation ; 
    *    Skilled financial professional with several months of <span inprof='n' id='12' class='industry-sector'>financial services industry</span> experience and a couple years of <span inprof='y' id='13' class='skill'>practical management experience</span> a in Financial service ; 
    *    Expertly creates customized financial strategies to meet client needs

<span inprof='n' id='14' class='title-line'>Highlights</span>
    *    <span inprof='y' id='15_1' class='role'>Risk management assessor</span>, <span inprof='y' id='16' class='skill'>Investment analysis</span>, <span inprof='y' id='17' class='skill'>Advanced financial management</span> ; 
    *    <span inprof='y' id='18' class='skill'>Mergers and acquisitions</span>, <span inprof='y' id='19' class='skill'>Securities analysis</span> and Advance financial statement analysis ; 
    *     Advanced inferential statistic, Economic, <span inprof='y' id='20' class='skill'>Federal tax management</span> and <span inprof='y' id='21' class='skill'>financial accounting</span> ; 
    *    <span inprof='y' id='22' class='skill'>Excellent communication skills</span> ,goal-oriented, <span inprof='y' id='23' class='skill'>reliable and alternative investment analysis</span> ; 
    *    General <span inprof='n' id='24' class='qualif'>Accounting, Advanced Managerial Accounting</span> ; 
    *    <span inprof='y' id='25' class='skill'>Bilingual in English and French</span>
    *    <span inprof='y' id='26' class='skill'>Excellent time management skills</span> ; 
    *    <span inprof='y' id='27_1' class='role'>Inspiring team leader</span> ; 
    *    Flexible, passionate in sale and <span inprof='y' id='28' class='skill'>Equities trading</span>(<span inprof='y' id='29_1' class='role'>Stock Broker</span>) ; 
    *    Life, Accident and <span inprof='y' id='30' class='skill'>Health insurance</span> producer

<span inprof='n' id='31' class='work-hist-mark'>Experience</span>
*    <span inprof='y' id='32_1_1' class='date'>January 2013</span> till <span inprof='y' id='32_1_2' class='date'>now</span> <span inprof='y' id='32_2' class='company'>Financial Professional</span> <span inprof='y' id='32_3_1' class='role'>Associate</span> at <span inprof='y' id='33' class='company'>Prudential Financial</span>


*    <span inprof='y' id='34_1_1' class='date'>September2012</span> to <span inprof='y' id='34_1_2' class='date'>December 2012</span>: <span inprof='y' id='34_2_1' class='role'>Financial agent</span> at <span inprof='y' id='34_3' class='company'>World Financial Group: WFG</span> <span inprof='y' id='34_4' class='location'>(sales)</span>.


*    Work at <span inprof='y' id='35' class='company'>APSLAND Company</span>: <span inprof='y' id='36_1' class='date'>2007</span>-<span inprof='y' id='36_2' class='date'>2009</span> <span inprof='n' id='37_1' class='some-position'>as</span> <span inprof='y' id='37_2' class='role'>a  Financial Assistant Manager</span>


*    <span inprof='n' id='38_1' class='occupation'>Internship</span> at <span inprof='y' id='38_2' class='company'>FUCEC Investment Banking</span>, <span inprof='y' id='38_3' class='company'>Lome</span>-<span inprof='y' id='38_4' class='location'>Togo</span>: <span inprof='y' id='38_5_1' class='date'>2005</span>-<span inprof='y' id='38_5_2' class='date'>2006</span>
<span inprof='n' id='39' class='edu-hist-mark'>Education</span>
<span inprof='y' id='40_1' class='educational'>Keller Graduate School of Management</span>, <span inprof='y' id='40_2' class='location'>New York, NY</span>
<span inprof='y' id='40_3' class='qualif'>Master in Business Administration</span> with <span inprof='y' id='41' class='qualif'>Concentration in Finance</span>
<span inprof='y' id='42' class='date'>Graduation: April 2013</span>

<span inprof='y' id='43_1' class='educational'>University of Lome</span>-<span inprof='y' id='43_2' class='location'>Togo</span>
<span inprof='y' id='43_3' class='qualif'>Bachelor Degree in Finance and Management Control</span>, <span inprof='y' id='43_4' class='date'>2010</span>

<span inprof='y' id='44_1' class='educational'>University of Lome</span>-<span inprof='y' id='44_2' class='location'>Togo</span>
<span inprof='y' id='44_3' class='qualif'>Associate Degree in Economic and Science</span> of Management, <span inprof='y' id='45' class='date'>2008</span>

<span inprof='y' id='46_1' class='qualif'>Professional Certificate in Accounting</span> <span inprof='y' id='46_2' class='date'>2005</span>

</TextResume>

</NonXMLResume>



<UserArea>
<DaxResumeUserArea>
<AdditionalPersonalData>
<ExperienceSummary>
<TotalMonthsOfWorkExperience>43</TotalMonthsOfWorkExperience>
<TotalYearsOfWorkExperience>3</TotalYearsOfWorkExperience>
<TotalMonthsOfManagementWorkExperience>24</TotalMonthsOfManagementWorkExperience>
<TotalYearsOfManagementWorkExperience>2</TotalYearsOfManagementWorkExperience>
<TotalMonthsOfLowLevelManagementWorkExperience>24</TotalMonthsOfLowLevelManagementWorkExperience>
<TotalYearsOfLowLevelManagementWorkExperience>2</TotalYearsOfLowLevelManagementWorkExperience>
<ExecutiveBrief>Zingan Dissou is a resident of East Orange, NJ, US.  has been working in the Accountancy  occupational sector for more than 3 years. Currently this candidate is employed as an Associate at Financial Professional. Zingan.</ExecutiveBrief>
<ManagementRecord>Since 2007 for 24 months the candidate had experience at a lower grade management level working as a Financial Assistant Manager at APSLAND Company.
</ManagementRecord>
</ExperienceSummary>
</AdditionalPersonalData>
<ParserInfo>
<ParserConfiguration>{max_len=50000} {tel_flag=} {send_zip=} {fast_conv=} {DEF_LOCAL=} {sdate=0} {no_email_body=0} {do_clever_zoning=1} {keep_span=1} {complex=1} {accept_langs=} {not_accept_langs=} {prefer_lang_cv=EN} {pers_only=0} {turbo=0} {split_language=0} {picture=0} {picture_inline=0} {name_space=0} {charset=} {hrxml_upgrade_edu_hist=0}{hrxml_add_languages_section=0}{spool=} {docID=} {user=DEFAULT} </ParserConfiguration>
<ParserRelease>0.12.3.32629</ParserRelease>
<ParserReleaseDate>2014-06-18</ParserReleaseDate>
<ParserSchema>2.0.29</ParserSchema>
<ParserSchemaLocation>http://cvx.daxtra.com/cvts/xsd/candidate/2.0.29/Resume.xsd</ParserSchemaLocation>
<ConverterRelease>0.5.2.32629</ConverterRelease>
<ConverterReleaseDate>2014-06-18</ConverterReleaseDate>
</ParserInfo>
<FileStruct filename='/home/izoom/anazarov/grammar/analysis/3rconnect/doc/100_Resumes-Walsh/newzid..docx'>

<attachment fname='newzid..docx' ftype='docx' conv='yes' doc_type='cv' lang='EN'>/home/izoom/anazarov/grammar/analysis/3rconnect/doc/100_Resumes-Walsh/newzid..docx</attachment>


</FileStruct>
</DaxResumeUserArea>
</UserArea>
</Resume>
