<?xml version='1.0' encoding='ISO-8859-1'?>
<Resume lang='en' src='DAXTRA-CVX schema:2.0.29 release:0.12.3.32629 rdate:2014-06-18'>
<StructuredXMLResume>
<ContactInfo>
<PersonName id='2'>
<FormattedName>Rashaun Burgess</FormattedName>
<GivenName>Rashaun</GivenName>
<FamilyName>Burgess</FamilyName>
</PersonName>
<ContactMethod>
<Telephone id='4' type='home'>
<InternationalCountryCode>1</InternationalCountryCode>
<SubscriberNumber>646 894-2396</SubscriberNumber>
<FormattedNumber>+1 646 894-2396</FormattedNumber></Telephone>

<InternetEmailAddress id='5' type='main'>rahjova_cc@yahoo.com</InternetEmailAddress>
<PostalAddress id='3' type='main'>
<CountryCode>US</CountryCode>
<PostalCode>10026</PostalCode>
<Region>NY</Region>
<Municipality>New York</Municipality>
<DeliveryAddress>
<AddressLine>137 W 112th st. apt 1B</AddressLine>
<StreetName>W 112th st.</StreetName>
<BuildingNumber>137</BuildingNumber>
<Unit>apt 1B</Unit>
</DeliveryAddress>

</PostalAddress>
</ContactMethod>
</ContactInfo>
<ExecutiveSummary>Qualifications Summary    I am a motivated individual with a 7+ year background in wire transfers/OFAC. I am fully knowledgeable in OFAC, KYC, and Patriot Act policies as well as procedures. I have full knowledge/experience with aba, swift, ach, eft, bacs, and checks procedures. If you need someone who also has experience managing a team I have that as well. I believe if you review my experience below you will see I can be a great fit for your company.</ExecutiveSummary>


<EmploymentHistory>
<EmployerOrg employerOrgType='soleEmployer'>
<EmployerOrgName id='9_2'>Purple &#38; Chrome</EmployerOrgName>

<PositionHistory positionType='PERMANENT'>
<Title id='9_3_1'>Owner</Title>
<OrgName id='9_2'>Purple &#38; Chrome</OrgName>




<StartDate id='9_4_1'><YearMonth>2010-10</YearMonth></StartDate>
<EndDate id='9_4_2'>notApplicable</EndDate>






<UserArea>
<DaxPositionHistoryUserArea>
<TLSPAN first_id='9' last_id='9' border_id='13'></TLSPAN>
<MonthsOfWork>28</MonthsOfWork>
</DaxPositionHistoryUserArea>
</UserArea>
</PositionHistory>
</EmployerOrg>

<EmployerOrg employerOrgType='soleEmployer'>
<EmployerOrgName id='13_3'>Forex Capital Markets LLC</EmployerOrgName>
<EmployerContactInfo>
<LocationSummary id='13_4'>
<Municipality>New York</Municipality>
<Region>NY</Region>
<CountryCode>US</CountryCode>
</LocationSummary>
</EmployerContactInfo>
<PositionHistory positionType='PERMANENT'>
<Title id='13_1_1'>Treasury Associate</Title>
<OrgName id='13_3'>Forex Capital Markets LLC</OrgName>




<StartDate id='13_2_1'><AnyDate>2008-07-07</AnyDate></StartDate>
<EndDate id='13_2_2'><AnyDate>2011-05-11</AnyDate></EndDate>




<JobCategory>
<TaxonomyName>JOBAREA</TaxonomyName>
<CategoryCode>ambiguous</CategoryCode>
</JobCategory>


<UserArea>
<DaxPositionHistoryUserArea>
<TLSPAN first_id='12' last_id='13' border_id='28'></TLSPAN>
<MonthsOfWork>35</MonthsOfWork>
</DaxPositionHistoryUserArea>
</UserArea>
</PositionHistory>
</EmployerOrg>

<EmployerOrg employerOrgType='soleEmployer'>
<EmployerOrgName id='28_3'>Capital One Financial</EmployerOrgName>
<EmployerContactInfo>
<LocationSummary id='28_4'>
<Municipality>New York</Municipality>
<Region>NY</Region>
<CountryCode>US</CountryCode>
</LocationSummary>
</EmployerContactInfo>
<PositionHistory positionType='PERMANENT'>
<Title id='28_1_1'>Personal Banker</Title>
<Title id='28_1_2'>Wire Specialist</Title>
<OrgName id='28_3'>Capital One Financial</OrgName>



<Description>*  Responsible for processing wires in excess of $10million (US and Foreign currency) to onshore and offshore accounts/banks daily ; 
    *  Maintain compliance with BSA/OFAC regulations and guidelines ; 
    *  Keep database of bank SWIFT codes and ABA numbers.  Track wires with Fed reference numbers ; 
    *  Reconcile clients transactions daily (check and cash deposits, withdrawals, transfers, wires) ; 
    *  Prepare weekly reports using excel and access for branch as well as regional management ;</Description>
<StartDate id='28_2_1'><YearMonth>2004-03</YearMonth></StartDate>
<EndDate id='28_2_2'><YearMonth>2008-04</YearMonth></EndDate>




<JobCategory>
<TaxonomyName>JOBAREA</TaxonomyName>
<CategoryCode>accountancy</CategoryCode>
</JobCategory>


<UserArea>
<DaxPositionHistoryUserArea>
<TLSPAN first_id='28' last_id='36' border_id='0'></TLSPAN>
<MonthsOfWork>50</MonthsOfWork>
</DaxPositionHistoryUserArea>
</UserArea>
</PositionHistory>
</EmployerOrg>

</EmploymentHistory>
<EducationHistory>
<SchoolOrInstitution schoolType='university'>
<SchoolName id='38'>Temple University</SchoolName>
<LocationSummary id='39'>
<Municipality>Philadelphia</Municipality>
<Region>PA</Region>
<CountryCode>BR</CountryCode>
</LocationSummary>



<Major id='41_1'>Major/ Finance</Major>



<Comments>Skills
*  Proficient in Microsoft Word, Excel, Access, PowerPoint, MS Office and technical computer skills (hardware/software) as well as general accounting.  Knowledgeable in small business and commercial banking systems (BOA, HSBC, NATWEST, BARCLAYS, CITIBANK, CHASE, AND WELLS FARGO)

    *  Type 70/wpm, Proficient Data Entry ;</Comments>
</SchoolOrInstitution>

</EducationHistory>











<Competency oids='27 34 44 ' description='Skill > IT' auth='yes' name='Microsoft Excel'>
<CompetencyEvidence name='Extent of Experience' typeDescription='Extent of Experience' type='MONTH' lastUsed='2008'><NumericValue description='MONTH'>50</NumericValue></CompetencyEvidence>

<CompetencyEvidence typeDescription='Alias' name='Alias'><StringValue>excel</StringValue></CompetencyEvidence>

<CompetencyWeight type='skillLevel'><NumericValue minValue='0' maxValue='100'>89</NumericValue></CompetencyWeight>

<CompetencyWeight type='skillProficiency'><StringValue minValue='BASIC' maxValue='EXCELLENT'>EXCELLENT</StringValue></CompetencyWeight>
</Competency>

<Competency oids='23 29 ' description='Skill' auth='no' name='Responsible for processing wires'>
<CompetencyEvidence name='Extent of Experience' typeDescription='Extent of Experience' type='MONTH' lastUsed='2008'><NumericValue description='MONTH'>50</NumericValue></CompetencyEvidence>

<CompetencyWeight type='skillLevel'><NumericValue minValue='0' maxValue='100'>56</NumericValue></CompetencyWeight>

<CompetencyWeight type='skillProficiency'><StringValue minValue='BASIC' maxValue='EXCELLENT'>WORKING</StringValue></CompetencyWeight>
</Competency>

<Competency oids='35 45 ' description='Skill > IT' auth='yes' name='Microsoft Access'>
<CompetencyEvidence name='Extent of Experience' typeDescription='Extent of Experience' type='MONTH' lastUsed='2008'><NumericValue description='MONTH'>50</NumericValue></CompetencyEvidence>

<CompetencyEvidence typeDescription='Alias' name='Alias'><StringValue>access</StringValue></CompetencyEvidence>

<CompetencyWeight type='skillLevel'><NumericValue minValue='0' maxValue='100'>88</NumericValue></CompetencyWeight>

<CompetencyWeight type='skillProficiency'><StringValue minValue='BASIC' maxValue='EXCELLENT'>EXCELLENT</StringValue></CompetencyWeight>
</Competency>

<Competency oids='25 31 ' description='Skill' auth='yes' name='Foreign Exchange'>
<CompetencyEvidence name='Extent of Experience' typeDescription='Extent of Experience' type='MONTH' lastUsed='2008'><NumericValue description='MONTH'>50</NumericValue></CompetencyEvidence>

<CompetencyEvidence typeDescription='Alias' name='Alias'><StringValue>currencies</StringValue></CompetencyEvidence>

<CompetencyEvidence typeDescription='Alias' name='Alias'><StringValue>Foreign currency</StringValue></CompetencyEvidence>

<CompetencyWeight type='skillLevel'><NumericValue minValue='0' maxValue='100'>55</NumericValue></CompetencyWeight>

<CompetencyWeight type='skillProficiency'><StringValue minValue='BASIC' maxValue='EXCELLENT'>WORKING</StringValue></CompetencyWeight>
</Competency>

<Competency oids='48 ' description='Skill' auth='no' name='technical computer skills'>
<CompetencyWeight type='skillLevel'><NumericValue minValue='0' maxValue='100'>85</NumericValue></CompetencyWeight>

<CompetencyWeight type='skillProficiency'><StringValue minValue='BASIC' maxValue='EXCELLENT'>EXCELLENT</StringValue></CompetencyWeight>
</Competency>

<Competency oids='36 ' description='Skill' auth='no' name='regional management'>
<CompetencyEvidence name='Extent of Experience' typeDescription='Extent of Experience' type='MONTH' lastUsed='2008'><NumericValue description='MONTH'>50</NumericValue></CompetencyEvidence>

<CompetencyWeight type='skillLevel'><NumericValue minValue='0' maxValue='100'>51</NumericValue></CompetencyWeight>

<CompetencyWeight type='skillProficiency'><StringValue minValue='BASIC' maxValue='EXCELLENT'>WORKING</StringValue></CompetencyWeight>
</Competency>

<Competency oids='49 ' description='Skill' auth='no' name='general accounting'>
<CompetencyWeight type='skillLevel'><NumericValue minValue='0' maxValue='100'>85</NumericValue></CompetencyWeight>

<CompetencyWeight type='skillProficiency'><StringValue minValue='BASIC' maxValue='EXCELLENT'>EXCELLENT</StringValue></CompetencyWeight>
</Competency>

<Competency oids='26 ' description='Skill' auth='yes' name='SWIFT'>
<CompetencyWeight type='skillLevel'><NumericValue minValue='0' maxValue='100'>13</NumericValue></CompetencyWeight>
</Competency>

<Competency oids='16 ' description='Skill' auth='no' name='Responsible for completing margin'>
<CompetencyWeight type='skillLevel'><NumericValue minValue='0' maxValue='100'>13</NumericValue></CompetencyWeight>
</Competency>

<Competency oids='32 ' description='Skill' auth='yes' name='Onshore Oil &#38; Gas'>
<CompetencyEvidence name='Extent of Experience' typeDescription='Extent of Experience' type='MONTH' lastUsed='2008'><NumericValue description='MONTH'>50</NumericValue></CompetencyEvidence>

<CompetencyEvidence typeDescription='Alias' name='Alias'><StringValue>onshore</StringValue></CompetencyEvidence>

<CompetencyWeight type='skillLevel'><NumericValue minValue='0' maxValue='100'>54</NumericValue></CompetencyWeight>

<CompetencyWeight type='skillProficiency'><StringValue minValue='BASIC' maxValue='EXCELLENT'>WORKING</StringValue></CompetencyWeight>
</Competency>

<Competency oids='33 ' description='Skill' auth='yes' name='Offshore Oil &#38; Gas'>
<CompetencyEvidence name='Extent of Experience' typeDescription='Extent of Experience' type='MONTH' lastUsed='2008'><NumericValue description='MONTH'>50</NumericValue></CompetencyEvidence>

<CompetencyEvidence typeDescription='Alias' name='Alias'><StringValue>offshore</StringValue></CompetencyEvidence>

<CompetencyWeight type='skillLevel'><NumericValue minValue='0' maxValue='100'>54</NumericValue></CompetencyWeight>

<CompetencyWeight type='skillProficiency'><StringValue minValue='BASIC' maxValue='EXCELLENT'>WORKING</StringValue></CompetencyWeight>
</Competency>

<Competency oids='43 ' description='Skill > IT' auth='yes' name='Microsoft Word'>
<CompetencyEvidence typeDescription='Alias' name='Alias'><StringValue>Proficient in Microsoft Word</StringValue></CompetencyEvidence>

<CompetencyWeight type='skillLevel'><NumericValue minValue='0' maxValue='100'>85</NumericValue></CompetencyWeight>

<CompetencyWeight type='skillProficiency'><StringValue minValue='BASIC' maxValue='EXCELLENT'>EXCELLENT</StringValue></CompetencyWeight>
</Competency>

<Competency oids='46 ' description='Skill > IT' auth='yes' name='Microsoft PowerPoint'>
<CompetencyEvidence typeDescription='Alias' name='Alias'><StringValue>PowerPoint</StringValue></CompetencyEvidence>

<CompetencyWeight type='skillLevel'><NumericValue minValue='0' maxValue='100'>85</NumericValue></CompetencyWeight>

<CompetencyWeight type='skillProficiency'><StringValue minValue='BASIC' maxValue='EXCELLENT'>EXCELLENT</StringValue></CompetencyWeight>
</Competency>

<Competency oids='47 ' description='Skill > IT' auth='yes' name='Microsoft Office'>
<CompetencyEvidence typeDescription='Alias' name='Alias'><StringValue>MS Office</StringValue></CompetencyEvidence>

<CompetencyWeight type='skillLevel'><NumericValue minValue='0' maxValue='100'>85</NumericValue></CompetencyWeight>

<CompetencyWeight type='skillProficiency'><StringValue minValue='BASIC' maxValue='EXCELLENT'>EXCELLENT</StringValue></CompetencyWeight>
</Competency>

<Competency oids='8 ' description='Skill' auth='yes' name='FSA Know Your Client'>
<CompetencyEvidence typeDescription='Alias' name='Alias'><StringValue>KYC</StringValue></CompetencyEvidence>

<CompetencyWeight type='skillLevel'><NumericValue minValue='0' maxValue='100'>85</NumericValue></CompetencyWeight>

<CompetencyWeight type='skillProficiency'><StringValue minValue='BASIC' maxValue='EXCELLENT'>EXCELLENT</StringValue></CompetencyWeight>
</Competency>

<Competency oids='50 ' description='Skill' auth='yes' name='Commercial Banking'>
<CompetencyWeight type='skillLevel'><NumericValue minValue='0' maxValue='100'>85</NumericValue></CompetencyWeight>

<CompetencyWeight type='skillProficiency'><StringValue minValue='BASIC' maxValue='EXCELLENT'>EXCELLENT</StringValue></CompetencyWeight>
</Competency>

<Competency oids='40 ' description='Skill' auth='no' name='Business Management'>
<CompetencyWeight type='skillLevel'><NumericValue minValue='0' maxValue='100'>13</NumericValue></CompetencyWeight>
</Competency>

<Competency oids='28_1_2 ' description='Held Position' auth='no' name='Wire Specialist'>
<CompetencyEvidence name='Extent of Experience' typeDescription='Extent of Experience' type='MONTH' lastUsed='2008'><NumericValue description='MONTH'>50</NumericValue></CompetencyEvidence>

<CompetencyWeight type='skillLevel'><NumericValue minValue='0' maxValue='100'>56</NumericValue></CompetencyWeight>

<CompetencyWeight type='skillProficiency'><StringValue minValue='BASIC' maxValue='EXCELLENT'>WORKING</StringValue></CompetencyWeight>
</Competency>

<Competency oids='13_1_1 ' description='Held Position' auth='no' name='Treasury Associate'>
<CompetencyEvidence name='Extent of Experience' typeDescription='Extent of Experience' type='MONTH' lastUsed='2011'><NumericValue description='MONTH'>35</NumericValue></CompetencyEvidence>

<CompetencyWeight type='skillLevel'><NumericValue minValue='0' maxValue='100'>72</NumericValue></CompetencyWeight>

<CompetencyWeight type='skillProficiency'><StringValue minValue='BASIC' maxValue='EXCELLENT'>GOOD</StringValue></CompetencyWeight>
</Competency>

<Competency oids='28_1_1 ' description='Held Position' auth='no' name='Personal Banker'>
<CompetencyEvidence name='Extent of Experience' typeDescription='Extent of Experience' type='MONTH' lastUsed='2008'><NumericValue description='MONTH'>50</NumericValue></CompetencyEvidence>

<CompetencyWeight type='skillLevel'><NumericValue minValue='0' maxValue='100'>56</NumericValue></CompetencyWeight>

<CompetencyWeight type='skillProficiency'><StringValue minValue='BASIC' maxValue='EXCELLENT'>WORKING</StringValue></CompetencyWeight>
</Competency>

<Competency oids='9_3_1 ' description='Held Position' auth='no' name='Owner'>
<CompetencyEvidence name='Extent of Experience' typeDescription='Extent of Experience' type='MONTH' lastUsed='2013'><NumericValue description='MONTH'>28</NumericValue></CompetencyEvidence>

<CompetencyWeight type='skillLevel'><NumericValue minValue='0' maxValue='100'>100</NumericValue></CompetencyWeight>

<CompetencyWeight type='skillProficiency'><StringValue minValue='BASIC' maxValue='EXCELLENT'>EXCELLENT</StringValue></CompetencyWeight>
</Competency>

<Competency oids='22_1 ' description='Held Position' auth='no' name='Depo'>
<CompetencyWeight type='skillLevel'><NumericValue minValue='0' maxValue='100'>13</NumericValue></CompetencyWeight>
</Competency>

<Competency oids='14 ' description='Degree/Qualification' auth='no' name='Master > Master Business'>
<CompetencyEvidence name='Application' typeDescription='Application' type='Business'><StringValue>Business</StringValue></CompetencyEvidence>

<CompetencyEvidence typeDescription='Alias' name='Alias'><StringValue>Business Master</StringValue></CompetencyEvidence>

<CompetencyWeight type='skillLevel'><NumericValue minValue='0' maxValue='100'>12</NumericValue></CompetencyWeight>
</Competency>

<Competency description='Industry' auth='yes' name='industry~ambiguous'>
<CompetencyEvidence name='skillCount' typeDescription='skillCount'><NumericValue>1</NumericValue></CompetencyEvidence>

<CompetencyWeight type='skillLevel'><NumericValue minValue='0' maxValue='100'>50</NumericValue></CompetencyWeight>
</Competency>























<RevisionDate id='1'>2013-01-04</RevisionDate>
</StructuredXMLResume>
<NonXMLResume>

<TextResume>



<span inprof='n' id='1' class='date'>{{DOCUMENT_DATESTAMP}} 2013-1-4 {{END_DOCUMENT_DATESTAMP}}</span>




<span inprof='y' id='2' class='nominal-mb'>Rashaun Burgess</span>
<span inprof='y' id='3' class='location'>137 W 112th st. apt 1B, New York, NY 10026</span> <span inprof='y' id='4' class='telephone'>(646) 894-2396</span> <span inprof='y' id='5' class='email'>rahjova_cc@yahoo.com</span>




<span inprof='n' id='6' class='title-line'>Qualifications Summary</span>        I am a motivated individual with a <span inprof='n' id='7' class='duration'>7+ year</span> background in wire transfers/OFAC. I am fully knowledgeable in OFAC, <span inprof='y' id='8' class='skill'>KYC</span>, and Patriot Act policies as well as procedures. I have full knowledge/experience with aba, swift, ach, eft, bacs, and checks procedures. If you need someone who also has experience managing a team I have that as well. I believe if you review my experience below you will see I can be a great fit for your company.

<span inprof='n' id='9_1' class='experience-title'>Experience</span>                    <span inprof='y' id='9_2' class='company'>Purple &#38; Chrome</span> (<span inprof='y' id='9_3_1' class='role'>Owner</span>)
                              <span inprof='y' id='9_4_1' class='date'>October 2010</span> - <span inprof='y' id='9_4_2' class='date'>Current</span>

                              *  Owner/Creator of <span inprof='y' id='10' class='company'>Purple &#38; Chrome</span>.  <span inprof='y' id='11' class='company'>Purple &#38; Chrome</span> is a streetwear line of clothing aimed at spreading positive messages to young people. ; 
                              *  <span inprof='n' id='12' class='internet-web-address'>www.purpleandchrome.com</span>
                              <span inprof='y' id='13_1_1' class='role'>Treasury Associate</span>
                              <span inprof='y' id='13_2_1' class='date'>July 7, 2008</span> - <span inprof='y' id='13_2_2' class='date'>May 11, 2011</span> <span inprof='y' id='13_3' class='company'>Forex Capital Markets LLC</span> <span inprof='y' id='13_4' class='location'>New York, NY</span>

                              *  Experienced in wiring funds with Barclays <span inprof='y' id='14' class='qualif'>Business Master</span> Online/ <span inprof='n' id='15' class='company'>Barclays</span> business internet banking. ; 
                              *  Worked closely with banks to screen clients/potential clients against OFAC check list before releasing funds. ; 
                              *  Maintain compliance with BSA/OFAC regulations and guidelines ; 
                              *  <span inprof='y' id='16' class='skill'>Responsible for completing margin</span> calls to <span inprof='n' id='17' class='nominal'>Barclays, Chase</span>, <span inprof='n' id='18' class='company'>Deutsche Bank</span>, <span inprof='n' id='19' class='company'>Citibank</span>, <span inprof='n' id='20' class='company'>Bank of America</span>, <span inprof='n' id='21' class='company'>HSBC</span>, BNP foreign and domestic ; 
                              *  Place company trades in excess of $80MM weekly via JPM Chase E-<span inprof='y' id='22_1' class='role'>Depo</span> ; 
                              *  Consistently processed a high volume of client wires daily. <span inprof='y' id='23' class='skill'>Responsible for processing wires</span> <span inprof='n' id='24' class='salary'>in excess of $10million daily</span> to client accounts (USD and all the major foreign <span inprof='y' id='25' class='skill'>currencies</span>/ domestic and international) ; 
                              *  Keep database of bank <span inprof='y' id='26' class='skill'>SWIFT</span> codes and ABA numbers.  Track wires with Fed reference numbers ; 
                              *  Reconcile client/bank transactions daily (check and cash deposits, withdrawals, transfers, wires) ; 
                              *  Prepare/Run weekly reports using <span inprof='y' id='27' class='sofwr'>excel</span> for management ; 
                              *  Create weekly workload for the treasury team ; 
                              *  Conducted team meetings, mentoring, reviews and 1-on-1 meetings with staff
                              <span inprof='y' id='28_1_1' class='role'>Personal Banker</span> (<span inprof='y' id='28_1_2' class='role'>Wire Specialist</span>)
                              <span inprof='y' id='28_2_1' class='date'>March 2004</span> - <span inprof='y' id='28_2_2' class='date'>April 2008</span>  <span inprof='y' id='28_3' class='company'>Capital One Financial</span> <span inprof='y' id='28_4' class='location'>New York, NY</span>

                              *  <span inprof='y' id='29' class='skill'>Responsible for processing wires</span> in excess of <span inprof='n' id='30' class='money'>$10million</span> (US and <span inprof='y' id='31' class='skill'>Foreign currency</span>) to <span inprof='y' id='32' class='skill'>onshore</span> and <span inprof='y' id='33' class='skill'>offshore</span> accounts/banks daily ; 
                              *  Maintain compliance with BSA/OFAC regulations and guidelines ; 
                              *  Keep database of bank SWIFT codes and ABA numbers.  Track wires with Fed reference numbers ; 
                              *  Reconcile clients transactions daily (check and cash deposits, withdrawals, transfers, wires) ; 
                              *  Prepare weekly reports using <span inprof='y' id='34' class='sofwr'>excel</span> and <span inprof='y' id='35' class='sofwr'>access</span> for branch as well as <span inprof='y' id='36' class='skill'>regional management</span>

<span inprof='n' id='37' class='edu-hist-mark'>Education</span>
Some College Credits - <span inprof='y' id='38' class='educational'>Temple University</span>, <span inprof='y' id='39' class='location'>Philadelphia, PA</span>

                              *  <span inprof='y' id='40' class='skill'>Business Management</span> <span inprof='y' id='41_1' class='subject'>Major/ Finance</span>

<span inprof='n' id='42' class='title-line'>Skills</span>
*  <span inprof='y' id='43' class='sofwr'>Proficient in Microsoft Word</span>, <span inprof='y' id='44' class='sofwr'>Excel</span>, <span inprof='y' id='45' class='sofwr'>Access</span>, <span inprof='y' id='46' class='sofwr'>PowerPoint</span>, <span inprof='y' id='47' class='sofwr'>MS Office</span> and <span inprof='y' id='48' class='skill'>technical computer skills</span> (hardware/software) as well as <span inprof='y' id='49' class='skill'>general accounting</span>.  Knowledgeable in small business and <span inprof='y' id='50' class='skill'>commercial banking</span> systems (BOA, <span inprof='n' id='51' class='company'>HSBC</span>, <span inprof='n' id='52' class='company'>NATWEST</span>, <span inprof='n' id='53' class='company'>BARCLAYS</span>, <span inprof='n' id='54' class='nominal'>CITIBANK, CHASE</span>, AND <span inprof='n' id='55' class='company'>WELLS FARGO</span>)

                              *  Type 70/wpm, Proficient Data Entry

<span inprof='n' id='56' class='references-mark'>References</span>                    References are available on request.

</TextResume>

</NonXMLResume>



<UserArea>
<DaxResumeUserArea>
<AdditionalPersonalData>
<ExperienceSummary>
<TotalMonthsOfWorkExperience>113</TotalMonthsOfWorkExperience>
<TotalYearsOfWorkExperience>9</TotalYearsOfWorkExperience>
<ExecutiveBrief>Rashaun Burgess is a resident of New York, NY, US.  has been working in the Ambiguous  occupational sector for more than 9 years. Currently this candidate is employed as an Owner at Purple &amp; Chrome. So far Rashaun has not gained any managerial experience.</ExecutiveBrief>
</ExperienceSummary>
</AdditionalPersonalData>
<ParserInfo>
<ParserConfiguration>{max_len=50000} {tel_flag=} {send_zip=} {fast_conv=} {DEF_LOCAL=} {sdate=0} {no_email_body=0} {do_clever_zoning=1} {keep_span=1} {complex=1} {accept_langs=} {not_accept_langs=} {prefer_lang_cv=EN} {pers_only=0} {turbo=0} {split_language=0} {picture=0} {picture_inline=0} {name_space=0} {charset=} {hrxml_upgrade_edu_hist=0}{hrxml_add_languages_section=0}{spool=} {docID=} {user=DEFAULT} </ParserConfiguration>
<ParserRelease>0.12.3.32629</ParserRelease>
<ParserReleaseDate>2014-06-18</ParserReleaseDate>
<ParserSchema>2.0.29</ParserSchema>
<ParserSchemaLocation>http://cvx.daxtra.com/cvts/xsd/candidate/2.0.29/Resume.xsd</ParserSchemaLocation>
<ConverterRelease>0.5.2.32629</ConverterRelease>
<ConverterReleaseDate>2014-06-18</ConverterReleaseDate>
</ParserInfo>
<FileStruct filename='/home/izoom/anazarov/grammar/analysis/3rconnect/doc/100_Resumes-Walsh/ofac.wire transfer specialist..doc'>

<attachment fname='ofac.wire transfer specialist..doc' ftype='doc' conv='yes' doc_type='cv' lang='EN'>/home/izoom/anazarov/grammar/analysis/3rconnect/doc/100_Resumes-Walsh/ofac.wire transfer specialist..doc</attachment>


</FileStruct>
</DaxResumeUserArea>
</UserArea>
</Resume>
