<?xml version='1.0' encoding='ISO-8859-1'?>
<Resume lang='en' src='DAXTRA-CVX schema:2.0.29 release:0.12.3.32629 rdate:2014-06-18'>
<StructuredXMLResume>
<ContactInfo>
<PersonName id='2'>
<FormattedName>Allen Perkins</FormattedName>
<GivenName>Allen</GivenName>
<FamilyName>Perkins</FamilyName>
<sex>Male</sex>
</PersonName>
<ContactMethod>
<Telephone id='4' type='home'>
<InternationalCountryCode>1</InternationalCountryCode>
<SubscriberNumber>215 806 - 8231</SubscriberNumber>
<FormattedNumber>+1 215 806 - 8231</FormattedNumber></Telephone>

<InternetEmailAddress id='5' type='main'>Rperk22865@gmail.com</InternetEmailAddress>
<PostalAddress id='3' type='main'>
<CountryCode>US</CountryCode>
<PostalCode>11225</PostalCode>
<Region>NY</Region>
<Municipality>Brooklyn</Municipality>
<DeliveryAddress>
<AddressLine>486 Brooklyn Avenue Apt. B3</AddressLine>
<StreetName>Brooklyn Avenue</StreetName>
<BuildingNumber>486</BuildingNumber>
<Unit>Apt. B3</Unit>
</DeliveryAddress>

</PostalAddress>
</ContactMethod>
</ContactInfo>


<EmploymentHistory>
<EmployerOrg employerOrgType='soleEmployer'>
<EmployerOrgName id='7_2'>KYRIBA</EmployerOrgName>
<EmployerContactInfo>
<LocationSummary id='7_3'>
<Municipality>New York</Municipality>
<Region>NY</Region>
<CountryCode>US</CountryCode>
</LocationSummary>
</EmployerContactInfo>
<PositionHistory positionType='CONTRACT'>
<Title id='7_5_1'>Inside Sales Representative</Title>
<OrgName id='7_2'>KYRIBA</OrgName>



<Description>*    Executed prospecting, social networking and email campaigns to yield new appointments and constructive relationship development. ; 
    *    Worked closely with regional US sales executive to plan campaigns, craft messaging, schedule meetings, and help propel the rapid increase in the company's opportunity pipeline. ; 
    *    Used Salesforce.com, trade/industry sources and social networking tools to discover news relating to assigned accounts and contacts -- disseminated critical market and business intelligence. ; 
    *    Extracted important information from prospective customers through interviews, analyses and consultative sales techniques, necessary to qualify leads and escalate opportunities to the sales team on a timely basis.</Description>
<StartDate id='7_4_1'><YearMonth>2012-10</YearMonth></StartDate>
<EndDate id='7_4_2'><YearMonth>2013-01</YearMonth></EndDate>




<JobCategory>
<TaxonomyName>JOBAREA</TaxonomyName>
<CategoryCode>sales</CategoryCode>
</JobCategory>


<UserArea>
<DaxPositionHistoryUserArea>
<TLSPAN first_id='7' last_id='11' border_id='14'></TLSPAN>
<MonthsOfWork>4</MonthsOfWork>
</DaxPositionHistoryUserArea>
</UserArea>
</PositionHistory>
</EmployerOrg>

<EmployerOrg employerOrgType='soleEmployer'>
<EmployerOrgName id='12'>NORTHERN LEASING SYSTEMS INC</EmployerOrgName>
<EmployerContactInfo>
<LocationSummary id='13'>
<Municipality>New York</Municipality>
<Region>NY</Region>
<CountryCode>US</CountryCode>
</LocationSummary>
</EmployerContactInfo>
<PositionHistory positionType='CONTRACT'>
<Title id='15_1'>Asset Manager</Title>
<OrgName id='12'>NORTHERN LEASING SYSTEMS INC</OrgName>



<Description>*    Collected $79,581.68 in delinquent payments (140+ dials/day). ; 
    *    Searched through past payment history for previously approved methods a pay bringing 176 accounts back to an ACH status. ; 
    *    Addressed billing disputes, scheduled payment plans and acted in a customer service capacity as requested. ; 
    *    Interpreted, translated, explained, and provided applicable, accurate, and appropriate information with respect to services, equipment, policy and procedure, account status, serviceability, and service problems ; 
    *    Built a professional rapport with clients to remarket  (up-sell) current clients to company products and services ;</Description>
<StartDate id='14_1'><YearMonth>2012-07</YearMonth></StartDate>
<EndDate id='14_2'><YearMonth>2012-10</YearMonth></EndDate>



<JobLevelInfo>
<JobGrade>joblevel-management-low</JobGrade>
</JobLevelInfo>

<JobCategory>
<TaxonomyName>JOBAREA</TaxonomyName>
<CategoryCode>property</CategoryCode>
</JobCategory>


<UserArea>
<DaxPositionHistoryUserArea>
<TLSPAN first_id='12' last_id='16' border_id='17'></TLSPAN>
<MonthsOfWork>4</MonthsOfWork>
</DaxPositionHistoryUserArea>
</UserArea>
</PositionHistory>
</EmployerOrg>

<EmployerOrg employerOrgType='soleEmployer'>
<EmployerOrgName id='17_1'>SPARTAN CAPTIAL LLC.</EmployerOrgName>
<EmployerContactInfo>
<LocationSummary id='17_2'>
<Municipality>New York</Municipality>
<Region>NY</Region>
<CountryCode>US</CountryCode>
</LocationSummary>
</EmployerContactInfo>
<PositionHistory positionType='PERMANENT'>
<Title id='17_4_1'>Stock Broker</Title>
<OrgName id='17_1'>SPARTAN CAPTIAL LLC.</OrgName>



<Description>*    Identified and pitched high net worth prospects for new accounts. ; 
    *    Sold prospects based on changing market conditions. ; 
    *    High pressured sales environment that required great attention to detail to adequately address prospect's concerns. ; 
    *    Followed coaching instructions from senior brokers during cold call pitches. ; 
    *    Developed persuasive client relationship techniques (350+ dials/day)</Description>
<StartDate id='17_3_1'><YearMonth>2011-07</YearMonth></StartDate>
<EndDate id='17_3_2'><YearMonth>2012-03</YearMonth></EndDate>




<JobCategory>
<TaxonomyName>JOBAREA</TaxonomyName>
<CategoryCode>banking-finance</CategoryCode>
</JobCategory>


<UserArea>
<DaxPositionHistoryUserArea>
<TLSPAN first_id='17' last_id='17' border_id='18'></TLSPAN>
<MonthsOfWork>9</MonthsOfWork>
</DaxPositionHistoryUserArea>
</UserArea>
</PositionHistory>
</EmployerOrg>

<EmployerOrg employerOrgType='soleEmployer'>
<EmployerOrgName id='18_1'>NORTHWESTERN MUTUAL LIFE</EmployerOrgName>
<EmployerContactInfo>
<LocationSummary id='18_2'>
<Municipality>New York</Municipality>
<Region>NY</Region>
<CountryCode>US</CountryCode>
</LocationSummary>
</EmployerContactInfo>
<PositionHistory positionType='PERMANENT'>
<Title id='20_2'>intern</Title>
<OrgName id='18_1'>NORTHWESTERN MUTUAL LIFE</OrgName>



<Description>Certified Financial Representative
    *    Managed +15 clients' insurance portfolios as an intern. ; 
    *    Consulted with clients on investment strategies; recommending investment products and services that are suitable for prospects. ; 
    *    Prepared and explained Personal Needs Analysis' and Policy Illustrations with prospects. ; 
    *    Assisted with servicing investment vehicles including IRAs and tax sheltered vehicles such as 403b and 529 plans. ;</Description>
<StartDate id='18_3_1'><YearMonth>2009-12</YearMonth></StartDate>
<EndDate id='18_3_2'><YearMonth>2011-03</YearMonth></EndDate>




<JobCategory>
<TaxonomyName>JOBAREA</TaxonomyName>
<CategoryCode>medicine</CategoryCode>
</JobCategory>


<UserArea>
<DaxPositionHistoryUserArea>
<TLSPAN first_id='18' last_id='21' border_id='0'></TLSPAN>
<MonthsOfWork>16</MonthsOfWork>
</DaxPositionHistoryUserArea>
</UserArea>
</PositionHistory>
</EmployerOrg>

</EmploymentHistory>
<EducationHistory>
<SchoolOrInstitution schoolType='university'>
<SchoolName id='26'>Fordham University</SchoolName>
<LocationSummary id='27'>
<Municipality>Bronx</Municipality>
<Region>NY</Region>
<CountryCode>US</CountryCode>
</LocationSummary>


<Degree degreeType='bachelors'>
<DegreeName id='23_1'>Bachelor of Science in Business Administration</DegreeName>
<DegreeDate id='23_2_2'><Year>2011</Year></DegreeDate>
</Degree>
<Major id='24_1_2'>Finance</Major>


<DatesOfAttendance>
<StartDate id='23_2_1'><Year>2007</Year></StartDate>
<EndDate id='23_2_2'><Year>2011</Year></EndDate>
</DatesOfAttendance>
<Comments>Bachelor of Science in Business Administration                                                                                                                                                                              Concentration in Finance, Double Minor in Business Law and Economics</Comments>
</SchoolOrInstitution>

</EducationHistory>











<Competency oids='8 ' description='Skill' auth='no' name='constructive relationship development'>
<CompetencyEvidence name='Extent of Experience' typeDescription='Extent of Experience' type='MONTH' lastUsed='2013'><NumericValue description='MONTH'>4</NumericValue></CompetencyEvidence>

<CompetencyWeight type='skillLevel'><NumericValue minValue='0' maxValue='100'>100</NumericValue></CompetencyWeight>

<CompetencyWeight type='skillProficiency'><StringValue minValue='BASIC' maxValue='EXCELLENT'>EXCELLENT</StringValue></CompetencyWeight>
</Competency>

<Competency oids='21 ' description='Skill' auth='yes' name='Taxation'>
<CompetencyEvidence name='Extent of Experience' typeDescription='Extent of Experience' type='MONTH' lastUsed='2011'><NumericValue description='MONTH'>16</NumericValue></CompetencyEvidence>

<CompetencyEvidence typeDescription='Alias' name='Alias'><StringValue>tax</StringValue></CompetencyEvidence>

<CompetencyWeight type='skillLevel'><NumericValue minValue='0' maxValue='100'>74</NumericValue></CompetencyWeight>

<CompetencyWeight type='skillProficiency'><StringValue minValue='BASIC' maxValue='EXCELLENT'>GOOD</StringValue></CompetencyWeight>
</Competency>

<Competency oids='11 ' description='Skill' auth='yes' name='Business Intelligence'>
<CompetencyEvidence name='Extent of Experience' typeDescription='Extent of Experience' type='MONTH' lastUsed='2013'><NumericValue description='MONTH'>4</NumericValue></CompetencyEvidence>

<CompetencyWeight type='skillLevel'><NumericValue minValue='0' maxValue='100'>99</NumericValue></CompetencyWeight>

<CompetencyWeight type='skillProficiency'><StringValue minValue='BASIC' maxValue='EXCELLENT'>EXCELLENT</StringValue></CompetencyWeight>
</Competency>

<Competency oids='20_2 ' description='Held Position' auth='no' name='an intern'>
<CompetencyEvidence name='Extent of Experience' typeDescription='Extent of Experience' type='MONTH' lastUsed='2011'><NumericValue description='MONTH'>16</NumericValue></CompetencyEvidence>

<CompetencyWeight type='skillLevel'><NumericValue minValue='0' maxValue='100'>74</NumericValue></CompetencyWeight>

<CompetencyWeight type='skillProficiency'><StringValue minValue='BASIC' maxValue='EXCELLENT'>GOOD</StringValue></CompetencyWeight>
</Competency>

<Competency oids='9_1 ' description='Held Position' auth='no' name='US sales executive'>
<CompetencyEvidence name='Extent of Experience' typeDescription='Extent of Experience' type='MONTH' lastUsed='2013'><NumericValue description='MONTH'>4</NumericValue></CompetencyEvidence>

<CompetencyWeight type='skillLevel'><NumericValue minValue='0' maxValue='100'>99</NumericValue></CompetencyWeight>

<CompetencyWeight type='skillProficiency'><StringValue minValue='BASIC' maxValue='EXCELLENT'>EXCELLENT</StringValue></CompetencyWeight>
</Competency>

<Competency oids='17_4_1 ' description='Held Position' auth='no' name='Stock Broker'>
<CompetencyEvidence name='Extent of Experience' typeDescription='Extent of Experience' type='MONTH' lastUsed='2012'><NumericValue description='MONTH'>9</NumericValue></CompetencyEvidence>

<CompetencyWeight type='skillLevel'><NumericValue minValue='0' maxValue='100'>92</NumericValue></CompetencyWeight>

<CompetencyWeight type='skillProficiency'><StringValue minValue='BASIC' maxValue='EXCELLENT'>EXCELLENT</StringValue></CompetencyWeight>
</Competency>

<Competency oids='7_5_1 ' description='Held Position' auth='no' name='Inside Sales Representative'>
<CompetencyEvidence name='Extent of Experience' typeDescription='Extent of Experience' type='MONTH' lastUsed='2013'><NumericValue description='MONTH'>4</NumericValue></CompetencyEvidence>

<CompetencyWeight type='skillLevel'><NumericValue minValue='0' maxValue='100'>100</NumericValue></CompetencyWeight>

<CompetencyWeight type='skillProficiency'><StringValue minValue='BASIC' maxValue='EXCELLENT'>EXCELLENT</StringValue></CompetencyWeight>
</Competency>

<Competency oids='15_1 ' description='Held Position' auth='no' name='Asset Manager'>
<CompetencyEvidence name='Extent of Experience' typeDescription='Extent of Experience' type='MONTH' lastUsed='2012'><NumericValue description='MONTH'>4</NumericValue></CompetencyEvidence>

<CompetencyWeight type='skillLevel'><NumericValue minValue='0' maxValue='100'>90</NumericValue></CompetencyWeight>

<CompetencyWeight type='skillProficiency'><StringValue minValue='BASIC' maxValue='EXCELLENT'>EXCELLENT</StringValue></CompetencyWeight>
</Competency>

<Competency oids='29 ' description='Degree/Qualification > Professional' auth='no' name='Series 7'>
<CompetencyWeight type='skillLevel'><NumericValue minValue='0' maxValue='100'>12</NumericValue></CompetencyWeight>
</Competency>

<Competency oids='18_4 ' description='Degree/Qualification > Professional' auth='no' name='ORACLE Certified Financial Representative'>
<CompetencyEvidence typeDescription='Alias' name='Alias'><StringValue>Certified Financial Representative</StringValue></CompetencyEvidence>

<CompetencyWeight type='skillLevel'><NumericValue minValue='0' maxValue='100'>12</NumericValue></CompetencyWeight>
</Competency>

<Competency oids='23_1 ' description='Degree/Qualification' auth='yes' name='Bachelors Degree > Bachelor of Science in Business Administration'>
<CompetencyEvidence typeDescription='Alias' name='Alias'><StringValue>Bachelor of Science in Business Administration</StringValue></CompetencyEvidence>

<CompetencyWeight type='skillLevel'><NumericValue minValue='0' maxValue='100'>12</NumericValue></CompetencyWeight>
</Competency>

<Competency description='Industry' auth='yes' name='industry~sales'>
<CompetencyEvidence name='skillCount' typeDescription='skillCount'><NumericValue>1</NumericValue></CompetencyEvidence>

<CompetencyWeight type='skillLevel'><NumericValue minValue='0' maxValue='100'>100</NumericValue></CompetencyWeight>
</Competency>























<RevisionDate id='1'>2013-04-25</RevisionDate>
</StructuredXMLResume>
<NonXMLResume>

<TextResume>



<span inprof='n' id='1' class='date'>{{DOCUMENT_DATESTAMP}} 2013-04-25 {{END_DOCUMENT_DATESTAMP}}</span> 


<span inprof='y' id='2' class='nominal'>Allen Perkins</span>
<span inprof='y' id='3' class='location'>486 Brooklyn Avenue Apt. B3, Brooklyn, NY, 11225</span>
<span inprof='y' id='4' class='telephone'>(215) 806 - 8231</span>
<span inprof='y' id='5' class='email'>Rperk22865@gmail.com</span>
<span inprof='n' id='6' class='title-line'>Profile Summary</span>                                          *    Ability to establish and maintain effective relationships with customers in a fast-paced, high-pressure, office environment
                                                         *    Ability to obtain key information to assess customer needs and articulate relevant information and directions in an organized and concise manner.

<span inprof='n' id='7_1' class='experience-title'>Employment</span>                                               <span inprof='y' id='7_2' class='company'>KYRIBA</span>, <span inprof='y' id='7_3' class='location'>New York, NY</span>                                                                                                    <span inprof='y' id='7_4_1' class='date'>October 2012</span> - <span inprof='y' id='7_4_2' class='date'>January 2013</span>
                                                         <span inprof='y' id='7_5_1' class='role'>Inside Sales Representative</span>
                                                         *    Executed prospecting, social networking and email campaigns to yield new appointments and <span inprof='y' id='8' class='skill'>constructive relationship development</span>. ; 
                                                         *    Worked closely with regional <span inprof='y' id='9_1' class='role'>US sales executive</span> to plan campaigns, craft messaging, schedule meetings, and help propel the rapid increase in the company's opportunity pipeline. ; 
                                                         *    Used <span inprof='n' id='10' class='internet-web-address'>Salesforce.com</span>, trade/industry sources and social networking tools to discover news relating to assigned accounts and contacts -- disseminated critical market and <span inprof='y' id='11' class='skill'>business intelligence</span>. ; 
                                                         *    Extracted important information from prospective customers through interviews, analyses and consultative sales techniques, necessary to qualify leads and escalate opportunities to the sales team on a timely basis.

                                                         <span inprof='y' id='12' class='company'>NORTHERN LEASING SYSTEMS INC</span>., <span inprof='y' id='13' class='location'>New York, NY</span>             <span inprof='y' id='14_1' class='date'>July</span> - <span inprof='y' id='14_2' class='date'>October, 2012</span>
                                                         <span inprof='y' id='15_1' class='role'>Asset Manager</span>
                                                         *    Collected <span inprof='n' id='16' class='money'>$79,581.68</span> in delinquent payments (140+ dials/day). ; 
                                                         *    Searched through past payment history for previously approved methods a pay bringing 176 accounts back to an ACH status. ; 
                                                         *    Addressed billing disputes, scheduled payment plans and acted in a customer service capacity as requested. ; 
                                                         *    Interpreted, translated, explained, and provided applicable, accurate, and appropriate information with respect to services, equipment, policy and procedure, account status, serviceability, and service problems ; 
                                                         *    Built a professional rapport with clients to remarket  (up-sell) current clients to company products and services

                                                         <span inprof='y' id='17_1' class='company'>SPARTAN CAPTIAL LLC.</span>, <span inprof='y' id='17_2' class='location'>New York, NY</span>                                                                                                    <span inprof='y' id='17_3_1' class='date'>July 2011</span>-<span inprof='y' id='17_3_2' class='date'>March 2012</span>
                                                         <span inprof='y' id='17_4_1' class='role'>Stock Broker</span>
                                                         *    Identified and pitched high net worth prospects for new accounts. ; 
                                                         *    Sold prospects based on changing market conditions. ; 
                                                         *     High pressured sales environment that required great attention to detail to adequately address prospect's concerns. ; 
                                                         *     Followed coaching instructions from senior brokers during cold call pitches. ; 
                                                         *    Developed persuasive client relationship techniques (350+ dials/day)

                                                         <span inprof='y' id='18_1' class='company'>NORTHWESTERN MUTUAL LIFE</span>, <span inprof='y' id='18_2' class='location'>New York, NY</span>                             <span inprof='y' id='18_3_1' class='date'>Dec. 2009</span>-<span inprof='y' id='18_3_2' class='date'>Mar. 2011</span>
                                                           <span inprof='y' id='18_4' class='qualif'>Certified Financial Representative</span>
                                                         *    Managed +15 clients' <span inprof='n' id='19' class='qualif'>insurance</span> portfolios <span inprof='n' id='20_1' class='some-position'>as</span> <span inprof='y' id='20_2' class='role'>an intern</span>. ; 
                                                         *    Consulted with clients on investment strategies; recommending investment products and services that are suitable for prospects. ; 
                                                         *     Prepared and explained Personal Needs Analysis' and Policy Illustrations with prospects. ; 
                                                         *    Assisted with servicing investment vehicles including IRAs and <span inprof='y' id='21' class='skill'>tax</span> sheltered vehicles such as 403b and 529 plans.

<span inprof='n' id='22' class='edu-hist-mark'>Education</span>
<span inprof='y' id='23_1' class='qualif'>Bachelor of Science in Business Administration</span>                                                                                                                   <span inprof='y' id='23_2_1' class='date'>2007</span>-<span inprof='y' id='23_2_2' class='date'>2011</span>
                                                         <span inprof='n' id='24_1_1' class='major'>Concentration</span> in <span inprof='y' id='24_1_2' class='subject'>Finance</span>, Double <span inprof='n' id='25' class='qualif'>Minor in Business Law and Economics</span>
                                                         <span inprof='y' id='26' class='educational'>Fordham University</span>, <span inprof='y' id='27' class='location'>Bronx, New York</span>

<span inprof='n' id='28' class='skills-qualif-mark'>Certifications</span>                                           <span inprof='y' id='29' class='qualif'>Series 7</span> and 63 Certified (active)
                                                         <span inprof='n' id='30' class='location'>New York</span> Health, Life and Accident Certified (inactive)


</TextResume>

</NonXMLResume>



<UserArea>
<DaxResumeUserArea>
<AdditionalPersonalData>
<ExperienceSummary>
<TotalMonthsOfWorkExperience>33</TotalMonthsOfWorkExperience>
<TotalYearsOfWorkExperience>3</TotalYearsOfWorkExperience>
<TotalMonthsOfManagementWorkExperience>4</TotalMonthsOfManagementWorkExperience>
<TotalYearsOfManagementWorkExperience>0.3</TotalYearsOfManagementWorkExperience>
<TotalMonthsOfLowLevelManagementWorkExperience>4</TotalMonthsOfLowLevelManagementWorkExperience>
<TotalYearsOfLowLevelManagementWorkExperience>0.3</TotalYearsOfLowLevelManagementWorkExperience>
<ExecutiveBrief>Allen Perkins is a resident of Brooklyn, NY, US. He has been working in the Sales  occupational sector for more than 3 years. During his last employment he was working as an Inside Sales Representative at KYRIBA. Allen has some experience in managment (4 months).</ExecutiveBrief>
<ManagementRecord>Since 2012-07 for 4 months the candidate had experience at a lower grade management level working as a Asset Manager at NORTHERN LEASING SYSTEMS INC.
</ManagementRecord>
</ExperienceSummary>
</AdditionalPersonalData>
<ParserInfo>
<ParserConfiguration>{max_len=50000} {tel_flag=} {send_zip=} {fast_conv=} {DEF_LOCAL=} {sdate=0} {no_email_body=0} {do_clever_zoning=1} {keep_span=1} {complex=1} {accept_langs=} {not_accept_langs=} {prefer_lang_cv=EN} {pers_only=0} {turbo=0} {split_language=0} {picture=0} {picture_inline=0} {name_space=0} {charset=} {hrxml_upgrade_edu_hist=0}{hrxml_add_languages_section=0}{spool=} {docID=} {user=DEFAULT} </ParserConfiguration>
<ParserRelease>0.12.3.32629</ParserRelease>
<ParserReleaseDate>2014-06-18</ParserReleaseDate>
<ParserSchema>2.0.29</ParserSchema>
<ParserSchemaLocation>http://cvx.daxtra.com/cvts/xsd/candidate/2.0.29/Resume.xsd</ParserSchemaLocation>
<ConverterRelease>0.5.2.32629</ConverterRelease>
<ConverterReleaseDate>2014-06-18</ConverterReleaseDate>
</ParserInfo>
<FileStruct filename='/home/izoom/anazarov/grammar/analysis/3rconnect/doc/100_Resumes-Walsh/perkins.docx'>

<attachment fname='perkins.docx' ftype='docx' conv='yes' doc_type='cv' lang='EN'>/home/izoom/anazarov/grammar/analysis/3rconnect/doc/100_Resumes-Walsh/perkins.docx</attachment>


</FileStruct>
</DaxResumeUserArea>
</UserArea>
</Resume>
