<?xml version='1.0' encoding='ISO-8859-1'?>
<Resume lang='en' src='DAXTRA-CVX schema:2.0.29 release:0.12.3.32629 rdate:2014-06-18'>
<StructuredXMLResume>
<ContactInfo>
<PersonName id='2'>
<FormattedName>Rashmi B Sheth</FormattedName>
<GivenName>Rashmi</GivenName>
<MiddleName>B</MiddleName>
<FamilyName>Sheth</FamilyName>
<sex>Male</sex>
</PersonName>
<ContactMethod>
<Mobile id='4'>
<InternationalCountryCode>1</InternationalCountryCode>
<SubscriberNumber>908-436-7708</SubscriberNumber>
<FormattedNumber>+1 908-436-7708</FormattedNumber></Mobile>

<InternetEmailAddress id='3' type='main'>RBSheth@gmail.com</InternetEmailAddress>
</ContactMethod>
</ContactInfo>
<ExecutiveSummary>*  A derivative products professional with excellent academic achievements including awards &#38; scholarships. ; 
  *  Proven expertise and solid product knowledge relating to all OTC derivative products -it's risk, P&#38;L accounting, attribution, legal ;</ExecutiveSummary>

<Nationality id='171_1'>US</Nationality>

<EmploymentHistory>
<EmployerOrg employerOrgType='soleEmployer'>
<EmployerOrgName id='55_1'>JPMorgan</EmployerOrgName>

<PositionHistory>
<Title id='55_3_1'>consultant</Title>
<OrgName id='55_2'>Chase - Equity</OrgName>




<StartDate id='55_4'><Year>2013</Year></StartDate>
<EndDate>notApplicable</EndDate>



<JobLevelInfo>
<JobGrade>joblevel-nonmanager-low</JobGrade>
</JobLevelInfo>

<JobCategory>
<TaxonomyName>JOBAREA</TaxonomyName>
<CategoryCode>banking-finance</CategoryCode>
</JobCategory>


<UserArea>
<DaxPositionHistoryUserArea>
<TLSPAN first_id='55' last_id='55' border_id='68'></TLSPAN>
</DaxPositionHistoryUserArea>
</UserArea>
</PositionHistory>
</EmployerOrg>

<EmployerOrg employerOrgType='soleEmployer'>
<EmployerOrgName id='68_1'>IDT Consultants, Inc.</EmployerOrgName>

<PositionHistory positionType='PERMANENT'>
<Title id='68_2_1'>Consultant</Title>
<OrgName id='68_1'>IDT Consultants, Inc.</OrgName>



<Description>*  Formulated &#38; implemented portfolio strategy for investments for clients. Actively managed investment portfolios. Conducted financial statement analysis including ratio calculations, identifying investment opportunities. ; 
    *  Worked on a variety of projects, which provided exposure to financial advisory and investment banking products. Analyzed and structured strategies to manage the interest rate risk of mortgages using IR swaps, swaptions. ; 
    *  Enhanced returns by writing covered calls on different types of securities. ;</Description>
<StartDate id='68_3_1'><Year>2011</Year></StartDate>
<EndDate id='68_3_2'><Year>2013</Year></EndDate>



<JobLevelInfo>
<JobGrade>joblevel-nonmanager-low</JobGrade>
</JobLevelInfo>

<JobCategory>
<TaxonomyName>JOBAREA</TaxonomyName>
<CategoryCode>banking-finance</CategoryCode>
</JobCategory>


<UserArea>
<DaxPositionHistoryUserArea>
<TLSPAN first_id='68' last_id='72' border_id='75'></TLSPAN>
<MonthsOfWork>24</MonthsOfWork>
</DaxPositionHistoryUserArea>
</UserArea>
</PositionHistory>
</EmployerOrg>

<EmployerOrg employerOrgType='soleEmployer'>

<PositionHistory positionType='PERMANENT'>
<Title id='74_1'>Consultant</Title>




<Description>CSFB Prime Brokerage desk support - Portfolio swaps Group- 
*  Responsible for price verification of positions held in the portfolios - equity swaps, variance swaps, total return swaps, portfolio swaps for hedge Funds in Primeview system. ; 
    *  Wrote business requirements, functional specifications, designed testing plans. ; 
    *  Preparation of management reports and analysis to assist portfolio management and finance managers areas of trade structuring, valuations &#38; development controls. Worked with Prime swap and web based prime view systems. ; 
    *  Resolved settlement issues with clients regarding portfolio swaps. Verified and reported daily and monthly P&#38;L. ; 
    *  Resolved valuation differences on the synthetic equity swaps derivatives between systems. Liaise with IT, operations, legal, trading floor ;</Description>
<StartDate id='75_1'><Year>2007</Year></StartDate>
<EndDate id='75_2'><Year>2008</Year></EndDate>



<JobLevelInfo>
<JobGrade>joblevel-nonmanager-low</JobGrade>
</JobLevelInfo>

<JobCategory>
<TaxonomyName>JOBAREA</TaxonomyName>
<CategoryCode>accountancy</CategoryCode>
</JobCategory>


<UserArea>
<DaxPositionHistoryUserArea>
<TLSPAN first_id='73' last_id='85' border_id='89'></TLSPAN>
<MonthsOfWork>12</MonthsOfWork>
</DaxPositionHistoryUserArea>
</UserArea>
</PositionHistory>
</EmployerOrg>

<EmployerOrg employerOrgType='soleEmployer'>
<EmployerOrgName id='86'>Deutsche Bank</EmployerOrgName>

<PositionHistory positionType='CONTRACT'>
<Title id='88_1'>Consultant</Title>
<OrgName id='86'>Deutsche Bank</OrgName>



<Description>*  Assist in the development of a valuation and price verification framework for synthetic swaps book in Summit system and Microsoft access ; 
    *  Reviewed, substantiated and reported T+1 risk and P&#38;L Attribution on a daily basis. ; 
    *  Identified, researched &#38; resolved equity derivative trade structuring differences pertaining to swap products using ISDA Master. Analyzed transaction and process flows ; 
    *  Worked with trading desk for Flash P&#38;L reconciliation of index equity trades. ; 
    *  Responsible for preparing prices and fair value reports for swaps prop desks. ;</Description>
<StartDate id='89'><Year>2007</Year></StartDate>
<EndDate id='89'><Year>2007</Year></EndDate>



<JobLevelInfo>
<JobGrade>joblevel-nonmanager-low</JobGrade>
</JobLevelInfo>

<JobCategory>
<TaxonomyName>JOBAREA</TaxonomyName>
<CategoryCode>it</CategoryCode>
</JobCategory>


<UserArea>
<DaxPositionHistoryUserArea>
<TLSPAN first_id='86' last_id='98' border_id='102'></TLSPAN>
<MonthsOfWork>7</MonthsOfWork>
</DaxPositionHistoryUserArea>
</UserArea>
</PositionHistory>
</EmployerOrg>

<EmployerOrg employerOrgType='soleEmployer'>
<EmployerOrgName id='99'>Wachovia Securities</EmployerOrgName>

<PositionHistory positionType='PERMANENT'>

<OrgName id='101'>Derivatives Group</OrgName>



<Description>Wachovia Securities - Equity Derivatives Group-BA                                                                                                                                                                    
*  Wrote business requirements, functional specifications, testing plans and specified screen design and wrote user manual for imagine. ; 
    *  Managed the conversion project, conducted meetings and maintained project plans ; 
    *  Tracked conversion project by using Test Director Software. ; 
    *  Accomplished conversion of equity basket swaps to new Imagine trade capture system. ; 
    *  Back tested and enhanced various multifactor risk  models to enhance explanatory power ; 
    *  Participated in dry run and UAT testing for potential impact and deltas on positions of new products ; 
    *  Participated in the redesign of large multifaceted derivative processes ; 
    *  Experience in forming detailed functional requirements, process flow, testing and reporting analysis

    *  Decomposed and analyzed market risk along various components and to make sure that daily deltas reflect the market movements. Contributed ideas to enhance operational &#38; process efficiency ; 
    *  Trade analysis pertaining to complex derivative structures including total return swaps and synthetic structures. ; 
    *  Performed variance analysis for TRS.  P &#38; L analysis for equity swaps. ; 
    *  Performed attribution analysis for equity swaps portfolios. Familiar with return based equity models. ;</Description>
<StartDate id='102_1'><Year>2006</Year></StartDate>
<EndDate id='102_2'><Year>2007</Year></EndDate>




<JobCategory>
<TaxonomyName>JOBAREA</TaxonomyName>
<CategoryCode>banking-finance</CategoryCode>
</JobCategory>


<UserArea>
<DaxPositionHistoryUserArea>
<TLSPAN first_id='99' last_id='117' border_id='118'></TLSPAN>
<MonthsOfWork>12</MonthsOfWork>
</DaxPositionHistoryUserArea>
</UserArea>
</PositionHistory>
</EmployerOrg>

<EmployerOrg employerOrgType='soleEmployer'>
<EmployerOrgName id='118_1'>CITIGroup NY</EmployerOrgName>
<EmployerContactInfo>
<LocationSummary id='120'>
<CountryCode>BM</CountryCode>
</LocationSummary>
</EmployerContactInfo>
<PositionHistory positionType='PERMANENT'>
<Title id='125_1'>DJ</Title>
<OrgName id='118_2'>Fixed Income Derivatives Group</OrgName>



<Description>*  Complete trade analysis including calculations pertaining to complex derivative structures including Bermuda swaptions, total return, forex factor, off market swaps, Credit default swaps, Basket swaps, and synthetic structures in Oasys and Calypso ; 
*  Resolved issues relating to  CDS on single name corporates and corporate index trades (CDX, iTraxx, DJ index CDX) ; 
*  Researched the valuation issues and performed related calculations regarding structured products like CLO, CDOs. ; 
    *  Responsible for identifying, analyzing &#38; resolving trade structuring differences from valuation point of view between systems. ; 
    *  Validate pricing model implementation and analysis for IR swaps, swaptions to verify valuation and calculate P&#38;L exposure. Responsible for SUMMIT system development and enhancements. ; 
    *  Responsible for confirmation of reset values for IRswaps, in accordance with ISDA Master Agreements. ; 
    *  Responsible for systems development on enhancements, corrections and changes to in-house systems design &#38; valuation of IRS, in Summit. ;</Description>
<StartDate id='118_3_1'><Year>2004</Year></StartDate>
<EndDate id='118_3_2'><Year>2006</Year></EndDate>




<JobCategory>
<TaxonomyName>JOBAREA</TaxonomyName>
<CategoryCode>it</CategoryCode>
</JobCategory>


<UserArea>
<DaxPositionHistoryUserArea>
<TLSPAN first_id='118' last_id='132' border_id='136'></TLSPAN>
<MonthsOfWork>24</MonthsOfWork>
</DaxPositionHistoryUserArea>
</UserArea>
</PositionHistory>
</EmployerOrg>

<EmployerOrg employerOrgType='soleEmployer'>
<EmployerOrgName id='133'>MORGAN STANLEY</EmployerOrgName>

<PositionHistory positionType='PERMANENT'>

<OrgName id='135'>FI</OrgName>

<OrgIndustry primaryIndicator='true'><IndustryDescription>derivatives group</IndustryDescription></OrgIndustry>

<Description>*  Performed scenario analysis and sensitivity testing for various interest rate and fx swaps ; 
    *  Confirmed integration of information feeds, quantified yield curve build, structured differences on daily basis for controllers.  Pricing model review for FI swaps, swaptions. ; 
    *  Wrote business requirements, functional specifications, testing plans and specified screen design and wrote user manual. Accomplished conversion of equity, currency swaps from manual process to new Summit trade capture system in areas of trade structuring, valuations &#38; development controls for summit system from front to back.

    *  Developed and enhanced pricing models for IR swaps to verify valuation and calculate profit/loss exposure given hypothetical market fluctuation scenarios resulting from shifts in relevant yield curves. Defined pricing environment, zero curve derivation methodologies (bootstrapping) for interest rate swaps. Participated in securitization of CMOs. ; 
    *  Identified, researched &#38; resolved fixed income derivative trade structuring differences from valuation / mark to market point of view between systems. Analysis involved calculation of cash flows, discount factor - NPV's, and scenario analysis ; 
    *  Responsible for risk and return assessments (variance analysis) of equity swaps &#38; IR swaps portfolios, to senior management. ; 
    *  Identified, researched &#38; resolved major inconsistencies in actual swap reset values, saving the company Millions of $ in additional interest, resulting in accurate confirmation generations. ; 
    *  Optimized performance of staff members to generate daily valuation reports from Summit for senior management review. Generated P&#38;L explain daily. ;</Description>
<StartDate id='136_1'><Year>1994</Year></StartDate>
<EndDate id='136_2'><Year>1999</Year></EndDate>




<JobCategory>
<TaxonomyName>JOBAREA</TaxonomyName>
<CategoryCode>banking-finance</CategoryCode>
</JobCategory>


<UserArea>
<DaxPositionHistoryUserArea>
<TLSPAN first_id='133' last_id='155' border_id='0'></TLSPAN>
<MonthsOfWork>60</MonthsOfWork>
</DaxPositionHistoryUserArea>
</UserArea>
</PositionHistory>
</EmployerOrg>

</EmploymentHistory>
<EducationHistory>
<SchoolOrInstitution schoolType='college'>
<SchoolName id='25_1'>AIMR</SchoolName>



<Degree degreeType='some college'>
<DegreeName id='24'>CFA level 3</DegreeName>

</Degree>




<Comments>*  Valedictorian for master's program. Currently   CFA level 3   candidate. NYSSA &#38; AIMR scholarship recipient.
  *  Attended ISDA Master    Negotiation and Credit Derivatives boot camps-scored in 90% in the exams. ; 
  *  Certified in Microsoft excel 2007, Proficient in Microsoft Office Suite 2007 applications- Attended Tech school for 4 months

Computer and Systems Skills
 Certified Microsoft Excel 2007 office specialist. Took Microsoft Office Suite 2007 Specialist Course

  Proficient in Access, Word,  PowerPoint and  Outlook.
  Proficient in Bloomberg, Reuters, Summit, Imagine, OASYS, Calypso, Primeswap and Primeview systems. 
  Familiar with Pyramid -risk management system

 Handled systems conversions, parallel testing and UAT.</Comments>
</SchoolOrInstitution>

<SchoolOrInstitution schoolType='college'>
<SchoolName id='26_1'>ISDA</SchoolName>



<Degree degreeType='masters'>
<DegreeName id='26_2'>Master</DegreeName>

</Degree>




<Comments>Negotiation and Credit Derivatives boot camps-scored in 90% in the exams.
  *  Certified in Microsoft excel 2007, Proficient in Microsoft Office Suite 2007 applications- Attended Tech school for 4 months

Computer and Systems Skills
 Certified Microsoft Excel 2007 office specialist. Took Microsoft Office Suite 2007 Specialist Course

  Proficient in Access, Word,  PowerPoint and  Outlook.
  Proficient in Bloomberg, Reuters, Summit, Imagine, OASYS, Calypso, Primeswap and Primeview systems. 
  Familiar with Pyramid -risk management system

 Handled systems conversions, parallel testing and UAT.</Comments>
</SchoolOrInstitution>

<SchoolOrInstitution schoolType='university'>
<SchoolName id='158'>Rutgers University</SchoolName>



<Degree degreeType='some post-graduate'>
<DegreeName id='157'>CFA level 3</DegreeName>

</Degree>




<Comments>NJ: Currently taking courses in Math to enhance my quantitative background
    NEW YORK UNIVERSITY, New York- Certificate in Financial Risk management -
    New York Institute of Finance, New York - Courses in Risk Management
    Northwestern University, Evanston, Illinois- Courses in Derivatives

    BOMBAY UNIVERSITY, Merit scholar -Bombay- India
    Master's Degree in International finance and Banking- Valedictorian (out of 4000 students), for Masters Program.
    Merit scholarships    &#38; awards in Banking &#38; Finance
    Bachelor's Degree in Advanced Accounting and Banking

    WORK STATUS- US citizen</Comments>
</SchoolOrInstitution>

<SchoolOrInstitution schoolType='university'>
<SchoolName id='159_1'>NEW YORK UNIVERSITY</SchoolName>
<LocationSummary id='159_2'>
<Municipality>New York</Municipality>
</LocationSummary>


<Degree degreeType='certification'>
<DegreeName id='159_3'>Certificate in Financial Risk management</DegreeName>

</Degree>




<Comments>New York Institute of Finance, New York - Courses in Risk Management
    Northwestern University, Evanston, Illinois- Courses in Derivatives

    BOMBAY UNIVERSITY, Merit scholar -Bombay- India
    Master's Degree in International finance and Banking- Valedictorian (out of 4000 students), for Masters Program.
    Merit scholarships    &#38; awards in Banking &#38; Finance
    Bachelor's Degree in Advanced Accounting and Banking

    WORK STATUS- US citizen</Comments>
</SchoolOrInstitution>

</EducationHistory>











<Competency oids='12 65 87 97 100 106 117 134 141 ' description='Skill' auth='yes' name='Equities'>
<CompetencyEvidence name='Extent of Experience' typeDescription='Extent of Experience' type='MONTH' lastUsed='2007'><NumericValue description='MONTH'>79</NumericValue></CompetencyEvidence>

<CompetencyEvidence typeDescription='Alias' name='Alias'><StringValue>Equity</StringValue></CompetencyEvidence>

<CompetencyWeight type='skillLevel'><NumericValue minValue='0' maxValue='100'>28</NumericValue></CompetencyWeight>

<CompetencyWeight type='skillProficiency'><StringValue minValue='BASIC' maxValue='EXCELLENT'>BASIC</StringValue></CompetencyWeight>
</Competency>

<Competency oids='72 127 143 144 152 ' description='Skill' auth='yes' name='Interest Rate Swaps IRS'>
<CompetencyEvidence name='Extent of Experience' typeDescription='Extent of Experience' type='MONTH' lastUsed='2013'><NumericValue description='MONTH'>108</NumericValue></CompetencyEvidence>

<CompetencyEvidence typeDescription='Alias' name='Alias'><StringValue>IR swaps</StringValue></CompetencyEvidence>

<CompetencyEvidence typeDescription='Alias' name='Alias'><StringValue>interest rate swaps</StringValue></CompetencyEvidence>

<CompetencyWeight type='skillLevel'><NumericValue minValue='0' maxValue='100'>97</NumericValue></CompetencyWeight>

<CompetencyWeight type='skillProficiency'><StringValue minValue='BASIC' maxValue='EXCELLENT'>EXCELLENT</StringValue></CompetencyWeight>
</Competency>

<Competency oids='77 83 114 116 151 ' description='Skill' auth='yes' name='Equity Swaps'>
<CompetencyEvidence name='Extent of Experience' typeDescription='Extent of Experience' type='MONTH' lastUsed='2008'><NumericValue description='MONTH'>84</NumericValue></CompetencyEvidence>

<CompetencyWeight type='skillLevel'><NumericValue minValue='0' maxValue='100'>54</NumericValue></CompetencyWeight>

<CompetencyWeight type='skillProficiency'><StringValue minValue='BASIC' maxValue='EXCELLENT'>WORKING</StringValue></CompetencyWeight>
</Competency>

<Competency oids='7 95 128 ' description='Skill' auth='yes' name='Profit and Loss Accounts'>
<CompetencyEvidence name='Extent of Experience' typeDescription='Extent of Experience' type='MONTH' lastUsed='2007'><NumericValue description='MONTH'>31</NumericValue></CompetencyEvidence>

<CompetencyEvidence typeDescription='Alias' name='Alias'><StringValue>P&#38;L accounting</StringValue></CompetencyEvidence>

<CompetencyEvidence typeDescription='Alias' name='Alias'><StringValue>P&#38;L</StringValue></CompetencyEvidence>

<CompetencyEvidence typeDescription='Alias' name='Alias'><StringValue>P&#38;L</StringValue></CompetencyEvidence>

<CompetencyWeight type='skillLevel'><NumericValue minValue='0' maxValue='100'>22</NumericValue></CompetencyWeight>

<CompetencyWeight type='skillProficiency'><StringValue minValue='BASIC' maxValue='EXCELLENT'>BASIC</StringValue></CompetencyWeight>
</Competency>

<Competency oids='32 37 39 ' description='Skill > IT' auth='yes' name='Microsoft Office'>
<CompetencyEvidence typeDescription='Alias' name='Alias'><StringValue>Microsoft Office Suite 2007</StringValue></CompetencyEvidence>

<CompetencyEvidence typeDescription='Alias' name='Alias'><StringValue>office</StringValue></CompetencyEvidence>

<CompetencyWeight type='skillLevel'><NumericValue minValue='0' maxValue='100'>84</NumericValue></CompetencyWeight>

<CompetencyWeight type='skillProficiency'><StringValue minValue='BASIC' maxValue='EXCELLENT'>EXCELLENT</StringValue></CompetencyWeight>
</Competency>

<Competency oids='30 36 ' description='Skill > IT' auth='yes' name='Microsoft Excel'>
<CompetencyEvidence typeDescription='Alias' name='Alias'><StringValue>excel</StringValue></CompetencyEvidence>

<CompetencyEvidence typeDescription='Alias' name='Alias'><StringValue>2007</StringValue></CompetencyEvidence>

<CompetencyEvidence typeDescription='Alias' name='Alias'><StringValue>Excel 2007</StringValue></CompetencyEvidence>

<CompetencyWeight type='skillLevel'><NumericValue minValue='0' maxValue='100'>13</NumericValue></CompetencyWeight>
</Competency>

<Competency oids='60 66 92 ' description='Skill' auth='yes' name='Equities as Derivatives'>
<CompetencyEvidence name='Extent of Experience' typeDescription='Extent of Experience' type='MONTH' lastUsed='2007'><NumericValue description='MONTH'>7</NumericValue></CompetencyEvidence>

<CompetencyEvidence typeDescription='Alias' name='Alias'><StringValue>equity derivatives</StringValue></CompetencyEvidence>

<CompetencyEvidence typeDescription='Alias' name='Alias'><StringValue>equities derivative</StringValue></CompetencyEvidence>

<CompetencyEvidence typeDescription='Alias' name='Alias'><StringValue>equity derivative</StringValue></CompetencyEvidence>

<CompetencyWeight type='skillLevel'><NumericValue minValue='0' maxValue='100'>20</NumericValue></CompetencyWeight>

<CompetencyWeight type='skillProficiency'><StringValue minValue='BASIC' maxValue='EXCELLENT'>BASIC</StringValue></CompetencyWeight>
</Competency>

<Competency oids='20 84 165 ' description='Skill' auth='yes' name='Derivatives'>
<CompetencyEvidence name='Extent of Experience' typeDescription='Extent of Experience' type='MONTH' lastUsed='2008'><NumericValue description='MONTH'>12</NumericValue></CompetencyEvidence>

<CompetencyWeight type='skillLevel'><NumericValue minValue='0' maxValue='100'>45</NumericValue></CompetencyWeight>

<CompetencyWeight type='skillProficiency'><StringValue minValue='BASIC' maxValue='EXCELLENT'>WORKING</StringValue></CompetencyWeight>
</Competency>

<Competency oids='13 138 142 ' description='Skill' auth='yes' name='Currency Swaps'>
<CompetencyEvidence name='Extent of Experience' typeDescription='Extent of Experience' type='MONTH' lastUsed='1999'><NumericValue description='MONTH'>60</NumericValue></CompetencyEvidence>

<CompetencyEvidence typeDescription='Alias' name='Alias'><StringValue>FX swaps</StringValue></CompetencyEvidence>

<CompetencyWeight type='skillLevel'><NumericValue minValue='0' maxValue='100'>27</NumericValue></CompetencyWeight>

<CompetencyWeight type='skillProficiency'><StringValue minValue='BASIC' maxValue='EXCELLENT'>BASIC</StringValue></CompetencyWeight>
</Competency>

<Competency oids='103 140 ' description='Skill' auth='no' name='specified screen design'>
<CompetencyEvidence name='Extent of Experience' typeDescription='Extent of Experience' type='MONTH' lastUsed='2007'><NumericValue description='MONTH'>72</NumericValue></CompetencyEvidence>

<CompetencyWeight type='skillLevel'><NumericValue minValue='0' maxValue='100'>28</NumericValue></CompetencyWeight>

<CompetencyWeight type='skillProficiency'><StringValue minValue='BASIC' maxValue='EXCELLENT'>BASIC</StringValue></CompetencyWeight>
</Competency>

<Competency oids='16 148 ' description='Skill' auth='no' name='scenario analysis'>
<CompetencyEvidence name='Extent of Experience' typeDescription='Extent of Experience' type='MONTH' lastUsed='1999'><NumericValue description='MONTH'>60</NumericValue></CompetencyEvidence>

<CompetencyWeight type='skillLevel'><NumericValue minValue='0' maxValue='100'>24</NumericValue></CompetencyWeight>

<CompetencyWeight type='skillProficiency'><StringValue minValue='BASIC' maxValue='EXCELLENT'>BASIC</StringValue></CompetencyWeight>
</Competency>

<Competency oids='21 52 ' description='Skill' auth='no' name='parallel testing'>
<CompetencyWeight type='skillLevel'><NumericValue minValue='0' maxValue='100'>13</NumericValue></CompetencyWeight>
</Competency>

<Competency oids='57 63 ' description='Skill' auth='no' name='middle Office'>
<CompetencyEvidence typeDescription='Alias' name='Alias'><StringValue>middle</StringValue></CompetencyEvidence>

<CompetencyWeight type='skillLevel'><NumericValue minValue='0' maxValue='100'>13</NumericValue></CompetencyWeight>
</Competency>

<Competency oids='58 64 ' description='Skill' auth='no' name='front office'>
<CompetencyWeight type='skillLevel'><NumericValue minValue='0' maxValue='100'>13</NumericValue></CompetencyWeight>
</Competency>

<Competency oids='22 53 ' description='Skill' auth='yes' name='User Acceptance Testing'>
<CompetencyEvidence typeDescription='Alias' name='Alias'><StringValue>UAT</StringValue></CompetencyEvidence>

<CompetencyWeight type='skillLevel'><NumericValue minValue='0' maxValue='100'>13</NumericValue></CompetencyWeight>
</Competency>

<Competency oids='59 107 ' description='Skill' auth='no' name='UAT testing'>
<CompetencyEvidence name='Extent of Experience' typeDescription='Extent of Experience' type='MONTH' lastUsed='2007'><NumericValue description='MONTH'>12</NumericValue></CompetencyEvidence>

<CompetencyWeight type='skillLevel'><NumericValue minValue='0' maxValue='100'>19</NumericValue></CompetencyWeight>

<CompetencyWeight type='skillProficiency'><StringValue minValue='BASIC' maxValue='EXCELLENT'>BASIC</StringValue></CompetencyWeight>
</Competency>

<Competency oids='85 94 ' description='Skill' auth='yes' name='Trading'>
<CompetencyEvidence name='Extent of Experience' typeDescription='Extent of Experience' type='MONTH' lastUsed='2008'><NumericValue description='MONTH'>19</NumericValue></CompetencyEvidence>

<CompetencyEvidence typeDescription='Alias' name='Alias'><StringValue>trading floor</StringValue></CompetencyEvidence>

<CompetencyEvidence typeDescription='Alias' name='Alias'><StringValue>trading desk</StringValue></CompetencyEvidence>

<CompetencyWeight type='skillLevel'><NumericValue minValue='0' maxValue='100'>48</NumericValue></CompetencyWeight>

<CompetencyWeight type='skillProficiency'><StringValue minValue='BASIC' maxValue='EXCELLENT'>WORKING</StringValue></CompetencyWeight>
</Competency>

<Competency oids='6 61 ' description='Skill' auth='yes' name='OTC Structured Products'>
<CompetencyEvidence typeDescription='Alias' name='Alias'><StringValue>OTC derivative products</StringValue></CompetencyEvidence>

<CompetencyEvidence typeDescription='Alias' name='Alias'><StringValue>OTC derivatives</StringValue></CompetencyEvidence>

<CompetencyWeight type='skillLevel'><NumericValue minValue='0' maxValue='100'>13</NumericValue></CompetencyWeight>
</Competency>

<Competency oids='42 91 ' description='Skill > IT' auth='yes' name='Microsoft Access'>
<CompetencyEvidence name='Extent of Experience' typeDescription='Extent of Experience' type='MONTH' lastUsed='2007'><NumericValue description='MONTH'>7</NumericValue></CompetencyEvidence>

<CompetencyEvidence typeDescription='Alias' name='Alias'><StringValue>Access</StringValue></CompetencyEvidence>

<CompetencyWeight type='skillLevel'><NumericValue minValue='0' maxValue='100'>83</NumericValue></CompetencyWeight>

<CompetencyWeight type='skillProficiency'><StringValue minValue='BASIC' maxValue='EXCELLENT'>EXCELLENT</StringValue></CompetencyWeight>
</Competency>

<Competency oids='14 146 ' description='Skill' auth='yes' name='Mark to Market'>
<CompetencyEvidence name='Extent of Experience' typeDescription='Extent of Experience' type='MONTH' lastUsed='1999'><NumericValue description='MONTH'>60</NumericValue></CompetencyEvidence>

<CompetencyWeight type='skillLevel'><NumericValue minValue='0' maxValue='100'>24</NumericValue></CompetencyWeight>

<CompetencyWeight type='skillProficiency'><StringValue minValue='BASIC' maxValue='EXCELLENT'>BASIC</StringValue></CompetencyWeight>
</Competency>

<Competency oids='153 155 ' description='Skill' auth='yes' name='Managerial Skills'>
<CompetencyEvidence name='Extent of Experience' typeDescription='Extent of Experience' type='MONTH' lastUsed='1999'><NumericValue description='MONTH'>60</NumericValue></CompetencyEvidence>

<CompetencyEvidence typeDescription='Alias' name='Alias'><StringValue>senior management</StringValue></CompetencyEvidence>

<CompetencyWeight type='skillLevel'><NumericValue minValue='0' maxValue='100'>24</NumericValue></CompetencyWeight>

<CompetencyWeight type='skillProficiency'><StringValue minValue='BASIC' maxValue='EXCELLENT'>BASIC</StringValue></CompetencyWeight>
</Competency>

<Competency oids='23 104 ' description='Skill' auth='no' name='Managed the conversion'>
<CompetencyEvidence name='Extent of Experience' typeDescription='Extent of Experience' type='MONTH' lastUsed='2007'><NumericValue description='MONTH'>12</NumericValue></CompetencyEvidence>

<CompetencyWeight type='skillLevel'><NumericValue minValue='0' maxValue='100'>21</NumericValue></CompetencyWeight>

<CompetencyWeight type='skillProficiency'><StringValue minValue='BASIC' maxValue='EXCELLENT'>BASIC</StringValue></CompetencyWeight>
</Competency>

<Competency oids='8 93 ' description='Skill' auth='yes' name='ISDA'>
<CompetencyEvidence name='Extent of Experience' typeDescription='Extent of Experience' type='MONTH' lastUsed='2007'><NumericValue description='MONTH'>7</NumericValue></CompetencyEvidence>

<CompetencyWeight type='skillLevel'><NumericValue minValue='0' maxValue='100'>20</NumericValue></CompetencyWeight>

<CompetencyWeight type='skillProficiency'><StringValue minValue='BASIC' maxValue='EXCELLENT'>BASIC</StringValue></CompetencyWeight>
</Competency>

<Competency oids='122 124 ' description='Skill' auth='yes' name='Credit Default Swap'>
<CompetencyEvidence name='Extent of Experience' typeDescription='Extent of Experience' type='MONTH' lastUsed='2006'><NumericValue description='MONTH'>24</NumericValue></CompetencyEvidence>

<CompetencyEvidence typeDescription='Alias' name='Alias'><StringValue>Credit default swaps</StringValue></CompetencyEvidence>

<CompetencyEvidence typeDescription='Alias' name='Alias'><StringValue>CDS</StringValue></CompetencyEvidence>

<CompetencyWeight type='skillLevel'><NumericValue minValue='0' maxValue='100'>24</NumericValue></CompetencyWeight>

<CompetencyWeight type='skillProficiency'><StringValue minValue='BASIC' maxValue='EXCELLENT'>BASIC</StringValue></CompetencyWeight>
</Competency>

<Competency oids='49 123 ' description='Skill > IT' auth='yes' name='Calypso Financial Software'>
<CompetencyEvidence name='Extent of Experience' typeDescription='Extent of Experience' type='MONTH' lastUsed='2006'><NumericValue description='MONTH'>24</NumericValue></CompetencyEvidence>

<CompetencyEvidence typeDescription='Alias' name='Alias'><StringValue>Calypso</StringValue></CompetencyEvidence>

<CompetencyWeight type='skillLevel'><NumericValue minValue='0' maxValue='100'>23</NumericValue></CompetencyWeight>

<CompetencyWeight type='skillProficiency'><StringValue minValue='BASIC' maxValue='EXCELLENT'>BASIC</StringValue></CompetencyWeight>
</Competency>

<Competency oids='17 ' description='Skill' auth='no' name='upper management'>
<CompetencyWeight type='skillLevel'><NumericValue minValue='0' maxValue='100'>13</NumericValue></CompetencyWeight>
</Competency>

<Competency oids='108 ' description='Skill' auth='no' name='reporting analysis'>
<CompetencyEvidence name='Extent of Experience' typeDescription='Extent of Experience' type='MONTH' lastUsed='2007'><NumericValue description='MONTH'>12</NumericValue></CompetencyEvidence>

<CompetencyWeight type='skillLevel'><NumericValue minValue='0' maxValue='100'>18</NumericValue></CompetencyWeight>

<CompetencyWeight type='skillProficiency'><StringValue minValue='BASIC' maxValue='EXCELLENT'>BASIC</StringValue></CompetencyWeight>
</Competency>

<Competency oids='126 ' description='Skill' auth='no' name='pricing model implementation and analysis'>
<CompetencyEvidence name='Extent of Experience' typeDescription='Extent of Experience' type='MONTH' lastUsed='2006'><NumericValue description='MONTH'>24</NumericValue></CompetencyEvidence>

<CompetencyWeight type='skillLevel'><NumericValue minValue='0' maxValue='100'>22</NumericValue></CompetencyWeight>

<CompetencyWeight type='skillProficiency'><StringValue minValue='BASIC' maxValue='EXCELLENT'>BASIC</StringValue></CompetencyWeight>
</Competency>

<Competency oids='71 ' description='Skill' auth='no' name='manage the interest rate risk'>
<CompetencyEvidence name='Extent of Experience' typeDescription='Extent of Experience' type='MONTH' lastUsed='2013'><NumericValue description='MONTH'>24</NumericValue></CompetencyEvidence>

<CompetencyWeight type='skillLevel'><NumericValue minValue='0' maxValue='100'>95</NumericValue></CompetencyWeight>

<CompetencyWeight type='skillProficiency'><StringValue minValue='BASIC' maxValue='EXCELLENT'>EXCELLENT</StringValue></CompetencyWeight>
</Competency>

<Competency oids='90 ' description='Skill' auth='no' name='development of a valuation and price verification framework'>
<CompetencyEvidence name='Extent of Experience' typeDescription='Extent of Experience' type='MONTH' lastUsed='2007'><NumericValue description='MONTH'>7</NumericValue></CompetencyEvidence>

<CompetencyWeight type='skillLevel'><NumericValue minValue='0' maxValue='100'>22</NumericValue></CompetencyWeight>

<CompetencyWeight type='skillProficiency'><StringValue minValue='BASIC' maxValue='EXCELLENT'>BASIC</StringValue></CompetencyWeight>
</Competency>

<Competency oids='19 ' description='Skill' auth='no' name='business requirement analysis'>
<CompetencyWeight type='skillLevel'><NumericValue minValue='0' maxValue='100'>13</NumericValue></CompetencyWeight>
</Competency>

<Competency oids='81 ' description='Skill' auth='no' name='assist portfolio management'>
<CompetencyEvidence name='Extent of Experience' typeDescription='Extent of Experience' type='MONTH' lastUsed='2008'><NumericValue description='MONTH'>12</NumericValue></CompetencyEvidence>

<CompetencyWeight type='skillLevel'><NumericValue minValue='0' maxValue='100'>45</NumericValue></CompetencyWeight>

<CompetencyWeight type='skillProficiency'><StringValue minValue='BASIC' maxValue='EXCELLENT'>WORKING</StringValue></CompetencyWeight>
</Competency>

<Competency oids='15 ' description='Skill' auth='no' name='analysis of pricing factors and risk system components'>
<CompetencyWeight type='skillLevel'><NumericValue minValue='0' maxValue='100'>13</NumericValue></CompetencyWeight>
</Competency>

<Competency oids='150 ' description='Skill' auth='yes' name='Variance Analysis'>
<CompetencyEvidence name='Extent of Experience' typeDescription='Extent of Experience' type='MONTH' lastUsed='1999'><NumericValue description='MONTH'>60</NumericValue></CompetencyEvidence>

<CompetencyWeight type='skillLevel'><NumericValue minValue='0' maxValue='100'>24</NumericValue></CompetencyWeight>

<CompetencyWeight type='skillProficiency'><StringValue minValue='BASIC' maxValue='EXCELLENT'>BASIC</StringValue></CompetencyWeight>
</Competency>

<Competency oids='154 ' description='Skill' auth='yes' name='Valuation Reports'>
<CompetencyEvidence name='Extent of Experience' typeDescription='Extent of Experience' type='MONTH' lastUsed='1999'><NumericValue description='MONTH'>60</NumericValue></CompetencyEvidence>

<CompetencyWeight type='skillLevel'><NumericValue minValue='0' maxValue='100'>24</NumericValue></CompetencyWeight>

<CompetencyWeight type='skillProficiency'><StringValue minValue='BASIC' maxValue='EXCELLENT'>BASIC</StringValue></CompetencyWeight>
</Competency>

<Competency oids='110 ' description='Skill' auth='no' name='Trade analysis'>
<CompetencyEvidence name='Extent of Experience' typeDescription='Extent of Experience' type='MONTH' lastUsed='2007'><NumericValue description='MONTH'>12</NumericValue></CompetencyEvidence>

<CompetencyWeight type='skillLevel'><NumericValue minValue='0' maxValue='100'>18</NumericValue></CompetencyWeight>

<CompetencyWeight type='skillProficiency'><StringValue minValue='BASIC' maxValue='EXCELLENT'>BASIC</StringValue></CompetencyWeight>
</Competency>

<Competency oids='112 ' description='Skill' auth='yes' name='TRS'>
<CompetencyEvidence name='Extent of Experience' typeDescription='Extent of Experience' type='MONTH' lastUsed='2007'><NumericValue description='MONTH'>12</NumericValue></CompetencyEvidence>

<CompetencyWeight type='skillLevel'><NumericValue minValue='0' maxValue='100'>18</NumericValue></CompetencyWeight>

<CompetencyWeight type='skillProficiency'><StringValue minValue='BASIC' maxValue='EXCELLENT'>BASIC</StringValue></CompetencyWeight>
</Competency>

<Competency oids='132 ' description='Skill' auth='yes' name='System Design'>
<CompetencyEvidence name='Extent of Experience' typeDescription='Extent of Experience' type='MONTH' lastUsed='2006'><NumericValue description='MONTH'>24</NumericValue></CompetencyEvidence>

<CompetencyEvidence typeDescription='Alias' name='Alias'><StringValue>systems design</StringValue></CompetencyEvidence>

<CompetencyWeight type='skillLevel'><NumericValue minValue='0' maxValue='100'>21</NumericValue></CompetencyWeight>

<CompetencyWeight type='skillProficiency'><StringValue minValue='BASIC' maxValue='EXCELLENT'>BASIC</StringValue></CompetencyWeight>
</Competency>

<Competency oids='48 ' description='Skill > IT' auth='yes' name='Summit Financial Software'>
<CompetencyEvidence typeDescription='Alias' name='Alias'><StringValue>Summit</StringValue></CompetencyEvidence>

<CompetencyWeight type='skillLevel'><NumericValue minValue='0' maxValue='100'>13</NumericValue></CompetencyWeight>
</Competency>

<Competency oids='67 ' description='Skill' auth='yes' name='StP'>
<CompetencyWeight type='skillLevel'><NumericValue minValue='0' maxValue='100'>13</NumericValue></CompetencyWeight>
</Competency>

<Competency oids='18 ' description='Skill > IT' auth='yes' name='SDLC'>
<CompetencyWeight type='skillLevel'><NumericValue minValue='0' maxValue='100'>13</NumericValue></CompetencyWeight>
</Competency>

<Competency oids='51 ' description='Skill' auth='yes' name='Risk Management'>
<CompetencyWeight type='skillLevel'><NumericValue minValue='0' maxValue='100'>13</NumericValue></CompetencyWeight>
</Competency>

<Competency oids='47 ' description='Skill > IT' auth='yes' name='Reuters Financial Applications'>
<CompetencyEvidence typeDescription='Alias' name='Alias'><StringValue>Reuters</StringValue></CompetencyEvidence>

<CompetencyWeight type='skillLevel'><NumericValue minValue='0' maxValue='100'>13</NumericValue></CompetencyWeight>
</Competency>

<Competency oids='131 ' description='Skill' auth='no' name='Responsible for systems development'>
<CompetencyEvidence name='Extent of Experience' typeDescription='Extent of Experience' type='MONTH' lastUsed='2006'><NumericValue description='MONTH'>24</NumericValue></CompetencyEvidence>

<CompetencyWeight type='skillLevel'><NumericValue minValue='0' maxValue='100'>21</NumericValue></CompetencyWeight>

<CompetencyWeight type='skillProficiency'><StringValue minValue='BASIC' maxValue='EXCELLENT'>BASIC</StringValue></CompetencyWeight>
</Competency>

<Competency oids='149 ' description='Skill' auth='no' name='Responsible for risk'>
<CompetencyEvidence name='Extent of Experience' typeDescription='Extent of Experience' type='MONTH' lastUsed='1999'><NumericValue description='MONTH'>60</NumericValue></CompetencyEvidence>

<CompetencyWeight type='skillLevel'><NumericValue minValue='0' maxValue='100'>24</NumericValue></CompetencyWeight>

<CompetencyWeight type='skillProficiency'><StringValue minValue='BASIC' maxValue='EXCELLENT'>BASIC</StringValue></CompetencyWeight>
</Competency>

<Competency oids='76 ' description='Skill' auth='no' name='Responsible for price verification'>
<CompetencyEvidence name='Extent of Experience' typeDescription='Extent of Experience' type='MONTH' lastUsed='2008'><NumericValue description='MONTH'>12</NumericValue></CompetencyEvidence>

<CompetencyWeight type='skillLevel'><NumericValue minValue='0' maxValue='100'>48</NumericValue></CompetencyWeight>

<CompetencyWeight type='skillProficiency'><StringValue minValue='BASIC' maxValue='EXCELLENT'>WORKING</StringValue></CompetencyWeight>
</Competency>

<Competency oids='98 ' description='Skill' auth='no' name='Responsible for preparing prices'>
<CompetencyEvidence name='Extent of Experience' typeDescription='Extent of Experience' type='MONTH' lastUsed='2007'><NumericValue description='MONTH'>7</NumericValue></CompetencyEvidence>

<CompetencyWeight type='skillLevel'><NumericValue minValue='0' maxValue='100'>18</NumericValue></CompetencyWeight>

<CompetencyWeight type='skillProficiency'><StringValue minValue='BASIC' maxValue='EXCELLENT'>BASIC</StringValue></CompetencyWeight>
</Competency>

<Competency oids='62 ' description='Skill' auth='no' name='Responsible for escalating issues'>
<CompetencyWeight type='skillLevel'><NumericValue minValue='0' maxValue='100'>13</NumericValue></CompetencyWeight>
</Competency>

<Competency oids='130 ' description='Skill' auth='no' name='Responsible for confirmation'>
<CompetencyEvidence name='Extent of Experience' typeDescription='Extent of Experience' type='MONTH' lastUsed='2006'><NumericValue description='MONTH'>24</NumericValue></CompetencyEvidence>

<CompetencyWeight type='skillLevel'><NumericValue minValue='0' maxValue='100'>21</NumericValue></CompetencyWeight>

<CompetencyWeight type='skillProficiency'><StringValue minValue='BASIC' maxValue='EXCELLENT'>BASIC</StringValue></CompetencyWeight>
</Competency>

<Competency oids='56 ' description='Skill' auth='no' name='Responsible for complex swap structures analysis'>
<CompetencyWeight type='skillLevel'><NumericValue minValue='0' maxValue='100'>13</NumericValue></CompetencyWeight>
</Competency>

<Competency oids='129 ' description='Skill' auth='no' name='Responsible for SUMMIT system development'>
<CompetencyEvidence name='Extent of Experience' typeDescription='Extent of Experience' type='MONTH' lastUsed='2006'><NumericValue description='MONTH'>24</NumericValue></CompetencyEvidence>

<CompetencyWeight type='skillLevel'><NumericValue minValue='0' maxValue='100'>21</NumericValue></CompetencyWeight>

<CompetencyWeight type='skillProficiency'><StringValue minValue='BASIC' maxValue='EXCELLENT'>BASIC</StringValue></CompetencyWeight>
</Competency>

<Competency oids='96 ' description='Skill' auth='yes' name='Reconciliations'>
<CompetencyEvidence name='Extent of Experience' typeDescription='Extent of Experience' type='MONTH' lastUsed='2007'><NumericValue description='MONTH'>7</NumericValue></CompetencyEvidence>

<CompetencyEvidence typeDescription='Alias' name='Alias'><StringValue>reconciliation</StringValue></CompetencyEvidence>

<CompetencyWeight type='skillLevel'><NumericValue minValue='0' maxValue='100'>18</NumericValue></CompetencyWeight>

<CompetencyWeight type='skillProficiency'><StringValue minValue='BASIC' maxValue='EXCELLENT'>BASIC</StringValue></CompetencyWeight>
</Competency>

<Competency oids='113 ' description='Skill' auth='yes' name='Profit and Loss Analysis'>
<CompetencyEvidence name='Extent of Experience' typeDescription='Extent of Experience' type='MONTH' lastUsed='2007'><NumericValue description='MONTH'>12</NumericValue></CompetencyEvidence>

<CompetencyEvidence typeDescription='Alias' name='Alias'><StringValue>P &#38; L analysis</StringValue></CompetencyEvidence>

<CompetencyWeight type='skillLevel'><NumericValue minValue='0' maxValue='100'>18</NumericValue></CompetencyWeight>

<CompetencyWeight type='skillProficiency'><StringValue minValue='BASIC' maxValue='EXCELLENT'>BASIC</StringValue></CompetencyWeight>
</Competency>

<Competency oids='73 ' description='Skill' auth='yes' name='Prime Brokerage'>
<CompetencyEvidence name='Extent of Experience' typeDescription='Extent of Experience' type='MONTH' lastUsed='2008'><NumericValue description='MONTH'>12</NumericValue></CompetencyEvidence>

<CompetencyWeight type='skillLevel'><NumericValue minValue='0' maxValue='100'>49</NumericValue></CompetencyWeight>

<CompetencyWeight type='skillProficiency'><StringValue minValue='BASIC' maxValue='EXCELLENT'>WORKING</StringValue></CompetencyWeight>
</Competency>

<Competency oids='10 ' description='Skill' auth='no' name='Price testing'>
<CompetencyWeight type='skillLevel'><NumericValue minValue='0' maxValue='100'>13</NumericValue></CompetencyWeight>
</Competency>

<Competency oids='80 ' description='Skill' auth='no' name='Preparation of management reports and analysis'>
<CompetencyEvidence name='Extent of Experience' typeDescription='Extent of Experience' type='MONTH' lastUsed='2008'><NumericValue description='MONTH'>12</NumericValue></CompetencyEvidence>

<CompetencyWeight type='skillLevel'><NumericValue minValue='0' maxValue='100'>46</NumericValue></CompetencyWeight>

<CompetencyWeight type='skillProficiency'><StringValue minValue='BASIC' maxValue='EXCELLENT'>WORKING</StringValue></CompetencyWeight>
</Competency>

<Competency oids='111 ' description='Skill' auth='no' name='Performed variance analysis'>
<CompetencyEvidence name='Extent of Experience' typeDescription='Extent of Experience' type='MONTH' lastUsed='2007'><NumericValue description='MONTH'>12</NumericValue></CompetencyEvidence>

<CompetencyWeight type='skillLevel'><NumericValue minValue='0' maxValue='100'>18</NumericValue></CompetencyWeight>

<CompetencyWeight type='skillProficiency'><StringValue minValue='BASIC' maxValue='EXCELLENT'>BASIC</StringValue></CompetencyWeight>
</Competency>

<Competency oids='137 ' description='Skill' auth='no' name='Performed scenario analysis'>
<CompetencyEvidence name='Extent of Experience' typeDescription='Extent of Experience' type='MONTH' lastUsed='1999'><NumericValue description='MONTH'>60</NumericValue></CompetencyEvidence>

<CompetencyWeight type='skillLevel'><NumericValue minValue='0' maxValue='100'>28</NumericValue></CompetencyWeight>

<CompetencyWeight type='skillProficiency'><StringValue minValue='BASIC' maxValue='EXCELLENT'>BASIC</StringValue></CompetencyWeight>
</Competency>

<Competency oids='115 ' description='Skill' auth='no' name='Performed attribution analysis'>
<CompetencyEvidence name='Extent of Experience' typeDescription='Extent of Experience' type='MONTH' lastUsed='2007'><NumericValue description='MONTH'>12</NumericValue></CompetencyEvidence>

<CompetencyWeight type='skillLevel'><NumericValue minValue='0' maxValue='100'>18</NumericValue></CompetencyWeight>

<CompetencyWeight type='skillProficiency'><StringValue minValue='BASIC' maxValue='EXCELLENT'>BASIC</StringValue></CompetencyWeight>
</Competency>

<Competency oids='43 ' description='Skill > IT' auth='yes' name='Microsoft Word'>
<CompetencyEvidence typeDescription='Alias' name='Alias'><StringValue>Word</StringValue></CompetencyEvidence>

<CompetencyWeight type='skillLevel'><NumericValue minValue='0' maxValue='100'>84</NumericValue></CompetencyWeight>

<CompetencyWeight type='skillProficiency'><StringValue minValue='BASIC' maxValue='EXCELLENT'>EXCELLENT</StringValue></CompetencyWeight>
</Competency>

<Competency oids='44 ' description='Skill > IT' auth='yes' name='Microsoft PowerPoint'>
<CompetencyEvidence typeDescription='Alias' name='Alias'><StringValue>PowerPoint</StringValue></CompetencyEvidence>

<CompetencyWeight type='skillLevel'><NumericValue minValue='0' maxValue='100'>84</NumericValue></CompetencyWeight>

<CompetencyWeight type='skillProficiency'><StringValue minValue='BASIC' maxValue='EXCELLENT'>EXCELLENT</StringValue></CompetencyWeight>
</Competency>

<Competency oids='45 ' description='Skill > IT' auth='yes' name='Microsoft Outlook'>
<CompetencyEvidence typeDescription='Alias' name='Alias'><StringValue>Outlook</StringValue></CompetencyEvidence>

<CompetencyWeight type='skillLevel'><NumericValue minValue='0' maxValue='100'>84</NumericValue></CompetencyWeight>

<CompetencyWeight type='skillProficiency'><StringValue minValue='BASIC' maxValue='EXCELLENT'>EXCELLENT</StringValue></CompetencyWeight>
</Competency>

<Competency oids='105 ' description='Skill > IT' auth='yes' name='Mercury Interactive TestDirector'>
<CompetencyEvidence name='Extent of Experience' typeDescription='Extent of Experience' type='MONTH' lastUsed='2007'><NumericValue description='MONTH'>12</NumericValue></CompetencyEvidence>

<CompetencyEvidence typeDescription='Alias' name='Alias'><StringValue>Test Director</StringValue></CompetencyEvidence>

<CompetencyWeight type='skillLevel'><NumericValue minValue='0' maxValue='100'>20</NumericValue></CompetencyWeight>

<CompetencyWeight type='skillProficiency'><StringValue minValue='BASIC' maxValue='EXCELLENT'>BASIC</StringValue></CompetencyWeight>
</Competency>

<Competency oids='109 ' description='Skill' auth='yes' name='Market Risk'>
<CompetencyEvidence name='Extent of Experience' typeDescription='Extent of Experience' type='MONTH' lastUsed='2007'><NumericValue description='MONTH'>12</NumericValue></CompetencyEvidence>

<CompetencyWeight type='skillLevel'><NumericValue minValue='0' maxValue='100'>18</NumericValue></CompetencyWeight>

<CompetencyWeight type='skillProficiency'><StringValue minValue='BASIC' maxValue='EXCELLENT'>BASIC</StringValue></CompetencyWeight>
</Competency>

<Competency oids='70 ' description='Skill' auth='yes' name='Investment Banking'>
<CompetencyEvidence name='Extent of Experience' typeDescription='Extent of Experience' type='MONTH' lastUsed='2013'><NumericValue description='MONTH'>24</NumericValue></CompetencyEvidence>

<CompetencyWeight type='skillLevel'><NumericValue minValue='0' maxValue='100'>96</NumericValue></CompetencyWeight>

<CompetencyWeight type='skillProficiency'><StringValue minValue='BASIC' maxValue='EXCELLENT'>EXCELLENT</StringValue></CompetencyWeight>
</Competency>

<Competency oids='78 ' description='Skill' auth='yes' name='Hedge Fund'>
<CompetencyEvidence name='Extent of Experience' typeDescription='Extent of Experience' type='MONTH' lastUsed='2008'><NumericValue description='MONTH'>12</NumericValue></CompetencyEvidence>

<CompetencyEvidence typeDescription='Alias' name='Alias'><StringValue>hedge Funds</StringValue></CompetencyEvidence>

<CompetencyWeight type='skillLevel'><NumericValue minValue='0' maxValue='100'>47</NumericValue></CompetencyWeight>

<CompetencyWeight type='skillProficiency'><StringValue minValue='BASIC' maxValue='EXCELLENT'>WORKING</StringValue></CompetencyWeight>
</Competency>

<Competency oids='121 ' description='Skill' auth='yes' name='Foreign Exchange'>
<CompetencyEvidence name='Extent of Experience' typeDescription='Extent of Experience' type='MONTH' lastUsed='2006'><NumericValue description='MONTH'>24</NumericValue></CompetencyEvidence>

<CompetencyEvidence typeDescription='Alias' name='Alias'><StringValue>forex</StringValue></CompetencyEvidence>

<CompetencyWeight type='skillLevel'><NumericValue minValue='0' maxValue='100'>25</NumericValue></CompetencyWeight>

<CompetencyWeight type='skillProficiency'><StringValue minValue='BASIC' maxValue='EXCELLENT'>BASIC</StringValue></CompetencyWeight>
</Competency>

<Competency oids='139 ' description='Skill' auth='yes' name='Fixed Income Swaps'>
<CompetencyEvidence name='Extent of Experience' typeDescription='Extent of Experience' type='MONTH' lastUsed='1999'><NumericValue description='MONTH'>60</NumericValue></CompetencyEvidence>

<CompetencyEvidence typeDescription='Alias' name='Alias'><StringValue>FI swaps</StringValue></CompetencyEvidence>

<CompetencyWeight type='skillLevel'><NumericValue minValue='0' maxValue='100'>26</NumericValue></CompetencyWeight>

<CompetencyWeight type='skillProficiency'><StringValue minValue='BASIC' maxValue='EXCELLENT'>BASIC</StringValue></CompetencyWeight>
</Competency>

<Competency oids='145 ' description='Skill' auth='yes' name='Fixed Income Derivatives'>
<CompetencyEvidence name='Extent of Experience' typeDescription='Extent of Experience' type='MONTH' lastUsed='1999'><NumericValue description='MONTH'>60</NumericValue></CompetencyEvidence>

<CompetencyEvidence typeDescription='Alias' name='Alias'><StringValue>fixed income derivative</StringValue></CompetencyEvidence>

<CompetencyWeight type='skillLevel'><NumericValue minValue='0' maxValue='100'>24</NumericValue></CompetencyWeight>

<CompetencyWeight type='skillProficiency'><StringValue minValue='BASIC' maxValue='EXCELLENT'>BASIC</StringValue></CompetencyWeight>
</Competency>

<Competency oids='11 ' description='Skill' auth='yes' name='Fixed Income'>
<CompetencyWeight type='skillLevel'><NumericValue minValue='0' maxValue='100'>13</NumericValue></CompetencyWeight>
</Competency>

<Competency oids='27 ' description='Skill' auth='yes' name='Credit Derivatives'>
<CompetencyWeight type='skillLevel'><NumericValue minValue='0' maxValue='100'>13</NumericValue></CompetencyWeight>
</Competency>

<Competency oids='69 ' description='Skill' auth='no' name='Conducted financial statement analysis'>
<CompetencyEvidence name='Extent of Experience' typeDescription='Extent of Experience' type='MONTH' lastUsed='2013'><NumericValue description='MONTH'>24</NumericValue></CompetencyEvidence>

<CompetencyWeight type='skillLevel'><NumericValue minValue='0' maxValue='100'>97</NumericValue></CompetencyWeight>

<CompetencyWeight type='skillProficiency'><StringValue minValue='BASIC' maxValue='EXCELLENT'>EXCELLENT</StringValue></CompetencyWeight>
</Competency>

<Competency oids='119 ' description='Skill' auth='no' name='Complete trade analysis'>
<CompetencyEvidence name='Extent of Experience' typeDescription='Extent of Experience' type='MONTH' lastUsed='2006'><NumericValue description='MONTH'>24</NumericValue></CompetencyEvidence>

<CompetencyWeight type='skillLevel'><NumericValue minValue='0' maxValue='100'>25</NumericValue></CompetencyWeight>

<CompetencyWeight type='skillProficiency'><StringValue minValue='BASIC' maxValue='EXCELLENT'>BASIC</StringValue></CompetencyWeight>
</Competency>

<Competency oids='147 ' description='Skill' auth='yes' name='Cash Flows'>
<CompetencyEvidence name='Extent of Experience' typeDescription='Extent of Experience' type='MONTH' lastUsed='1999'><NumericValue description='MONTH'>60</NumericValue></CompetencyEvidence>

<CompetencyWeight type='skillLevel'><NumericValue minValue='0' maxValue='100'>24</NumericValue></CompetencyWeight>

<CompetencyWeight type='skillProficiency'><StringValue minValue='BASIC' maxValue='EXCELLENT'>BASIC</StringValue></CompetencyWeight>
</Competency>

<Competency oids='46 ' description='Skill > IT' auth='yes' name='Bloomberg Software'>
<CompetencyEvidence typeDescription='Alias' name='Alias'><StringValue>Bloomberg</StringValue></CompetencyEvidence>

<CompetencyWeight type='skillLevel'><NumericValue minValue='0' maxValue='100'>13</NumericValue></CompetencyWeight>
</Competency>

<Competency oids='9 ' description='Skill' auth='yes' name='Basel Capital Accord > Basel III'>
<CompetencyEvidence typeDescription='Alias' name='Alias'><StringValue>Basel 3</StringValue></CompetencyEvidence>

<CompetencyWeight type='skillLevel'><NumericValue minValue='0' maxValue='100'>13</NumericValue></CompetencyWeight>
</Competency>

<Competency oids='55_3_1 68_2_1 74_1 88_1 ' description='Held Position' auth='no' name='consultant'>
<CompetencyEvidence name='Extent of Experience' typeDescription='Extent of Experience' type='MONTH' lastUsed='2013'><NumericValue description='MONTH'>43</NumericValue></CompetencyEvidence>

<CompetencyWeight type='skillLevel'><NumericValue minValue='0' maxValue='100'>100</NumericValue></CompetencyWeight>

<CompetencyWeight type='skillProficiency'><StringValue minValue='BASIC' maxValue='EXCELLENT'>EXCELLENT</StringValue></CompetencyWeight>
</Competency>

<Competency oids='167_1 ' description='Held Position' auth='no' name='scholar'>
<CompetencyWeight type='skillLevel'><NumericValue minValue='0' maxValue='100'>13</NumericValue></CompetencyWeight>
</Competency>

<Competency oids='82_1 ' description='Held Position' auth='no' name='finance managers'>
<CompetencyEvidence name='Extent of Experience' typeDescription='Extent of Experience' type='MONTH' lastUsed='2008'><NumericValue description='MONTH'>12</NumericValue></CompetencyEvidence>

<CompetencyWeight type='skillLevel'><NumericValue minValue='0' maxValue='100'>48</NumericValue></CompetencyWeight>

<CompetencyWeight type='skillProficiency'><StringValue minValue='BASIC' maxValue='EXCELLENT'>WORKING</StringValue></CompetencyWeight>
</Competency>

<Competency oids='162_1 ' description='Held Position' auth='no' name='Risk Management'>
<CompetencyWeight type='skillLevel'><NumericValue minValue='0' maxValue='100'>13</NumericValue></CompetencyWeight>
</Competency>

<Competency oids='125_1 ' description='Held Position' auth='no' name='DJ'>
<CompetencyEvidence name='Extent of Experience' typeDescription='Extent of Experience' type='MONTH' lastUsed='2006'><NumericValue description='MONTH'>24</NumericValue></CompetencyEvidence>

<CompetencyWeight type='skillLevel'><NumericValue minValue='0' maxValue='100'>25</NumericValue></CompetencyWeight>

<CompetencyWeight type='skillProficiency'><StringValue minValue='BASIC' maxValue='EXCELLENT'>BASIC</StringValue></CompetencyWeight>
</Competency>

<Competency oids='24 157 ' description='Degree/Qualification > Professional' auth='yes' name='Chartered Financial Analyst Qualification > Chartered Financial Analyst Qualification Level 3'>
<CompetencyEvidence typeDescription='Alias' name='Alias'><StringValue>CFA level 3</StringValue></CompetencyEvidence>

<CompetencyWeight type='skillLevel'><NumericValue minValue='0' maxValue='100'>24</NumericValue></CompetencyWeight>
</Competency>

<Competency oids='169 ' description='Degree/Qualification' auth='yes' name='Masters Degree > Masters Degree International finance and Banking'>
<CompetencyEvidence name='Application' typeDescription='Application' type='International finance and Banking'><StringValue>International finance and Banking</StringValue></CompetencyEvidence>

<CompetencyEvidence typeDescription='Alias' name='Alias'><StringValue>Master's Degree in International finance and Banking</StringValue></CompetencyEvidence>

<CompetencyWeight type='skillLevel'><NumericValue minValue='0' maxValue='100'>12</NumericValue></CompetencyWeight>
</Competency>

<Competency oids='26_2 ' description='Degree/Qualification' auth='no' name='Master'>
<CompetencyWeight type='skillLevel'><NumericValue minValue='0' maxValue='100'>12</NumericValue></CompetencyWeight>
</Competency>

<Competency oids='159_3 ' description='Degree/Qualification > Professional' auth='yes' name='Financial Risk Management Certificate'>
<CompetencyEvidence typeDescription='Alias' name='Alias'><StringValue>Certificate in Financial Risk management</StringValue></CompetencyEvidence>

<CompetencyWeight type='skillLevel'><NumericValue minValue='0' maxValue='100'>12</NumericValue></CompetencyWeight>
</Competency>

<Competency oids='29 ' description='Degree/Qualification > Professional' auth='no' name='Certified in Microsoft'>
<CompetencyEvidence typeDescription='Alias' name='Alias'><StringValue>Certified in Microsoft excel</StringValue></CompetencyEvidence>

<CompetencyWeight type='skillLevel'><NumericValue minValue='0' maxValue='100'>12</NumericValue></CompetencyWeight>
</Competency>

<Competency oids='35 ' description='Degree/Qualification > Professional' auth='no' name='Certified Microsoft'>
<CompetencyWeight type='skillLevel'><NumericValue minValue='0' maxValue='100'>12</NumericValue></CompetencyWeight>
</Competency>

<Competency oids='170 ' description='Degree/Qualification' auth='yes' name='Bachelors Degree > Bachelors Degree Banking &#38; Finance'>
<CompetencyEvidence name='Application' typeDescription='Application' type='Banking &#38; Finance'><StringValue>Banking &#38; Finance</StringValue></CompetencyEvidence>

<CompetencyEvidence typeDescription='Alias' name='Alias'><StringValue>Banking &#38; Finance Bachelor's Degree in Advanced Accounting and Banking</StringValue></CompetencyEvidence>

<CompetencyWeight type='skillLevel'><NumericValue minValue='0' maxValue='100'>12</NumericValue></CompetencyWeight>
</Competency>

<Competency oids='170 ' description='Degree/Qualification' auth='yes' name='Bachelors Degree > Bachelors Degree Advanced Accounting and Banking'>
<CompetencyEvidence name='Application' typeDescription='Application' type='Advanced Accounting and Banking'><StringValue>Advanced Accounting and Banking</StringValue></CompetencyEvidence>

<CompetencyEvidence typeDescription='Alias' name='Alias'><StringValue>Banking &#38; Finance Bachelor's Degree in Advanced Accounting and Banking</StringValue></CompetencyEvidence>

<CompetencyWeight type='skillLevel'><NumericValue minValue='0' maxValue='100'>12</NumericValue></CompetencyWeight>
</Competency>

<Competency description='Industry' auth='yes' name='industry~banking-finance'>
<CompetencyEvidence name='skillCount' typeDescription='skillCount'><NumericValue>4</NumericValue></CompetencyEvidence>

<CompetencyWeight type='skillLevel'><NumericValue minValue='0' maxValue='100'>100</NumericValue></CompetencyWeight>
</Competency>























<RevisionDate id='1'>2013-04-24</RevisionDate>
</StructuredXMLResume>
<NonXMLResume>

<TextResume>



<span inprof='n' id='1' class='date'>{{DOCUMENT_DATESTAMP}} 2013-4-24 {{END_DOCUMENT_DATESTAMP}}</span>


  <span inprof='y' id='2' class='nominal'>RASHMI B. SHETH</span>
<span inprof='y' id='3' class='email'>Email: RBSheth@gmail.com</span>
<span inprof='y' id='4' class='telephone'>Cell: 908-436-7708</span>

<span inprof='n' id='5' class='work-hist-mark'>PROFESSIONAL SUMMARY</span>

  *  A derivative products professional with excellent academic achievements including awards &#38; scholarships. ; 
  *  Proven expertise and solid product knowledge relating to all <span inprof='y' id='6' class='skill'>OTC derivative products</span> -it's risk, <span inprof='y' id='7' class='skill'>P&#38;L accounting</span>, attribution, legal ; 
  *  (<span inprof='y' id='8' class='skill'>ISDA</span> Docs) and reporting. ; 
  *  Familiar with CFTC and SEC regulations relating to Dodd-Frank and <span inprof='y' id='9' class='skill'>Basel 3</span>. Attended IMN conference on  title 7

  *  <span inprof='y' id='10' class='skill'>Price testing</span> and valuation of <span inprof='y' id='11' class='skill'>Fixed Income</span>/<span inprof='y' id='12' class='skill'>Equity</span>/<span inprof='y' id='13' class='skill'>FX swaps</span>, swaptions and related structured products ; 
  *  <span inprof='y' id='14' class='skill'>Mark-to-market</span> review of products, <span inprof='y' id='15' class='skill'>analysis of pricing factors and risk system components</span>, screening relevant market pricing data ; 
  *  Risk reports (variance, <span inprof='y' id='16' class='skill'>scenario analysis</span>) for <span inprof='y' id='17' class='skill'>upper management</span>. Developed a sharp eye for identifying problems relating to valuations,
                complex structures and P&#38;L explain relating to it.
  *  Thorough understanding of pricing, risk and accounting principles.

  *  Solid understanding of <span inprof='y' id='18' class='sofwr'>SDLC</span> process- <span inprof='y' id='19' class='skill'>business requirement analysis</span>, debugging, defining and documenting requirements and
               functional specifications for <span inprof='y' id='20' class='skill'>derivatives</span> valuations. Treasury/Risk Systems- conversions, <span inprof='y' id='21' class='skill'>parallel testing</span> and <span inprof='y' id='22' class='skill'>UAT</span>.
  *  <span inprof='y' id='23' class='skill'>Managed the conversion</span> project, conducted meetings and maintained project plans ; 
  *  Created User Acceptance test cases and track and report their execution.

  *  Valedictorian for master's program. Currently <span inprof='y' id='24' class='qualif'>CFA level 3</span> candidate. NYSSA &#38; <span inprof='y' id='25_1' class='educational'>AIMR</span> <span inprof='n' id='25_2' class='qualif'>scholarship</span> recipient. ; 
  *  Attended <span inprof='y' id='26_1' class='educational'>ISDA</span> <span inprof='y' id='26_2' class='qualif'>Master</span>   Negotiation and <span inprof='y' id='27' class='skill'>Credit Derivatives</span> boot camps-scored in <span inprof='n' id='28' class='percent'>90%</span> in the exams. ; 
  *  <span inprof='y' id='29' class='qualif'>Certified in Microsoft excel</span> <span inprof='y' id='30' class='sofwr'>2007</span>, <span inprof='n' id='31' class='skill'>Proficient</span> in <span inprof='y' id='32' class='sofwr'>Microsoft Office Suite 2007</span> applications- Attended Tech school for <span inprof='n' id='33' class='duration'>4 months</span>

<span inprof='n' id='34' class='title-line'>Computer and Systems Skills</span>
 <span inprof='y' id='35' class='qualif'>Certified Microsoft</span> <span inprof='y' id='36' class='sofwr'>Excel 2007</span> <span inprof='y' id='37' class='sofwr'>office</span> <span inprof='n' id='38' class='skill'>specialist</span>. Took <span inprof='y' id='39' class='sofwr'>Microsoft Office Suite 2007</span> <span inprof='n' id='40' class='qualif'>Specialist Course</span>

  <span inprof='n' id='41' class='skill'>Proficient</span> in <span inprof='y' id='42' class='sofwr'>Access</span>, <span inprof='y' id='43' class='sofwr'>Word</span>,  <span inprof='y' id='44' class='sofwr'>PowerPoint</span> and  <span inprof='y' id='45' class='sofwr'>Outlook</span>.
  Proficient in <span inprof='y' id='46' class='sofwr'>Bloomberg</span>, <span inprof='y' id='47' class='sofwr'>Reuters</span>, <span inprof='y' id='48' class='sofwr'>Summit</span>, Imagine, OASYS, <span inprof='y' id='49' class='sofwr'>Calypso</span>, <span inprof='n' id='50' class='company'>Primeswap and Primeview</span> systems. 
  Familiar with Pyramid -<span inprof='y' id='51' class='skill'>risk management</span> system

 Handled systems conversions, <span inprof='y' id='52' class='skill'>parallel testing</span> and <span inprof='y' id='53' class='skill'>UAT</span>.

<span inprof='n' id='54' class='work-hist-mark'>PROFESSIONAL EXPERIENCE</span>

<span inprof='y' id='55_1' class='company'>JPMorgan</span>-<span inprof='y' id='55_2' class='company'>Chase - Equity Swaps Group</span>- <span inprof='y' id='55_3_1' class='role'>consultant</span>                                                                                                                                                             <span inprof='y' id='55_4' class='date'>2013</span>-P

    *  <span inprof='y' id='56' class='skill'>Responsible for complex swap structures analysis</span>. E.g. Basket swaps, index total return swaps, bond swaps. ; 
    *  Negotiating with counterparty and settling any disputes. Resolution of breaks with <span inprof='y' id='57' class='skill'>middle</span> and <span inprof='y' id='58' class='skill'>front office</span>. ; 
    *  Participating in <span inprof='y' id='59' class='skill'>UAT testing</span> for onboarding of new trades. Own the STP project resolving issues relating to complex <span inprof='y' id='60' class='skill'>equity derivatives</span>. ; 
    *  Familiar with SDR reporting, FED and CFTC reporting of <span inprof='y' id='61' class='skill'>OTC derivatives</span>- mainly swaps in tune with Dodd- Frank regulations. ; 
    *  Attended IMN conference on Dodd- Frank regulation- title 7. ; 
    *  <span inprof='y' id='62' class='skill'>Responsible for escalating issues</span> relating to trade disputes and finding solutions by liaising with legal, traders, <span inprof='y' id='63' class='skill'>middle</span>-<span inprof='y' id='64' class='skill'>front office</span>. ; 
    *  Experienced in interpreting ISDA <span inprof='y' id='65' class='skill'>Equities</span> documentation environment (both paper and DTCC electronic platform) for complex <span inprof='y' id='66' class='skill'>equities derivative</span> products. Led project improving <span inprof='y' id='67' class='skill'>STP</span> in swap affirmation, confirmation.
<span inprof='y' id='68_1' class='company'>IDT Consultants, Inc.</span> - <span inprof='y' id='68_2_1' class='role'>Consultant</span>                                                                                                                                                                                                    <span inprof='y' id='68_3_1' class='date'>2011</span> -<span inprof='y' id='68_3_2' class='date'>13</span>

    *  Formulated &#38; implemented portfolio strategy for investments for clients. Actively managed investment portfolios. <span inprof='y' id='69' class='skill'>Conducted financial statement analysis</span> including ratio calculations, identifying investment opportunities. ; 
    *  Worked on a variety of projects, which provided exposure to financial advisory and <span inprof='y' id='70' class='skill'>investment banking</span> products. Analyzed and structured strategies to <span inprof='y' id='71' class='skill'>manage the interest rate risk</span> of mortgages using <span inprof='y' id='72' class='skill'>IR swaps</span>, swaptions. ; 
    *  Enhanced returns by writing covered calls on different types of securities.

CSFB <span inprof='y' id='73' class='skill'>Prime Brokerage</span> desk support - Portfolio swaps Group- <span inprof='y' id='74_1' class='role'>Consultant</span>                                                                                                                             <span inprof='y' id='75_1' class='date'>2007</span>-<span inprof='y' id='75_2' class='date'>8</span>

   *  <span inprof='y' id='76' class='skill'>Responsible for price verification</span> of positions held in the portfolios - <span inprof='y' id='77' class='skill'>equity swaps</span>, variance swaps, total return swaps, portfolio swaps for <span inprof='y' id='78' class='skill'>hedge Funds</span> in <span inprof='n' id='79' class='company'>Primeview</span> system. ; 
   *  Wrote business requirements, functional specifications, designed testing plans. ; 
   *  <span inprof='y' id='80' class='skill'>Preparation of management reports and analysis</span> to <span inprof='y' id='81' class='skill'>assist portfolio management</span> and <span inprof='y' id='82_1' class='role'>finance managers</span> areas of trade structuring, valuations &#38; development controls. Worked with Prime swap and web based prime view systems. ; 
   *  Resolved settlement issues with clients regarding portfolio swaps. Verified and reported daily and monthly P&#38;L. ; 
   *  Resolved valuation differences on the synthetic <span inprof='y' id='83' class='skill'>equity swaps</span> <span inprof='y' id='84' class='skill'>derivatives</span> between systems. Liaise with IT, operations, legal, <span inprof='y' id='85' class='skill'>trading floor</span>

<span inprof='y' id='86' class='company'>Deutsche Bank</span> - <span inprof='y' id='87' class='skill'>Equity</span> Index swaps Product control group - <span inprof='y' id='88_1' class='role'>Consultant</span>                                                                                                                                  <span inprof='y' id='89' class='date'>2007</span>

   *  Assist in the <span inprof='y' id='90' class='skill'>development of a valuation and price verification framework</span> for synthetic swaps book in Summit system and <span inprof='y' id='91' class='sofwr'>Microsoft access</span> ; 
   *  Reviewed, substantiated and reported T+1 risk and P&#38;L Attribution on a daily basis. ; 
   *  Identified, researched &#38; resolved <span inprof='y' id='92' class='skill'>equity derivative</span> trade structuring differences pertaining to swap products using <span inprof='y' id='93' class='skill'>ISDA</span> Master. Analyzed transaction and process flows ; 
   *  Worked with <span inprof='y' id='94' class='skill'>trading desk</span> for Flash <span inprof='y' id='95' class='skill'>P&#38;L</span> <span inprof='y' id='96' class='skill'>reconciliation</span> of index <span inprof='y' id='97' class='skill'>equity</span> trades. ; 
   *  <span inprof='y' id='98' class='skill'>Responsible for preparing prices</span> and fair value reports for swaps prop desks.

<span inprof='y' id='99' class='company'>Wachovia Securities</span> - <span inprof='y' id='100' class='skill'>Equity</span> <span inprof='y' id='101' class='company'>Derivatives Group</span>-BA                                                                                                                                                                   <span inprof='y' id='102_1' class='date'>2006</span>-<span inprof='y' id='102_2' class='date'>07</span>

   *  Wrote business requirements, functional specifications, testing plans and <span inprof='y' id='103' class='skill'>specified screen design</span> and wrote user manual for imagine. ; 
   *  <span inprof='y' id='104' class='skill'>Managed the conversion</span> project, conducted meetings and maintained project plans ; 
   *  Tracked conversion project by using <span inprof='y' id='105' class='sofwr'>Test Director</span> Software. ; 
   *  Accomplished conversion of <span inprof='y' id='106' class='skill'>equity</span> basket swaps to new Imagine trade capture system. ; 
   *  Back tested and enhanced various multifactor risk  models to enhance explanatory power ; 
   *  Participated in dry run and <span inprof='y' id='107' class='skill'>UAT testing</span> for potential impact and deltas on positions of new products ; 
   *  Participated in the redesign of large multifaceted derivative processes ; 
   *  Experience in forming detailed functional requirements, process flow, testing and <span inprof='y' id='108' class='skill'>reporting analysis</span>

   *  Decomposed and analyzed <span inprof='y' id='109' class='skill'>market risk</span> along various components and to make sure that daily deltas reflect the market movements. Contributed ideas to enhance operational &#38; process efficiency ; 
   *  <span inprof='y' id='110' class='skill'>Trade analysis</span> pertaining to complex derivative structures including total return swaps and synthetic structures. ; 
   *  <span inprof='y' id='111' class='skill'>Performed variance analysis</span> for <span inprof='y' id='112' class='skill'>TRS</span>.  <span inprof='y' id='113' class='skill'>P &#38; L analysis</span> for <span inprof='y' id='114' class='skill'>equity swaps</span>. ; 
   *  <span inprof='y' id='115' class='skill'>Performed attribution analysis</span> for <span inprof='y' id='116' class='skill'>equity swaps</span> portfolios. Familiar with return based <span inprof='y' id='117' class='skill'>equity</span> models.

 <span inprof='y' id='118_1' class='company'>CITIGroup NY</span> - <span inprof='y' id='118_2' class='company'>Fixed Income Derivatives Group</span>                                                                                                                                                                          <span inprof='y' id='118_3_1' class='date'>2004</span>-<span inprof='y' id='118_3_2' class='date'>06</span>

    *  <span inprof='y' id='119' class='skill'>Complete trade analysis</span> including calculations pertaining to complex derivative structures including <span inprof='y' id='120' class='location'>Bermuda</span> swaptions, total return, <span inprof='y' id='121' class='skill'>forex</span> factor, off market swaps, <span inprof='y' id='122' class='skill'>Credit default swaps</span>, Basket swaps, and synthetic structures in Oasys and <span inprof='y' id='123' class='sofwr'>Calypso</span> ; 
*  Resolved issues relating to  <span inprof='y' id='124' class='skill'>CDS</span> on single name corporates and corporate index trades (CDX, iTraxx, <span inprof='y' id='125_1' class='role'>DJ</span> index CDX) ; 
*  Researched the valuation issues and performed related calculations regarding structured products like CLO, CDOs. ; 
    *  Responsible for identifying, analyzing &#38; resolving trade structuring differences from valuation point of view between systems. ; 
    *  Validate <span inprof='y' id='126' class='skill'>pricing model implementation and analysis</span> for <span inprof='y' id='127' class='skill'>IR swaps</span>, swaptions to verify valuation and calculate <span inprof='y' id='128' class='skill'>P&#38;L</span> exposure. <span inprof='y' id='129' class='skill'>Responsible for SUMMIT system development</span> and enhancements. ; 
    *  <span inprof='y' id='130' class='skill'>Responsible for confirmation</span> of reset values for IRswaps, in accordance with ISDA Master Agreements. ; 
    *  <span inprof='y' id='131' class='skill'>Responsible for systems development</span> on enhancements, corrections and changes to in-house <span inprof='y' id='132' class='skill'>systems design</span> &#38; valuation of IRS, in Summit.

<span inprof='y' id='133' class='company'>MORGAN STANLEY</span>.     <span inprof='y' id='134' class='skill'>Equity</span> and <span inprof='y' id='135' class='company'>FI derivatives group</span>                                                                                                                                                                <span inprof='y' id='136_1' class='date'>1994</span>-<span inprof='y' id='136_2' class='date'>99</span>

    *  <span inprof='y' id='137' class='skill'>Performed scenario analysis</span> and sensitivity testing for various interest rate and <span inprof='y' id='138' class='skill'>fx swaps</span> ; 
    *  Confirmed integration of information feeds, quantified yield curve build, structured differences on daily basis for controllers.  Pricing model review for <span inprof='y' id='139' class='skill'>FI swaps</span>, swaptions. ; 
    *  Wrote business requirements, functional specifications, testing plans and <span inprof='y' id='140' class='skill'>specified screen design</span> and wrote user manual. Accomplished conversion of <span inprof='y' id='141' class='skill'>equity</span>, <span inprof='y' id='142' class='skill'>currency swaps</span> from manual process to new Summit trade capture system in areas of trade structuring, valuations &#38; development controls for summit system from front to back.

    *  Developed and enhanced pricing models for <span inprof='y' id='143' class='skill'>IR swaps</span> to verify valuation and calculate profit/loss exposure given hypothetical market fluctuation scenarios resulting from shifts in relevant yield curves. Defined pricing environment, zero curve derivation methodologies (bootstrapping) for <span inprof='y' id='144' class='skill'>interest rate swaps</span>. Participated in securitization of CMOs. ; 
    *  Identified, researched &#38; resolved <span inprof='y' id='145' class='skill'>fixed income derivative</span> trade structuring differences from valuation / <span inprof='y' id='146' class='skill'>mark to market</span> point of view between systems. Analysis involved calculation of <span inprof='y' id='147' class='skill'>cash flows</span>, discount factor - NPV's, and <span inprof='y' id='148' class='skill'>scenario analysis</span> ; 
    *  <span inprof='y' id='149' class='skill'>Responsible for risk</span> and return assessments (<span inprof='y' id='150' class='skill'>variance analysis</span>) of <span inprof='y' id='151' class='skill'>equity swaps</span> &#38; <span inprof='y' id='152' class='skill'>IR swaps</span> portfolios, to <span inprof='y' id='153' class='skill'>senior management</span>. ; 
    *  Identified, researched &#38; resolved major inconsistencies in actual swap reset values, saving the company Millions of $ in additional interest, resulting in accurate confirmation generations. ; 
    *  Optimized performance of staff members to generate daily <span inprof='y' id='154' class='skill'>valuation reports</span> from Summit for <span inprof='y' id='155' class='skill'>senior management</span> review. Generated P&#38;L explain daily.


<span inprof='n' id='156' class='edu-hist-mark'>ACADEMIC CREDENTIALS</span>

    <span inprof='y' id='157' class='qualif'>CFA level 3</span> candidate
    <span inprof='y' id='158' class='educational'>Rutgers University</span>, NJ: Currently taking courses in Math to enhance my quantitative background

    <span inprof='y' id='159_1' class='educational'>NEW YORK UNIVERSITY</span>, <span inprof='y' id='159_2' class='location'>New York</span>- <span inprof='y' id='159_3' class='qualif'>Certificate in Financial Risk management</span> -
    <span inprof='n' id='160' class='educational'>New York Institute of Finance</span>, <span inprof='y' id='161' class='location'>New York</span> - Courses in <span inprof='y' id='162_1' class='role'>Risk Management</span>
    <span inprof='n' id='163' class='educational'>Northwestern University</span>, <span inprof='n' id='164' class='location'>Evanston, Illinois</span>- Courses in <span inprof='y' id='165' class='skill'>Derivatives</span>

    <span inprof='n' id='166' class='educational'>BOMBAY UNIVERSITY</span>, Merit <span inprof='y' id='167_1' class='role'>scholar</span> -<span inprof='n' id='168' class='location'>Bombay- India</span>
    <span inprof='y' id='169' class='qualif'>Master's Degree in International finance and Banking</span>- Valedictorian (out of 4000 students), for Masters Program.
    Merit scholarships   &#38; awards in <span inprof='y' id='170' class='qualif'>Banking &#38; Finance
    Bachelor's Degree in Advanced Accounting and Banking</span>

    WORK STATUS- <span inprof='y' id='171_1' class='nat-country'>US</span> citizen

</TextResume>

</NonXMLResume>



<UserArea>
<DaxResumeUserArea>
<AdditionalPersonalData>
<ExperienceSummary>
<TotalMonthsOfWorkExperience>139</TotalMonthsOfWorkExperience>
<TotalYearsOfWorkExperience>11</TotalYearsOfWorkExperience>
<ExecutiveBrief>Rashmi B Sheth has been working in the Banking-finance  occupational sector for more than 11 years. Currently he is employed as a consultant at JPMorgan. So far Rashmi has not gained any managerial experience.</ExecutiveBrief>
</ExperienceSummary>
</AdditionalPersonalData>
<ParserInfo>
<ParserConfiguration>{max_len=50000} {tel_flag=} {send_zip=} {fast_conv=} {DEF_LOCAL=} {sdate=0} {no_email_body=0} {do_clever_zoning=1} {keep_span=1} {complex=1} {accept_langs=} {not_accept_langs=} {prefer_lang_cv=EN} {pers_only=0} {turbo=0} {split_language=0} {picture=0} {picture_inline=0} {name_space=0} {charset=} {hrxml_upgrade_edu_hist=0}{hrxml_add_languages_section=0}{spool=} {docID=} {user=DEFAULT} </ParserConfiguration>
<ParserRelease>0.12.3.32629</ParserRelease>
<ParserReleaseDate>2014-06-18</ParserReleaseDate>
<ParserSchema>2.0.29</ParserSchema>
<ParserSchemaLocation>http://cvx.daxtra.com/cvts/xsd/candidate/2.0.29/Resume.xsd</ParserSchemaLocation>
<ConverterRelease>0.5.2.32629</ConverterRelease>
<ConverterReleaseDate>2014-06-18</ConverterReleaseDate>
</ParserInfo>
<FileStruct filename='/home/izoom/anazarov/grammar/analysis/3rconnect/doc/100_Resumes-Walsh/RASHMI BA REGu 2013.doc'>

<attachment fname='RASHMI BA REGu 2013.doc' ftype='doc' conv='yes' doc_type='cv' lang='EN'>/home/izoom/anazarov/grammar/analysis/3rconnect/doc/100_Resumes-Walsh/RASHMI BA REGu 2013.doc</attachment>


</FileStruct>
</DaxResumeUserArea>
</UserArea>
</Resume>
