<?xml version='1.0' encoding='ISO-8859-1'?>
<Resume lang='en' src='DAXTRA-CVX schema:2.0.29 release:0.12.3.32629 rdate:2014-06-18'>
<StructuredXMLResume>
<ContactInfo>
<PersonName id='2'>
<FormattedName>Jin Pan</FormattedName>
<GivenName>Jin</GivenName>
<FamilyName>Pan</FamilyName>
</PersonName>
<ContactMethod>
<InternetEmailAddress id='4' type='main'>Pj5124220@126.com</InternetEmailAddress>
<PostalAddress id='3' type='main'>
<CountryCode>US</CountryCode>
<PostalCode>11355</PostalCode>
<Region>NY</Region>
<Municipality>FLUSHING</Municipality>
<DeliveryAddress>
<AddressLine>144-28 BARCLAY AVE APT 8C</AddressLine>
<StreetName>BARCLAY AVE</StreetName>
<BuildingNumber>144-28</BuildingNumber>
<Unit>APT 8C</Unit>
</DeliveryAddress>

</PostalAddress>
</ContactMethod>
</ContactInfo>


<EmploymentHistory>
<EmployerOrg employerOrgType='soleEmployer'>
<EmployerOrgName id='20_1'>Pete Milano's Discount Wines &#38; Liquors</EmployerOrgName>
<EmployerContactInfo>
<LocationSummary id='20_2'>
<Municipality>Staten Island</Municipality>
<Region>NY</Region>
<CountryCode>US</CountryCode>
<PostalCode>10302</PostalCode>
</LocationSummary>
</EmployerContactInfo>
<PositionHistory positionType='CONTRACT'>
<Title id='20_4_1'>Manager Assistant</Title>
<OrgName id='20_1'>Pete Milano's Discount Wines &#38; Liquors</OrgName>




<StartDate id='20_3_1'><YearMonth>2013-01</YearMonth></StartDate>
<EndDate id='20_3_2'><YearMonth>2013-04</YearMonth></EndDate>



<JobLevelInfo>
<JobGrade>joblevel-management-low</JobGrade>
</JobLevelInfo>



<UserArea>
<DaxPositionHistoryUserArea>
<TLSPAN first_id='20' last_id='20' border_id='21'></TLSPAN>
<MonthsOfWork>4</MonthsOfWork>
</DaxPositionHistoryUserArea>
</UserArea>
</PositionHistory>
</EmployerOrg>

<EmployerOrg employerOrgType='soleEmployer'>
<EmployerOrgName id='21_1'>Campbellsville University</EmployerOrgName>
<EmployerContactInfo>
<LocationSummary id='21_2'>
<Municipality>Campbellsville</Municipality>
<Region>KY</Region>
<CountryCode>US</CountryCode>
</LocationSummary>
</EmployerContactInfo>
<PositionHistory positionType='CONTRACT'>
<Title id='22_2'>Office Assistant</Title>
<OrgName id='21_1'>Campbellsville University</OrgName>




<StartDate id='21_3_1'><YearMonth>2012-09</YearMonth></StartDate>
<EndDate id='21_3_2'><YearMonth>2012-12</YearMonth></EndDate>



<JobLevelInfo>
<JobGrade>joblevel-nonmanager-low</JobGrade>
</JobLevelInfo>

<JobCategory>
<TaxonomyName>JOBAREA</TaxonomyName>
<CategoryCode>secretarial</CategoryCode>
</JobCategory>


<UserArea>
<DaxPositionHistoryUserArea>
<TLSPAN first_id='21' last_id='22' border_id='23'></TLSPAN>
<MonthsOfWork>4</MonthsOfWork>
</DaxPositionHistoryUserArea>
</UserArea>
</PositionHistory>
</EmployerOrg>

<EmployerOrg employerOrgType='soleEmployer'>
<EmployerOrgName id='23_1'>China Railway Construction Company</EmployerOrgName>
<EmployerContactInfo>
<LocationSummary id='23_2'>
<Municipality>Beijing</Municipality>
<CountryCode>CN</CountryCode>
</LocationSummary>
</EmployerContactInfo>
<PositionHistory positionType='PERMANENT'>
<Title id='23_4_1'>Accountant</Title>
<OrgName id='23_1'>China Railway Construction Company</OrgName>



<Description>COMPUTER AND LANGUAGE SKILLS
Computer
    *  Extensive experience with
    *  Internet Explorer
    *  Microsoft Office (word, excel, power point)
    *  Google tools ;</Description>
<StartDate id='23_3_1'><YearMonth>2007-09</YearMonth></StartDate>
<EndDate id='23_3_2'><YearMonth>2010-12</YearMonth></EndDate>



<JobLevelInfo>
<JobGrade>joblevel-nonmanager-low</JobGrade>
</JobLevelInfo>

<JobCategory>
<TaxonomyName>JOBAREA</TaxonomyName>
<CategoryCode>it</CategoryCode>
</JobCategory>


<UserArea>
<DaxPositionHistoryUserArea>
<TLSPAN first_id='23' last_id='30' border_id='0'></TLSPAN>
<MonthsOfWork>40</MonthsOfWork>
</DaxPositionHistoryUserArea>
</UserArea>
</PositionHistory>
</EmployerOrg>

</EmploymentHistory>
<EducationHistory>
<SchoolOrInstitution schoolType='university'>
<SchoolName id='11_1'>Campbellsville University</SchoolName>
<LocationSummary id='11_2'>
<Municipality>Campbellsville</Municipality>
<Region>KY</Region>
<CountryCode>US</CountryCode>
</LocationSummary>


<Degree degreeType='masters'>
<DegreeName id='11_4'>Master of Business Administration</DegreeName>
<DegreeDate id='11_3_2'><YearMonth>2012-12</YearMonth></DegreeDate>
</Degree>
<Major id='12_1'>Managerial Economics</Major>

<Measure>
<MeasureValue id='15_1'>GPA: 4.0</MeasureValue>
</Measure>

<DatesOfAttendance>
<StartDate id='11_3_1'><YearMonth>2012-01</YearMonth></StartDate>
<EndDate id='11_3_2'><YearMonth>2012-12</YearMonth></EndDate>
</DatesOfAttendance>
<Comments>*  Master of Business Administration ; 
       *  Courses: Human Recourses, Managerial Economics, Managerial Finance, Managerial Accounting, Marketing Management, Management Information System, Managing Global Companies, Managerial Decision Making, Organizational Theory, Leadership, Business Strategy, Business Ethics. ;</Comments>
</SchoolOrInstitution>

<SchoolOrInstitution schoolType='college'>








<DatesOfAttendance>
<StartDate><AnyDate>notKnown</AnyDate></StartDate>
<EndDate id='16_2'><Year>2007</Year></EndDate>
</DatesOfAttendance>

</SchoolOrInstitution>

<SchoolOrInstitution schoolType='college'>
<SchoolName id='16_1'>Shi Jiazhuang Railway Institution</SchoolName>
<LocationSummary id='16_3'>
<Municipality>Shi Jiazhuang</Municipality>
<CountryCode>CN</CountryCode>
</LocationSummary>


<Degree degreeType='bachelors'>
<DegreeName id='18'>Bachelors Degree</DegreeName>
<DegreeDate id='17_2'><YearMonth>2007-07</YearMonth></DegreeDate>
</Degree>
<Major id='18'>Financial management</Major>


<DatesOfAttendance>
<StartDate id='17_1'><YearMonth>2003-09</YearMonth></StartDate>
<EndDate id='17_2'><YearMonth>2007-07</YearMonth></EndDate>
</DatesOfAttendance>

</SchoolOrInstitution>

</EducationHistory>











<Competency oids='9 ' description='Skill' auth='no' name='research skills'>
<CompetencyWeight type='skillLevel'><NumericValue minValue='0' maxValue='100'>14</NumericValue></CompetencyWeight>
</Competency>

<Competency oids='7 ' description='Skill' auth='no' name='organization skills'>
<CompetencyWeight type='skillLevel'><NumericValue minValue='0' maxValue='100'>14</NumericValue></CompetencyWeight>
</Competency>

<Competency oids='27 ' description='Skill > IT' auth='yes' name='Microsoft Word'>
<CompetencyEvidence name='Extent of Experience' typeDescription='Extent of Experience' type='MONTH' lastUsed='2010'><NumericValue description='MONTH'>40</NumericValue></CompetencyEvidence>

<CompetencyEvidence typeDescription='Alias' name='Alias'><StringValue>word</StringValue></CompetencyEvidence>

<CompetencyWeight type='skillLevel'><NumericValue minValue='0' maxValue='100'>76</NumericValue></CompetencyWeight>

<CompetencyWeight type='skillProficiency'><StringValue minValue='BASIC' maxValue='EXCELLENT'>GOOD</StringValue></CompetencyWeight>
</Competency>

<Competency oids='29 ' description='Skill > IT' auth='yes' name='Microsoft PowerPoint'>
<CompetencyEvidence name='Extent of Experience' typeDescription='Extent of Experience' type='MONTH' lastUsed='2010'><NumericValue description='MONTH'>40</NumericValue></CompetencyEvidence>

<CompetencyEvidence typeDescription='Alias' name='Alias'><StringValue>power point</StringValue></CompetencyEvidence>

<CompetencyWeight type='skillLevel'><NumericValue minValue='0' maxValue='100'>75</NumericValue></CompetencyWeight>

<CompetencyWeight type='skillProficiency'><StringValue minValue='BASIC' maxValue='EXCELLENT'>GOOD</StringValue></CompetencyWeight>
</Competency>

<Competency oids='26 ' description='Skill > IT' auth='yes' name='Microsoft Office'>
<CompetencyEvidence name='Extent of Experience' typeDescription='Extent of Experience' type='MONTH' lastUsed='2010'><NumericValue description='MONTH'>40</NumericValue></CompetencyEvidence>

<CompetencyWeight type='skillLevel'><NumericValue minValue='0' maxValue='100'>77</NumericValue></CompetencyWeight>

<CompetencyWeight type='skillProficiency'><StringValue minValue='BASIC' maxValue='EXCELLENT'>GOOD</StringValue></CompetencyWeight>
</Competency>

<Competency oids='25 ' description='Skill > IT' auth='yes' name='Microsoft Internet Explorer'>
<CompetencyEvidence name='Extent of Experience' typeDescription='Extent of Experience' type='MONTH' lastUsed='2010'><NumericValue description='MONTH'>40</NumericValue></CompetencyEvidence>

<CompetencyEvidence typeDescription='Alias' name='Alias'><StringValue>Internet Explorer</StringValue></CompetencyEvidence>

<CompetencyWeight type='skillLevel'><NumericValue minValue='0' maxValue='100'>78</NumericValue></CompetencyWeight>

<CompetencyWeight type='skillProficiency'><StringValue minValue='BASIC' maxValue='EXCELLENT'>GOOD</StringValue></CompetencyWeight>
</Competency>

<Competency oids='28 ' description='Skill > IT' auth='yes' name='Microsoft Excel'>
<CompetencyEvidence name='Extent of Experience' typeDescription='Extent of Experience' type='MONTH' lastUsed='2010'><NumericValue description='MONTH'>40</NumericValue></CompetencyEvidence>

<CompetencyEvidence typeDescription='Alias' name='Alias'><StringValue>excel</StringValue></CompetencyEvidence>

<CompetencyWeight type='skillLevel'><NumericValue minValue='0' maxValue='100'>76</NumericValue></CompetencyWeight>

<CompetencyWeight type='skillProficiency'><StringValue minValue='BASIC' maxValue='EXCELLENT'>GOOD</StringValue></CompetencyWeight>
</Competency>

<Competency oids='31 ' description='Skill > Language' auth='yes' name='Mandarin'>
<CompetencyWeight type='skillLevel'><NumericValue minValue='0' maxValue='100'>91</NumericValue></CompetencyWeight>

<CompetencyWeight type='skillProficiency'><StringValue minValue='BASIC' maxValue='EXCELLENT'>EXCELLENT</StringValue></CompetencyWeight>
</Competency>

<Competency oids='13 ' description='Skill' auth='yes' name='Management Information System'>
<CompetencyWeight type='skillLevel'><NumericValue minValue='0' maxValue='100'>14</NumericValue></CompetencyWeight>
</Competency>

<Competency oids='24 ' description='Skill' auth='no' name='LANGUAGE SKILLS'>
<CompetencyEvidence name='Extent of Experience' typeDescription='Extent of Experience' type='MONTH' lastUsed='2010'><NumericValue description='MONTH'>40</NumericValue></CompetencyEvidence>

<CompetencyWeight type='skillLevel'><NumericValue minValue='0' maxValue='100'>79</NumericValue></CompetencyWeight>

<CompetencyWeight type='skillProficiency'><StringValue minValue='BASIC' maxValue='EXCELLENT'>GOOD</StringValue></CompetencyWeight>
</Competency>

<Competency oids='6 ' description='Skill' auth='no' name='Excellent analysis'>
<CompetencyWeight type='skillLevel'><NumericValue minValue='0' maxValue='100'>14</NumericValue></CompetencyWeight>
</Competency>

<Competency oids='31 ' description='Skill > Language' auth='yes' name='English'>
<CompetencyWeight type='skillLevel'><NumericValue minValue='0' maxValue='100'>91</NumericValue></CompetencyWeight>

<CompetencyWeight type='skillProficiency'><StringValue minValue='BASIC' maxValue='EXCELLENT'>EXCELLENT</StringValue></CompetencyWeight>
</Competency>

<Competency oids='22_2 ' description='Held Position' auth='no' name='Office Assistant'>
<CompetencyEvidence name='Extent of Experience' typeDescription='Extent of Experience' type='MONTH' lastUsed='2012'><NumericValue description='MONTH'>4</NumericValue></CompetencyEvidence>

<CompetencyWeight type='skillLevel'><NumericValue minValue='0' maxValue='100'>90</NumericValue></CompetencyWeight>

<CompetencyWeight type='skillProficiency'><StringValue minValue='BASIC' maxValue='EXCELLENT'>EXCELLENT</StringValue></CompetencyWeight>
</Competency>

<Competency oids='20_4_1 ' description='Held Position' auth='no' name='Manager Assistant'>
<CompetencyEvidence name='Extent of Experience' typeDescription='Extent of Experience' type='MONTH' lastUsed='2013'><NumericValue description='MONTH'>4</NumericValue></CompetencyEvidence>

<CompetencyWeight type='skillLevel'><NumericValue minValue='0' maxValue='100'>100</NumericValue></CompetencyWeight>

<CompetencyWeight type='skillProficiency'><StringValue minValue='BASIC' maxValue='EXCELLENT'>EXCELLENT</StringValue></CompetencyWeight>
</Competency>

<Competency oids='23_4_1 ' description='Held Position' auth='no' name='Accountant'>
<CompetencyEvidence name='Extent of Experience' typeDescription='Extent of Experience' type='MONTH' lastUsed='2010'><NumericValue description='MONTH'>40</NumericValue></CompetencyEvidence>

<CompetencyWeight type='skillLevel'><NumericValue minValue='0' maxValue='100'>79</NumericValue></CompetencyWeight>

<CompetencyWeight type='skillProficiency'><StringValue minValue='BASIC' maxValue='EXCELLENT'>GOOD</StringValue></CompetencyWeight>
</Competency>

<Competency oids='11_4 ' description='Degree/Qualification' auth='yes' name='Masters Degree > Master of Business Administration'>
<CompetencyEvidence typeDescription='Alias' name='Alias'><StringValue>Master of Business Administration</StringValue></CompetencyEvidence>

<CompetencyWeight type='skillLevel'><NumericValue minValue='0' maxValue='100'>12</NumericValue></CompetencyWeight>
</Competency>

<Competency oids='18 ' description='Degree/Qualification' auth='yes' name='Bachelors Degree > Bachelors Degree Financial management'>
<CompetencyEvidence name='Application' typeDescription='Application' type='Financial management'><StringValue>Financial management</StringValue></CompetencyEvidence>

<CompetencyEvidence typeDescription='Alias' name='Alias'><StringValue>Financial management, Bachelor Degree</StringValue></CompetencyEvidence>

<CompetencyWeight type='skillLevel'><NumericValue minValue='0' maxValue='100'>12</NumericValue></CompetencyWeight>
</Competency>

<Competency description='Industry' auth='yes' name='industry~secretarial'>
<CompetencyEvidence name='skillCount' typeDescription='skillCount'><NumericValue>1</NumericValue></CompetencyEvidence>

<CompetencyWeight type='skillLevel'><NumericValue minValue='0' maxValue='100'>50</NumericValue></CompetencyWeight>
</Competency>























<RevisionDate id='1'>2013-04-25</RevisionDate>
</StructuredXMLResume>
<NonXMLResume>

<TextResume>



<span inprof='n' id='1' class='date'>{{DOCUMENT_DATESTAMP}} 2013-4-25 {{END_DOCUMENT_DATESTAMP}}</span>


<span inprof='y' id='2' class='nominal'>Jin   Pan</span>

<span inprof='y' id='3' class='location'>144-28 BARCLAY AVE APT 8C,
FLUSHING, NEW YORK,11355</span>
<span inprof='y' id='4' class='email'>Pj5124220@126.com</span>
<span inprof='n' id='5' class='edu-hist-mark'>SUMMARY OF QUALIFICATIONS</span>

    *  Strong leadership and interpersonal skill
    *  <span inprof='y' id='6' class='skill'>Excellent analysis</span> and <span inprof='y' id='7' class='skill'>organization skills</span> ; 
    *  Motivation to improve for both my team and myself ; 
    *  Rapid adaptability and flexibility to new culture and environment ; 
    *  Excellent communication skill with positive attitude ; 
    *  Experienced cross-cultural teamwork and leadership ; 
    *  Genuine passion for business ; 
    *  Be good at using technology (<span inprof='n' id='8' class='company'>Microsoft office, Google</span> tools). ; 
    *  Chinese, English ; 
    *  Experienced in presentation, organizational, and <span inprof='y' id='9' class='skill'>research skills</span>

<span inprof='n' id='10' class='edu-hist-mark'>EDUCATION</span>
    <span inprof='y' id='11_1' class='educational'>Campbellsville University</span>           <span inprof='y' id='11_2' class='location'>Campbellsville, KY</span>       <span inprof='y' id='11_3_1' class='date'>Jan 2012</span>-<span inprof='y' id='11_3_2' class='date'>Dec 2012</span>
       *  <span inprof='y' id='11_4' class='qualif'>Master of Business Administration</span> ; 
       *  Courses: Human Recourses, <span inprof='y' id='12_1' class='subject'>Managerial Economics</span>, <span inprof='n' id='12_2' class='subject'>Managerial Finance</span>, <span inprof='n' id='12_3' class='subject'>Managerial Accounting</span>, <span inprof='n' id='12_4' class='subject'>Marketing Management</span>, <span inprof='y' id='13' class='skill'>Management Information System</span>, Managing <span inprof='n' id='14' class='company'>Global Companies</span>, Managerial Decision Making, Organizational Theory, Leadership, Business Strategy, Business Ethics. ; 
       *  <span inprof='y' id='15_1' class='degree-measure'>GPA: 4.0</span>

    <span inprof='y' id='16_1' class='educational'>Shi Jiazhuang Railway Institution</span>, <span inprof='y' id='16_2' class='date'>2007</span>        <span inprof='y' id='16_3' class='location'>Shi Jiazhuang, CHINA</span>   <span inprof='y' id='17_1' class='date'>Sep 2003</span>-<span inprof='y' id='17_2' class='date'>July 2007</span>

       *  <span inprof='y' id='18' class='qualif'>Financial management, Bachelor Degree</span>

<span inprof='n' id='19' class='work-hist-mark'>WORK EXPERIENCES</span>
<span inprof='y' id='20_1' class='company'>Pete Milano's Discount Wines &#38; Liquors</span>    <span inprof='y' id='20_2' class='location'>Staten Island, NY 10302</span>        <span inprof='y' id='20_3_1' class='date'>Jan 2013</span>-<span inprof='y' id='20_3_2' class='date'>Apr 2013</span>
    *  Worked as <span inprof='y' id='20_4_1' class='role'>Manager Assistant</span>

    <span inprof='y' id='21_1' class='educational'>Campbellsville University</span>                          <span inprof='y' id='21_2' class='location'>Campbellsville, KY</span>        <span inprof='y' id='21_3_1' class='date'>Sep 2012</span>-<span inprof='y' id='21_3_2' class='date'>Dec 2012</span>
    *  Worked as Business Department <span inprof='n' id='22_1' class='some-position'>as</span> <span inprof='y' id='22_2' class='role'>Office Assistant</span>

    <span inprof='y' id='23_1' class='company'>China Railway Construction Company (CRCC)</span>     <span inprof='y' id='23_2' class='location'>Beijing, CHINA</span>       <span inprof='y' id='23_3_1' class='date'>Sep 2007</span>-<span inprof='y' id='23_3_2' class='date'>Dec 2010</span>
    *  Worked as <span inprof='y' id='23_4_1' class='role'>Accountant</span>

COMPUTER AND <span inprof='y' id='24' class='skill'>LANGUAGE SKILLS</span>
Computer
    *  Extensive experience with
          *  <span inprof='y' id='25' class='sofwr'>Internet Explorer</span>
          *  <span inprof='y' id='26' class='sofwr'>Microsoft Office</span> (<span inprof='y' id='27' class='sofwr'>word</span>, <span inprof='y' id='28' class='sofwr'>excel</span>, <span inprof='y' id='29' class='sofwr'>power point</span>)
          *  <span inprof='n' id='30' class='company'>Google</span> tools
Languages
    *  <span inprof='y' id='31' class='skill'>Fluent in Mandarin, and English</span>




    *

</TextResume>

</NonXMLResume>



<UserArea>
<DaxResumeUserArea>
<AdditionalPersonalData>
<ExperienceSummary>
<TotalMonthsOfWorkExperience>48</TotalMonthsOfWorkExperience>
<TotalYearsOfWorkExperience>4</TotalYearsOfWorkExperience>
<TotalMonthsOfManagementWorkExperience>4</TotalMonthsOfManagementWorkExperience>
<TotalYearsOfManagementWorkExperience>0.3</TotalYearsOfManagementWorkExperience>
<TotalMonthsOfLowLevelManagementWorkExperience>4</TotalMonthsOfLowLevelManagementWorkExperience>
<TotalYearsOfLowLevelManagementWorkExperience>0.3</TotalYearsOfLowLevelManagementWorkExperience>
<ExecutiveBrief>Jin Pan is a resident of FLUSHING, NY, US.  has been working in the Secretarial  occupational sector for more than 4 years. During this candidate's last employment this candidate was working as a Manager Assistant at Pete Milano's Discount Wines &amp; Liquors. Jin has some experience in managment (4 months).</ExecutiveBrief>
<ManagementRecord>Since 2013-01 for 4 months the candidate had experience at a lower grade management level working as a Manager Assistant at Pete Milano's Discount Wines &amp; Liquors.
</ManagementRecord>
</ExperienceSummary>
</AdditionalPersonalData>
<ParserInfo>
<ParserConfiguration>{max_len=50000} {tel_flag=} {send_zip=} {fast_conv=} {DEF_LOCAL=} {sdate=0} {no_email_body=0} {do_clever_zoning=1} {keep_span=1} {complex=1} {accept_langs=} {not_accept_langs=} {prefer_lang_cv=EN} {pers_only=0} {turbo=0} {split_language=0} {picture=0} {picture_inline=0} {name_space=0} {charset=} {hrxml_upgrade_edu_hist=0}{hrxml_add_languages_section=0}{spool=} {docID=} {user=DEFAULT} </ParserConfiguration>
<ParserRelease>0.12.3.32629</ParserRelease>
<ParserReleaseDate>2014-06-18</ParserReleaseDate>
<ParserSchema>2.0.29</ParserSchema>
<ParserSchemaLocation>http://cvx.daxtra.com/cvts/xsd/candidate/2.0.29/Resume.xsd</ParserSchemaLocation>
<ConverterRelease>0.5.2.32629</ConverterRelease>
<ConverterReleaseDate>2014-06-18</ConverterReleaseDate>
</ParserInfo>
<FileStruct filename='/home/izoom/anazarov/grammar/analysis/3rconnect/doc/100_Resumes-Walsh/RESUME1.doc'>

<attachment fname='RESUME1.doc' ftype='doc' conv='yes' doc_type='cv' lang='EN'>/home/izoom/anazarov/grammar/analysis/3rconnect/doc/100_Resumes-Walsh/RESUME1.doc</attachment>


</FileStruct>
</DaxResumeUserArea>
</UserArea>
</Resume>
