<?xml version='1.0' encoding='ISO-8859-1'?>
<Resume lang='en' src='DAXTRA-CVX schema:2.0.29 release:0.12.3.32629 rdate:2014-06-18'>
<StructuredXMLResume>
<ContactInfo>
<PersonName id='2'>
<FormattedName>Xuchao Huang</FormattedName>
<GivenName>Xuchao</GivenName>
<FamilyName>Huang</FamilyName>
</PersonName>
<ContactMethod>
<Telephone id='5' type='home'>
<InternationalCountryCode>1</InternationalCountryCode>
<SubscriberNumber>603 867 4266</SubscriberNumber>
<FormattedNumber>+1 603 867 4266</FormattedNumber></Telephone>

<InternetEmailAddress id='4' type='main'>shoochow.huang@gmail.com</InternetEmailAddress>
<PostalAddress id='3' type='main'>
<CountryCode>US</CountryCode>
<PostalCode>11204</PostalCode>
<Region>NY</Region>
<Municipality>Brooklyn</Municipality>
<DeliveryAddress>
<AddressLine>2059 Bay Ridge Avenue</AddressLine>
<StreetName>Bay Ridge Avenue</StreetName>
<BuildingNumber>2059</BuildingNumber>
</DeliveryAddress>

</PostalAddress>
</ContactMethod>
</ContactInfo>
<ExecutiveSummary>With great enthusiasm being a professional accounting or financial expert, logical and analytical, patient and passionate , I'm willing to take any challenges, detail-oriented, highly demanding. My sufficient education and great learning ability will benefit the company once been chosen.</ExecutiveSummary>


<EmploymentHistory>
<EmployerOrg employerOrgType='soleEmployer'>
<EmployerOrgName id='19'>high school</EmployerOrgName>
<EmployerContactInfo>
<LocationSummary id='16'>
<Municipality>Manchester</Municipality>
<Region>NH</Region>
<CountryCode>US</CountryCode>
</LocationSummary>
</EmployerContactInfo>
<PositionHistory positionType='CONTRACT'>
<Title id='18_1'>Mentor</Title>
<OrgName id='19'>high school</OrgName>



<Description>*  Worked passionately with partners to tutor students, organize different activities designed to inspire students to dream, to keep on studying. ; 
    *  Arranged and delivered talks on various inspirational topics, e.g., people with special disabilities to understand "different people" with respect ;</Description>
<StartDate id='17_1'><YearMonth>2010-09</YearMonth></StartDate>
<EndDate id='17_2'><YearMonth>2011-04</YearMonth></EndDate>




<JobCategory>
<TaxonomyName>JOBAREA</TaxonomyName>
<CategoryCode>edu</CategoryCode>
</JobCategory>


<UserArea>
<DaxPositionHistoryUserArea>
<TLSPAN first_id='16' last_id='20' border_id='21'></TLSPAN>
<MonthsOfWork>8</MonthsOfWork>
</DaxPositionHistoryUserArea>
</UserArea>
</PositionHistory>
</EmployerOrg>

<EmployerOrg employerOrgType='soleEmployer'>
<EmployerOrgName id='21_1'>Xianhua Law Firm</EmployerOrgName>
<EmployerContactInfo>
<LocationSummary id='21_3'>
<CountryCode>CN</CountryCode>
</LocationSummary>
</EmployerContactInfo>
<PositionHistory positionType='CONTRACT'>
<Title id='23_1'>Secretary</Title>
<Title id='24_1'>Assist lawyers</Title>
<OrgName id='21_2'>Pujiang</OrgName>



<Description>*     Assist lawyers to efficiently schedule appointments of clients
*    Communicate throughly with clients regarding the case and inform them with detailed pre-court procedures, ; 
    *    Entry level legal consulting ; 
    *    Data entry and tidy up different types of legal documents, ;</Description>
<StartDate id='21_4_1'><YearMonth>2009-05</YearMonth></StartDate>
<EndDate id='21_4_2'><YearMonth>2009-12</YearMonth></EndDate>




<JobCategory>
<TaxonomyName>JOBAREA</TaxonomyName>
<CategoryCode>legal</CategoryCode>
</JobCategory>


<UserArea>
<DaxPositionHistoryUserArea>
<TLSPAN first_id='21' last_id='27' border_id='28'></TLSPAN>
<MonthsOfWork>8</MonthsOfWork>
</DaxPositionHistoryUserArea>
</UserArea>
</PositionHistory>
</EmployerOrg>

<EmployerOrg employerOrgType='soleEmployer'>
<EmployerOrgName id='28_2'>District Court of Gongshu</EmployerOrgName>
<EmployerContactInfo>
<LocationSummary id='28_3'>
<Municipality>Hangzhou</Municipality>
<CountryCode>CN</CountryCode>
</LocationSummary>
</EmployerContactInfo>
<PositionHistory positionType='Internship'>

<OrgName id='28_2'>District Court of Gongshu</OrgName>



<Description>*  Compiled cases' documents in exact order, ; 
    *  Instructed plaintiffs and defendants with no lawyer on basic legal procedures and related information. ; 
    *  Hear and record plaintiff and defendant's complaint and the arbitration before the trial.

Relevant Courses
    *  Intermediate Accounting; ; 
    *  Advanced topics in financial reporting(proficient in GAAP); ; 
    *  Managerial(cost) Accounting; Auditing, ;</Description>
<StartDate id='28_4_1'><YearMonth>2009-01</YearMonth></StartDate>
<EndDate id='28_4_2'><YearMonth>2009-04</YearMonth></EndDate>




<JobCategory>
<TaxonomyName>JOBAREA</TaxonomyName>
<CategoryCode>accountancy</CategoryCode>
</JobCategory>


<UserArea>
<DaxPositionHistoryUserArea>
<TLSPAN first_id='28' last_id='34' border_id='0'></TLSPAN>
<MonthsOfWork>4</MonthsOfWork>
</DaxPositionHistoryUserArea>
</UserArea>
</PositionHistory>
</EmployerOrg>

</EmploymentHistory>
<EducationHistory>
<SchoolOrInstitution schoolType='university'>
<SchoolName id='11_1'>Southern New Hampshire University</SchoolName>
<LocationSummary id='11_2'>
<Municipality>Manchester</Municipality>
<Region>NH</Region>
<CountryCode>US</CountryCode>
</LocationSummary>


<Degree degreeType='some post-graduate'>
<DegreeName id='11_4'>Master of Science</DegreeName>
<DegreeDate id='11_3'><YearMonth>2012-06</YearMonth></DegreeDate>
</Degree>
<Major id='11_4'>Finance</Major>

<Measure>
<MeasureValue id='11_4'>GPA 3.55</MeasureValue>
</Measure>



</SchoolOrInstitution>

<SchoolOrInstitution schoolType='university'>
<SchoolName id='12_1'>Jilin University</SchoolName>
<LocationSummary id='12_2'>
<Municipality>Jilin</Municipality>
<CountryCode>CN</CountryCode>
</LocationSummary>

<OrganizationUnit organizationType='unit'>Law School</OrganizationUnit>




<DatesOfAttendance>
<StartDate><AnyDate>notKnown</AnyDate></StartDate>
<EndDate id='12_3'><YearMonth>2009-06</YearMonth></EndDate>
</DatesOfAttendance>
<Comments>Bachelor in Law,    Top 10 Law School in China</Comments>
</SchoolOrInstitution>

<SchoolOrInstitution schoolType='college'>
<SchoolName id='13'>Law School</SchoolName>
<LocationSummary id='14'>
<CountryCode>CN</CountryCode>
</LocationSummary>


<Degree degreeType='bachelors'>
<DegreeName id='12_4'>Bachelor</DegreeName>

</Degree>
<Major id='12_4'>Law</Major>




</SchoolOrInstitution>

</EducationHistory>











<Competency oids='39 ' description='Skill > IT' auth='yes' name='QuickBooks'>
<CompetencyWeight type='skillLevel'><NumericValue minValue='0' maxValue='100'>14</NumericValue></CompetencyWeight>
</Competency>

<Competency oids='37 ' description='Skill > IT' auth='yes' name='Microsoft Word'>
<CompetencyEvidence typeDescription='Alias' name='Alias'><StringValue>Word</StringValue></CompetencyEvidence>

<CompetencyWeight type='skillLevel'><NumericValue minValue='0' maxValue='100'>14</NumericValue></CompetencyWeight>
</Competency>

<Competency oids='38 ' description='Skill > IT' auth='yes' name='Microsoft PowerPoint'>
<CompetencyEvidence typeDescription='Alias' name='Alias'><StringValue>PowerPoint</StringValue></CompetencyEvidence>

<CompetencyWeight type='skillLevel'><NumericValue minValue='0' maxValue='100'>14</NumericValue></CompetencyWeight>
</Competency>

<Competency oids='36 ' description='Skill > IT' auth='yes' name='Microsoft Excel'>
<CompetencyEvidence typeDescription='Alias' name='Alias'><StringValue>MS Excel</StringValue></CompetencyEvidence>

<CompetencyWeight type='skillLevel'><NumericValue minValue='0' maxValue='100'>14</NumericValue></CompetencyWeight>
</Competency>

<Competency oids='41 ' description='Skill > Language' auth='yes' name='Mandarin'>
<CompetencyEvidence typeDescription='Alias' name='Alias'><StringValue>Mandarin Chinese</StringValue></CompetencyEvidence>

<CompetencyWeight type='skillLevel'><NumericValue minValue='0' maxValue='100'>89</NumericValue></CompetencyWeight>

<CompetencyWeight type='skillProficiency'><StringValue minValue='BASIC' maxValue='EXCELLENT'>NATIVE</StringValue></CompetencyWeight>
</Competency>

<Competency oids='27 ' description='Skill' auth='yes' name='Legal Documents'>
<CompetencyEvidence name='Extent of Experience' typeDescription='Extent of Experience' type='MONTH' lastUsed='2009'><NumericValue description='MONTH'>8</NumericValue></CompetencyEvidence>

<CompetencyWeight type='skillLevel'><NumericValue minValue='0' maxValue='100'>98</NumericValue></CompetencyWeight>

<CompetencyWeight type='skillProficiency'><StringValue minValue='BASIC' maxValue='EXCELLENT'>EXCELLENT</StringValue></CompetencyWeight>
</Competency>

<Competency oids='33 ' description='Skill' auth='yes' name='Financial Report Writing'>
<CompetencyEvidence name='Extent of Experience' typeDescription='Extent of Experience' type='MONTH' lastUsed='2009'><NumericValue description='MONTH'>4</NumericValue></CompetencyEvidence>

<CompetencyEvidence typeDescription='Alias' name='Alias'><StringValue>financial reporting</StringValue></CompetencyEvidence>

<CompetencyWeight type='skillLevel'><NumericValue minValue='0' maxValue='100'>97</NumericValue></CompetencyWeight>

<CompetencyWeight type='skillProficiency'><StringValue minValue='BASIC' maxValue='EXCELLENT'>EXCELLENT</StringValue></CompetencyWeight>
</Competency>

<Competency oids='40 ' description='Skill > Language' auth='yes' name='English'>
<CompetencyWeight type='skillLevel'><NumericValue minValue='0' maxValue='100'>89</NumericValue></CompetencyWeight>

<CompetencyWeight type='skillProficiency'><StringValue minValue='BASIC' maxValue='EXCELLENT'>EXCELLENT</StringValue></CompetencyWeight>
</Competency>

<Competency oids='26 ' description='Skill' auth='yes' name='Data Entry'>
<CompetencyEvidence name='Extent of Experience' typeDescription='Extent of Experience' type='MONTH' lastUsed='2009'><NumericValue description='MONTH'>8</NumericValue></CompetencyEvidence>

<CompetencyWeight type='skillLevel'><NumericValue minValue='0' maxValue='100'>99</NumericValue></CompetencyWeight>

<CompetencyWeight type='skillProficiency'><StringValue minValue='BASIC' maxValue='EXCELLENT'>EXCELLENT</StringValue></CompetencyWeight>
</Competency>

<Competency oids='25 ' description='Skill' auth='yes' name='Court proceedings'>
<CompetencyEvidence name='Extent of Experience' typeDescription='Extent of Experience' type='MONTH' lastUsed='2009'><NumericValue description='MONTH'>8</NumericValue></CompetencyEvidence>

<CompetencyEvidence typeDescription='Alias' name='Alias'><StringValue>court procedures</StringValue></CompetencyEvidence>

<CompetencyWeight type='skillLevel'><NumericValue minValue='0' maxValue='100'>100</NumericValue></CompetencyWeight>

<CompetencyWeight type='skillProficiency'><StringValue minValue='BASIC' maxValue='EXCELLENT'>EXCELLENT</StringValue></CompetencyWeight>
</Competency>

<Competency oids='34 ' description='Skill' auth='yes' name='Audit'>
<CompetencyEvidence name='Extent of Experience' typeDescription='Extent of Experience' type='MONTH' lastUsed='2009'><NumericValue description='MONTH'>4</NumericValue></CompetencyEvidence>

<CompetencyEvidence typeDescription='Alias' name='Alias'><StringValue>Auditing</StringValue></CompetencyEvidence>

<CompetencyWeight type='skillLevel'><NumericValue minValue='0' maxValue='100'>96</NumericValue></CompetencyWeight>

<CompetencyWeight type='skillProficiency'><StringValue minValue='BASIC' maxValue='EXCELLENT'>EXCELLENT</StringValue></CompetencyWeight>
</Competency>

<Competency oids='32 ' description='Skill' auth='yes' name='Arbitration'>
<CompetencyEvidence name='Extent of Experience' typeDescription='Extent of Experience' type='MONTH' lastUsed='2009'><NumericValue description='MONTH'>4</NumericValue></CompetencyEvidence>

<CompetencyWeight type='skillLevel'><NumericValue minValue='0' maxValue='100'>98</NumericValue></CompetencyWeight>

<CompetencyWeight type='skillProficiency'><StringValue minValue='BASIC' maxValue='EXCELLENT'>EXCELLENT</StringValue></CompetencyWeight>
</Competency>

<Competency oids='23_1 30_1 ' description='Held Position' auth='no' name='Secretary'>
<CompetencyEvidence name='Extent of Experience' typeDescription='Extent of Experience' type='MONTH' lastUsed='2009'><NumericValue description='MONTH'>12</NumericValue></CompetencyEvidence>

<CompetencyWeight type='skillLevel'><NumericValue minValue='0' maxValue='100'>100</NumericValue></CompetencyWeight>

<CompetencyWeight type='skillProficiency'><StringValue minValue='BASIC' maxValue='EXCELLENT'>EXCELLENT</StringValue></CompetencyWeight>
</Competency>

<Competency oids='31_1 ' description='Held Position' auth='no' name='lawyer'>
<CompetencyEvidence name='Extent of Experience' typeDescription='Extent of Experience' type='MONTH' lastUsed='2009'><NumericValue description='MONTH'>4</NumericValue></CompetencyEvidence>

<CompetencyWeight type='skillLevel'><NumericValue minValue='0' maxValue='100'>97</NumericValue></CompetencyWeight>

<CompetencyWeight type='skillProficiency'><StringValue minValue='BASIC' maxValue='EXCELLENT'>EXCELLENT</StringValue></CompetencyWeight>
</Competency>

<Competency oids='6_2 ' description='Held Position' auth='no' name='Tax preparer/auditing'>
<CompetencyWeight type='skillLevel'><NumericValue minValue='0' maxValue='100'>14</NumericValue></CompetencyWeight>
</Competency>

<Competency oids='42_1 ' description='Held Position' auth='no' name='Student Representative'>
<CompetencyWeight type='skillLevel'><NumericValue minValue='0' maxValue='100'>14</NumericValue></CompetencyWeight>
</Competency>

<Competency oids='18_1 ' description='Held Position' auth='no' name='Mentor'>
<CompetencyEvidence name='Extent of Experience' typeDescription='Extent of Experience' type='MONTH' lastUsed='2011'><NumericValue description='MONTH'>8</NumericValue></CompetencyEvidence>

<CompetencyWeight type='skillLevel'><NumericValue minValue='0' maxValue='100'>90</NumericValue></CompetencyWeight>

<CompetencyWeight type='skillProficiency'><StringValue minValue='BASIC' maxValue='EXCELLENT'>EXCELLENT</StringValue></CompetencyWeight>
</Competency>

<Competency oids='24_1 ' description='Held Position' auth='no' name='Assist lawyers'>
<CompetencyEvidence name='Extent of Experience' typeDescription='Extent of Experience' type='MONTH' lastUsed='2009'><NumericValue description='MONTH'>8</NumericValue></CompetencyEvidence>

<CompetencyWeight type='skillLevel'><NumericValue minValue='0' maxValue='100'>99</NumericValue></CompetencyWeight>

<CompetencyWeight type='skillProficiency'><StringValue minValue='BASIC' maxValue='EXCELLENT'>EXCELLENT</StringValue></CompetencyWeight>
</Competency>

<Competency oids='6_1 ' description='Held Position' auth='no' name='Accountant'>
<CompetencyWeight type='skillLevel'><NumericValue minValue='0' maxValue='100'>14</NumericValue></CompetencyWeight>
</Competency>

<Competency oids='45 ' description='Degree/Qualification > Professional' auth='no' name='Member of IMA'>
<CompetencyWeight type='skillLevel'><NumericValue minValue='0' maxValue='100'>12</NumericValue></CompetencyWeight>
</Competency>

<Competency oids='11_4 ' description='Degree/Qualification' auth='yes' name='Masters Degree > Master of Science > Master of Science Finance'>
<CompetencyEvidence name='Application' typeDescription='Application' type='Finance'><StringValue>Finance</StringValue></CompetencyEvidence>

<CompetencyEvidence typeDescription='Alias' name='Alias'><StringValue>MS Finance/Accounting , GPA 3.55</StringValue></CompetencyEvidence>

<CompetencyWeight type='skillLevel'><NumericValue minValue='0' maxValue='100'>12</NumericValue></CompetencyWeight>

<CompetencyWeight type='skillProficiency'><StringValue minValue='BASIC' maxValue='EXCELLENT'>EXCELLENT</StringValue></CompetencyWeight>
</Competency>

<Competency oids='11_4 ' description='Degree/Qualification' auth='yes' name='Masters Degree > Master of Science > Master of Science Accounting'>
<CompetencyEvidence name='Application' typeDescription='Application' type='Accounting'><StringValue>Accounting</StringValue></CompetencyEvidence>

<CompetencyEvidence typeDescription='Alias' name='Alias'><StringValue>MS Finance/Accounting , GPA 3.55</StringValue></CompetencyEvidence>

<CompetencyWeight type='skillLevel'><NumericValue minValue='0' maxValue='100'>12</NumericValue></CompetencyWeight>

<CompetencyWeight type='skillProficiency'><StringValue minValue='BASIC' maxValue='EXCELLENT'>EXCELLENT</StringValue></CompetencyWeight>
</Competency>

<Competency oids='7 ' description='Degree/Qualification > Professional' auth='yes' name='Certified Public Accountant Qualification'>
<CompetencyEvidence typeDescription='Alias' name='Alias'><StringValue>CPA candidate</StringValue></CompetencyEvidence>

<CompetencyWeight type='skillLevel'><NumericValue minValue='0' maxValue='100'>12</NumericValue></CompetencyWeight>
</Competency>

<Competency oids='12_4 ' description='Degree/Qualification' auth='yes' name='Bachelors Degree > Bachelors Degree Law'>
<CompetencyEvidence name='Application' typeDescription='Application' type='Law'><StringValue>Law</StringValue></CompetencyEvidence>

<CompetencyEvidence typeDescription='Alias' name='Alias'><StringValue>Bachelor in Law</StringValue></CompetencyEvidence>

<CompetencyWeight type='skillLevel'><NumericValue minValue='0' maxValue='100'>12</NumericValue></CompetencyWeight>
</Competency>

<Competency description='Industry' auth='yes' name='industry~edu'>
<CompetencyEvidence name='skillCount' typeDescription='skillCount'><NumericValue>1</NumericValue></CompetencyEvidence>

<CompetencyWeight type='skillLevel'><NumericValue minValue='0' maxValue='100'>100</NumericValue></CompetencyWeight>
</Competency>























<RevisionDate id='1'>2009-04-22</RevisionDate>
</StructuredXMLResume>
<NonXMLResume>

<TextResume>



<span inprof='n' id='1' class='date'>{{DOCUMENT_DATESTAMP}} 2009-4-22 {{END_DOCUMENT_DATESTAMP}}</span>



<span inprof='y' id='2' class='nominal-mb'>Xuchao Huang</span>
<span inprof='y' id='3' class='location'>2059 Bay Ridge Avenue, Brooklyn, NY,11204</span>
  <span inprof='y' id='4' class='email'>shoochow.huang@gmail.com</span>    <span inprof='y' id='5' class='telephone'>(603) 867 4266</span>
<span inprof='y' id='6_1' class='role'>Accountant</span>/ <span inprof='y' id='6_2' class='role'>Tax preparer/auditing</span>  (<span inprof='y' id='7' class='qualif'>CPA candidate</span>)

<span inprof='n' id='8' class='title-line'>Career Objective</span>
With great enthusiasm being a professional accounting <span inprof='n' id='9' class='bad-occupation'>or financial expert</span>, logical and analytical, patient and passionate , I'm willing to take any challenges, detail-oriented, highly demanding. My sufficient education and great learning ability will benefit the company once been chosen.

<span inprof='n' id='10' class='edu-hist-mark'>Education</span>
<span inprof='y' id='11_1' class='educational'>Southern New Hampshire University</span>, <span inprof='y' id='11_2' class='location'>Manchester, NH</span>                                       <span inprof='y' id='11_3' class='date'>Jun 2012</span>
    <span inprof='y' id='11_4' class='qualif'>MS Finance/Accounting ,                                           GPA 3.55</span>
<span inprof='y' id='12_1' class='educational'>Law School of Jilin University</span>, <span inprof='y' id='12_2' class='location'>Jilin, China</span>                                            <span inprof='y' id='12_3' class='date'>Jun 2009</span>
                                                                                        <span inprof='y' id='12_4' class='qualif'>Bachelor in Law</span>,                                   Top 10 <span inprof='y' id='13' class='educational'>Law School</span> in <span inprof='y' id='14' class='location'>China</span>

<span inprof='n' id='15' class='work-hist-mark'>Experience</span>
City Year,   <span inprof='y' id='16' class='location'>Manchester, NH</span>                                    	 <span inprof='y' id='17_1' class='date'>Sep 2010</span>- <span inprof='y' id='17_2' class='date'>Apr 2011</span>
                                                             <span inprof='y' id='18_1' class='role'>Mentor</span>
    *  Co-leader of 13 junior or <span inprof='y' id='19' class='educational'>high school</span> students ; 
    *  Worked passionately with partners <span inprof='n' id='20' class='bad-occupation'>to tutor</span> students, organize different activities designed to inspire students to dream, to keep on studying. ; 
    *  Arranged and delivered talks on various inspirational topics, e.g., people with special disabilities to understand "different people" with respect

<span inprof='y' id='21_1' class='company'>Xianhua Law Firm</span>, <span inprof='y' id='21_2' class='company'>Pujiang</span>, <span inprof='y' id='21_3' class='location'>China</span>                                 <span inprof='y' id='21_4_1' class='date'>May 2009</span>- <span inprof='y' id='21_4_2' class='date'>Dec 2009</span>
                                                      <span inprof='n' id='22' class='bad-occupation'>Lawyer's</span> <span inprof='y' id='23_1' class='role'>Secretary</span>
   *     <span inprof='y' id='24_1' class='role'>Assist lawyers</span> to efficiently schedule appointments of clients ; 
   *     Communicate throughly with clients regarding the case and inform them with detailed pre-<span inprof='y' id='25' class='skill'>court procedures</span>, ; 
   *     Entry level legal consulting ; 
   *     <span inprof='y' id='26' class='skill'>Data entry</span> and tidy up different types of <span inprof='y' id='27' class='skill'>legal documents</span>,

<span inprof='n' id='28_1' class='occupation'>Internship</span> in <span inprof='y' id='28_2' class='company'>District Court of Gongshu</span>, <span inprof='y' id='28_3' class='location'>Hangzhou, China</span>.                                  <span inprof='y' id='28_4_1' class='date'>Jan 2009</span>-<span inprof='y' id='28_4_2' class='date'>Apr 2009</span>
                                                               <span inprof='n' id='29' class='bad-occupation'>Judge's</span> <span inprof='y' id='30_1' class='role'>secretary</span>
                                                                                           *  Compiled cases' documents in exact order, ; 
                                                                                           *  Instructed plaintiffs and defendants with no <span inprof='y' id='31_1' class='role'>lawyer</span> on basic legal procedures and related information. ; 
                                                                                           *  Hear and record plaintiff and defendant's complaint and the <span inprof='y' id='32' class='skill'>arbitration</span> before the trial.

Relevant Courses
    *  Intermediate Accounting; ; 
    *  Advanced topics in <span inprof='y' id='33' class='skill'>financial reporting</span>(proficient in GAAP); ; 
    *  Managerial(cost) Accounting; <span inprof='y' id='34' class='skill'>Auditing</span>,

<span inprof='n' id='35' class='title-line'>Technical Skills</span>
Proficient in:  <span inprof='y' id='36' class='sofwr'>MS Excel</span>(VLookup), <span inprof='y' id='37' class='sofwr'>Word</span> and <span inprof='y' id='38' class='sofwr'>PowerPoint</span>, <span inprof='y' id='39' class='sofwr'>Quickbooks</span>;
<span inprof='y' id='40' class='skill'>Fluent in English</span> and <span inprof='y' id='41' class='skill'>Native in Mandarin Chinese</span>.

Organizations and Activities
    *  <span inprof='y' id='42_1' class='role'>Student Representative</span> of <span inprof='n' id='43' class='company'>SNHU</span> to IMPACT conference of 2011 in <span inprof='n' id='44' class='location'>Deland, Florida</span>. ; 
    *  <span inprof='y' id='45' class='qualif'>Member of IMA</span> of <span inprof='n' id='46' class='location'>New Hampshire</span> Chapter <span inprof='n' id='47' class='date'>since Feb</span>, <span inprof='n' id='48' class='date'>2011.</span>

</TextResume>

</NonXMLResume>



<UserArea>
<DaxResumeUserArea>
<AdditionalPersonalData>
<ExperienceSummary>
<TotalMonthsOfWorkExperience>20</TotalMonthsOfWorkExperience>
<TotalYearsOfWorkExperience>2</TotalYearsOfWorkExperience>
<ExecutiveBrief>Xuchao Huang is a resident of Brooklyn, NY, US.  has been working in the EDU  occupational sector for more than 2 years. During this candidate's last employment this candidate was working as a Mentor at high school. So far Xuchao has not gained any managerial experience.</ExecutiveBrief>
</ExperienceSummary>
</AdditionalPersonalData>
<ParserInfo>
<ParserConfiguration>{max_len=50000} {tel_flag=} {send_zip=} {fast_conv=} {DEF_LOCAL=} {sdate=0} {no_email_body=0} {do_clever_zoning=1} {keep_span=1} {complex=1} {accept_langs=} {not_accept_langs=} {prefer_lang_cv=EN} {pers_only=0} {turbo=0} {split_language=0} {picture=0} {picture_inline=0} {name_space=0} {charset=} {hrxml_upgrade_edu_hist=0}{hrxml_add_languages_section=0}{spool=} {docID=} {user=DEFAULT} </ParserConfiguration>
<ParserRelease>0.12.3.32629</ParserRelease>
<ParserReleaseDate>2014-06-18</ParserReleaseDate>
<ParserSchema>2.0.29</ParserSchema>
<ParserSchemaLocation>http://cvx.daxtra.com/cvts/xsd/candidate/2.0.29/Resume.xsd</ParserSchemaLocation>
<ConverterRelease>0.5.2.32629</ConverterRelease>
<ConverterReleaseDate>2014-06-18</ConverterReleaseDate>
</ParserInfo>
<FileStruct filename='/home/izoom/anazarov/grammar/analysis/3rconnect/doc/100_Resumes-Walsh/Resume of Huang,Shoochow..doc'>

<attachment fname='Resume of Huang,Shoochow..doc' ftype='doc' conv='yes' doc_type='cv' lang='EN'>/home/izoom/anazarov/grammar/analysis/3rconnect/doc/100_Resumes-Walsh/Resume of Huang,Shoochow..doc</attachment>


</FileStruct>
</DaxResumeUserArea>
</UserArea>
</Resume>
