<?xml version='1.0' encoding='ISO-8859-1'?>
<Resume lang='en' src='DAXTRA-CVX schema:2.0.29 release:0.12.3.32629 rdate:2014-06-18'>
<StructuredXMLResume>
<ContactInfo>
<PersonName id='2'>
<FormattedName>Isaiah Headley</FormattedName>
<GivenName>Isaiah</GivenName>
<FamilyName>Headley</FamilyName>
<sex>Male</sex>
</PersonName>
<ContactMethod>
<Telephone id='4' type='home'>
<InternationalCountryCode>1</InternationalCountryCode>
<SubscriberNumber>718 740-0446</SubscriberNumber>
<FormattedNumber>+1 718 740-0446</FormattedNumber></Telephone>

<InternetEmailAddress id='5' type='main'>isaiahch7@gmail.com</InternetEmailAddress>
<PostalAddress id='3' type='main'>
<CountryCode>US</CountryCode>
<PostalCode>11427</PostalCode>
<Region>NY</Region>
<Municipality>Queens Village</Municipality>
<DeliveryAddress>
<AddressLine>89-15 218 place</AddressLine>
<StreetName>218 place</StreetName>
<BuildingNumber>89-15</BuildingNumber>
</DeliveryAddress>

</PostalAddress>
</ContactMethod>
</ContactInfo>


<EmploymentHistory>
<EmployerOrg employerOrgType='soleEmployer'>
<EmployerOrgName id='17_3'>Ridgewood Savings Bank</EmployerOrgName>
<EmployerContactInfo>
<LocationSummary id='17_4'>
<Municipality>Laurelton</Municipality>
<Region>NY</Region>
<CountryCode>US</CountryCode>
</LocationSummary>
</EmployerContactInfo>
<PositionHistory positionType='PERMANENT'>
<Title id='17_1_1'>BANK TELLER</Title>
<Title id='17_1_2'>CUSTOMER SERVICE SAVINGS COUNSELER</Title>
<OrgName id='17_3'>Ridgewood Savings Bank</OrgName>



<Description>*  Opened new accounts and managed customer relations in a problem solving environment ; 
*  Provided excellent member services and maintained member satisfaction ; 
*  Entered member and transactions data into computer and issued computer-generated receipts to member ; 
*  Cashed checks and disbursed monies after verifying signatures, endorsements and member account balances ; 
*  Ordered daily supply of cash and counted incoming cash to verify accuracy ; 
*  Explained and promoted products and services ;</Description>
<StartDate id='17_2_1'><YearMonth>2006-06</YearMonth></StartDate>
<EndDate id='17_2_2'><YearMonth>2012-08</YearMonth></EndDate>




<JobCategory>
<TaxonomyName>JOBAREA</TaxonomyName>
<CategoryCode>customer-service</CategoryCode>
</JobCategory>


<UserArea>
<DaxPositionHistoryUserArea>
<TLSPAN first_id='17' last_id='18' border_id='20'></TLSPAN>
<MonthsOfWork>75</MonthsOfWork>
</DaxPositionHistoryUserArea>
</UserArea>
</PositionHistory>
</EmployerOrg>

<EmployerOrg employerOrgType='soleEmployer'>
<EmployerContactInfo>
<LocationSummary id='20_3'>
<Municipality>New Hyde Park</Municipality>
<Region>NY</Region>
<CountryCode>US</CountryCode>
</LocationSummary>
</EmployerContactInfo>
<PositionHistory positionType='CONTRACT'>
<Title id='19_1'>RESPONSE MARKETING/ CUSTOMER SERVICE TELEPHONE REP</Title>




<Description>*  Responsible for customer service, completing pre-applications over the phone and any additional tasks ; 
*  Efficiently completed sales &#38; assisted customers ;</Description>
<StartDate id='20_1_1'><YearMonth>2006-03</YearMonth></StartDate>
<EndDate id='20_1_2'><YearMonth>2006-10</YearMonth></EndDate>




<JobCategory>
<TaxonomyName>JOBAREA</TaxonomyName>
<CategoryCode>customer-service</CategoryCode>
</JobCategory>


<UserArea>
<DaxPositionHistoryUserArea>
<TLSPAN first_id='19' last_id='21' border_id='22'></TLSPAN>
<MonthsOfWork>8</MonthsOfWork>
</DaxPositionHistoryUserArea>
</UserArea>
</PositionHistory>
</EmployerOrg>

<EmployerOrg employerOrgType='soleEmployer'>
<EmployerOrgName id='22_3'>Bed Bath and Beyond</EmployerOrgName>
<EmployerContactInfo>
<LocationSummary id='22_4'>
<Municipality>Manhasset</Municipality>
<Region>NY</Region>
<CountryCode>US</CountryCode>
</LocationSummary>
</EmployerContactInfo>
<PositionHistory positionType='CONTRACT'>
<Title id='22_1_1'>SALES ASSOCIATE</Title>
<Title id='22_1_2'>CASHIER</Title>
<OrgName id='22_3'>Bed Bath and Beyond</OrgName>



<Description>*  Responsible for providing superior customer service and support for a fast-paced selling floor environment ; 
*  Verified identification for check and credit card purchases ; 
*  Provided supervisor with collections of cash, receipts, register tapes, checks credit card receipts, coupons, and supporting documentation to ensure that all funds and transactions balanced at the end of shift ;</Description>
<StartDate id='22_2_1'><YearMonth>2005-10</YearMonth></StartDate>
<EndDate id='22_2_2'><YearMonth>2006-03</YearMonth></EndDate>




<JobCategory>
<TaxonomyName>JOBAREA</TaxonomyName>
<CategoryCode>banking-finance</CategoryCode>
</JobCategory>


<UserArea>
<DaxPositionHistoryUserArea>
<TLSPAN first_id='22' last_id='23' border_id='0'></TLSPAN>
<MonthsOfWork>6</MonthsOfWork>
</DaxPositionHistoryUserArea>
</UserArea>
</PositionHistory>
</EmployerOrg>

</EmploymentHistory>
<EducationHistory>
<SchoolOrInstitution schoolType='community'>
<SchoolName id='7'>Queens borough Community College</SchoolName>
<LocationSummary id='8'>
<Municipality>Queens</Municipality>
<Region>NY</Region>
<CountryCode>US</CountryCode>
</LocationSummary>







<Comments>*  Pursing an Associate degree in Accounting ;</Comments>
</SchoolOrInstitution>

<SchoolOrInstitution schoolType='college'>

<LocationSummary id='10_3'>
<Municipality>Medina</Municipality>
<Region>NY</Region>
<CountryCode>US</CountryCode>
</LocationSummary>


<Degree degreeType='associates'>
<DegreeName id='9'>Associate Degree</DegreeName>
<DegreeDate id='10_1'><YearMonth>2004-09</YearMonth></DegreeDate>
</Degree>
<Major id='9'>Accounting</Major>



<Comments>*  High school diploma
 Hospitality and Tourism certificate    Iroquois Job Corps    Medina, NY
*  Obtained certificate training in customer service ;</Comments>
</SchoolOrInstitution>

</EducationHistory>











<Competency oids='18 30 ' description='Skill' auth='no' name='problem solving'>
<CompetencyEvidence name='Extent of Experience' typeDescription='Extent of Experience' type='MONTH' lastUsed='2012'><NumericValue description='MONTH'>75</NumericValue></CompetencyEvidence>

<CompetencyWeight type='skillLevel'><NumericValue minValue='0' maxValue='100'>100</NumericValue></CompetencyWeight>

<CompetencyWeight type='skillProficiency'><StringValue minValue='BASIC' maxValue='EXCELLENT'>EXCELLENT</StringValue></CompetencyWeight>
</Competency>

<Competency oids='26 27 ' description='Skill' auth='no' name='Front Office'>
<CompetencyWeight type='skillLevel'><NumericValue minValue='0' maxValue='100'>14</NumericValue></CompetencyWeight>
</Competency>

<Competency oids='21 ' description='Skill' auth='no' name='Responsible for customer service'>
<CompetencyEvidence name='Extent of Experience' typeDescription='Extent of Experience' type='MONTH' lastUsed='2006'><NumericValue description='MONTH'>8</NumericValue></CompetencyEvidence>

<CompetencyWeight type='skillLevel'><NumericValue minValue='0' maxValue='100'>25</NumericValue></CompetencyWeight>

<CompetencyWeight type='skillProficiency'><StringValue minValue='BASIC' maxValue='EXCELLENT'>BASIC</StringValue></CompetencyWeight>
</Competency>

<Competency oids='28 ' description='Skill' auth='no' name='Folio Management'>
<CompetencyWeight type='skillLevel'><NumericValue minValue='0' maxValue='100'>14</NumericValue></CompetencyWeight>
</Competency>

<Competency oids='25 ' description='Skill' auth='no' name='Communication Skills'>
<CompetencyWeight type='skillLevel'><NumericValue minValue='0' maxValue='100'>14</NumericValue></CompetencyWeight>
</Competency>

<Competency oids='29 ' description='Skill' auth='yes' name='Cashiering'>
<CompetencyWeight type='skillLevel'><NumericValue minValue='0' maxValue='100'>14</NumericValue></CompetencyWeight>
</Competency>

<Competency oids='20_2_1 ' description='Held Position' auth='no' name='Telephone Marketing'>
<CompetencyEvidence name='Extent of Experience' typeDescription='Extent of Experience' type='MONTH' lastUsed='2006'><NumericValue description='MONTH'>8</NumericValue></CompetencyEvidence>

<CompetencyWeight type='skillLevel'><NumericValue minValue='0' maxValue='100'>24</NumericValue></CompetencyWeight>

<CompetencyWeight type='skillProficiency'><StringValue minValue='BASIC' maxValue='EXCELLENT'>BASIC</StringValue></CompetencyWeight>
</Competency>

<Competency oids='22_1_1 ' description='Held Position' auth='no' name='SALES ASSOCIATE'>
<CompetencyEvidence name='Extent of Experience' typeDescription='Extent of Experience' type='MONTH' lastUsed='2006'><NumericValue description='MONTH'>6</NumericValue></CompetencyEvidence>

<CompetencyWeight type='skillLevel'><NumericValue minValue='0' maxValue='100'>23</NumericValue></CompetencyWeight>

<CompetencyWeight type='skillProficiency'><StringValue minValue='BASIC' maxValue='EXCELLENT'>BASIC</StringValue></CompetencyWeight>
</Competency>

<Competency oids='19_1 ' description='Held Position' auth='no' name='RESPONSE MARKETING/ CUSTOMER SERVICE TELEPHONE REP'>
<CompetencyEvidence name='Extent of Experience' typeDescription='Extent of Experience' type='MONTH' lastUsed='2006'><NumericValue description='MONTH'>8</NumericValue></CompetencyEvidence>

<CompetencyWeight type='skillLevel'><NumericValue minValue='0' maxValue='100'>25</NumericValue></CompetencyWeight>

<CompetencyWeight type='skillProficiency'><StringValue minValue='BASIC' maxValue='EXCELLENT'>BASIC</StringValue></CompetencyWeight>
</Competency>

<Competency oids='23_1 ' description='Held Position' auth='no' name='Provided supervisor'>
<CompetencyEvidence name='Extent of Experience' typeDescription='Extent of Experience' type='MONTH' lastUsed='2006'><NumericValue description='MONTH'>6</NumericValue></CompetencyEvidence>

<CompetencyWeight type='skillLevel'><NumericValue minValue='0' maxValue='100'>21</NumericValue></CompetencyWeight>

<CompetencyWeight type='skillProficiency'><StringValue minValue='BASIC' maxValue='EXCELLENT'>BASIC</StringValue></CompetencyWeight>
</Competency>

<Competency oids='17_1_2 ' description='Held Position' auth='no' name='CUSTOMER SERVICE SAVINGS COUNSELER'>
<CompetencyEvidence name='Extent of Experience' typeDescription='Extent of Experience' type='MONTH' lastUsed='2012'><NumericValue description='MONTH'>75</NumericValue></CompetencyEvidence>

<CompetencyWeight type='skillLevel'><NumericValue minValue='0' maxValue='100'>100</NumericValue></CompetencyWeight>

<CompetencyWeight type='skillProficiency'><StringValue minValue='BASIC' maxValue='EXCELLENT'>EXCELLENT</StringValue></CompetencyWeight>
</Competency>

<Competency oids='22_1_2 ' description='Held Position' auth='no' name='CASHIER'>
<CompetencyEvidence name='Extent of Experience' typeDescription='Extent of Experience' type='MONTH' lastUsed='2006'><NumericValue description='MONTH'>6</NumericValue></CompetencyEvidence>

<CompetencyWeight type='skillLevel'><NumericValue minValue='0' maxValue='100'>23</NumericValue></CompetencyWeight>

<CompetencyWeight type='skillProficiency'><StringValue minValue='BASIC' maxValue='EXCELLENT'>BASIC</StringValue></CompetencyWeight>
</Competency>

<Competency oids='17_1_1 ' description='Held Position' auth='no' name='BANK TELLER'>
<CompetencyEvidence name='Extent of Experience' typeDescription='Extent of Experience' type='MONTH' lastUsed='2012'><NumericValue description='MONTH'>75</NumericValue></CompetencyEvidence>

<CompetencyWeight type='skillLevel'><NumericValue minValue='0' maxValue='100'>100</NumericValue></CompetencyWeight>

<CompetencyWeight type='skillProficiency'><StringValue minValue='BASIC' maxValue='EXCELLENT'>EXCELLENT</StringValue></CompetencyWeight>
</Competency>

<Competency oids='15 ' description='Degree/Qualification > Professional' auth='no' name='Obtained certificate'>
<CompetencyWeight type='skillLevel'><NumericValue minValue='0' maxValue='100'>12</NumericValue></CompetencyWeight>
</Competency>

<Competency oids='12 ' description='Degree/Qualification > Professional' auth='no' name='Hospitality and Tourism certificate'>
<CompetencyWeight type='skillLevel'><NumericValue minValue='0' maxValue='100'>12</NumericValue></CompetencyWeight>
</Competency>

<Competency oids='11 ' description='Degree/Qualification' auth='yes' name='Higher School Certificate'>
<CompetencyEvidence typeDescription='Alias' name='Alias'><StringValue>High school diploma</StringValue></CompetencyEvidence>

<CompetencyWeight type='skillLevel'><NumericValue minValue='0' maxValue='100'>12</NumericValue></CompetencyWeight>
</Competency>

<Competency oids='9 ' description='Degree/Qualification' auth='yes' name='Associate Degree > Associate Degree Accounting'>
<CompetencyEvidence name='Application' typeDescription='Application' type='Accounting'><StringValue>Accounting</StringValue></CompetencyEvidence>

<CompetencyEvidence typeDescription='Alias' name='Alias'><StringValue>Pursing an Associate degree in Accounting</StringValue></CompetencyEvidence>

<CompetencyWeight type='skillLevel'><NumericValue minValue='0' maxValue='100'>12</NumericValue></CompetencyWeight>
</Competency>

<Competency description='Industry' auth='yes' name='industry~customer-service'>
<CompetencyEvidence name='skillCount' typeDescription='skillCount'><NumericValue>2</NumericValue></CompetencyEvidence>

<CompetencyWeight type='skillLevel'><NumericValue minValue='0' maxValue='100'>100</NumericValue></CompetencyWeight>
</Competency>























<RevisionDate id='1'>2013-01-14</RevisionDate>
</StructuredXMLResume>
<NonXMLResume>

<TextResume>



<span inprof='n' id='1' class='date'>{{DOCUMENT_DATESTAMP}} 2013-1-14 {{END_DOCUMENT_DATESTAMP}}</span>


<span inprof='y' id='2' class='nominal'>ISAIAH HEADLEY</span>
<span inprof='y' id='3' class='location'>89-15 218 place Queens Village, NY 11427</span>
<span inprof='y' id='4' class='telephone'>Home: (718)740-0446</span>
<span inprof='y' id='5' class='email'>E-mail:isaiahch7@gmail.com</span>
<span inprof='n' id='6' class='edu-hist-mark'>EDUCATION</span>
                                              <span inprof='y' id='7' class='educational'>Queens borough Community College</span>                    <span inprof='y' id='8' class='location'>Queens, NY</span>
*  <span inprof='y' id='9' class='qualif'>Pursing an Associate degree in Accounting</span>
<span inprof='y' id='10_1' class='date'>Graduated: September 2004</span>                                                                          <span inprof='n' id='10_2' class='company'>Iroquois Job Corp</span>                                   	                     <span inprof='y' id='10_3' class='location'>Medina, NY</span>
*  <span inprof='y' id='11' class='qualif'>High school diploma</span>
 <span inprof='y' id='12' class='qualif'>Hospitality and Tourism certificate</span>                           <span inprof='n' id='13' class='company'>Iroquois Job Corps</span>                                                      <span inprof='y' id='14' class='location'>Medina, NY</span>
*  <span inprof='y' id='15' class='qualif'>Obtained certificate</span> training in customer service

<span inprof='n' id='16' class='work-hist-mark'>WORK EXPERIENCE</span>
 <span inprof='y' id='17_1_1' class='role'>BANK TELLER</span>/<span inprof='y' id='17_1_2' class='role'>CUSTOMER SERVICE SAVINGS COUNSELER</span>
     <span inprof='y' id='17_2_1' class='date'>June 2006</span>-<span inprof='y' id='17_2_2' class='date'>August 2012</span>                                    <span inprof='y' id='17_3' class='company'>Ridgewood Savings Bank</span>                               <span inprof='y' id='17_4' class='location'>Laurelton, NY</span>
*  Opened new accounts and managed customer relations in a <span inprof='y' id='18' class='skill'>problem solving</span> environment ; 
*  Provided excellent member services and maintained member satisfaction ; 
*  Entered member and transactions data into computer and issued computer-generated receipts to member ; 
*  Cashed checks and disbursed monies after verifying signatures, endorsements and member account balances ; 
*  Ordered daily supply of cash and counted incoming cash to verify accuracy ; 
*  Explained and promoted products and services
      <span inprof='y' id='19_1' class='role'>RESPONSE MARKETING/ CUSTOMER SERVICE TELEPHONE REP</span>
     <span inprof='y' id='20_1_1' class='date'>March 2006</span>-<span inprof='y' id='20_1_2' class='date'>October 2006</span>                         <span inprof='y' id='20_2_1' class='role'>Telephone Marketing</span>                                             <span inprof='y' id='20_3' class='location'>New Hyde Park, NY</span>
*  <span inprof='y' id='21' class='skill'>Responsible for customer service</span>, completing pre-applications over the phone and any additional tasks ; 
*  Efficiently completed sales &#38; assisted customers
<span inprof='y' id='22_1_1' class='role'>SALES ASSOCIATE</span>/ <span inprof='y' id='22_1_2' class='role'>CASHIER</span>
<span inprof='y' id='22_2_1' class='date'>October 2005</span>-<span inprof='y' id='22_2_2' class='date'>March2006</span>                        <span inprof='y' id='22_3' class='company'>Bed Bath and Beyond</span>                                   <span inprof='y' id='22_4' class='location'>Manhasset, NY</span>
*  Responsible for providing superior customer service and support for a fast-paced selling floor environment ; 
*  Verified identification for check and credit card purchases ; 
*  <span inprof='y' id='23_1' class='role'>Provided supervisor</span> with collections of cash, receipts, register tapes, checks credit card receipts, coupons, and supporting documentation to ensure that all funds and transactions balanced at the end of shift

<span inprof='n' id='24' class='work-hist-mark'>PROFESSIONAL PROFILE</span>
Possess knowledge and experience in all aspects of Hospitality and Tourism:

*  <span inprof='y' id='25' class='skill'>Communication Skills</span>
       *  Keyboarding
       *  Entry-level and complex sales
       *  <span inprof='y' id='26' class='skill'>Front Office</span> Machines and Equipment
       *  Safety and Security
       *  Microsoft Applications
*  <span inprof='y' id='27' class='skill'>Front Office</span> Operations
       *  <span inprof='y' id='28' class='skill'>Folio Management</span>
       *  <span inprof='y' id='29' class='skill'>Cashiering</span> Procedures
       *  Compose and Proofread Documents
       *  <span inprof='y' id='30' class='skill'>Problem Solving</span>
       *  Internet Research


<span inprof='n' id='31' class='references-mark'>REFERENCES</span>
*  Furnished upon request


</TextResume>

</NonXMLResume>



<UserArea>
<DaxResumeUserArea>
<AdditionalPersonalData>
<ExperienceSummary>
<TotalMonthsOfWorkExperience>89</TotalMonthsOfWorkExperience>
<TotalYearsOfWorkExperience>7</TotalYearsOfWorkExperience>
<ExecutiveBrief>Isaiah Headley is a resident of Queens Village, NY, US. He has been working in the Customer-service  occupational sector for more than 7 years. During his last employment he was working as a BANK TELLER/CUSTOMER SERVICE SAVINGS COUNSELER at Ridgewood Savings Bank. So far Isaiah has not gained any managerial experience.</ExecutiveBrief>
</ExperienceSummary>
</AdditionalPersonalData>
<ParserInfo>
<ParserConfiguration>{max_len=50000} {tel_flag=} {send_zip=} {fast_conv=} {DEF_LOCAL=} {sdate=0} {no_email_body=0} {do_clever_zoning=1} {keep_span=1} {complex=1} {accept_langs=} {not_accept_langs=} {prefer_lang_cv=EN} {pers_only=0} {turbo=0} {split_language=0} {picture=0} {picture_inline=0} {name_space=0} {charset=} {hrxml_upgrade_edu_hist=0}{hrxml_add_languages_section=0}{spool=} {docID=} {user=DEFAULT} </ParserConfiguration>
<ParserRelease>0.12.3.32629</ParserRelease>
<ParserReleaseDate>2014-06-18</ParserReleaseDate>
<ParserSchema>2.0.29</ParserSchema>
<ParserSchemaLocation>http://cvx.daxtra.com/cvts/xsd/candidate/2.0.29/Resume.xsd</ParserSchemaLocation>
<ConverterRelease>0.5.2.32629</ConverterRelease>
<ConverterReleaseDate>2014-06-18</ConverterReleaseDate>
</ParserInfo>
<FileStruct filename='/home/izoom/anazarov/grammar/analysis/3rconnect/doc/100_Resumes-Walsh/resume isaiah 1-16-11 v2.doc'>

<attachment fname='resume isaiah 1-16-11 v2.doc' ftype='doc' conv='yes' doc_type='cv' lang='EN'>/home/izoom/anazarov/grammar/analysis/3rconnect/doc/100_Resumes-Walsh/resume isaiah 1-16-11 v2.doc</attachment>


</FileStruct>
</DaxResumeUserArea>
</UserArea>
</Resume>
