<?xml version='1.0' encoding='ISO-8859-1'?>
<Resume lang='en' src='DAXTRA-CVX schema:2.0.29 release:0.12.3.32629 rdate:2014-06-18'>
<StructuredXMLResume>
<ContactInfo>
<PersonName id='2'>
<FormattedName>Ryan C. Nelson</FormattedName>
<GivenName>Ryan</GivenName>
<MiddleName>C.</MiddleName>
<FamilyName>Nelson</FamilyName>
<sex>Male</sex>
</PersonName>
<ContactMethod>
<Telephone id='5' type='home'>
<InternationalCountryCode>1</InternationalCountryCode>
<SubscriberNumber>917 902-9476</SubscriberNumber>
<FormattedNumber>+1 917 902-9476</FormattedNumber></Telephone>

<InternetEmailAddress id='4' type='main'>RNelsonC@Gmail.com</InternetEmailAddress>
<PostalAddress id='3' type='main'>
<CountryCode>US</CountryCode>
<PostalCode>11238</PostalCode>
<Region>N.Y</Region>
<Municipality>Brooklyn</Municipality>
<DeliveryAddress>
<AddressLine>292 St. James</AddressLine>
<StreetName>St. James</StreetName>
<BuildingNumber>292</BuildingNumber>
</DeliveryAddress>

</PostalAddress>
</ContactMethod>
</ContactInfo>


<EmploymentHistory>
<EmployerOrg employerOrgType='soleEmployer'>
<EmployerOrgName id='12_1'>Bloomberg</EmployerOrgName>
<EmployerContactInfo>
<LocationSummary id='12_4'>
<Municipality>New York</Municipality>
<Region>NY</Region>
<CountryCode>US</CountryCode>
</LocationSummary>
</EmployerContactInfo>
<PositionHistory positionType='Contract'>
<Title id='12_3_1'>Business Analyst</Title>
<OrgName id='12_1'>Bloomberg</OrgName>



<Description>*  Interview personnel and conduct on-site observation to ascertain unit functions, work performed, and methods, and personnel used for BloombergBlack, a new wealth-management division of Bloomberg L.P. ;</Description>
<StartDate id='12_2_1'><YearMonth>2013-03</YearMonth></StartDate>
<EndDate id='12_2_2'>notApplicable</EndDate>




<JobCategory>
<TaxonomyName>JOBAREA</TaxonomyName>
<CategoryCode>hr</CategoryCode>
</JobCategory>


<UserArea>
<DaxPositionHistoryUserArea>
<TLSPAN first_id='12' last_id='13' border_id='14'></TLSPAN>
</DaxPositionHistoryUserArea>
</UserArea>
</PositionHistory>
</EmployerOrg>

<EmployerOrg employerOrgType='soleEmployer'>
<EmployerOrgName id='14_1'>TechnoServe</EmployerOrgName>
<EmployerContactInfo>
<LocationSummary id='14_4'>
<Municipality>New York</Municipality>
<Region>NY</Region>
<CountryCode>US</CountryCode>
</LocationSummary>
</EmployerContactInfo>
<PositionHistory>
<Title id='14_3_1'>Consultant</Title>
<OrgName id='14_1'>TechnoServe</OrgName>



<Description>*  Provide strategic research, business, and copy-writing support to international non-profit organization ;</Description>
<StartDate id='14_2_1'><YearMonth>2013-01</YearMonth></StartDate>
<EndDate id='14_2_2'>notApplicable</EndDate>



<JobLevelInfo>
<JobGrade>joblevel-nonmanager-low</JobGrade>
</JobLevelInfo>

<JobCategory>
<TaxonomyName>JOBAREA</TaxonomyName>
<CategoryCode>media</CategoryCode>
</JobCategory>


<UserArea>
<DaxPositionHistoryUserArea>
<TLSPAN first_id='14' last_id='15' border_id='16'></TLSPAN>
<MonthsOfWork>3</MonthsOfWork>
</DaxPositionHistoryUserArea>
</UserArea>
</PositionHistory>
</EmployerOrg>

<EmployerOrg employerOrgType='soleEmployer'>
<EmployerOrgName id='16_1'>VMR Worldwide</EmployerOrgName>
<EmployerContactInfo>
<LocationSummary id='16_4'>
<Municipality>New York</Municipality>
<Region>NY</Region>
<CountryCode>US</CountryCode>
</LocationSummary>
</EmployerContactInfo>
<PositionHistory positionType='CONTRACT'>
<Title id='16_3_1'>Business Development Analyst</Title>
<OrgName id='16_1'>VMR Worldwide</OrgName>



<Description>*  Evaluated the strategic and financial aspects of product development for a commercial real estate startup and wrote a business plan to attract EB-5 investors ;</Description>
<StartDate id='16_2_1'><YearMonth>2012-11</YearMonth></StartDate>
<EndDate id='16_2_2'><YearMonth>2013-03</YearMonth></EndDate>




<JobCategory>
<TaxonomyName>JOBAREA</TaxonomyName>
<CategoryCode>marketing</CategoryCode>
</JobCategory>


<UserArea>
<DaxPositionHistoryUserArea>
<TLSPAN first_id='16' last_id='18' border_id='19'></TLSPAN>
<MonthsOfWork>5</MonthsOfWork>
</DaxPositionHistoryUserArea>
</UserArea>
</PositionHistory>
</EmployerOrg>

<EmployerOrg employerOrgType='soleEmployer'>
<EmployerOrgName id='19_1'>Write for the Future</EmployerOrgName>
<EmployerContactInfo>
<LocationSummary id='19_4'>
<Municipality>New York</Municipality>
<Region>NY</Region>
<CountryCode>US</CountryCode>
</LocationSummary>
</EmployerContactInfo>
<PositionHistory positionType='CONTRACT'>
<Title id='19_3_1'>Writing Coach</Title>
<OrgName id='19_1'>Write for the Future</OrgName>



<Description>*  Served as writing consultant, editor and coach for a college-admissions firm ;</Description>
<StartDate id='19_2_1'><YearMonth>2012-09</YearMonth></StartDate>
<EndDate id='19_2_2'><YearMonth>2012-12</YearMonth></EndDate>




<JobCategory>
<TaxonomyName>JOBAREA</TaxonomyName>
<CategoryCode>sports</CategoryCode>
</JobCategory>


<UserArea>
<DaxPositionHistoryUserArea>
<TLSPAN first_id='19' last_id='21' border_id='22'></TLSPAN>
<MonthsOfWork>4</MonthsOfWork>
</DaxPositionHistoryUserArea>
</UserArea>
</PositionHistory>
</EmployerOrg>

<EmployerOrg employerOrgType='soleEmployer'>
<EmployerOrgName id='22_3'>Organizational Research</EmployerOrgName>
<EmployerContactInfo>
<LocationSummary id='22_5'>
<Municipality>New York</Municipality>
<Region>NY</Region>
<CountryCode>US</CountryCode>
</LocationSummary>
</EmployerContactInfo>
<PositionHistory positionType='Self-employed'>
<Title id='22_4_1'>Consultant</Title>
<OrgName id='22_3'>Organizational Research</OrgName>



<Description>*  Partnered with international media and merchandising organization to research a change intervention ;</Description>
<StartDate id='22_2_1'><YearMonth>2012-04</YearMonth></StartDate>
<EndDate id='22_2_2'><YearMonth>2012-07</YearMonth></EndDate>



<JobLevelInfo>
<JobGrade>joblevel-nonmanager-low</JobGrade>
</JobLevelInfo>



<UserArea>
<DaxPositionHistoryUserArea>
<TLSPAN first_id='22' last_id='23' border_id='24'></TLSPAN>
<MonthsOfWork>4</MonthsOfWork>
</DaxPositionHistoryUserArea>
</UserArea>
</PositionHistory>
</EmployerOrg>

<EmployerOrg employerOrgType='soleEmployer'>
<EmployerOrgName id='24_1'>Young &#38; Rubicam</EmployerOrgName>
<EmployerContactInfo>
<LocationSummary id='24_4'>
<Municipality>New York</Municipality>
<Region>NY</Region>
<CountryCode>US</CountryCode>
</LocationSummary>
</EmployerContactInfo>
<PositionHistory positionType='Contract'>
<Title id='24_3_1'>Compensation Analyst</Title>
<OrgName id='24_1'>Young &#38; Rubicam</OrgName>



<Description>*  Performed multifactor data analyses for use in  performance incentives, stock options and salary surveys ; 
    *  Prepared reports, such as organization and flow charts, and career path reports, to summarize job analysis and evaluation and compensation analysis information ;</Description>
<StartDate id='24_2_1'><YearMonth>2012-01</YearMonth></StartDate>
<EndDate id='24_2_2'><YearMonth>2012-04</YearMonth></EndDate>




<JobCategory>
<TaxonomyName>JOBAREA</TaxonomyName>
<CategoryCode>hr</CategoryCode>
</JobCategory>


<UserArea>
<DaxPositionHistoryUserArea>
<TLSPAN first_id='24' last_id='25' border_id='26'></TLSPAN>
<MonthsOfWork>4</MonthsOfWork>
</DaxPositionHistoryUserArea>
</UserArea>
</PositionHistory>
</EmployerOrg>

<EmployerOrg employerOrgType='soleEmployer'>
<EmployerOrgName id='26_1'>Liquidity Works</EmployerOrgName>
<EmployerContactInfo>
<LocationSummary id='26_4'>
<Municipality>New York</Municipality>
<Region>NY</Region>
<CountryCode>US</CountryCode>
</LocationSummary>
</EmployerContactInfo>
<PositionHistory positionType='CONTRACT'>
<Title id='26_3_1'>Venture Capital Sports Intern</Title>
<OrgName id='26_1'>Liquidity Works</OrgName>



<Description>*  Monitored developments in the fields of sports entertainment and aided the coordinated financing of deals ;</Description>
<StartDate id='26_2_1'><YearMonth>2011-11</YearMonth></StartDate>
<EndDate id='26_2_2'><YearMonth>2012-01</YearMonth></EndDate>




<JobCategory>
<TaxonomyName>JOBAREA</TaxonomyName>
<CategoryCode>banking-finance</CategoryCode>
</JobCategory>


<UserArea>
<DaxPositionHistoryUserArea>
<TLSPAN first_id='26' last_id='26' border_id='27'></TLSPAN>
<MonthsOfWork>3</MonthsOfWork>
</DaxPositionHistoryUserArea>
</UserArea>
</PositionHistory>
</EmployerOrg>

<EmployerOrg employerOrgType='soleEmployer'>
<EmployerOrgName id='27_1'>Tripoint Global Equities</EmployerOrgName>
<EmployerContactInfo>
<LocationSummary id='27_4'>
<Municipality>New York</Municipality>
<Region>NY</Region>
<CountryCode>US</CountryCode>
</LocationSummary>
</EmployerContactInfo>
<PositionHistory positionType='Intern'>
<Title id='27_3_1'>Capital Analyst</Title>
<OrgName id='27_1'>Tripoint Global Equities</OrgName>



<Description>*  Informed investment decisions by analyzing financial information to forecast business conditions ;</Description>
<StartDate id='27_2_1'><YearMonth>2011-09</YearMonth></StartDate>
<EndDate id='27_2_2'><YearMonth>2011-11</YearMonth></EndDate>




<JobCategory>
<TaxonomyName>JOBAREA</TaxonomyName>
<CategoryCode>banking-finance</CategoryCode>
</JobCategory>


<UserArea>
<DaxPositionHistoryUserArea>
<TLSPAN first_id='27' last_id='27' border_id='28'></TLSPAN>
<MonthsOfWork>3</MonthsOfWork>
</DaxPositionHistoryUserArea>
</UserArea>
</PositionHistory>
</EmployerOrg>

<EmployerOrg employerOrgType='soleEmployer'>
<EmployerOrgName id='28_1'>Safe Horizon</EmployerOrgName>
<EmployerContactInfo>
<LocationSummary id='28_4'>
<Municipality>New York</Municipality>
<Region>NY</Region>
<CountryCode>US</CountryCode>
</LocationSummary>
</EmployerContactInfo>
<PositionHistory positionType='CONTRACT'>
<Title id='28_3_1'>Compensation Intern</Title>
<OrgName id='28_1'>Safe Horizon</OrgName>



<Description>*  Provided analysis and research for the reformulation of internal pay grades using market pay data ;</Description>
<StartDate id='28_2_1'><YearMonth>2010-12</YearMonth></StartDate>
<EndDate id='28_2_2'><YearMonth>2011-02</YearMonth></EndDate>




<JobCategory>
<TaxonomyName>JOBAREA</TaxonomyName>
<CategoryCode>hr</CategoryCode>
</JobCategory>


<UserArea>
<DaxPositionHistoryUserArea>
<TLSPAN first_id='28' last_id='28' border_id='29'></TLSPAN>
<MonthsOfWork>3</MonthsOfWork>
</DaxPositionHistoryUserArea>
</UserArea>
</PositionHistory>
</EmployerOrg>

<EmployerOrg employerOrgType='soleEmployer'>
<EmployerOrgName id='29_1'>Five Guys</EmployerOrgName>
<EmployerContactInfo>
<LocationSummary id='29_4'>
<Municipality>New York</Municipality>
<Region>NY</Region>
<CountryCode>US</CountryCode>
</LocationSummary>
</EmployerContactInfo>
<PositionHistory positionType='CONTRACT'>
<Title id='29_3_1'>Human Resources Intern</Title>
<OrgName id='29_1'>Five Guys</OrgName>



<Description>*  Oversaw the development and publication of a Five Guys' organizational culture book ; 
    *  Aided the development of a competency model that articulated and disseminated core company philosophy ;    SKILLS AND OTHER INFORMATION
    Excel, PowerPoint (Advanced); HTML, HRIS, Access, and PeopleSoft (Intermediate); Classically trained pianist and published author




    *</Description>
<StartDate id='29_2_1'><YearMonth>2010-09</YearMonth></StartDate>
<EndDate id='29_2_2'><YearMonth>2010-12</YearMonth></EndDate>




<JobCategory>
<TaxonomyName>JOBAREA</TaxonomyName>
<CategoryCode>hr</CategoryCode>
</JobCategory>


<UserArea>
<DaxPositionHistoryUserArea>
<TLSPAN first_id='29' last_id='35' border_id='0'></TLSPAN>
<MonthsOfWork>4</MonthsOfWork>
</DaxPositionHistoryUserArea>
</UserArea>
</PositionHistory>
</EmployerOrg>

</EmploymentHistory>
<EducationHistory>
<SchoolOrInstitution schoolType='college'>




<Degree degreeType='masters'>
<DegreeName id='8_1'>Master of Arts</DegreeName>
<DegreeDate id='8_2'><Year>2013</Year></DegreeDate>
</Degree>
<Major id='8_1'>Industrial-Organizational Psychology</Major>




</SchoolOrInstitution>

<SchoolOrInstitution schoolType='university'>
<SchoolName id='7_2'>New York University</SchoolName>



<Degree degreeType='bachelors'>
<DegreeName id='7_3'>Bachelor of Arts</DegreeName>
<DegreeDate id='7_4'><Year>2008</Year></DegreeDate>
</Degree>
<Major id='7_3'>Psychology and English</Major>




</SchoolOrInstitution>

</EducationHistory>











<Competency oids='15 ' description='Skill' auth='no' name='writing support'>
<CompetencyEvidence name='Extent of Experience' typeDescription='Extent of Experience' type='MONTH' lastUsed='2013'><NumericValue description='MONTH'>3</NumericValue></CompetencyEvidence>

<CompetencyWeight type='skillLevel'><NumericValue minValue='0' maxValue='100'>98</NumericValue></CompetencyWeight>

<CompetencyWeight type='skillProficiency'><StringValue minValue='BASIC' maxValue='EXCELLENT'>EXCELLENT</StringValue></CompetencyWeight>
</Competency>

<Competency oids='25 ' description='Skill' auth='no' name='job analysis'>
<CompetencyEvidence name='Extent of Experience' typeDescription='Extent of Experience' type='MONTH' lastUsed='2012'><NumericValue description='MONTH'>4</NumericValue></CompetencyEvidence>

<CompetencyWeight type='skillLevel'><NumericValue minValue='0' maxValue='100'>88</NumericValue></CompetencyWeight>

<CompetencyWeight type='skillProficiency'><StringValue minValue='BASIC' maxValue='EXCELLENT'>EXCELLENT</StringValue></CompetencyWeight>
</Competency>

<Competency oids='17 ' description='Skill' auth='yes' name='Product Development'>
<CompetencyEvidence name='Extent of Experience' typeDescription='Extent of Experience' type='MONTH' lastUsed='2013'><NumericValue description='MONTH'>5</NumericValue></CompetencyEvidence>

<CompetencyWeight type='skillLevel'><NumericValue minValue='0' maxValue='100'>98</NumericValue></CompetencyWeight>

<CompetencyWeight type='skillProficiency'><StringValue minValue='BASIC' maxValue='EXCELLENT'>EXCELLENT</StringValue></CompetencyWeight>
</Competency>

<Competency oids='35 ' description='Skill > IT' auth='yes' name='PeopleSoft'>
<CompetencyEvidence name='Extent of Experience' typeDescription='Extent of Experience' type='MONTH' lastUsed='2010'><NumericValue description='MONTH'>4</NumericValue></CompetencyEvidence>

<CompetencyEvidence typeDescription='Alias' name='Alias'><StringValue>PeopleSoft (Intermediate)</StringValue></CompetencyEvidence>

<CompetencyWeight type='skillLevel'><NumericValue minValue='0' maxValue='100'>66</NumericValue></CompetencyWeight>

<CompetencyWeight type='skillProficiency'><StringValue minValue='BASIC' maxValue='EXCELLENT'>GOOD</StringValue></CompetencyWeight>
</Competency>

<Competency oids='31 ' description='Skill > IT' auth='yes' name='Microsoft PowerPoint'>
<CompetencyEvidence name='Extent of Experience' typeDescription='Extent of Experience' type='MONTH' lastUsed='2010'><NumericValue description='MONTH'>4</NumericValue></CompetencyEvidence>

<CompetencyEvidence typeDescription='Alias' name='Alias'><StringValue>PowerPoint (Advanced)</StringValue></CompetencyEvidence>

<CompetencyWeight type='skillLevel'><NumericValue minValue='0' maxValue='100'>88</NumericValue></CompetencyWeight>

<CompetencyWeight type='skillProficiency'><StringValue minValue='BASIC' maxValue='EXCELLENT'>EXCELLENT</StringValue></CompetencyWeight>
</Competency>

<Competency oids='30 ' description='Skill > IT' auth='yes' name='Microsoft Excel'>
<CompetencyEvidence name='Extent of Experience' typeDescription='Extent of Experience' type='MONTH' lastUsed='2010'><NumericValue description='MONTH'>4</NumericValue></CompetencyEvidence>

<CompetencyEvidence typeDescription='Alias' name='Alias'><StringValue>Excel</StringValue></CompetencyEvidence>

<CompetencyWeight type='skillLevel'><NumericValue minValue='0' maxValue='100'>70</NumericValue></CompetencyWeight>

<CompetencyWeight type='skillProficiency'><StringValue minValue='BASIC' maxValue='EXCELLENT'>GOOD</StringValue></CompetencyWeight>
</Competency>

<Competency oids='34 ' description='Skill > IT' auth='yes' name='Microsoft Access'>
<CompetencyEvidence name='Extent of Experience' typeDescription='Extent of Experience' type='MONTH' lastUsed='2010'><NumericValue description='MONTH'>4</NumericValue></CompetencyEvidence>

<CompetencyEvidence typeDescription='Alias' name='Alias'><StringValue>Access</StringValue></CompetencyEvidence>

<CompetencyWeight type='skillLevel'><NumericValue minValue='0' maxValue='100'>85</NumericValue></CompetencyWeight>

<CompetencyWeight type='skillProficiency'><StringValue minValue='BASIC' maxValue='EXCELLENT'>EXCELLENT</StringValue></CompetencyWeight>
</Competency>

<Competency oids='23 ' description='Skill' auth='yes' name='Merchandising'>
<CompetencyEvidence name='Extent of Experience' typeDescription='Extent of Experience' type='MONTH' lastUsed='2012'><NumericValue description='MONTH'>4</NumericValue></CompetencyEvidence>

<CompetencyWeight type='skillLevel'><NumericValue minValue='0' maxValue='100'>88</NumericValue></CompetencyWeight>

<CompetencyWeight type='skillProficiency'><StringValue minValue='BASIC' maxValue='EXCELLENT'>EXCELLENT</StringValue></CompetencyWeight>
</Competency>

<Competency oids='32 ' description='Skill > IT' auth='yes' name='HTML'>
<CompetencyEvidence name='Extent of Experience' typeDescription='Extent of Experience' type='MONTH' lastUsed='2010'><NumericValue description='MONTH'>4</NumericValue></CompetencyEvidence>

<CompetencyWeight type='skillLevel'><NumericValue minValue='0' maxValue='100'>87</NumericValue></CompetencyWeight>

<CompetencyWeight type='skillProficiency'><StringValue minValue='BASIC' maxValue='EXCELLENT'>EXCELLENT</StringValue></CompetencyWeight>
</Competency>

<Competency oids='33 ' description='Skill > IT' auth='yes' name='HRIS'>
<CompetencyEvidence name='Extent of Experience' typeDescription='Extent of Experience' type='MONTH' lastUsed='2010'><NumericValue description='MONTH'>4</NumericValue></CompetencyEvidence>

<CompetencyWeight type='skillLevel'><NumericValue minValue='0' maxValue='100'>86</NumericValue></CompetencyWeight>

<CompetencyWeight type='skillProficiency'><StringValue minValue='BASIC' maxValue='EXCELLENT'>EXCELLENT</StringValue></CompetencyWeight>
</Competency>

<Competency oids='18 ' description='Skill' auth='yes' name='Commercial Property'>
<CompetencyEvidence name='Extent of Experience' typeDescription='Extent of Experience' type='MONTH' lastUsed='2013'><NumericValue description='MONTH'>5</NumericValue></CompetencyEvidence>

<CompetencyEvidence typeDescription='Alias' name='Alias'><StringValue>commercial real estate</StringValue></CompetencyEvidence>

<CompetencyWeight type='skillLevel'><NumericValue minValue='0' maxValue='100'>97</NumericValue></CompetencyWeight>

<CompetencyWeight type='skillProficiency'><StringValue minValue='BASIC' maxValue='EXCELLENT'>EXCELLENT</StringValue></CompetencyWeight>
</Competency>

<Competency oids='14_3_1 20_1 22_4_1 ' description='Held Position' auth='no' name='Consultant'>
<CompetencyEvidence name='Extent of Experience' typeDescription='Extent of Experience' type='MONTH' lastUsed='2013'><NumericValue description='MONTH'>11</NumericValue></CompetencyEvidence>

<CompetencyWeight type='skillLevel'><NumericValue minValue='0' maxValue='100'>100</NumericValue></CompetencyWeight>

<CompetencyWeight type='skillProficiency'><StringValue minValue='BASIC' maxValue='EXCELLENT'>EXCELLENT</StringValue></CompetencyWeight>
</Competency>

<Competency oids='21_1 ' description='Held Position' auth='no' name='editor and coach'>
<CompetencyEvidence name='Extent of Experience' typeDescription='Extent of Experience' type='MONTH' lastUsed='2012'><NumericValue description='MONTH'>4</NumericValue></CompetencyEvidence>

<CompetencyWeight type='skillLevel'><NumericValue minValue='0' maxValue='100'>87</NumericValue></CompetencyWeight>

<CompetencyWeight type='skillProficiency'><StringValue minValue='BASIC' maxValue='EXCELLENT'>EXCELLENT</StringValue></CompetencyWeight>
</Competency>

<Competency oids='19_3_1 ' description='Held Position' auth='no' name='Writing Coach'>
<CompetencyEvidence name='Extent of Experience' typeDescription='Extent of Experience' type='MONTH' lastUsed='2012'><NumericValue description='MONTH'>4</NumericValue></CompetencyEvidence>

<CompetencyWeight type='skillLevel'><NumericValue minValue='0' maxValue='100'>88</NumericValue></CompetencyWeight>

<CompetencyWeight type='skillProficiency'><StringValue minValue='BASIC' maxValue='EXCELLENT'>EXCELLENT</StringValue></CompetencyWeight>
</Competency>

<Competency oids='26_3_1 ' description='Held Position' auth='no' name='Venture Capital Sports Intern'>
<CompetencyEvidence name='Extent of Experience' typeDescription='Extent of Experience' type='MONTH' lastUsed='2012'><NumericValue description='MONTH'>3</NumericValue></CompetencyEvidence>

<CompetencyWeight type='skillLevel'><NumericValue minValue='0' maxValue='100'>88</NumericValue></CompetencyWeight>

<CompetencyWeight type='skillProficiency'><StringValue minValue='BASIC' maxValue='EXCELLENT'>EXCELLENT</StringValue></CompetencyWeight>
</Competency>

<Competency oids='29_3_1 ' description='Held Position' auth='no' name='Human Resources Intern'>
<CompetencyEvidence name='Extent of Experience' typeDescription='Extent of Experience' type='MONTH' lastUsed='2010'><NumericValue description='MONTH'>4</NumericValue></CompetencyEvidence>

<CompetencyWeight type='skillLevel'><NumericValue minValue='0' maxValue='100'>70</NumericValue></CompetencyWeight>

<CompetencyWeight type='skillProficiency'><StringValue minValue='BASIC' maxValue='EXCELLENT'>GOOD</StringValue></CompetencyWeight>
</Competency>

<Competency oids='28_3_1 ' description='Held Position' auth='no' name='Compensation Intern'>
<CompetencyEvidence name='Extent of Experience' typeDescription='Extent of Experience' type='MONTH' lastUsed='2011'><NumericValue description='MONTH'>3</NumericValue></CompetencyEvidence>

<CompetencyWeight type='skillLevel'><NumericValue minValue='0' maxValue='100'>70</NumericValue></CompetencyWeight>

<CompetencyWeight type='skillProficiency'><StringValue minValue='BASIC' maxValue='EXCELLENT'>GOOD</StringValue></CompetencyWeight>
</Competency>

<Competency oids='24_3_1 ' description='Held Position' auth='no' name='Compensation Analyst'>
<CompetencyEvidence name='Extent of Experience' typeDescription='Extent of Experience' type='MONTH' lastUsed='2012'><NumericValue description='MONTH'>4</NumericValue></CompetencyEvidence>

<CompetencyWeight type='skillLevel'><NumericValue minValue='0' maxValue='100'>88</NumericValue></CompetencyWeight>

<CompetencyWeight type='skillProficiency'><StringValue minValue='BASIC' maxValue='EXCELLENT'>EXCELLENT</StringValue></CompetencyWeight>
</Competency>

<Competency oids='27_3_1 ' description='Held Position' auth='no' name='Capital Analyst'>
<CompetencyEvidence name='Extent of Experience' typeDescription='Extent of Experience' type='MONTH' lastUsed='2011'><NumericValue description='MONTH'>3</NumericValue></CompetencyEvidence>

<CompetencyWeight type='skillLevel'><NumericValue minValue='0' maxValue='100'>70</NumericValue></CompetencyWeight>

<CompetencyWeight type='skillProficiency'><StringValue minValue='BASIC' maxValue='EXCELLENT'>GOOD</StringValue></CompetencyWeight>
</Competency>

<Competency oids='16_3_1 ' description='Held Position' auth='no' name='Business Development Analyst'>
<CompetencyEvidence name='Extent of Experience' typeDescription='Extent of Experience' type='MONTH' lastUsed='2013'><NumericValue description='MONTH'>5</NumericValue></CompetencyEvidence>

<CompetencyWeight type='skillLevel'><NumericValue minValue='0' maxValue='100'>98</NumericValue></CompetencyWeight>

<CompetencyWeight type='skillProficiency'><StringValue minValue='BASIC' maxValue='EXCELLENT'>EXCELLENT</StringValue></CompetencyWeight>
</Competency>

<Competency oids='12_3_1 ' description='Held Position' auth='no' name='Business Analyst'>
<CompetencyWeight type='skillLevel'><NumericValue minValue='0' maxValue='100'>98</NumericValue></CompetencyWeight>

<CompetencyWeight type='skillProficiency'><StringValue minValue='BASIC' maxValue='EXCELLENT'>EXCELLENT</StringValue></CompetencyWeight>
</Competency>

<Competency oids='8_1 ' description='Degree/Qualification' auth='yes' name='Masters Degree > Master of Arts > Master of Arts Industrial-Organizational Psychology'>
<CompetencyEvidence name='Application' typeDescription='Application' type='Industrial-Organizational Psychology'><StringValue>Industrial-Organizational Psychology</StringValue></CompetencyEvidence>

<CompetencyEvidence typeDescription='Alias' name='Alias'><StringValue>Master of Arts in Industrial-Organizational Psychology</StringValue></CompetencyEvidence>

<CompetencyWeight type='skillLevel'><NumericValue minValue='0' maxValue='100'>12</NumericValue></CompetencyWeight>
</Competency>

<Competency oids='10 ' description='Degree/Qualification' auth='no' name='Master&#39;s Statistics'>
<CompetencyWeight type='skillLevel'><NumericValue minValue='0' maxValue='100'>12</NumericValue></CompetencyWeight>
</Competency>

<Competency oids='7_3 ' description='Degree/Qualification' auth='yes' name='Bachelors Degree > Bachelor of Arts > Bachelor of Arts Psychology and English'>
<CompetencyEvidence name='Application' typeDescription='Application' type='Psychology and English'><StringValue>Psychology and English</StringValue></CompetencyEvidence>

<CompetencyEvidence typeDescription='Alias' name='Alias'><StringValue>Bachelor of Arts in Psychology and English</StringValue></CompetencyEvidence>

<CompetencyWeight type='skillLevel'><NumericValue minValue='0' maxValue='100'>12</NumericValue></CompetencyWeight>
</Competency>

<Competency description='Industry' auth='yes' name='industry~hr'>
<CompetencyEvidence name='skillCount' typeDescription='skillCount'><NumericValue>4</NumericValue></CompetencyEvidence>

<CompetencyWeight type='skillLevel'><NumericValue minValue='0' maxValue='100'>100</NumericValue></CompetencyWeight>
</Competency>























<RevisionDate id='1'>2013-03-17</RevisionDate>
</StructuredXMLResume>
<NonXMLResume>

<TextResume>



<span inprof='n' id='1' class='date'>{{DOCUMENT_DATESTAMP}} 2013-3-17 {{END_DOCUMENT_DATESTAMP}}</span>


<span inprof='y' id='2' class='nominal'>RYAN C. NELSON</span>
<span inprof='y' id='3' class='location'>292 St. James
Brooklyn, N.Y., 11238</span>
<span inprof='y' id='4' class='email'>RNelsonC@Gmail.com</span>  	 <span inprof='y' id='5' class='telephone'>(917) 902-9476</span>
<span inprof='n' id='6' class='edu-hist-mark'>EDUCATION</span>
<span inprof='n' id='7_1' class='educational'>Stony Brook University</span>
<span inprof='y' id='7_2' class='educational'>New York University</span>                                                 <span inprof='y' id='7_3' class='qualif'>Bachelor of Arts in Psychology and English</span>, <span inprof='y' id='7_4' class='date'>2008</span>
<span inprof='y' id='8_1' class='qualif'>Master of Arts in Industrial-Organizational Psychology</span>, <span inprof='y' id='8_2' class='date'>2013</span>



RELEVANT COURSEWORK

          *  Training in Organizations  ;                  *  <span inprof='n' id='9' class='qualif'>Applied Research</span> Methods


    *  <span inprof='y' id='10' class='qualif'>Master's Statistics</span>

<span inprof='n' id='11' class='work-hist-mark'>WORK EXPERIENCE</span>
<span inprof='y' id='12_1' class='company'>Bloomberg</span>          <span inprof='y' id='12_2_1' class='date'>03/13</span> - <span inprof='y' id='12_2_2' class='date'>Present</span>
<span inprof='y' id='12_3_1' class='role'>Business Analyst</span> (<span inprof='n' id='12_3_2' class='empl-type'>Contract</span>); <span inprof='y' id='12_4' class='location'>New York, NY</span>
    *  Interview personnel and conduct on-site observation to ascertain unit functions, work performed, and methods, and personnel used for BloombergBlack, a new wealth-management <span inprof='n' id='13' class='company'>division of Bloomberg L</span>.P.

<span inprof='y' id='14_1' class='company'>TechnoServe</span>                        <span inprof='y' id='14_2_1' class='date'>01/13</span> - <span inprof='y' id='14_2_2' class='date'>Present</span>
<span inprof='y' id='14_3_1' class='role'>Consultant</span>; <span inprof='y' id='14_4' class='location'>New York, NY</span>
                                   *  Provide strategic research, business, and copy-<span inprof='y' id='15' class='skill'>writing support</span> to international non-profit organization

<span inprof='y' id='16_1' class='company'>VMR Worldwide</span>          <span inprof='y' id='16_2_1' class='date'>11/12</span> - <span inprof='y' id='16_2_2' class='date'>03/13</span>
<span inprof='y' id='16_3_1' class='role'>Business Development Analyst</span>; <span inprof='y' id='16_4' class='location'>New York, NY</span>
    *  Evaluated the strategic and financial aspects of <span inprof='y' id='17' class='skill'>product development</span> for a <span inprof='y' id='18' class='skill'>commercial real estate</span> startup and wrote a business plan to attract EB-5 investors

<span inprof='y' id='19_1' class='company'>Write for the Future</span>                  <span inprof='y' id='19_2_1' class='date'>09/12</span> - <span inprof='y' id='19_2_2' class='date'>12/12</span>
<span inprof='y' id='19_3_1' class='role'>Writing Coach</span>; <span inprof='y' id='19_4' class='location'>New York, NY</span>
                                      *  Served as writing <span inprof='y' id='20_1' class='role'>consultant</span>, <span inprof='y' id='21_1' class='role'>editor and coach</span> for a college-admissions firm

<span inprof='n' id='22_1' class='occupation'>Self-employed</span>          <span inprof='y' id='22_2_1' class='date'>04/12</span> - <span inprof='y' id='22_2_2' class='date'>07/12</span>
<span inprof='y' id='22_3' class='company'>Organizational Research</span> <span inprof='y' id='22_4_1' class='role'>Consultant</span>; <span inprof='y' id='22_5' class='location'>New York, NY</span>
    *  Partnered with international media and <span inprof='y' id='23' class='skill'>merchandising</span> organization to research a change intervention

<span inprof='y' id='24_1' class='company'>Young &#38; Rubicam</span>          <span inprof='y' id='24_2_1' class='date'>01/12</span> - <span inprof='y' id='24_2_2' class='date'>04/12</span>
<span inprof='y' id='24_3_1' class='role'>Compensation Analyst</span> (<span inprof='n' id='24_3_2' class='empl-type'>Contract</span>); <span inprof='y' id='24_4' class='location'>New York, NY</span>
    *  Performed multifactor data analyses for use in  performance incentives, stock options and salary surveys ; 
    *  Prepared reports, such as organization and flow charts, and career path reports, to summarize <span inprof='y' id='25' class='skill'>job analysis</span> and evaluation and compensation analysis information

<span inprof='y' id='26_1' class='company'>Liquidity Works</span>          <span inprof='y' id='26_2_1' class='date'>11/11</span> - <span inprof='y' id='26_2_2' class='date'>01/12</span>
<span inprof='y' id='26_3_1' class='role'>Venture Capital Sports Intern</span>; <span inprof='y' id='26_4' class='location'>New York, NY</span>
    *  Monitored developments in the fields of sports entertainment and aided the coordinated financing of deals

<span inprof='y' id='27_1' class='company'>Tripoint Global Equities</span>                      <span inprof='y' id='27_2_1' class='date'>09/11</span> - <span inprof='y' id='27_2_2' class='date'>11/11</span>
<span inprof='y' id='27_3_1' class='role'>Capital Analyst</span> <span inprof='n' id='27_3_2' class='empl-type'>Intern</span>; <span inprof='y' id='27_4' class='location'>New York, NY</span>
                                              *  Informed investment decisions by analyzing financial information to forecast business conditions

<span inprof='y' id='28_1' class='company'>Safe Horizon</span>          <span inprof='y' id='28_2_1' class='date'>12/10</span> - <span inprof='y' id='28_2_2' class='date'>02/11</span>
<span inprof='y' id='28_3_1' class='role'>Compensation Intern</span>; <span inprof='y' id='28_4' class='location'>New York, NY</span>
    *  Provided analysis and research for the reformulation of internal pay grades using market pay data

<span inprof='y' id='29_1' class='company'>Five Guys</span>          <span inprof='y' id='29_2_1' class='date'>09/10</span> - <span inprof='y' id='29_2_2' class='date'>12/10</span>
<span inprof='y' id='29_3_1' class='role'>Human Resources Intern</span>; <span inprof='y' id='29_4' class='location'>New York, NY</span>
    *  Oversaw the development and publication of a Five Guys' organizational culture book ; 
    *  Aided the development of a competency model that articulated and disseminated core company philosophy ;        SKILLS AND OTHER INFORMATION
                                                                                                    <span inprof='y' id='30' class='sofwr'>Excel</span>, <span inprof='y' id='31' class='sofwr'>PowerPoint (Advanced)</span>; <span inprof='y' id='32' class='sofwr'>HTML</span>, <span inprof='y' id='33' class='sofwr'>HRIS</span>, <span inprof='y' id='34' class='sofwr'>Access</span>, and <span inprof='y' id='35' class='sofwr'>PeopleSoft (Intermediate)</span>; Classically trained pianist and published author






    *

</TextResume>

</NonXMLResume>



<UserArea>
<DaxResumeUserArea>
<AdditionalPersonalData>
<ExperienceSummary>
<TotalMonthsOfWorkExperience>33</TotalMonthsOfWorkExperience>
<TotalYearsOfWorkExperience>3</TotalYearsOfWorkExperience>
<ExecutiveBrief>Ryan C. Nelson is a resident of Brooklyn, N.Y, US. He has been working in the HR  occupational sector for more than 3 years. Currently he is employed as a Business Analyst at Bloomberg. So far Ryan has not gained any managerial experience.</ExecutiveBrief>
</ExperienceSummary>
</AdditionalPersonalData>
<ParserInfo>
<ParserConfiguration>{max_len=50000} {tel_flag=} {send_zip=} {fast_conv=} {DEF_LOCAL=} {sdate=0} {no_email_body=0} {do_clever_zoning=1} {keep_span=1} {complex=1} {accept_langs=} {not_accept_langs=} {prefer_lang_cv=EN} {pers_only=0} {turbo=0} {split_language=0} {picture=0} {picture_inline=0} {name_space=0} {charset=} {hrxml_upgrade_edu_hist=0}{hrxml_add_languages_section=0}{spool=} {docID=} {user=DEFAULT} </ParserConfiguration>
<ParserRelease>0.12.3.32629</ParserRelease>
<ParserReleaseDate>2014-06-18</ParserReleaseDate>
<ParserSchema>2.0.29</ParserSchema>
<ParserSchemaLocation>http://cvx.daxtra.com/cvts/xsd/candidate/2.0.29/Resume.xsd</ParserSchemaLocation>
<ConverterRelease>0.5.2.32629</ConverterRelease>
<ConverterReleaseDate>2014-06-18</ConverterReleaseDate>
</ParserInfo>
<FileStruct filename='/home/izoom/anazarov/grammar/analysis/3rconnect/doc/100_Resumes-Walsh/Resume [Ryan Nelson]..doc'>

<attachment fname='Resume [Ryan Nelson]..doc' ftype='doc' conv='yes' doc_type='cv' lang='EN'>/home/izoom/anazarov/grammar/analysis/3rconnect/doc/100_Resumes-Walsh/Resume [Ryan Nelson]..doc</attachment>


</FileStruct>
</DaxResumeUserArea>
</UserArea>
</Resume>
