<?xml version='1.0' encoding='ISO-8859-1'?>
<Resume lang='en' src='DAXTRA-CVX schema:2.0.29 release:0.12.3.32629 rdate:2014-06-18'>
<StructuredXMLResume>
<ContactInfo>
<PersonName id='2'>
<FormattedName>Dan Levy</FormattedName>
<GivenName>Dan</GivenName>
<FamilyName>Levy</FamilyName>
<sex>Male</sex>
</PersonName>
<ContactMethod>
<Telephone id='4' type='home'>
<InternationalCountryCode>1</InternationalCountryCode>
<SubscriberNumber>914 522-3191</SubscriberNumber>
<FormattedNumber>+1 914 522-3191</FormattedNumber></Telephone>

<InternetEmailAddress id='3' type='main'>Levydj3@gmail.com</InternetEmailAddress>
</ContactMethod>
</ContactInfo>


<EmploymentHistory>
<EmployerOrg employerOrgType='soleEmployer'>
<EmployerOrgName id='6_1'>Morgan Stanley</EmployerOrgName>
<EmployerContactInfo>
<LocationSummary id='6_3'>
<Municipality>Purchase</Municipality>
<Region>NY</Region>
<CountryCode>US</CountryCode>
</LocationSummary>
</EmployerContactInfo>
<PositionHistory positionType='CONTRACT'>
<Title id='6_4_1'>Consultant</Title>
<OrgName id='6_1'>Morgan Stanley</OrgName>



<Description>*    Financial analysis of hedge fund transactions and client statements ; 
    *    Compiled hedge fund bank statements, transaction notices, and subscription documents for external auditors ; 
    *    Completed Anti-money laundering reviews utilizing OFAC, Finscan, and Choicepoint software ; 
    *    Utilized Morgan Stanley's proprietary platform to process client statements, orders, and acknowledgements ; 
    *    Responsible for electronically onboarding client hardcopy documents, through scanning, vaulting, extracting and classification phases utilizing Morgan Stanley's internal software ;</Description>
<StartDate id='6_2_1'><YearMonth>2012-09</YearMonth></StartDate>
<EndDate id='6_2_2'><YearMonth>2013-02</YearMonth></EndDate>



<JobLevelInfo>
<JobGrade>joblevel-nonmanager-low</JobGrade>
</JobLevelInfo>

<JobCategory>
<TaxonomyName>JOBAREA</TaxonomyName>
<CategoryCode>banking-finance</CategoryCode>
</JobCategory>


<UserArea>
<DaxPositionHistoryUserArea>
<TLSPAN first_id='6' last_id='11' border_id='12'></TLSPAN>
<MonthsOfWork>6</MonthsOfWork>
</DaxPositionHistoryUserArea>
</UserArea>
</PositionHistory>
</EmployerOrg>

<EmployerOrg oids='22_2 ' employerOrgType='soleEmployer'>
<EmployerOrgName id='12_1'>Deutsche Bank</EmployerOrgName>
<EmployerContactInfo>
<LocationSummary id='12_3'>
<Municipality>New York</Municipality>
<Region>NY</Region>
<CountryCode>US</CountryCode>
</LocationSummary>
</EmployerContactInfo>
<PositionHistory positionType='CONTRACT'>
<Title id='12_4_1' oids='23_1 '>Intern</Title>
<OrgName id='12_1'>Deutsche Bank</OrgName>



<Description>)                                     Public Affairs, Corporate Communications, and Global Branding
*    Responsible for researching and writing articles for the company intranet. Stories included the S&#38;P downgrade of U.S. debt of August 2011, future equity prospects and trends, and synopses of Deutsche Bank analysts reports ; 
    *    Drafted press releases for media relations team on real estate purchases and charitable events ; 
    *    Reported to Head of Public Affairs and Communications, Americas, and worked closely with him to develop media organizational charts and guidelines ; 
    *    Contributed to the development of global brand concepts that were used in South America
Intern, New York Stock Exchange
    *    Shadowed traders to learn grand strategy and daily processes ; 
    *    Helped receive and place orders from traders into the trading queue ; 
    *    Worked under Deutsche Bank's Head of Floor Trading on the New York Stock Exchange</Description>
<StartDate id='12_2_1' oids='22_2 '><YearMonth>2011-06</YearMonth></StartDate>
<EndDate id='12_2_2'><YearMonth>2011-08</YearMonth></EndDate>




<JobCategory>
<TaxonomyName>JOBAREA</TaxonomyName>
<CategoryCode>marketing</CategoryCode>
</JobCategory>


<UserArea>
<DaxPositionHistoryUserArea>
<TLSPAN first_id='12' last_id='21' border_id='22'></TLSPAN>
<TLSPAN first_id='22' last_id='27' border_id='28'></TLSPAN>
<MonthsOfWork>3</MonthsOfWork>
</DaxPositionHistoryUserArea>
</UserArea>
</PositionHistory>
</EmployerOrg>

<EmployerOrg employerOrgType='soleEmployer'>
<EmployerOrgName id='28_1'>JP Morgan</EmployerOrgName>
<EmployerContactInfo>
<LocationSummary id='28_3'>
<Municipality>New York</Municipality>
<Region>NY</Region>
<CountryCode>US</CountryCode>
</LocationSummary>
</EmployerContactInfo>
<PositionHistory positionType='CONTRACT'>
<Title id='29_1'>Intern</Title>
<OrgName id='30'>TSS Internal Communications</OrgName>



<Description>Intern, TSS Internal Communications
    *    Responsible for researching, writing, and posting articles to the company intranet ; 
    *    Interviewed executives to write articles concerning new branches, deal wins and sales ; 
    *    Helped design and distribute product brochures and manuals ; 
    *    Continued work remotely while at College in Ohio</Description>
<StartDate id='28_2_1'><YearMonth>2010-06</YearMonth></StartDate>
<EndDate id='28_2_2'><YearMonth>2010-12</YearMonth></EndDate>




<JobCategory>
<TaxonomyName>JOBAREA</TaxonomyName>
<CategoryCode>media</CategoryCode>
</JobCategory>


<UserArea>
<DaxPositionHistoryUserArea>
<TLSPAN first_id='28' last_id='34' border_id='0'></TLSPAN>
<MonthsOfWork>7</MonthsOfWork>
</DaxPositionHistoryUserArea>
</UserArea>
</PositionHistory>
</EmployerOrg>

</EmploymentHistory>
<EducationHistory>
<SchoolOrInstitution schoolType='college'>
<SchoolName id='36_1'>Kenyon College</SchoolName>
<LocationSummary id='36_2'>
<Municipality>Gambier</Municipality>
<Region>OH</Region>
<CountryCode>US</CountryCode>
</LocationSummary>


<Degree degreeType='bachelors'>
<DegreeName id='36_3'>Bachelor of Arts</DegreeName>

</Degree>
<Major id='37_1_2'>History</Major>




</SchoolOrInstitution>

</EducationHistory>











<Competency oids='13 32 ' description='Skill' auth='yes' name='Writing Articles'>
<CompetencyEvidence name='Extent of Experience' typeDescription='Extent of Experience' type='MONTH' lastUsed='2011'><NumericValue description='MONTH'>10</NumericValue></CompetencyEvidence>

<CompetencyEvidence typeDescription='Alias' name='Alias'><StringValue>write articles</StringValue></CompetencyEvidence>

<CompetencyWeight type='skillLevel'><NumericValue minValue='0' maxValue='100'>72</NumericValue></CompetencyWeight>

<CompetencyWeight type='skillProficiency'><StringValue minValue='BASIC' maxValue='EXCELLENT'>GOOD</StringValue></CompetencyWeight>
</Competency>

<Competency oids='52 ' description='Skill' auth='no' name='analysis'>
<CompetencyWeight type='skillLevel'><NumericValue minValue='0' maxValue='100'>91</NumericValue></CompetencyWeight>

<CompetencyWeight type='skillProficiency'><StringValue minValue='BASIC' maxValue='EXCELLENT'>EXCELLENT</StringValue></CompetencyWeight>
</Competency>

<Competency oids='40 ' description='Skill > Language' auth='yes' name='Spanish'>
<CompetencyWeight type='skillLevel'><NumericValue minValue='0' maxValue='100'>91</NumericValue></CompetencyWeight>

<CompetencyWeight type='skillProficiency'><StringValue minValue='BASIC' maxValue='EXCELLENT'>EXCELLENT</StringValue></CompetencyWeight>
</Competency>

<Competency oids='31 ' description='Skill' auth='no' name='Responsible for researching'>
<CompetencyEvidence name='Extent of Experience' typeDescription='Extent of Experience' type='MONTH' lastUsed='2010'><NumericValue description='MONTH'>7</NumericValue></CompetencyEvidence>

<CompetencyWeight type='skillLevel'><NumericValue minValue='0' maxValue='100'>72</NumericValue></CompetencyWeight>

<CompetencyWeight type='skillProficiency'><StringValue minValue='BASIC' maxValue='EXCELLENT'>GOOD</StringValue></CompetencyWeight>
</Competency>

<Competency oids='47 ' description='Skill > IT' auth='yes' name='Microsoft Word'>
<CompetencyWeight type='skillLevel'><NumericValue minValue='0' maxValue='100'>14</NumericValue></CompetencyWeight>
</Competency>

<Competency oids='48 ' description='Skill > IT' auth='yes' name='Microsoft PowerPoint'>
<CompetencyEvidence typeDescription='Alias' name='Alias'><StringValue>Powerpoint</StringValue></CompetencyEvidence>

<CompetencyWeight type='skillLevel'><NumericValue minValue='0' maxValue='100'>14</NumericValue></CompetencyWeight>
</Competency>

<Competency oids='49 ' description='Skill > IT' auth='yes' name='Microsoft Outlook'>
<CompetencyEvidence typeDescription='Alias' name='Alias'><StringValue>Outlook</StringValue></CompetencyEvidence>

<CompetencyWeight type='skillLevel'><NumericValue minValue='0' maxValue='100'>14</NumericValue></CompetencyWeight>
</Competency>

<Competency oids='50 ' description='Skill > IT' auth='yes' name='Microsoft Excel'>
<CompetencyEvidence typeDescription='Alias' name='Alias'><StringValue>Proficient in Microsoft Excel</StringValue></CompetencyEvidence>

<CompetencyWeight type='skillLevel'><NumericValue minValue='0' maxValue='100'>91</NumericValue></CompetencyWeight>

<CompetencyWeight type='skillProficiency'><StringValue minValue='BASIC' maxValue='EXCELLENT'>EXCELLENT</StringValue></CompetencyWeight>
</Competency>

<Competency oids='33 ' description='Skill' auth='no' name='Helped design'>
<CompetencyEvidence name='Extent of Experience' typeDescription='Extent of Experience' type='MONTH' lastUsed='2010'><NumericValue description='MONTH'>7</NumericValue></CompetencyEvidence>

<CompetencyWeight type='skillLevel'><NumericValue minValue='0' maxValue='100'>71</NumericValue></CompetencyWeight>

<CompetencyWeight type='skillProficiency'><StringValue minValue='BASIC' maxValue='EXCELLENT'>GOOD</StringValue></CompetencyWeight>
</Competency>

<Competency oids='8 ' description='Skill' auth='yes' name='Hedge Fund'>
<CompetencyEvidence name='Extent of Experience' typeDescription='Extent of Experience' type='MONTH' lastUsed='2013'><NumericValue description='MONTH'>6</NumericValue></CompetencyEvidence>

<CompetencyWeight type='skillLevel'><NumericValue minValue='0' maxValue='100'>99</NumericValue></CompetencyWeight>

<CompetencyWeight type='skillProficiency'><StringValue minValue='BASIC' maxValue='EXCELLENT'>EXCELLENT</StringValue></CompetencyWeight>
</Competency>

<Competency oids='7 ' description='Skill' auth='no' name='Financial analysis of hedge fund transactions and client statements'>
<CompetencyEvidence name='Extent of Experience' typeDescription='Extent of Experience' type='MONTH' lastUsed='2013'><NumericValue description='MONTH'>6</NumericValue></CompetencyEvidence>

<CompetencyWeight type='skillLevel'><NumericValue minValue='0' maxValue='100'>100</NumericValue></CompetencyWeight>

<CompetencyWeight type='skillProficiency'><StringValue minValue='BASIC' maxValue='EXCELLENT'>EXCELLENT</StringValue></CompetencyWeight>
</Competency>

<Competency oids='51 ' description='Skill' auth='yes' name='Financial Modelling'>
<CompetencyEvidence typeDescription='Alias' name='Alias'><StringValue>financial modeling</StringValue></CompetencyEvidence>

<CompetencyWeight type='skillLevel'><NumericValue minValue='0' maxValue='100'>91</NumericValue></CompetencyWeight>

<CompetencyWeight type='skillProficiency'><StringValue minValue='BASIC' maxValue='EXCELLENT'>EXCELLENT</StringValue></CompetencyWeight>
</Competency>

<Competency oids='16 ' description='Skill' auth='yes' name='Equities'>
<CompetencyEvidence name='Extent of Experience' typeDescription='Extent of Experience' type='MONTH' lastUsed='2011'><NumericValue description='MONTH'>3</NumericValue></CompetencyEvidence>

<CompetencyEvidence typeDescription='Alias' name='Alias'><StringValue>equity</StringValue></CompetencyEvidence>

<CompetencyWeight type='skillLevel'><NumericValue minValue='0' maxValue='100'>70</NumericValue></CompetencyWeight>

<CompetencyWeight type='skillProficiency'><StringValue minValue='BASIC' maxValue='EXCELLENT'>GOOD</StringValue></CompetencyWeight>
</Competency>

<Competency oids='9 ' description='Skill' auth='yes' name='Anti-Money Laundering'>
<CompetencyEvidence name='Extent of Experience' typeDescription='Extent of Experience' type='MONTH' lastUsed='2013'><NumericValue description='MONTH'>6</NumericValue></CompetencyEvidence>

<CompetencyWeight type='skillLevel'><NumericValue minValue='0' maxValue='100'>98</NumericValue></CompetencyWeight>

<CompetencyWeight type='skillProficiency'><StringValue minValue='BASIC' maxValue='EXCELLENT'>EXCELLENT</StringValue></CompetencyWeight>
</Competency>

<Competency oids='12_4_1 23_1 29_1 ' description='Held Position' auth='no' name='Intern'>
<CompetencyEvidence name='Extent of Experience' typeDescription='Extent of Experience' type='MONTH' lastUsed='2011'><NumericValue description='MONTH'>10</NumericValue></CompetencyEvidence>

<CompetencyWeight type='skillLevel'><NumericValue minValue='0' maxValue='100'>72</NumericValue></CompetencyWeight>

<CompetencyWeight type='skillProficiency'><StringValue minValue='BASIC' maxValue='EXCELLENT'>GOOD</StringValue></CompetencyWeight>
</Competency>

<Competency oids='42_4_1 ' description='Held Position' auth='no' name='Social Coordinator'>
<CompetencyWeight type='skillLevel'><NumericValue minValue='0' maxValue='100'>14</NumericValue></CompetencyWeight>
</Competency>

<Competency oids='44_1_1 ' description='Held Position' auth='no' name='Risk Management Coordinator'>
<CompetencyWeight type='skillLevel'><NumericValue minValue='0' maxValue='100'>14</NumericValue></CompetencyWeight>
</Competency>

<Competency oids='26_1 ' description='Held Position' auth='no' name='Head of Floor Trading'>
<CompetencyEvidence name='Extent of Experience' typeDescription='Extent of Experience' type='MONTH' lastUsed='2011'><NumericValue description='MONTH'>3</NumericValue></CompetencyEvidence>

<CompetencyWeight type='skillLevel'><NumericValue minValue='0' maxValue='100'>69</NumericValue></CompetencyWeight>

<CompetencyWeight type='skillProficiency'><StringValue minValue='BASIC' maxValue='EXCELLENT'>GOOD</StringValue></CompetencyWeight>
</Competency>

<Competency oids='6_4_1 ' description='Held Position' auth='no' name='Consultant'>
<CompetencyEvidence name='Extent of Experience' typeDescription='Extent of Experience' type='MONTH' lastUsed='2013'><NumericValue description='MONTH'>6</NumericValue></CompetencyEvidence>

<CompetencyWeight type='skillLevel'><NumericValue minValue='0' maxValue='100'>100</NumericValue></CompetencyWeight>

<CompetencyWeight type='skillProficiency'><StringValue minValue='BASIC' maxValue='EXCELLENT'>EXCELLENT</StringValue></CompetencyWeight>
</Competency>

<Competency oids='36_3 ' description='Degree/Qualification' auth='yes' name='Bachelors Degree > Bachelor of Arts'>
<CompetencyEvidence typeDescription='Alias' name='Alias'><StringValue>Bachelor of Arts</StringValue></CompetencyEvidence>

<CompetencyWeight type='skillLevel'><NumericValue minValue='0' maxValue='100'>12</NumericValue></CompetencyWeight>
</Competency>

<Competency description='Industry' auth='yes' name='industry~banking-finance'>
<CompetencyEvidence name='skillCount' typeDescription='skillCount'><NumericValue>1</NumericValue></CompetencyEvidence>

<CompetencyWeight type='skillLevel'><NumericValue minValue='0' maxValue='100'>100</NumericValue></CompetencyWeight>
</Competency>























<RevisionDate id='1'>2013-04-17</RevisionDate>
</StructuredXMLResume>
<NonXMLResume>

<TextResume>



<span inprof='n' id='1' class='date'>{{DOCUMENT_DATESTAMP}} 2013-04-17 {{END_DOCUMENT_DATESTAMP}}</span> 

<span inprof='y' id='2' class='nominal'>Dan Levy</span>
<span inprof='y' id='3' class='email'>Levydj3@gmail.com</span>
<span inprof='y' id='4' class='telephone'>914-522-3191</span>

<span inprof='n' id='5' class='work-hist-mark'>WORK EXPERIENCE</span>
<span inprof='y' id='6_1' class='company'>Morgan Stanley</span> (<span inprof='y' id='6_2_1' class='date'>September 2012</span>-<span inprof='y' id='6_2_2' class='date'>February 2013</span>)                                  <span inprof='y' id='6_3' class='location'>Purchase, New York</span>
<span inprof='y' id='6_4_1' class='role'>Consultant</span>, Fund Services
    *    <span inprof='y' id='7' class='skill'>Financial analysis of hedge fund transactions and client statements</span> ; 
    *    Compiled <span inprof='y' id='8' class='skill'>hedge fund</span> bank statements, transaction notices, and subscription documents for external auditors ; 
    *    Completed <span inprof='y' id='9' class='skill'>Anti-money laundering</span> reviews utilizing OFAC, Finscan, and Choicepoint software ; 
    *    <span inprof='n' id='10' class='nominal-mb'>Utilized Morgan Stanley</span>'s proprietary platform to process client statements, orders, and acknowledgements ; 
    *    Responsible for electronically onboarding client hardcopy documents, through scanning, vaulting, extracting and classification phases utilizing <span inprof='y' id='11' class='company'>Morgan Stanley</span>'s internal software
<span inprof='y' id='12_1' class='company'>Deutsche Bank</span> (<span inprof='y' id='12_2_1' class='date'>June 2011</span>-<span inprof='y' id='12_2_2' class='date'>August 2011</span>)                                    <span inprof='y' id='12_3' class='location'>New York, New York</span>
<span inprof='y' id='12_4_1' class='role'>Intern</span>, Public Affairs, Corporate Communications, and Global Branding
    *    Responsible for researching and <span inprof='y' id='13' class='skill'>writing articles</span> for the company intranet. Stories included the S&#38;P downgrade of <span inprof='n' id='14' class='location'>U.S.</span> debt of <span inprof='n' id='15' class='date'>August 2011</span>, future <span inprof='y' id='16' class='skill'>equity</span> prospects and trends, and synopses of <span inprof='y' id='17' class='company'>Deutsche Bank</span> analysts reports ; 
    *    Drafted press releases <span inprof='n' id='18' class='bad-occupation'>for media relations</span> team on real estate purchases and charitable events ; 
    *    <span inprof='n' id='19' class='bad-occupation'>Reported to Head of Public Affairs and Communications</span>, <span inprof='n' id='20' class='location'>Americas</span>, and worked closely with him to develop media organizational charts and guidelines ; 
    *    Contributed to the development of global brand concepts that were used in <span inprof='n' id='21' class='location'>South America</span>

<span inprof='y' id='22_1' class='company'>Deutsche Bank</span> (<span inprof='y' id='22_2' class='date'>June 2011</span>)                                             <span inprof='y' id='22_3' class='location'>New York, New York</span>
<span inprof='y' id='23_1' class='role'>Intern</span>, <span inprof='n' id='24' class='company'>New York Stock Exchange</span>
    *    Shadowed traders to learn grand strategy and daily processes ; 
    *    Helped receive and place orders from traders into the trading queue ; 
    *    Worked under <span inprof='y' id='25' class='company'>Deutsche Bank</span>'s <span inprof='y' id='26_1' class='role'>Head of Floor Trading</span> on <span inprof='n' id='27' class='company'>the New York Stock Exchange</span>

<span inprof='y' id='28_1' class='company'>JP Morgan</span> (<span inprof='y' id='28_2_1' class='date'>June 2010</span>-<span inprof='y' id='28_2_2' class='date'>December 2010</span>)                                              <span inprof='y' id='28_3' class='location'>New York, New York</span>
<span inprof='y' id='29_1' class='role'>Intern</span>, <span inprof='y' id='30' class='company'>TSS Internal Communications</span>
    *    <span inprof='y' id='31' class='skill'>Responsible for researching</span>, writing, and posting articles to the company intranet ; 
    *    Interviewed executives to <span inprof='y' id='32' class='skill'>write articles</span> concerning new branches, deal wins and sales ; 
    *    <span inprof='y' id='33' class='skill'>Helped design</span> and distribute product brochures and manuals ; 
    *    Continued work remotely while at College in <span inprof='n' id='34' class='location'>Ohio</span>


<span inprof='n' id='35' class='edu-hist-mark'>EDUCATION</span>
<span inprof='y' id='36_1' class='educational'>Kenyon College</span>                                                        <span inprof='y' id='36_2' class='location'>Gambier, Ohio</span>
<span inprof='y' id='36_3' class='qualif'>Bachelor of Arts</span>, class of 2012; <span inprof='n' id='37_1_1' class='major'>Major</span>: <span inprof='y' id='37_1_2' class='subject'>History</span>
    *    Spent a semester in <span inprof='n' id='38' class='location'>Seville, Spain</span> studying <span inprof='n' id='39' class='qualif'>history and political science</span>; <span inprof='y' id='40' class='skill'>fluent in Spanish</span> ; 
    *    Wrote comprehensive senior exercise entitled ``The High Command: Downfall of the French in <span inprof='n' id='41' class='date'>1940</span>''

<span inprof='n' id='42_1' class='company'>Greek Council</span>, <span inprof='y' id='42_2' class='educational'>Kenyon College</span>                                         <span inprof='y' id='42_3' class='location'>Gambier, Ohio</span>
<span inprof='y' id='42_4_1' class='role'>Social Coordinator</span> (<span inprof='n' id='42_5' class='date-range'>August 2011-present)</span>
    *    Head of 15 member <span inprof='n' id='43' class='committee'>Greek Week committee</span>
<span inprof='y' id='44_1_1' class='role'>Risk Management Coordinator</span> (<span inprof='n' id='44_2' class='date-range'>August 2010-December 2010)</span>
<span inprof='n' id='45_1' class='company'>Men's Rugby Team</span>, <span inprof='y' id='45_2' class='educational'>Kenyon College</span> (<span inprof='n' id='45_3' class='date-range'>September 2010-present</span>)                                                       <span inprof='y' id='45_4' class='location'>Gambier, Ohio</span>
<span inprof='n' id='46' class='skills-qualif-mark'>Skills:</span>
Mastery of <span inprof='y' id='47' class='sofwr'>Microsoft Word</span>, <span inprof='y' id='48' class='sofwr'>Powerpoint</span>, <span inprof='y' id='49' class='sofwr'>Outlook</span>; <span inprof='y' id='50' class='sofwr'>Proficient in Microsoft Excel</span> <span inprof='y' id='51' class='skill'>financial modeling</span> and <span inprof='y' id='52' class='skill'>analysis</span>

</TextResume>

</NonXMLResume>



<UserArea>
<DaxResumeUserArea>
<AdditionalPersonalData>
<ExperienceSummary>
<TotalMonthsOfWorkExperience>16</TotalMonthsOfWorkExperience>
<TotalYearsOfWorkExperience>1</TotalYearsOfWorkExperience>
<ExecutiveBrief>Dan Levy has been working in the Banking-finance  occupational sector for 16 months. During his last employment he was working as a Consultant at Morgan Stanley. So far Dan has not gained any managerial experience.</ExecutiveBrief>
</ExperienceSummary>
</AdditionalPersonalData>
<ParserInfo>
<ParserConfiguration>{max_len=50000} {tel_flag=} {send_zip=} {fast_conv=} {DEF_LOCAL=} {sdate=0} {no_email_body=0} {do_clever_zoning=1} {keep_span=1} {complex=1} {accept_langs=} {not_accept_langs=} {prefer_lang_cv=EN} {pers_only=0} {turbo=0} {split_language=0} {picture=0} {picture_inline=0} {name_space=0} {charset=} {hrxml_upgrade_edu_hist=0}{hrxml_add_languages_section=0}{spool=} {docID=} {user=DEFAULT} </ParserConfiguration>
<ParserRelease>0.12.3.32629</ParserRelease>
<ParserReleaseDate>2014-06-18</ParserReleaseDate>
<ParserSchema>2.0.29</ParserSchema>
<ParserSchemaLocation>http://cvx.daxtra.com/cvts/xsd/candidate/2.0.29/Resume.xsd</ParserSchemaLocation>
<ConverterRelease>0.5.2.32629</ConverterRelease>
<ConverterReleaseDate>2014-06-18</ConverterReleaseDate>
</ParserInfo>
<FileStruct filename='/home/izoom/anazarov/grammar/analysis/3rconnect/doc/100_Resumes-Walsh/Resume Dan Levy 4.15.13.docx'>

<attachment fname='Resume Dan Levy 4.15.13.docx' ftype='docx' conv='yes' doc_type='cv' lang='EN'>/home/izoom/anazarov/grammar/analysis/3rconnect/doc/100_Resumes-Walsh/Resume Dan Levy 4.15.13.docx</attachment>


</FileStruct>
</DaxResumeUserArea>
</UserArea>
</Resume>
