<?xml version='1.0' encoding='ISO-8859-1'?>
<Resume lang='en' src='DAXTRA-CVX schema:2.0.29 release:0.12.3.32629 rdate:2014-06-18'>
<StructuredXMLResume>
<ContactInfo>
<PersonName id='2'>
<FormattedName>Irene Peter</FormattedName>
<GivenName>Irene</GivenName>
<FamilyName>Peter</FamilyName>
<sex>Female</sex>
</PersonName>
<ContactMethod>
<Telephone id='4' type='home'>
<InternationalCountryCode>1</InternationalCountryCode>
<SubscriberNumber>320 3101173</SubscriberNumber>
<FormattedNumber>+1 320 3101173</FormattedNumber></Telephone>

<InternetEmailAddress id='5' type='main'>irene.assenga@yahoo.com</InternetEmailAddress>
<PostalAddress id='3' type='main'>
<CountryCode>US</CountryCode>
<PostalCode>07095</PostalCode>
<Region>NJ</Region>
<Municipality>Woodbridge</Municipality>
<DeliveryAddress>
<AddressLine>42 Pike View Lane</AddressLine>
<StreetName>Pike View Lane</StreetName>
<BuildingNumber>42</BuildingNumber>
</DeliveryAddress>

</PostalAddress>
</ContactMethod>
</ContactInfo>


<EmploymentHistory>
<EmployerOrg employerOrgType='soleEmployer'>
<EmployerOrgName id='17_2'>Bloomberg</EmployerOrgName>
<EmployerContactInfo>
<LocationSummary id='17_3'>
<Municipality>Skillman</Municipality>
<Region>NJ</Region>
<CountryCode>US</CountryCode>
</LocationSummary>
</EmployerContactInfo>
<PositionHistory>
<Title id='17_1_1'>Junior Financial Analyst</Title>
<OrgName id='17_2'>Bloomberg</OrgName>



<Description>Perform analysis on financial documents to provide the loan industry with accurate and updated information
    Research, obtain, and upload financial documents and data to the Bloomberg Terminal
    Manipulate OS (Official Statements), DS (Disclosure Statements), and CAFR (Comprehensive Annual Financial reports) to assist senior team members categorize and evaluate syndicated loans
    Maintenance of loan database and providing quality assurance for the syndicated loans product</Description>
<StartDate id='17_4_1'><YearMonth>2013-02</YearMonth></StartDate>
<EndDate id='17_4_2'>notApplicable</EndDate>



<JobLevelInfo>
<JobGrade>joblevel-nonmanager-low</JobGrade>
</JobLevelInfo>

<JobCategory>
<TaxonomyName>JOBAREA</TaxonomyName>
<CategoryCode>banking-finance</CategoryCode>
</JobCategory>


<UserArea>
<DaxPositionHistoryUserArea>
<TLSPAN first_id='17' last_id='21' border_id='22'></TLSPAN>
<MonthsOfWork>3</MonthsOfWork>
</DaxPositionHistoryUserArea>
</UserArea>
</PositionHistory>
</EmployerOrg>

<EmployerOrg employerOrgType='soleEmployer'>
<EmployerOrgName id='22_2'>Wells Fargo Bank</EmployerOrgName>

<PositionHistory positionType='PERMANENT'>
<Title id='22_1_1'>Bank Teller</Title>
<OrgName id='22_2'>Wells Fargo Bank</OrgName>

<OrgIndustry primaryIndicator='true'><IndustryDescription>bank services</IndustryDescription></OrgIndustry>

<Description>Provided excellent Customer Services to the Customers
    Maintained proper cash limits, cashed checks, accepted deposits, and issued cashier's checks 
    Prepared Money orders, traveler's checks, cash advances, and funds transfer 
Assisted in all clerical responsibilities within the bank
Identified sales opportunities, referred bank customers for additional bank services as appropriate</Description>
<StartDate id='22_3_1'><YearMonth>2011-05</YearMonth></StartDate>
<EndDate id='22_3_2'><YearMonth>2012-01</YearMonth></EndDate>




<JobCategory>
<TaxonomyName>JOBAREA</TaxonomyName>
<CategoryCode>accountancy</CategoryCode>
</JobCategory>


<UserArea>
<DaxPositionHistoryUserArea>
<TLSPAN first_id='22' last_id='23' border_id='24'></TLSPAN>
<MonthsOfWork>9</MonthsOfWork>
</DaxPositionHistoryUserArea>
</UserArea>
</PositionHistory>
</EmployerOrg>

<EmployerOrg employerOrgType='soleEmployer'>
<EmployerOrgName id='24_2'>UBS Financial Services</EmployerOrgName>
<EmployerContactInfo>
<LocationSummary id='24_3'>
<Municipality>Saint Cloud</Municipality>
<Region>MN</Region>
<CountryCode>US</CountryCode>
</LocationSummary>
</EmployerContactInfo>
<PositionHistory positionType='Internship'>

<OrgName id='24_2'>UBS Financial Services</OrgName>



<Description>Assisted financial advisors with variety of projects, maintained clients' accounts, data entry, performed administrative duties.</Description>
<StartDate id='24_4_1'><YearMonth>2010-10</YearMonth></StartDate>
<EndDate id='24_4_2'><YearMonth>2010-12</YearMonth></EndDate>




<JobCategory>
<TaxonomyName>JOBAREA</TaxonomyName>
<CategoryCode>secretarial</CategoryCode>
</JobCategory>


<UserArea>
<DaxPositionHistoryUserArea>
<TLSPAN first_id='24' last_id='25' border_id='26'></TLSPAN>
<MonthsOfWork>3</MonthsOfWork>
</DaxPositionHistoryUserArea>
</UserArea>
</PositionHistory>
</EmployerOrg>

<EmployerOrg employerOrgType='soleEmployer'>
<EmployerOrgName id='26_2'>Saint Cloud State University</EmployerOrgName>

<PositionHistory positionType='PERMANENT'>
<Title id='26_1_1'>Customer Service</Title>
<OrgName id='26_2'>Saint Cloud State University</OrgName>



<Description>Demonstrated customer service and administration expertise 
Supervised overall safety of residence hall and its students 
Enforced residence life rules to students and SCSU community
ACTIVITIES AND ACHIEVEMENT
Member- Investment Club (SCSU)</Description>
<StartDate id='26_3_1'><YearMonth>2008-02</YearMonth></StartDate>
<EndDate id='26_3_2'><YearMonth>2010-09</YearMonth></EndDate>




<JobCategory>
<TaxonomyName>JOBAREA</TaxonomyName>
<CategoryCode>customer-service</CategoryCode>
</JobCategory>


<UserArea>
<DaxPositionHistoryUserArea>
<TLSPAN first_id='26' last_id='30' border_id='0'></TLSPAN>
<MonthsOfWork>32</MonthsOfWork>
</DaxPositionHistoryUserArea>
</UserArea>
</PositionHistory>
</EmployerOrg>

</EmploymentHistory>
<EducationHistory>
<SchoolOrInstitution schoolType='university'>
<SchoolName id='9_1'>Court University</SchoolName>



<Degree degreeType='masters'>
<DegreeName id='9_2'>Master of Business Administration</DegreeName>
<DegreeDate id='9_4'><YearMonth>2012-12</YearMonth></DegreeDate>
</Degree>


<Measure>
<MeasureValue id='9_3_1'>G.P.A 3.81</MeasureValue>
</Measure>



</SchoolOrInstitution>

<SchoolOrInstitution schoolType='university'>
<SchoolName id='10_1'>St. Cloud State University</SchoolName>



<Degree degreeType='bachelors'>
<DegreeName id='10_2'>Bachelor of Science</DegreeName>
<DegreeDate id='10_3'><YearMonth>2010-12</YearMonth></DegreeDate>
</Degree>
<Major id='10_2'>Finance</Major>



<Comments>Accredited by the Association to Advance Collegiate Schools of Business - International (AACSB-I)

COURSE WORK
Securities Analysis, Financial Derivatives, International Finance, Financial Accounting,
Corporate Financial Policies, Investment Principals, Risk insurance, Real Estate Principals,
Intercultural Communications, Entrepreneur Finance, Money and Banking, Financial Institutions,
Strategic management and Interpersonal Communication, Managerial Accounting</Comments>
</SchoolOrInstitution>

</EducationHistory>











<Competency oids='19 21 ' description='Skill' auth='yes' name='Syndicated Loans'>
<CompetencyEvidence name='Extent of Experience' typeDescription='Extent of Experience' type='MONTH' lastUsed='2013'><NumericValue description='MONTH'>3</NumericValue></CompetencyEvidence>

<CompetencyWeight type='skillLevel'><NumericValue minValue='0' maxValue='100'>99</NumericValue></CompetencyWeight>

<CompetencyWeight type='skillProficiency'><StringValue minValue='BASIC' maxValue='EXCELLENT'>EXCELLENT</StringValue></CompetencyWeight>
</Competency>

<Competency oids='11 ' description='Skill' auth='no' name='Securities Analysis'>
<CompetencyWeight type='skillLevel'><NumericValue minValue='0' maxValue='100'>14</NumericValue></CompetencyWeight>
</Competency>

<Competency oids='20 ' description='Skill' auth='yes' name='Quality Assurance'>
<CompetencyEvidence name='Extent of Experience' typeDescription='Extent of Experience' type='MONTH' lastUsed='2013'><NumericValue description='MONTH'>3</NumericValue></CompetencyEvidence>

<CompetencyWeight type='skillLevel'><NumericValue minValue='0' maxValue='100'>98</NumericValue></CompetencyWeight>

<CompetencyWeight type='skillProficiency'><StringValue minValue='BASIC' maxValue='EXCELLENT'>EXCELLENT</StringValue></CompetencyWeight>
</Competency>

<Competency oids='41 ' description='Skill > IT' auth='yes' name='Microsoft PowerPoint'>
<CompetencyEvidence typeDescription='Alias' name='Alias'><StringValue>PowerPoint</StringValue></CompetencyEvidence>

<CompetencyWeight type='skillLevel'><NumericValue minValue='0' maxValue='100'>14</NumericValue></CompetencyWeight>
</Competency>

<Competency oids='39 ' description='Skill > IT' auth='yes' name='Microsoft Office'>
<CompetencyWeight type='skillLevel'><NumericValue minValue='0' maxValue='100'>14</NumericValue></CompetencyWeight>
</Competency>

<Competency oids='40 ' description='Skill > IT' auth='yes' name='Microsoft Excel'>
<CompetencyEvidence typeDescription='Alias' name='Alias'><StringValue>Excel</StringValue></CompetencyEvidence>

<CompetencyWeight type='skillLevel'><NumericValue minValue='0' maxValue='100'>14</NumericValue></CompetencyWeight>
</Competency>

<Competency oids='27 ' description='Skill' auth='yes' name='Halls of Residence'>
<CompetencyEvidence name='Extent of Experience' typeDescription='Extent of Experience' type='MONTH' lastUsed='2010'><NumericValue description='MONTH'>32</NumericValue></CompetencyEvidence>

<CompetencyEvidence typeDescription='Alias' name='Alias'><StringValue>residence hall</StringValue></CompetencyEvidence>

<CompetencyWeight type='skillLevel'><NumericValue minValue='0' maxValue='100'>77</NumericValue></CompetencyWeight>

<CompetencyWeight type='skillProficiency'><StringValue minValue='BASIC' maxValue='EXCELLENT'>GOOD</StringValue></CompetencyWeight>
</Competency>

<Competency oids='13 ' description='Skill' auth='yes' name='Financial Accounting'>
<CompetencyWeight type='skillLevel'><NumericValue minValue='0' maxValue='100'>14</NumericValue></CompetencyWeight>
</Competency>

<Competency oids='25 ' description='Skill' auth='yes' name='Data Entry'>
<CompetencyEvidence name='Extent of Experience' typeDescription='Extent of Experience' type='MONTH' lastUsed='2010'><NumericValue description='MONTH'>3</NumericValue></CompetencyEvidence>

<CompetencyWeight type='skillLevel'><NumericValue minValue='0' maxValue='100'>71</NumericValue></CompetencyWeight>

<CompetencyWeight type='skillProficiency'><StringValue minValue='BASIC' maxValue='EXCELLENT'>GOOD</StringValue></CompetencyWeight>
</Competency>

<Competency oids='18 ' description='Skill' auth='no' name='Annual Management Accounts'>
<CompetencyEvidence name='Extent of Experience' typeDescription='Extent of Experience' type='MONTH' lastUsed='2013'><NumericValue description='MONTH'>3</NumericValue></CompetencyEvidence>

<CompetencyEvidence typeDescription='Alias' name='Alias'><StringValue>Annual Financial reports</StringValue></CompetencyEvidence>

<CompetencyWeight type='skillLevel'><NumericValue minValue='0' maxValue='100'>100</NumericValue></CompetencyWeight>

<CompetencyWeight type='skillProficiency'><StringValue minValue='BASIC' maxValue='EXCELLENT'>EXCELLENT</StringValue></CompetencyWeight>
</Competency>

<Competency oids='32_2 ' description='Held Position' auth='no' name='Volunteer'>
<CompetencyWeight type='skillLevel'><NumericValue minValue='0' maxValue='100'>14</NumericValue></CompetencyWeight>
</Competency>

<Competency oids='31_1 ' description='Held Position' auth='no' name='Secretary'>
<CompetencyWeight type='skillLevel'><NumericValue minValue='0' maxValue='100'>14</NumericValue></CompetencyWeight>
</Competency>

<Competency oids='32_1 ' description='Held Position' auth='no' name='SCSU Mentor'>
<CompetencyWeight type='skillLevel'><NumericValue minValue='0' maxValue='100'>14</NumericValue></CompetencyWeight>
</Competency>

<Competency oids='17_1_1 ' description='Held Position' auth='no' name='Junior Financial Analyst'>
<CompetencyEvidence name='Extent of Experience' typeDescription='Extent of Experience' type='MONTH' lastUsed='2013'><NumericValue description='MONTH'>3</NumericValue></CompetencyEvidence>

<CompetencyWeight type='skillLevel'><NumericValue minValue='0' maxValue='100'>100</NumericValue></CompetencyWeight>

<CompetencyWeight type='skillProficiency'><StringValue minValue='BASIC' maxValue='EXCELLENT'>EXCELLENT</StringValue></CompetencyWeight>
</Competency>

<Competency oids='26_1_1 ' description='Held Position' auth='no' name='Customer Service'>
<CompetencyEvidence name='Extent of Experience' typeDescription='Extent of Experience' type='MONTH' lastUsed='2010'><NumericValue description='MONTH'>32</NumericValue></CompetencyEvidence>

<CompetencyWeight type='skillLevel'><NumericValue minValue='0' maxValue='100'>77</NumericValue></CompetencyWeight>

<CompetencyWeight type='skillProficiency'><StringValue minValue='BASIC' maxValue='EXCELLENT'>GOOD</StringValue></CompetencyWeight>
</Competency>

<Competency oids='22_1_1 ' description='Held Position' auth='no' name='Bank Teller'>
<CompetencyEvidence name='Extent of Experience' typeDescription='Extent of Experience' type='MONTH' lastUsed='2012'><NumericValue description='MONTH'>9</NumericValue></CompetencyEvidence>

<CompetencyWeight type='skillLevel'><NumericValue minValue='0' maxValue='100'>92</NumericValue></CompetencyWeight>

<CompetencyWeight type='skillProficiency'><StringValue minValue='BASIC' maxValue='EXCELLENT'>EXCELLENT</StringValue></CompetencyWeight>
</Competency>

<Competency oids='8 10_2 ' description='Degree/Qualification' auth='yes' name='Bachelors Degree > Bachelor of Science > Bachelor of Science Georgian'>
<CompetencyEvidence name='Application' typeDescription='Application' type='Georgian'><StringValue>Georgian</StringValue></CompetencyEvidence>

<CompetencyEvidence typeDescription='Alias' name='Alias'><StringValue>ADMINISTRATION , BACHELOR OF SCIENCE IN FINANCE , Georgian</StringValue></CompetencyEvidence>

<CompetencyEvidence typeDescription='Alias' name='Alias'><StringValue>Bachelor of Science in Finance</StringValue></CompetencyEvidence>

<CompetencyWeight type='skillLevel'><NumericValue minValue='0' maxValue='100'>24</NumericValue></CompetencyWeight>
</Competency>

<Competency oids='8 10_2 ' description='Degree/Qualification' auth='yes' name='Bachelors Degree > Bachelor of Science > Bachelor of Science Finance'>
<CompetencyEvidence name='Application' typeDescription='Application' type='Finance'><StringValue>Finance</StringValue></CompetencyEvidence>

<CompetencyEvidence typeDescription='Alias' name='Alias'><StringValue>ADMINISTRATION , BACHELOR OF SCIENCE IN FINANCE , Georgian</StringValue></CompetencyEvidence>

<CompetencyEvidence typeDescription='Alias' name='Alias'><StringValue>Bachelor of Science in Finance</StringValue></CompetencyEvidence>

<CompetencyWeight type='skillLevel'><NumericValue minValue='0' maxValue='100'>24</NumericValue></CompetencyWeight>
</Competency>

<Competency oids='8 10_2 ' description='Degree/Qualification' auth='yes' name='Bachelors Degree > Bachelor of Science > Bachelor of Science FINANCE'>
<CompetencyEvidence name='Application' typeDescription='Application' type='FINANCE'><StringValue>FINANCE</StringValue></CompetencyEvidence>

<CompetencyEvidence typeDescription='Alias' name='Alias'><StringValue>ADMINISTRATION , BACHELOR OF SCIENCE IN FINANCE , Georgian</StringValue></CompetencyEvidence>

<CompetencyEvidence typeDescription='Alias' name='Alias'><StringValue>Bachelor of Science in Finance</StringValue></CompetencyEvidence>

<CompetencyWeight type='skillLevel'><NumericValue minValue='0' maxValue='100'>24</NumericValue></CompetencyWeight>
</Competency>

<Competency oids='8 10_2 ' description='Degree/Qualification' auth='yes' name='Bachelors Degree > Bachelor of Science > Bachelor of Science ADMINISTRATION'>
<CompetencyEvidence name='Application' typeDescription='Application' type='ADMINISTRATION'><StringValue>ADMINISTRATION</StringValue></CompetencyEvidence>

<CompetencyEvidence typeDescription='Alias' name='Alias'><StringValue>ADMINISTRATION , BACHELOR OF SCIENCE IN FINANCE , Georgian</StringValue></CompetencyEvidence>

<CompetencyEvidence typeDescription='Alias' name='Alias'><StringValue>Bachelor of Science in Finance</StringValue></CompetencyEvidence>

<CompetencyWeight type='skillLevel'><NumericValue minValue='0' maxValue='100'>24</NumericValue></CompetencyWeight>
</Competency>

<Competency oids='29 ' description='Degree/Qualification > Professional' auth='no' name='Member- Investment Club'>
<CompetencyWeight type='skillLevel'><NumericValue minValue='0' maxValue='100'>12</NumericValue></CompetencyWeight>
</Competency>

<Competency oids='9_2 ' description='Degree/Qualification' auth='yes' name='Masters Degree > Master of Business Administration'>
<CompetencyEvidence typeDescription='Alias' name='Alias'><StringValue>Master of Business Administration</StringValue></CompetencyEvidence>

<CompetencyWeight type='skillLevel'><NumericValue minValue='0' maxValue='100'>12</NumericValue></CompetencyWeight>
</Competency>

<Competency oids='7 ' description='Degree/Qualification' auth='yes' name='Masters Degree > Master of Business'>
<CompetencyEvidence typeDescription='Alias' name='Alias'><StringValue>MASTER OF BUSINESS</StringValue></CompetencyEvidence>

<CompetencyWeight type='skillLevel'><NumericValue minValue='0' maxValue='100'>12</NumericValue></CompetencyWeight>
</Competency>

<Competency description='Industry' auth='yes' name='industry~banking-finance'>
<CompetencyEvidence name='skillCount' typeDescription='skillCount'><NumericValue>1</NumericValue></CompetencyEvidence>

<CompetencyWeight type='skillLevel'><NumericValue minValue='0' maxValue='100'>100</NumericValue></CompetencyWeight>
</Competency>























<RevisionDate id='1'>2013-04-27</RevisionDate>
</StructuredXMLResume>
<NonXMLResume>

<TextResume>



<span inprof='n' id='1' class='date'>{{DOCUMENT_DATESTAMP}} 2013-04-27 {{END_DOCUMENT_DATESTAMP}}</span> 

<span inprof='y' id='2' class='nominal'>IRENE PETER</span>
  <span inprof='y' id='3' class='location'>42 Pike View Lane Woodbridge NJ 07095</span> <span inprof='y' id='4' class='telephone'>(320)3101173</span> <span inprof='y' id='5' class='email'>irene.assenga@yahoo.com</span>

<span inprof='n' id='6' class='edu-hist-mark'>EDUCATION</span>
<span inprof='y' id='7' class='qualif'>MASTER OF BUSINESS</span> <span inprof='y' id='8' class='qualif'>ADMINISTRATION
BACHELOR OF SCIENCE IN FINANCE
              Georgian</span> <span inprof='y' id='9_1' class='educational'>Court University</span>         <span inprof='y' id='9_2' class='qualif'>Master of Business Administration</span>   <span inprof='y' id='9_3_1' class='degree-measure'>G.P.A 3.81</span>                       <span inprof='y' id='9_4' class='date'>December 2012</span>


              <span inprof='y' id='10_1' class='educational'>St. Cloud State University (SCSU)</span>          <span inprof='y' id='10_2' class='qualif'>Bachelor of Science in Finance</span>                                    <span inprof='y' id='10_3' class='date'>December 2010</span>
        Accredited by the Association to Advance Collegiate Schools of Business - International (AACSB-I)

COURSE WORK
<span inprof='y' id='11' class='skill'>Securities Analysis</span>, <span inprof='n' id='12' class='company'>Financial Derivatives, International Finance</span>, <span inprof='y' id='13' class='skill'>Financial Accounting</span>,
Corporate Financial Policies, Investment Principals, Risk insurance, Real Estate Principals,
Intercultural <span inprof='n' id='14' class='qualif'>Communications, Entrepreneur Finance</span>, Money and Banking, Financial Institutions,
<span inprof='n' id='15' class='qualif'>Strategic management and Interpersonal Communication, Managerial Accounting</span>
<span inprof='n' id='16' class='work-hist-mark'>EMPLOYMENT</span>
<span inprof='y' id='17_1_1' class='role'>Junior Financial Analyst</span>, <span inprof='y' id='17_2' class='company'>Bloomberg</span>, <span inprof='y' id='17_3' class='location'>Skillman, NJ</span>                                                                      <span inprof='y' id='17_4_1' class='date'>February 2013</span>- <span inprof='y' id='17_4_2' class='date'>Present</span>

        Perform analysis on financial documents to provide the loan industry with accurate and updated information
        Research, obtain, and upload financial documents and data to the Bloomberg Terminal
        Manipulate OS (Official Statements), DS (Disclosure Statements), and CAFR (Comprehensive <span inprof='y' id='18' class='skill'>Annual Financial reports</span>) to assist senior team members categorize and evaluate <span inprof='y' id='19' class='skill'>syndicated loans</span>
        Maintenance of loan database and providing <span inprof='y' id='20' class='skill'>quality assurance</span> for the <span inprof='y' id='21' class='skill'>syndicated loans</span> product

<span inprof='y' id='22_1_1' class='role'>Bank Teller</span>, <span inprof='y' id='22_2' class='company'>Wells Fargo Bank</span>                                                                                                       <span inprof='y' id='22_3_1' class='date'>May 2011</span>-<span inprof='y' id='22_3_2' class='date'>January2012</span>
        Provided excellent Customer Services to the Customers
        Maintained proper cash limits, cashed checks, accepted deposits, and issued cashier's checks 
        Prepared Money orders, traveler's checks, cash advances, and funds transfer 
Assisted in all clerical responsibilities within the bank
Identified sales opportunities, referred bank customers for additional <span inprof='n' id='23' class='industry-sector'>bank services</span> as appropriate
<span inprof='n' id='24_1' class='occupation'>Internship</span>, <span inprof='y' id='24_2' class='company'>UBS Financial Services</span>, <span inprof='y' id='24_3' class='location'>Saint Cloud MN</span>                                                         <span inprof='y' id='24_4_1' class='date'>October2010</span> -<span inprof='y' id='24_4_2' class='date'>December2010</span>
Assisted financial advisors with variety of projects, maintained clients' accounts, <span inprof='y' id='25' class='skill'>data entry</span>, performed administrative duties.
<span inprof='y' id='26_1_1' class='role'>Customer Service</span>, <span inprof='y' id='26_2' class='educational'>Saint Cloud State University</span>                                                               <span inprof='y' id='26_3_1' class='date'>February 2008</span> - <span inprof='y' id='26_3_2' class='date'>September2010</span>
Demonstrated customer service and administration expertise 
Supervised overall safety of <span inprof='y' id='27' class='skill'>residence hall</span> and its students 
Enforced residence life rules to students and <span inprof='n' id='28' class='educational'>SCSU</span> community
ACTIVITIES AND ACHIEVEMENT
<span inprof='y' id='29' class='qualif'>Member- Investment Club</span> (<span inprof='n' id='30' class='educational'>SCSU</span>)
<span inprof='y' id='31_1' class='role'>Secretary</span>- Today's Women SCSU
Recipient-Academic and Cultural Sharing Scholarships <span inprof='y' id='32_1' class='role'>SCSU
Mentor</span>/ <span inprof='y' id='32_2' class='role'>Volunteer</span>, <span inprof='n' id='33' class='educational'>South Junior High</span>, <span inprof='n' id='34' class='location'>St Cloud MN</span>

<span inprof='n' id='35' class='date-range'>February2010- Present</span>

<span inprof='n' id='36' class='date-range'>January2008 - May 2009</span>

<span inprof='n' id='37' class='date-range'>August2007- December 2010</span>

<span inprof='n' id='38' class='date-range'>October2007 - February2009</span>

COMPUTER SKILL
Proficiency in <span inprof='y' id='39' class='sofwr'>Microsoft Office</span>, <span inprof='y' id='40' class='sofwr'>Excel</span>, <span inprof='y' id='41' class='sofwr'>PowerPoint</span>

</TextResume>

</NonXMLResume>



<UserArea>
<DaxResumeUserArea>
<AdditionalPersonalData>
<ExperienceSummary>
<TotalMonthsOfWorkExperience>47</TotalMonthsOfWorkExperience>
<TotalYearsOfWorkExperience>4</TotalYearsOfWorkExperience>
<ExecutiveBrief>Irene Peter is a resident of Woodbridge, NJ, US. She has been working in the Banking-finance  occupational sector for more than 4 years. Currently she is employed as a Junior Financial Analyst at Bloomberg. So far Irene has not gained any managerial experience.</ExecutiveBrief>
</ExperienceSummary>
</AdditionalPersonalData>
<ParserInfo>
<ParserConfiguration>{max_len=50000} {tel_flag=} {send_zip=} {fast_conv=} {DEF_LOCAL=} {sdate=0} {no_email_body=0} {do_clever_zoning=1} {keep_span=1} {complex=1} {accept_langs=} {not_accept_langs=} {prefer_lang_cv=EN} {pers_only=0} {turbo=0} {split_language=0} {picture=0} {picture_inline=0} {name_space=0} {charset=} {hrxml_upgrade_edu_hist=0}{hrxml_add_languages_section=0}{spool=} {docID=} {user=DEFAULT} </ParserConfiguration>
<ParserRelease>0.12.3.32629</ParserRelease>
<ParserReleaseDate>2014-06-18</ParserReleaseDate>
<ParserSchema>2.0.29</ParserSchema>
<ParserSchemaLocation>http://cvx.daxtra.com/cvts/xsd/candidate/2.0.29/Resume.xsd</ParserSchemaLocation>
<ConverterRelease>0.5.2.32629</ConverterRelease>
<ConverterReleaseDate>2014-06-18</ConverterReleaseDate>
</ParserInfo>
<FileStruct filename='/home/izoom/anazarov/grammar/analysis/3rconnect/doc/100_Resumes-Walsh/RESUME  1.docx'>

<attachment fname='RESUME  1.docx' ftype='docx' conv='yes' doc_type='cv' lang='EN'>/home/izoom/anazarov/grammar/analysis/3rconnect/doc/100_Resumes-Walsh/RESUME  1.docx</attachment>


</FileStruct>
</DaxResumeUserArea>
</UserArea>
</Resume>
