<?xml version='1.0' encoding='ISO-8859-1'?>
<Resume lang='en' src='DAXTRA-CVX schema:2.0.29 release:0.12.3.32629 rdate:2014-06-18'>
<StructuredXMLResume>
<ContactInfo>
<PersonName>
</PersonName>
<ContactMethod>
<Telephone id='4' type='home'>
<InternationalCountryCode>1</InternationalCountryCode>
<SubscriberNumber>650 201-7969</SubscriberNumber>
<FormattedNumber>+1 650 201-7969</FormattedNumber></Telephone>

<InternetEmailAddress id='5' type='main'>bubut.rivera@hotmail.com</InternetEmailAddress>
<PostalAddress id='3' type='main'>
<CountryCode>US</CountryCode>
<PostalCode>94017</PostalCode>
<Region>CA</Region>
<Municipality>Daly City</Municipality>
<DeliveryAddress>
<AddressLine>P.O. Box 902</AddressLine>
<PostOfficeBox>P.O. Box 902</PostOfficeBox>
</DeliveryAddress>

</PostalAddress>
</ContactMethod>
</ContactInfo>
<ExecutiveSummary>To acquire a position in Office Management and Office Administration.    I have years of experience in assisting people in high and important positions both in the private and government sectors.  I have excellent communication and computer skills.  Before working for the Department of Health and Human Services I had a temporary assignment working for the Regional Director of the Minority Business and Development Agency (MBDA) an agency under the Department of Commerce.</ExecutiveSummary>


<EmploymentHistory>
<EmployerOrg employerOrgType='soleEmployer'>
<EmployerOrgName id='16_2'>Beacon Associates, Inc.</EmployerOrgName>
<EmployerContactInfo>
<LocationSummary id='16_3'>
<Municipality>San Francisco</Municipality>
<Region>CA</Region>
<CountryCode>US</CountryCode>
</LocationSummary>
</EmployerContactInfo>
<PositionHistory positionType='PERMANENT'>
<Title id='16_1_1'>Administrative Assistant</Title>
<OrgName id='16_2'>Beacon Associates, Inc.</OrgName>



<Description>Beacon Associates, Inc. is a contracting company for the Federal Government, and I am the Admin Assistant to the Regional Director (RD) of the US Department of Health and Human Services (HHS).  The Regional Director is HHS Secretary Kathleen Sebelius' Representative to Region IX, which covers the states of California, Arizona, Nevada, Hawaii and the Outer Pacific Islands of Guam, Samoa, Saipan, and Marshall Islands.  The RD is also the Chair of Federal Regional Council in Region IX, a consortium of sixteen separate Federal Departments and Agencies representing nearly thirty different program offices in Region IX.
    *  Manage the RD's busy calendar. ; 
    *  Prepare RD for travels and make travel arrangements, hotel and transportation arrangements; create vouchers and process reimbursements. ; 
    *  Screen all of the RD's incoming calls, mail and invitations. ; 
    *  Set up both video and phone conferences, and send out email reminders. ; 
    *  Manage the office, purchase supplies, and pay bills. ; 
    *  Keep a record of the Agency expenses. ; 
    *  Contents Manager of the Federal Regional Council's Website. ; 
    *  Involved in planning and preparing for regional visits of the HHS Secretary, the Surgeon General, and other officers from the HHS Headquarters. ; 
    *  Involved in putting together the yearly Federal Regional Council Resource Guide and the Grants to the Outer Pacific Report. ; 
    *  Involved in the distribution of Transhares and the issuance of the HSPD-12 badges to HHS employees.
Direct Service Employee ,</Description>
<StartDate id='16_4_1'><Year>2004</Year></StartDate>
<EndDate id='16_4_2'><AnyDate>2012-05-22</AnyDate></EndDate>



<JobLevelInfo>
<JobGrade>joblevel-nonmanager-low</JobGrade>
</JobLevelInfo>

<JobCategory>
<TaxonomyName>JOBAREA</TaxonomyName>
<CategoryCode>secretarial</CategoryCode>
</JobCategory>


<UserArea>
<DaxPositionHistoryUserArea>
<TLSPAN first_id='16' last_id='38' border_id='39'></TLSPAN>
<MonthsOfWork>96</MonthsOfWork>
</DaxPositionHistoryUserArea>
</UserArea>
</PositionHistory>
</EmployerOrg>

<EmployerOrg employerOrgType='soleEmployer'>
<EmployerContactInfo>
<LocationSummary id='39_2'>
<Municipality>Sacramento</Municipality>
<Region>CA</Region>
<CountryCode>US</CountryCode>
</LocationSummary>
</EmployerContactInfo>
<PositionHistory positionType='PERMANENT'>
<Title id='39_1_1'>California Mentor</Title>




<Description>*  Worked with people with developmental disabilities towards becoming independent. ; 
    *  Provided transportation for clients' socialization and for increased access to community activities; maintained accurate documentation of progress and incident reports. ; 
    *  Provided direct supports and services as specified in their Individualized Plans. ; 
    *  Helped them with their hygiene and helped them budget their money. ; 
    *  Inspected their dwelling places and made sure the mentors are following the guidelines and rules established by the Mentor Network. ;</Description>
<StartDate id='39_3_1'><Year>2002</Year></StartDate>
<EndDate id='39_3_2'><Year>2004</Year></EndDate>




<JobCategory>
<TaxonomyName>JOBAREA</TaxonomyName>
<CategoryCode>transport</CategoryCode>
</JobCategory>


<UserArea>
<DaxPositionHistoryUserArea>
<TLSPAN first_id='39' last_id='40' border_id='41'></TLSPAN>
<MonthsOfWork>24</MonthsOfWork>
</DaxPositionHistoryUserArea>
</UserArea>
</PositionHistory>
</EmployerOrg>

<EmployerOrg employerOrgType='soleEmployer'>
<EmployerOrgName id='41_2'>Caminar</EmployerOrgName>
<EmployerContactInfo>
<LocationSummary id='41_4'>
<Municipality>San Mateo</Municipality>
<Region>CA</Region>
<CountryCode>US</CountryCode>
</LocationSummary>
</EmployerContactInfo>
<PositionHistory positionType='PERMANENT'>
<Title id='41_1_1'>Office Manager</Title>
<OrgName id='41_3'>CLC</OrgName>



<Description>*  1 Assisted Clinical Director in most of her projects. ; 
    *  2 Assisted CEO in many of his projects. ; 
    *  3 Worked with MIS for Mental Health Services of San Mateo County - did client updates. ; 
    *  4 Interacted with most of the Case Managers, cleared ``share-of-cost'' for their clients. ; 
    *  5 Made travel arrangements for CEO and Clinical Director. ; 
    *  6 Supervised receptionist and office clerks and ordered office supplies. ; 
    *  7 Prepared Board packets, sent them, and often times took minutes in board meetings. ; 
    *  8 Created flyers, announcements, invitations, and user-friendly office forms. ; 
    *  9 Involved in planning and executing agency parties and client gatherings. ;</Description>
<StartDate id='41_5_1'><Year>1998</Year></StartDate>
<EndDate id='41_5_2'><Year>2001</Year></EndDate>



<JobLevelInfo>
<JobGrade>joblevel-management-low</JobGrade>
</JobLevelInfo>

<JobCategory>
<TaxonomyName>JOBAREA</TaxonomyName>
<CategoryCode>secretarial</CategoryCode>
</JobCategory>


<UserArea>
<DaxPositionHistoryUserArea>
<TLSPAN first_id='41' last_id='48' border_id='53'></TLSPAN>
<MonthsOfWork>36</MonthsOfWork>
</DaxPositionHistoryUserArea>
</UserArea>
</PositionHistory>
</EmployerOrg>

<EmployerOrg employerOrgType='soleEmployer'>
<EmployerOrgName id='50'>the Consumer Advisory Board</EmployerOrgName>
<EmployerContactInfo>
<LocationSummary id='53_3'>
<Municipality>Daly City</Municipality>
<Region>CA</Region>
<CountryCode>US</CountryCode>
</LocationSummary>
</EmployerContactInfo>
<PositionHistory positionType='PERMANENT'>
<Title id='49_1'>Secretary</Title>
<OrgName id='50'>the Consumer Advisory Board</OrgName>



<Description>*  10 Secretary to     *  11 Secretary to the Quality Improvement Committee.
Office Manager
Westlake School for the Performing Arts 
*  1 Interacted with parents and students. ; 
    *  2 Functioned as liaison officer between parents and teachers. ; 
    *  3 Managed the business office. ; 
    *  4 Prepared company payroll and wrote paychecks. ; 
    *  5 Kept inventory of office and school store supplies. ; 
    *  6 Organized and scheduled photo shoots for the school yearbook and other school activities. ; 
    *  7 Supervised the other (4) office employees. ;</Description>
<StartDate id='53_4_1'><Year>1992</Year></StartDate>
<EndDate id='53_4_2'><Year>1998</Year></EndDate>




<JobCategory>
<TaxonomyName>JOBAREA</TaxonomyName>
<CategoryCode>edu</CategoryCode>
</JobCategory>


<UserArea>
<DaxPositionHistoryUserArea>
<TLSPAN first_id='49' last_id='56' border_id='59'></TLSPAN>
<MonthsOfWork>72</MonthsOfWork>
</DaxPositionHistoryUserArea>
</UserArea>
</PositionHistory>
</EmployerOrg>

<EmployerOrg employerOrgType='soleEmployer'>
<EmployerContactInfo>
<LocationSummary id='58'>
<Municipality>Daly City</Municipality>
<Region>CA</Region>
<CountryCode>US</CountryCode>
</LocationSummary>
</EmployerContactInfo>
<PositionHistory positionType='PERMANENT'>
<Title id='57_1'>Office Worker</Title>




<Description>*  1 Worked in the front office, took payments for classes and gave information on classes and other community services over the phone. ;</Description>
<StartDate id='59_1'><Year>1990</Year></StartDate>
<EndDate id='59_2'><Year>1992</Year></EndDate>




<JobCategory>
<TaxonomyName>JOBAREA</TaxonomyName>
<CategoryCode>social-services</CategoryCode>
</JobCategory>


<UserArea>
<DaxPositionHistoryUserArea>
<TLSPAN first_id='57' last_id='60' border_id='61'></TLSPAN>
<MonthsOfWork>24</MonthsOfWork>
</DaxPositionHistoryUserArea>
</UserArea>
</PositionHistory>
</EmployerOrg>

<EmployerOrg employerOrgType='soleEmployer'>
<EmployerOrgName id='61_2'>Yardley Cosmetics</EmployerOrgName>
<EmployerContactInfo>
<LocationSummary id='61_3'>
<Municipality>Manila</Municipality>
<CountryCode>PH</CountryCode>
</LocationSummary>
</EmployerContactInfo>
<PositionHistory positionType='PERMANENT'>
<Title id='61_1_1'>Product Manager</Title>
<OrgName id='61_2'>Yardley Cosmetics</OrgName>



<Description>*  I was in charge of 19 beauty consultants stationed in 19 different department stores. ; 
    *  I trained these consultants to use the new products developed by Yardley, planned strategies to sell the products, designed counter displays and created sales pitches. ;</Description>
<StartDate id='61_4_1'><Year>1986</Year></StartDate>
<EndDate id='61_4_2'><Year>1990</Year></EndDate>



<JobLevelInfo>
<JobGrade>joblevel-management-mid</JobGrade>
</JobLevelInfo>

<JobCategory>
<TaxonomyName>JOBAREA</TaxonomyName>
<CategoryCode>retail</CategoryCode>
</JobCategory>


<UserArea>
<DaxPositionHistoryUserArea>
<TLSPAN first_id='61' last_id='62' border_id='0'></TLSPAN>
<MonthsOfWork>48</MonthsOfWork>
</DaxPositionHistoryUserArea>
</UserArea>
</PositionHistory>
</EmployerOrg>

</EmploymentHistory>
<EducationHistory>
<SchoolOrInstitution schoolType='college'>
<SchoolName id='64'>Maryknoll College</SchoolName>
<LocationSummary id='65'>
<Municipality>Quezon City</Municipality>
<CountryCode>PH</CountryCode>
</LocationSummary>







<Comments>* Graduate
* BA Communication Arts
    References available upon request.</Comments>
</SchoolOrInstitution>

</EducationHistory>











<Competency oids='60 ' description='Skill' auth='no' name='front office'>
<CompetencyEvidence name='Extent of Experience' typeDescription='Extent of Experience' type='MONTH' lastUsed='1992'><NumericValue description='MONTH'>24</NumericValue></CompetencyEvidence>

<CompetencyWeight type='skillLevel'><NumericValue minValue='0' maxValue='100'>28</NumericValue></CompetencyWeight>

<CompetencyWeight type='skillProficiency'><StringValue minValue='BASIC' maxValue='EXCELLENT'>BASIC</StringValue></CompetencyWeight>
</Competency>

<Competency oids='56 ' description='Skill' auth='yes' name='Payroll'>
<CompetencyEvidence name='Extent of Experience' typeDescription='Extent of Experience' type='MONTH' lastUsed='1998'><NumericValue description='MONTH'>72</NumericValue></CompetencyEvidence>

<CompetencyWeight type='skillLevel'><NumericValue minValue='0' maxValue='100'>30</NumericValue></CompetencyWeight>

<CompetencyWeight type='skillProficiency'><StringValue minValue='BASIC' maxValue='EXCELLENT'>BASIC</StringValue></CompetencyWeight>
</Competency>

<Competency oids='7 ' description='Skill' auth='yes' name='Office Management'>
<CompetencyWeight type='skillLevel'><NumericValue minValue='0' maxValue='100'>14</NumericValue></CompetencyWeight>
</Competency>

<Competency oids='8 ' description='Skill' auth='no' name='Office Administration'>
<CompetencyWeight type='skillLevel'><NumericValue minValue='0' maxValue='100'>14</NumericValue></CompetencyWeight>
</Competency>

<Competency oids='48 ' description='Skill > IT' auth='yes' name='Microsoft Office'>
<CompetencyEvidence name='Extent of Experience' typeDescription='Extent of Experience' type='MONTH' lastUsed='2001'><NumericValue description='MONTH'>36</NumericValue></CompetencyEvidence>

<CompetencyEvidence typeDescription='Alias' name='Alias'><StringValue>office</StringValue></CompetencyEvidence>

<CompetencyWeight type='skillLevel'><NumericValue minValue='0' maxValue='100'>30</NumericValue></CompetencyWeight>

<CompetencyWeight type='skillProficiency'><StringValue minValue='BASIC' maxValue='EXCELLENT'>BASIC</StringValue></CompetencyWeight>
</Competency>

<Competency oids='55 ' description='Skill' auth='no' name='Managed the business office'>
<CompetencyEvidence name='Extent of Experience' typeDescription='Extent of Experience' type='MONTH' lastUsed='1998'><NumericValue description='MONTH'>72</NumericValue></CompetencyEvidence>

<CompetencyWeight type='skillLevel'><NumericValue minValue='0' maxValue='100'>31</NumericValue></CompetencyWeight>

<CompetencyWeight type='skillProficiency'><StringValue minValue='BASIC' maxValue='EXCELLENT'>BASIC</StringValue></CompetencyWeight>
</Competency>

<Competency oids='34 ' description='Skill' auth='no' name='Manage the office'>
<CompetencyEvidence name='Extent of Experience' typeDescription='Extent of Experience' type='MONTH' lastUsed='2012'><NumericValue description='MONTH'>96</NumericValue></CompetencyEvidence>

<CompetencyWeight type='skillLevel'><NumericValue minValue='0' maxValue='100'>100</NumericValue></CompetencyWeight>

<CompetencyWeight type='skillProficiency'><StringValue minValue='BASIC' maxValue='EXCELLENT'>EXCELLENT</StringValue></CompetencyWeight>
</Competency>

<Competency oids='62 ' description='Skill' auth='yes' name='Department Stores'>
<CompetencyEvidence name='Extent of Experience' typeDescription='Extent of Experience' type='MONTH' lastUsed='1990'><NumericValue description='MONTH'>48</NumericValue></CompetencyEvidence>

<CompetencyWeight type='skillLevel'><NumericValue minValue='0' maxValue='100'>31</NumericValue></CompetencyWeight>

<CompetencyWeight type='skillProficiency'><StringValue minValue='BASIC' maxValue='EXCELLENT'>BASIC</StringValue></CompetencyWeight>
</Competency>

<Competency oids='49_1 51_1 ' description='Held Position' auth='no' name='Secretary'>
<CompetencyEvidence name='Extent of Experience' typeDescription='Extent of Experience' type='MONTH' lastUsed='1998'><NumericValue description='MONTH'>72</NumericValue></CompetencyEvidence>

<CompetencyWeight type='skillLevel'><NumericValue minValue='0' maxValue='100'>31</NumericValue></CompetencyWeight>

<CompetencyWeight type='skillProficiency'><StringValue minValue='BASIC' maxValue='EXCELLENT'>BASIC</StringValue></CompetencyWeight>
</Competency>

<Competency oids='41_1_1 53_1_1 ' description='Held Position' auth='no' name='Office Manager'>
<CompetencyEvidence name='Extent of Experience' typeDescription='Extent of Experience' type='MONTH' lastUsed='2001'><NumericValue description='MONTH'>108</NumericValue></CompetencyEvidence>

<CompetencyWeight type='skillLevel'><NumericValue minValue='0' maxValue='100'>31</NumericValue></CompetencyWeight>

<CompetencyWeight type='skillProficiency'><StringValue minValue='BASIC' maxValue='EXCELLENT'>BASIC</StringValue></CompetencyWeight>
</Competency>

<Competency oids='19_1 ' description='Held Position' auth='no' name='the Admin Assistant'>
<CompetencyEvidence name='Extent of Experience' typeDescription='Extent of Experience' type='MONTH' lastUsed='2012'><NumericValue description='MONTH'>96</NumericValue></CompetencyEvidence>

<CompetencyWeight type='skillLevel'><NumericValue minValue='0' maxValue='100'>99</NumericValue></CompetencyWeight>

<CompetencyWeight type='skillProficiency'><StringValue minValue='BASIC' maxValue='EXCELLENT'>EXCELLENT</StringValue></CompetencyWeight>
</Competency>

<Competency oids='54_2 ' description='Held Position' auth='no' name='liaison officer'>
<CompetencyEvidence name='Extent of Experience' typeDescription='Extent of Experience' type='MONTH' lastUsed='1998'><NumericValue description='MONTH'>72</NumericValue></CompetencyEvidence>

<CompetencyWeight type='skillLevel'><NumericValue minValue='0' maxValue='100'>29</NumericValue></CompetencyWeight>

<CompetencyWeight type='skillProficiency'><StringValue minValue='BASIC' maxValue='EXCELLENT'>BASIC</StringValue></CompetencyWeight>
</Competency>

<Competency oids='22_1 ' description='Held Position' auth='no' name='The Regional Director'>
<CompetencyEvidence name='Extent of Experience' typeDescription='Extent of Experience' type='MONTH' lastUsed='2012'><NumericValue description='MONTH'>96</NumericValue></CompetencyEvidence>

<CompetencyWeight type='skillLevel'><NumericValue minValue='0' maxValue='100'>98</NumericValue></CompetencyWeight>

<CompetencyWeight type='skillProficiency'><StringValue minValue='BASIC' maxValue='EXCELLENT'>EXCELLENT</StringValue></CompetencyWeight>
</Competency>

<Competency oids='47_1 ' description='Held Position' auth='no' name='Supervised receptionist'>
<CompetencyEvidence name='Extent of Experience' typeDescription='Extent of Experience' type='MONTH' lastUsed='2001'><NumericValue description='MONTH'>36</NumericValue></CompetencyEvidence>

<CompetencyWeight type='skillLevel'><NumericValue minValue='0' maxValue='100'>29</NumericValue></CompetencyWeight>

<CompetencyWeight type='skillProficiency'><StringValue minValue='BASIC' maxValue='EXCELLENT'>BASIC</StringValue></CompetencyWeight>
</Competency>

<Competency oids='24_1 ' description='Held Position' auth='no' name='Representative'>
<CompetencyEvidence name='Extent of Experience' typeDescription='Extent of Experience' type='MONTH' lastUsed='2012'><NumericValue description='MONTH'>96</NumericValue></CompetencyEvidence>

<CompetencyWeight type='skillLevel'><NumericValue minValue='0' maxValue='100'>96</NumericValue></CompetencyWeight>

<CompetencyWeight type='skillProficiency'><StringValue minValue='BASIC' maxValue='EXCELLENT'>EXCELLENT</StringValue></CompetencyWeight>
</Competency>

<Competency oids='61_1_1 ' description='Held Position' auth='no' name='Product Manager'>
<CompetencyEvidence name='Extent of Experience' typeDescription='Extent of Experience' type='MONTH' lastUsed='1990'><NumericValue description='MONTH'>48</NumericValue></CompetencyEvidence>

<CompetencyWeight type='skillLevel'><NumericValue minValue='0' maxValue='100'>31</NumericValue></CompetencyWeight>

<CompetencyWeight type='skillProficiency'><StringValue minValue='BASIC' maxValue='EXCELLENT'>BASIC</StringValue></CompetencyWeight>
</Competency>

<Competency oids='57_1 ' description='Held Position' auth='no' name='Office Worker'>
<CompetencyEvidence name='Extent of Experience' typeDescription='Extent of Experience' type='MONTH' lastUsed='1992'><NumericValue description='MONTH'>24</NumericValue></CompetencyEvidence>

<CompetencyWeight type='skillLevel'><NumericValue minValue='0' maxValue='100'>28</NumericValue></CompetencyWeight>

<CompetencyWeight type='skillProficiency'><StringValue minValue='BASIC' maxValue='EXCELLENT'>BASIC</StringValue></CompetencyWeight>
</Competency>

<Competency oids='23_2 ' description='Held Position' auth='no' name='HHS Secretary'>
<CompetencyEvidence name='Extent of Experience' typeDescription='Extent of Experience' type='MONTH' lastUsed='2012'><NumericValue description='MONTH'>96</NumericValue></CompetencyEvidence>

<CompetencyWeight type='skillLevel'><NumericValue minValue='0' maxValue='100'>97</NumericValue></CompetencyWeight>

<CompetencyWeight type='skillProficiency'><StringValue minValue='BASIC' maxValue='EXCELLENT'>EXCELLENT</StringValue></CompetencyWeight>
</Competency>

<Competency oids='12_1 ' description='Held Position' auth='no' name='Director of the Minority Business and Development'>
<CompetencyWeight type='skillLevel'><NumericValue minValue='0' maxValue='100'>14</NumericValue></CompetencyWeight>
</Competency>

<Competency oids='39_1_1 ' description='Held Position' auth='no' name='California Mentor'>
<CompetencyEvidence name='Extent of Experience' typeDescription='Extent of Experience' type='MONTH' lastUsed='2004'><NumericValue description='MONTH'>24</NumericValue></CompetencyEvidence>

<CompetencyWeight type='skillLevel'><NumericValue minValue='0' maxValue='100'>28</NumericValue></CompetencyWeight>

<CompetencyWeight type='skillProficiency'><StringValue minValue='BASIC' maxValue='EXCELLENT'>BASIC</StringValue></CompetencyWeight>
</Competency>

<Competency oids='16_1_1 ' description='Held Position' auth='no' name='Administrative Assistant'>
<CompetencyEvidence name='Extent of Experience' typeDescription='Extent of Experience' type='MONTH' lastUsed='2012'><NumericValue description='MONTH'>96</NumericValue></CompetencyEvidence>

<CompetencyWeight type='skillLevel'><NumericValue minValue='0' maxValue='100'>100</NumericValue></CompetencyWeight>

<CompetencyWeight type='skillProficiency'><StringValue minValue='BASIC' maxValue='EXCELLENT'>EXCELLENT</StringValue></CompetencyWeight>
</Competency>

<Competency oids='66 ' description='Degree/Qualification' auth='no' name='BA Communication > BA Communication Arts'>
<CompetencyEvidence name='Application' typeDescription='Application' type='Arts'><StringValue>Arts</StringValue></CompetencyEvidence>

<CompetencyEvidence typeDescription='Alias' name='Alias'><StringValue>BA Communication Arts</StringValue></CompetencyEvidence>

<CompetencyWeight type='skillLevel'><NumericValue minValue='0' maxValue='100'>12</NumericValue></CompetencyWeight>
</Competency>

<Competency description='Industry' auth='yes' name='industry~secretarial'>
<CompetencyEvidence name='skillCount' typeDescription='skillCount'><NumericValue>2</NumericValue></CompetencyEvidence>

<CompetencyWeight type='skillLevel'><NumericValue minValue='0' maxValue='100'>100</NumericValue></CompetencyWeight>
</Competency>























<RevisionDate id='1'>2013-04-06</RevisionDate>
</StructuredXMLResume>
<NonXMLResume>

<TextResume>



<span inprof='n' id='1' class='date'>{{DOCUMENT_DATESTAMP}} 2013-4-6 {{END_DOCUMENT_DATESTAMP}}</span>


<span inprof='n' id='2' class='company'>Mariflor Rivera-Datar</span>
(AKA Bubut Rivera)
<span inprof='y' id='3' class='location'>P.O. Box 902
Daly City, CA 94017</span>
<span inprof='y' id='4' class='telephone'>650-201-7969</span>
<span inprof='y' id='5' class='email'>bubut.rivera@hotmail.com</span>
<span inprof='n' id='6' class='objectives-mark'>Objective:</span>  To acquire a position in <span inprof='y' id='7' class='skill'>Office Management</span> and <span inprof='y' id='8' class='skill'>Office Administration</span>.
<span inprof='n' id='9' class='objectives-mark'>Summary:</span>   I have years of experience in assisting people in high and important positions both in the private and government sectors.  I have excellent communication and computer skills.  Before <span inprof='n' id='10' class='company'>working for the Department of Health and Human Services I</span> had a temporary assignment <span inprof='n' id='11' class='company'>working for the Regional</span> <span inprof='y' id='12_1' class='role'>Director of the Minority Business and Development</span> <span inprof='n' id='13' class='company'>Agency (MBDA) an agency</span> under <span inprof='n' id='14' class='educational'>the Department of Commerce</span>.
<span inprof='n' id='15' class='work-hist-mark'>WORK EXPERIENCE</span>
<span inprof='y' id='16_1_1' class='role'>Administrative Assistant</span>
<span inprof='y' id='16_2' class='company'>Beacon Associates, Inc.</span>    <span inprof='y' id='16_3' class='location'>San Francisco, CA</span>    <span inprof='y' id='16_4_1' class='date'>2004</span> - <span inprof='y' id='16_4_2' class='date'>May 22, 2012</span>
<span inprof='n' id='17' class='company'>Beacon Associates, Inc. is a contracting company</span> for <span inprof='n' id='18' class='company'>the Federal Government</span>, and I am <span inprof='y' id='19_1' class='role'>the Admin Assistant</span> <span inprof='n' id='20' class='bad-occupation'>to the Regional Director</span> (RD) of <span inprof='n' id='21' class='company'>the US Department of Health and Human Services (HHS)</span>.  <span inprof='y' id='22_1' class='role'>The Regional Director</span> is <span inprof='n' id='23_1' class='sex'></span><span inprof='y' id='23_2' class='role'>HHS Secretary</span> <span inprof='n' id='23_3' class='forename1'>Kathleen</span> <span inprof='n' id='23_4' class='surname'>Sebelius</span>' <span inprof='y' id='24_1' class='role'>Representative</span> to Region IX, which covers the states of <span inprof='n' id='25' class='location'>California, Arizona</span>, <span inprof='n' id='26' class='location'>Nevada, Hawaii</span> and <span inprof='n' id='27' class='location'>the Outer Pacific Islands</span> of Guam, <span inprof='n' id='28' class='location'>Samoa</span>, <span inprof='n' id='29' class='location'>Saipan</span>, and <span inprof='n' id='30' class='location'>Marshall Islands</span>.  The RD is also the Chair of <span inprof='n' id='31' class='company'>Federal Regional Council</span> in <span inprof='n' id='32' class='company'>Region IX, a consortium of sixteen separate Federal Departments</span> and Agencies representing nearly thirty different program offices in Region IX.
    *  Manage the RD's busy calendar. ; 
    *  <span inprof='n' id='33' class='location'>Prepare RD</span> for travels and make travel arrangements, hotel and transportation arrangements; create vouchers and process reimbursements. ; 
    *  Screen all of the RD's incoming calls, mail and invitations. ; 
    *  Set up both video and phone conferences, and send out email reminders. ; 
    *  <span inprof='y' id='34' class='skill'>Manage the office</span>, purchase supplies, and pay bills. ; 
    *  Keep a record of the Agency expenses. ; 
    *  <span inprof='n' id='35' class='bad-occupation'>Contents Manager of the Federal Regional Council's</span> Website. ; 
    *  Involved in planning and preparing for regional visits <span inprof='n' id='36' class='bad-occupation'>of the HHS Secretary, the Surgeon</span> General, and other officers from the HHS Headquarters. ; 
    *  Involved in putting together the yearly <span inprof='n' id='37' class='company'>Federal Regional Council</span> Resource Guide and the Grants to the Outer Pacific Report. ; 
    *  Involved in the distribution of Transhares and the issuance of the HSPD-12 badges to <span inprof='n' id='38' class='company'>HHS</span> employees.
Direct Service Employee
<span inprof='y' id='39_1_1' class='role'>California Mentor</span>    <span inprof='y' id='39_2' class='location'>Sacramento, CA</span>  <span inprof='y' id='39_3_1' class='date'>2002</span> - <span inprof='y' id='39_3_2' class='date'>2004</span>
    *  Worked with people with developmental disabilities towards becoming independent. ; 
    *  Provided transportation for clients' socialization and for increased access to community activities; maintained accurate documentation of progress and incident reports. ; 
    *  Provided direct supports and services as specified in their Individualized Plans. ; 
    *  Helped them with their hygiene and helped them budget their money. ; 
    *  Inspected their dwelling places and made sure the mentors are following the guidelines and rules established <span inprof='n' id='40' class='bad-occupation'>by the Mentor</span> Network.
<span inprof='y' id='41_1_1' class='role'>Office Manager</span>
<span inprof='y' id='41_2' class='company'>Caminar</span>/<span inprof='y' id='41_3' class='company'>CLC</span>     <span inprof='y' id='41_4' class='location'>San Mateo, CA</span>  <span inprof='y' id='41_5_1' class='date'>1998</span> - <span inprof='y' id='41_5_2' class='date'>2001</span>
    *  1 <span inprof='n' id='42' class='bad-occupation'>Assisted Clinical Director</span> in most of her projects. ; 
    *  2 <span inprof='n' id='43' class='bad-occupation'>Assisted CEO</span> in many of his projects. ; 
    *  3 Worked with MIS for Mental <span inprof='n' id='44' class='company'>Health Services</span> of San <span inprof='n' id='45' class='location'>Mateo County</span> - did client updates. ; 
    *  4 Interacted with most of the Case Managers, cleared ``share-of-cost'' for their clients. ; 
    *  5 Made travel arrangements <span inprof='n' id='46' class='bad-occupation'>for CEO and Clinical Director</span>. ; 
    *  6 <span inprof='y' id='47_1' class='role'>Supervised receptionist</span> and office clerks and ordered <span inprof='y' id='48' class='sofwr'>office</span> supplies. ; 
    *  7 Prepared Board packets, sent them, and often times took minutes in board meetings. ; 
    *  8 Created flyers, announcements, invitations, and user-friendly office forms. ; 
    *  9 Involved in planning and executing agency parties and client gatherings. ; 
    *  10 <span inprof='y' id='49_1' class='role'>Secretary</span> to <span inprof='y' id='50' class='company'>the Consumer Advisory Board</span>. ; 
    *  11 <span inprof='y' id='51_1' class='role'>Secretary</span> to <span inprof='n' id='52' class='committee'>the Quality Improvement Committee</span>.
<span inprof='y' id='53_1_1' class='role'>Office Manager</span>
<span inprof='n' id='53_2' class='educational'>Westlake School for the Performing Arts</span> <span inprof='y' id='53_3' class='location'>Daly City, CA</span>   <span inprof='y' id='53_4_1' class='date'>1992</span> - <span inprof='y' id='53_4_2' class='date'>1998</span>
    *  1 Interacted with parents and students. ; 
    *  2 Functioned <span inprof='n' id='54_1' class='some-position'>as</span> <span inprof='y' id='54_2' class='role'>liaison officer</span> between parents and teachers. ; 
    *  3 <span inprof='y' id='55' class='skill'>Managed the business office</span>. ; 
    *  4 Prepared company <span inprof='y' id='56' class='skill'>payroll</span> and wrote paychecks. ; 
    *  5 Kept inventory of office and school store supplies. ; 
    *  6 Organized and scheduled photo shoots for the school yearbook and other school activities. ; 
    *  7 Supervised the other (4) office employees.
<span inprof='y' id='57_1' class='role'>Office Worker</span>
Daly City Parks and Recreation  <span inprof='y' id='58' class='location'>Daly City, CA</span>   <span inprof='y' id='59_1' class='date'>1990</span> - <span inprof='y' id='59_2' class='date'>1992</span>
    *  1 Worked in the <span inprof='y' id='60' class='skill'>front office</span>, took payments for classes and gave information on classes and other community services over the phone.
<span inprof='y' id='61_1_1' class='role'>Product Manager</span>
<span inprof='y' id='61_2' class='company'>Yardley Cosmetics</span>    <span inprof='y' id='61_3' class='location'>Manila, Philippines</span>  <span inprof='y' id='61_4_1' class='date'>1986</span> -<span inprof='y' id='61_4_2' class='date'>1990</span>
    *  I was in charge of 19 beauty consultants stationed in 19 different <span inprof='y' id='62' class='skill'>department stores</span>. ; 
    *  I trained these consultants to use the new products developed by Yardley, planned strategies to sell the products, designed counter displays and created sales pitches.
<span inprof='n' id='63' class='edu-hist-mark'>EDUCATION</span>
<span inprof='y' id='64' class='educational'>Maryknoll College</span>    <span inprof='y' id='65' class='location'>Quezon City, Philippines</span>
* Graduate
* <span inprof='y' id='66' class='qualif'>BA Communication Arts</span>
                          References available upon request.

</TextResume>

</NonXMLResume>



<UserArea>
<DaxResumeUserArea>
<AdditionalPersonalData>
<ExperienceSummary>
<TotalMonthsOfWorkExperience>300</TotalMonthsOfWorkExperience>
<TotalYearsOfWorkExperience>25</TotalYearsOfWorkExperience>
<TotalMonthsOfManagementWorkExperience>84</TotalMonthsOfManagementWorkExperience>
<TotalYearsOfManagementWorkExperience>7</TotalYearsOfManagementWorkExperience>
<TotalMonthsOfMidLevelManagementWorkExperience>48</TotalMonthsOfMidLevelManagementWorkExperience>
<TotalYearsOfMidLevelManagementWorkExperience>4</TotalYearsOfMidLevelManagementWorkExperience>
<TotalMonthsOfLowLevelManagementWorkExperience>36</TotalMonthsOfLowLevelManagementWorkExperience>
<TotalYearsOfLowLevelManagementWorkExperience>3</TotalYearsOfLowLevelManagementWorkExperience>
<ExecutiveBrief>This candidate is a resident of Daly City, CA, US.  has been working in the Secretarial  occupational sector for more than 25 years. During this candidate's last employment this candidate was working as an Administrative Assistant at Beacon Associates, Inc. This candidate has an extensive management experience (7 years) with exposure to executive/middle management positions.</ExecutiveBrief>
<ManagementRecord>Since 1998 for 36 months the candidate had experience at a lower grade management level working as a Office Manager at Caminar.
Since 1986 for 48 months the candidate had experience at a executive/middle management level working as a Product Manager at Yardley Cosmetics.
</ManagementRecord>
</ExperienceSummary>
</AdditionalPersonalData>
<ParserInfo>
<ParserConfiguration>{max_len=50000} {tel_flag=} {send_zip=} {fast_conv=} {DEF_LOCAL=} {sdate=0} {no_email_body=0} {do_clever_zoning=1} {keep_span=1} {complex=1} {accept_langs=} {not_accept_langs=} {prefer_lang_cv=EN} {pers_only=0} {turbo=0} {split_language=0} {picture=0} {picture_inline=0} {name_space=0} {charset=} {hrxml_upgrade_edu_hist=0}{hrxml_add_languages_section=0}{spool=} {docID=} {user=DEFAULT} </ParserConfiguration>
<ParserRelease>0.12.3.32629</ParserRelease>
<ParserReleaseDate>2014-06-18</ParserReleaseDate>
<ParserSchema>2.0.29</ParserSchema>
<ParserSchemaLocation>http://cvx.daxtra.com/cvts/xsd/candidate/2.0.29/Resume.xsd</ParserSchemaLocation>
<ConverterRelease>0.5.2.32629</ConverterRelease>
<ConverterReleaseDate>2014-06-18</ConverterReleaseDate>
</ParserInfo>
<FileStruct filename='/home/izoom/anazarov/grammar/analysis/3rconnect/doc/100_Resumes-Walsh/Resume 2013.doc'>

<attachment fname='Resume 2013.doc' ftype='doc' conv='yes' doc_type='cv' lang='EN'>/home/izoom/anazarov/grammar/analysis/3rconnect/doc/100_Resumes-Walsh/Resume 2013.doc</attachment>


</FileStruct>
</DaxResumeUserArea>
</UserArea>
</Resume>
