<?xml version='1.0' encoding='ISO-8859-1'?>
<Resume lang='en' src='DAXTRA-CVX schema:2.0.29 release:0.12.3.32629 rdate:2014-06-18'>
<StructuredXMLResume>
<ContactInfo>
<PersonName id='1'>
<FormattedName>Leo F. Zhang</FormattedName>
<GivenName>Leo</GivenName>
<MiddleName>F.</MiddleName>
<FamilyName>Zhang</FamilyName>
<sex>Male</sex>
</PersonName>
<ContactMethod>
<Telephone id='3' type='home'>
<InternationalCountryCode>1</InternationalCountryCode>
<SubscriberNumber>718 490-9925</SubscriberNumber>
<FormattedNumber>+1 718 490-9925</FormattedNumber></Telephone>

<InternetEmailAddress id='4' type='main'>Leo.fzhang@gmail.com</InternetEmailAddress>
<PostalAddress id='2' type='main'>
<CountryCode>US</CountryCode>
<PostalCode>11427</PostalCode>
<Region>NY</Region>
<Municipality>Queens Village</Municipality>

</PostalAddress>
</ContactMethod>
</ContactInfo>
<ExecutiveSummary>Motivated individual with 8 years of professional experience in team building, project management, research analysis, &#38; operations management looking to make a significant contribution.</ExecutiveSummary>


<EmploymentHistory>
<EmployerOrg employerOrgType='soleEmployer'>
<EmployerContactInfo>
<LocationSummary id='11'>
<CountryCode>US</CountryCode>
</LocationSummary>
</EmployerContactInfo>
<PositionHistory positionType='PERMANENT'>





<Description>Outdoor Supply (MAOS) &#38; Affiliates: Management/ Operations Position     
*    Led projects in setting up &#38; running day-to-day operations for distribution &#38; customer service division. ; 
*    Researched &#38; performed data analysis on product lines &#38; current operational procedures to uncover cost cutting measures. ; 
*    Recruited, trained, &#38; supervised departmental staff on new procedures on quality assurance &#38; drive operational efficiency further. ; 
*    Partnered with key Fortune 100 accounts &#38; Top 100 Online Retailers to increase revenue 30%. ; 
*    Utilized daily programs including Microsoft Office Suite, EDI software, &#38; Google Docs.</Description>
<StartDate id='12_1'><Year>2009</Year></StartDate>
<EndDate id='12_2'><Year>2013</Year></EndDate>




<JobCategory>
<TaxonomyName>JOBAREA</TaxonomyName>
<CategoryCode>it</CategoryCode>
</JobCategory>


<UserArea>
<DaxPositionHistoryUserArea>
<TLSPAN first_id='11' last_id='17' border_id='18'></TLSPAN>
<MonthsOfWork>48</MonthsOfWork>
</DaxPositionHistoryUserArea>
</UserArea>
</PositionHistory>
</EmployerOrg>

<EmployerOrg employerOrgType='soleEmployer'>
<EmployerOrgName id='18_1'>J.P. Morgan Chase</EmployerOrgName>

<PositionHistory positionType='PERMANENT'>
<Title id='18_2_1'>Personal Banker</Title>
<OrgName id='18_1'>J.P. Morgan Chase</OrgName>



<Description>*    Analyzed client portfolio including credit balance, transaction history, type of accounts, current financial status to make recommendations &#38; referrals. ; 
*    Achieved client satisfaction &#38; gained recognition for exceeding quarterly sales quota. ; 
*    Maintained good working relationship with team members to excel in branch's goals.</Description>
<StartDate id='18_3_1'><Year>2008</Year></StartDate>
<EndDate id='18_3_2'><Year>2009</Year></EndDate>




<JobCategory>
<TaxonomyName>JOBAREA</TaxonomyName>
<CategoryCode>banking-finance</CategoryCode>
</JobCategory>


<UserArea>
<DaxPositionHistoryUserArea>
<TLSPAN first_id='18' last_id='18' border_id='19'></TLSPAN>
<MonthsOfWork>12</MonthsOfWork>
</DaxPositionHistoryUserArea>
</UserArea>
</PositionHistory>
</EmployerOrg>

<EmployerOrg employerOrgType='soleEmployer'>
<EmployerOrgName id='19_1'>GW Industries</EmployerOrgName>

<PositionHistory positionType='PERMANENT'>
<Title id='19_2_1'>Coordinator</Title>
<Title id='19_2_2'>Account Manager</Title>
<OrgName id='19_1'>GW Industries</OrgName>



<Description>*    Acquired new clients &#38; grew existing businesses through uncovering opportunities. ; 
*    Analyzed client's past purchasing behavior to forecast demands with overseas production. ; 
*    Controlled budget &#38; negotiated rates with both suppliers &#38; clients.</Description>
<StartDate id='19_3_1'><Year>2005</Year></StartDate>
<EndDate id='19_3_2'><Year>2008</Year></EndDate>



<JobLevelInfo>
<JobGrade>joblevel-nonmanager-low</JobGrade>
</JobLevelInfo>

<JobCategory>
<TaxonomyName>JOBAREA</TaxonomyName>
<CategoryCode>secretarial</CategoryCode>
</JobCategory>


<UserArea>
<DaxPositionHistoryUserArea>
<TLSPAN first_id='19' last_id='19' border_id='20'></TLSPAN>
<MonthsOfWork>36</MonthsOfWork>
</DaxPositionHistoryUserArea>
</UserArea>
</PositionHistory>
</EmployerOrg>

<EmployerOrg employerOrgType='soleEmployer'>
<EmployerOrgName id='20_1'>KISS Products</EmployerOrgName>

<PositionHistory positionType='CONTRACT'>
<Title id='20_2_1'>Purchasing Analyst</Title>
<OrgName id='20_1'>KISS Products</OrgName>



<Description>*    Analyzed data using SAP &#38; Excel to forecast future demands &#38; maintain inventory at optimal level. ; 
*    Sourced multiple vendors &#38; researched their operations to ensure confidence before doing trial run. ; 
*    Collaborated with various departments to ensure proper cash flow &#38; uncover emerging trends.</Description>
<StartDate id='20_3_1'><Year>2005</Year></StartDate>
<EndDate id='20_3_2'><Year>2005</Year></EndDate>




<JobCategory>
<TaxonomyName>JOBAREA</TaxonomyName>
<CategoryCode>procurement</CategoryCode>
</JobCategory>


<UserArea>
<DaxPositionHistoryUserArea>
<TLSPAN first_id='20' last_id='23' border_id='0'></TLSPAN>
<MonthsOfWork>7</MonthsOfWork>
</DaxPositionHistoryUserArea>
</UserArea>
</PositionHistory>
</EmployerOrg>

</EmploymentHistory>
<EducationHistory>
<SchoolOrInstitution schoolType='university'>
<SchoolName id='26_2'>Hofstra University</SchoolName>




<Major id='25'>Graduate courses</Major>


<DatesOfAttendance>
<StartDate id='26_1_1'><Year>2013</Year></StartDate>
<EndDate id='26_1_2'>notApplicable</EndDate>
</DatesOfAttendance>

</SchoolOrInstitution>

<SchoolOrInstitution schoolType='college'>





<Major id='27'>Business</Major>


<DatesOfAttendance>
<StartDate id='28_1_1'><Year>2004</Year></StartDate>
<EndDate id='28_1_2'><Year>2008</Year></EndDate>
</DatesOfAttendance>
<Comments>New York University; Queens College; Baruch College</Comments>
</SchoolOrInstitution>

<SchoolOrInstitution schoolType='university'>
<SchoolName id='28_2'>New York University</SchoolName>


<OrganizationUnit organizationType='unit'>Queens College</OrganizationUnit>
<Degree degreeType='bachelors'>
<DegreeName id='29'>Bachelor of Science</DegreeName>
<DegreeDate id='32_1_2'><Year>2004</Year></DegreeDate>
</Degree>
<Major id='29'>Biology</Major>


<DatesOfAttendance>
<StartDate id='32_1_1'><Year>2000</Year></StartDate>
<EndDate id='32_1_2'><Year>2004</Year></EndDate>
</DatesOfAttendance>
<Comments>*    Bachelor of Science in Biology; Minor in Business Management; Dean's List 03' &#38; 04'      
  Stony Brook University
COMMUNITY INVOLVEMENT</Comments>
</SchoolOrInstitution>

</EducationHistory>











<Competency oids='6 ' description='Skill' auth='no' name='team building'>
<CompetencyEvidence name='Extent of Experience' typeDescription='Extent of Experience' type='YEAR'><NumericValue description='YEAR'>8</NumericValue></CompetencyEvidence>

<CompetencyEvidence typeDescription='Alias' name='Alias'><StringValue>8 years of professional experience in team building</StringValue></CompetencyEvidence>

<CompetencyWeight type='skillLevel'><NumericValue minValue='0' maxValue='100'>13</NumericValue></CompetencyWeight>
</Competency>

<Competency oids='8 ' description='Skill' auth='no' name='research analysis'>
<CompetencyWeight type='skillLevel'><NumericValue minValue='0' maxValue='100'>13</NumericValue></CompetencyWeight>
</Competency>

<Competency oids='13 ' description='Skill' auth='no' name='performed data analysis'>
<CompetencyEvidence name='Extent of Experience' typeDescription='Extent of Experience' type='MONTH' lastUsed='2013'><NumericValue description='MONTH'>48</NumericValue></CompetencyEvidence>

<CompetencyWeight type='skillLevel'><NumericValue minValue='0' maxValue='100'>100</NumericValue></CompetencyWeight>

<CompetencyWeight type='skillProficiency'><StringValue minValue='BASIC' maxValue='EXCELLENT'>EXCELLENT</StringValue></CompetencyWeight>
</Competency>

<Competency oids='34 ' description='Skill' auth='no' name='develop leadership'>
<CompetencyWeight type='skillLevel'><NumericValue minValue='0' maxValue='100'>13</NumericValue></CompetencyWeight>
</Competency>

<Competency oids='35 ' description='Skill' auth='no' name='communication skills'>
<CompetencyWeight type='skillLevel'><NumericValue minValue='0' maxValue='100'>13</NumericValue></CompetencyWeight>
</Competency>

<Competency oids='38 ' description='Skill' auth='no' name='administrative support'>
<CompetencyWeight type='skillLevel'><NumericValue minValue='0' maxValue='100'>13</NumericValue></CompetencyWeight>
</Competency>

<Competency oids='21 ' description='Skill > IT' auth='yes' name='SAP'>
<CompetencyEvidence name='Extent of Experience' typeDescription='Extent of Experience' type='MONTH' lastUsed='2005'><NumericValue description='MONTH'>7</NumericValue></CompetencyEvidence>

<CompetencyWeight type='skillLevel'><NumericValue minValue='0' maxValue='100'>22</NumericValue></CompetencyWeight>

<CompetencyWeight type='skillProficiency'><StringValue minValue='BASIC' maxValue='EXCELLENT'>BASIC</StringValue></CompetencyWeight>
</Competency>

<Competency oids='14 ' description='Skill' auth='yes' name='Quality Assurance'>
<CompetencyEvidence name='Extent of Experience' typeDescription='Extent of Experience' type='MONTH' lastUsed='2013'><NumericValue description='MONTH'>48</NumericValue></CompetencyEvidence>

<CompetencyWeight type='skillLevel'><NumericValue minValue='0' maxValue='100'>99</NumericValue></CompetencyWeight>

<CompetencyWeight type='skillProficiency'><StringValue minValue='BASIC' maxValue='EXCELLENT'>EXCELLENT</StringValue></CompetencyWeight>
</Competency>

<Competency oids='37 ' description='Skill' auth='no' name='Provide assistance'>
<CompetencyWeight type='skillLevel'><NumericValue minValue='0' maxValue='100'>13</NumericValue></CompetencyWeight>
</Competency>

<Competency oids='7 ' description='Skill' auth='yes' name='Project Management'>
<CompetencyWeight type='skillLevel'><NumericValue minValue='0' maxValue='100'>13</NumericValue></CompetencyWeight>
</Competency>

<Competency oids='9 ' description='Skill' auth='yes' name='Operations Management'>
<CompetencyWeight type='skillLevel'><NumericValue minValue='0' maxValue='100'>13</NumericValue></CompetencyWeight>
</Competency>

<Competency oids='16 ' description='Skill > IT' auth='yes' name='Microsoft Office'>
<CompetencyEvidence name='Extent of Experience' typeDescription='Extent of Experience' type='MONTH' lastUsed='2013'><NumericValue description='MONTH'>48</NumericValue></CompetencyEvidence>

<CompetencyEvidence typeDescription='Alias' name='Alias'><StringValue>Microsoft Office Suite</StringValue></CompetencyEvidence>

<CompetencyWeight type='skillLevel'><NumericValue minValue='0' maxValue='100'>98</NumericValue></CompetencyWeight>

<CompetencyWeight type='skillProficiency'><StringValue minValue='BASIC' maxValue='EXCELLENT'>EXCELLENT</StringValue></CompetencyWeight>
</Competency>

<Competency oids='22 ' description='Skill > IT' auth='yes' name='Microsoft Excel'>
<CompetencyEvidence name='Extent of Experience' typeDescription='Extent of Experience' type='MONTH' lastUsed='2005'><NumericValue description='MONTH'>7</NumericValue></CompetencyEvidence>

<CompetencyEvidence typeDescription='Alias' name='Alias'><StringValue>Excel</StringValue></CompetencyEvidence>

<CompetencyWeight type='skillLevel'><NumericValue minValue='0' maxValue='100'>22</NumericValue></CompetencyWeight>

<CompetencyWeight type='skillProficiency'><StringValue minValue='BASIC' maxValue='EXCELLENT'>BASIC</StringValue></CompetencyWeight>
</Competency>

<Competency oids='17 ' description='Skill > IT' auth='yes' name='EDI'>
<CompetencyEvidence name='Extent of Experience' typeDescription='Extent of Experience' type='MONTH' lastUsed='2013'><NumericValue description='MONTH'>48</NumericValue></CompetencyEvidence>

<CompetencyWeight type='skillLevel'><NumericValue minValue='0' maxValue='100'>97</NumericValue></CompetencyWeight>

<CompetencyWeight type='skillProficiency'><StringValue minValue='BASIC' maxValue='EXCELLENT'>EXCELLENT</StringValue></CompetencyWeight>
</Competency>

<Competency oids='23 ' description='Skill' auth='yes' name='Cash Flows'>
<CompetencyEvidence name='Extent of Experience' typeDescription='Extent of Experience' type='MONTH' lastUsed='2005'><NumericValue description='MONTH'>7</NumericValue></CompetencyEvidence>

<CompetencyEvidence typeDescription='Alias' name='Alias'><StringValue>cash flow</StringValue></CompetencyEvidence>

<CompetencyWeight type='skillLevel'><NumericValue minValue='0' maxValue='100'>21</NumericValue></CompetencyWeight>

<CompetencyWeight type='skillProficiency'><StringValue minValue='BASIC' maxValue='EXCELLENT'>BASIC</StringValue></CompetencyWeight>
</Competency>

<Competency oids='20_2_1 ' description='Held Position' auth='no' name='Purchasing Analyst'>
<CompetencyEvidence name='Extent of Experience' typeDescription='Extent of Experience' type='MONTH' lastUsed='2005'><NumericValue description='MONTH'>7</NumericValue></CompetencyEvidence>

<CompetencyWeight type='skillLevel'><NumericValue minValue='0' maxValue='100'>22</NumericValue></CompetencyWeight>

<CompetencyWeight type='skillProficiency'><StringValue minValue='BASIC' maxValue='EXCELLENT'>BASIC</StringValue></CompetencyWeight>
</Competency>

<Competency oids='18_2_1 ' description='Held Position' auth='no' name='Personal Banker'>
<CompetencyEvidence name='Extent of Experience' typeDescription='Extent of Experience' type='MONTH' lastUsed='2009'><NumericValue description='MONTH'>12</NumericValue></CompetencyEvidence>

<CompetencyWeight type='skillLevel'><NumericValue minValue='0' maxValue='100'>49</NumericValue></CompetencyWeight>

<CompetencyWeight type='skillProficiency'><StringValue minValue='BASIC' maxValue='EXCELLENT'>WORKING</StringValue></CompetencyWeight>
</Competency>

<Competency oids='19_2_1 ' description='Held Position' auth='no' name='Coordinator'>
<CompetencyEvidence name='Extent of Experience' typeDescription='Extent of Experience' type='MONTH' lastUsed='2008'><NumericValue description='MONTH'>36</NumericValue></CompetencyEvidence>

<CompetencyWeight type='skillLevel'><NumericValue minValue='0' maxValue='100'>54</NumericValue></CompetencyWeight>

<CompetencyWeight type='skillProficiency'><StringValue minValue='BASIC' maxValue='EXCELLENT'>WORKING</StringValue></CompetencyWeight>
</Competency>

<Competency oids='19_2_2 ' description='Held Position' auth='yes' name='Account Manager'>
<CompetencyEvidence name='Extent of Experience' typeDescription='Extent of Experience' type='MONTH' lastUsed='2008'><NumericValue description='MONTH'>36</NumericValue></CompetencyEvidence>

<CompetencyWeight type='skillLevel'><NumericValue minValue='0' maxValue='100'>54</NumericValue></CompetencyWeight>

<CompetencyWeight type='skillProficiency'><StringValue minValue='BASIC' maxValue='EXCELLENT'>WORKING</StringValue></CompetencyWeight>
</Competency>

<Competency oids='25 ' description='Degree/Qualification' auth='yes' name='Graduate courses'>
<CompetencyEvidence name='Application' typeDescription='Application' type='Graduate courses'><StringValue>Graduate courses</StringValue></CompetencyEvidence>

<CompetencyWeight type='skillLevel'><NumericValue minValue='0' maxValue='100'>12</NumericValue></CompetencyWeight>
</Competency>

<Competency oids='27 ' description='Degree/Qualification' auth='yes' name='Business'>
<CompetencyEvidence name='Application' typeDescription='Application' type='Business'><StringValue>Business</StringValue></CompetencyEvidence>

<CompetencyWeight type='skillLevel'><NumericValue minValue='0' maxValue='100'>12</NumericValue></CompetencyWeight>
</Competency>

<Competency oids='29 30 ' description='Degree/Qualification' auth='yes' name='Bachelors Degree > Bachelor of Science > Bachelor of Science Biology'>
<CompetencyEvidence name='Application' typeDescription='Application' type='Biology'><StringValue>Biology</StringValue></CompetencyEvidence>

<CompetencyEvidence typeDescription='Alias' name='Alias'><StringValue>Bachelor of Science in Biology</StringValue></CompetencyEvidence>

<CompetencyWeight type='skillLevel'><NumericValue minValue='0' maxValue='100'>12</NumericValue></CompetencyWeight>
</Competency>

<Competency oids='33_3 ' description='Degree/Qualification > Professional' auth='no' name='ACHE Member'>
<CompetencyWeight type='skillLevel'><NumericValue minValue='0' maxValue='100'>12</NumericValue></CompetencyWeight>
</Competency>

<Competency description='Industry' auth='yes' name='industry~it'>
<CompetencyEvidence name='skillCount' typeDescription='skillCount'><NumericValue>1</NumericValue></CompetencyEvidence>

<CompetencyWeight type='skillLevel'><NumericValue minValue='0' maxValue='100'>100</NumericValue></CompetencyWeight>
</Competency>























<RevisionDate id='5'>2013-04-15</RevisionDate>
</StructuredXMLResume>
<NonXMLResume>

<TextResume>



{{HEADER}}

<span inprof='y' id='1' class='nominal'>Leo F. Zhang</span>
<span inprof='y' id='2' class='location'>Queens Village, NY 11427</span>
<span inprof='y' id='3' class='telephone'>(718) 490-9925</span> <span inprof='y' id='4' class='email'>Leo.fzhang@gmail.com</span>


{{END_HEADER}}


<span inprof='n' id='5' class='date'>{{DOCUMENT_DATESTAMP}} 2013-04-15 {{END_DOCUMENT_DATESTAMP}}</span> 

OBJECTIVE
Motivated individual with <span inprof='y' id='6' class='skill'>8 years of professional experience in team building</span>, <span inprof='y' id='7' class='skill'>project management</span>, <span inprof='y' id='8' class='skill'>research analysis</span>, &#38; <span inprof='y' id='9' class='skill'>operations management</span> looking to make a significant contribution.
<span inprof='n' id='10' class='work-hist-mark'>PROFESSIONAL EXPERIENCE</span>
<span inprof='y' id='11' class='location'>Mid America</span> Outdoor Supply (MAOS) &#38; Affiliates: Management/ Operations Position    <span inprof='y' id='12_1' class='date'>2009</span>-<span inprof='y' id='12_2' class='date'>2013</span>
*    Led projects in setting up &#38; running day-to-day operations for distribution &#38; customer service division. ; 
*    Researched &#38; <span inprof='y' id='13' class='skill'>performed data analysis</span> on product lines &#38; current operational procedures to uncover cost cutting measures. ; 
*    Recruited, trained, &#38; supervised departmental staff on new procedures on <span inprof='y' id='14' class='skill'>quality assurance</span> &#38; drive operational efficiency further. ; 
*    Partnered with key Fortune 100 accounts &#38; Top 100 Online Retailers to increase revenue <span inprof='n' id='15' class='percent'>30%</span>. ; 
*    Utilized daily programs including <span inprof='y' id='16' class='sofwr'>Microsoft Office Suite</span>, <span inprof='y' id='17' class='sofwr'>EDI</span> software, &#38; Google Docs.

<span inprof='y' id='18_1' class='company'>J.P. Morgan Chase</span>: <span inprof='y' id='18_2_1' class='role'>Personal Banker</span> <span inprof='y' id='18_3_1' class='date'>2008</span>-<span inprof='y' id='18_3_2' class='date'>2009</span>
*    Analyzed client portfolio including credit balance, transaction history, type of accounts, current financial status to make recommendations &#38; referrals. ; 
*    Achieved client satisfaction &#38; gained recognition for exceeding quarterly sales quota. ; 
*    Maintained good working relationship with team members to excel in branch's goals.

<span inprof='y' id='19_1' class='company'>GW Industries</span>: <span inprof='y' id='19_2_1' class='role'>Coordinator</span>/ <span inprof='y' id='19_2_2' class='role'>Account Manager</span>                                                                                                  <span inprof='y' id='19_3_1' class='date'>2005</span>-<span inprof='y' id='19_3_2' class='date'>2008</span>
*    Acquired new clients &#38; grew existing businesses through uncovering opportunities. ; 
*    Analyzed client's past purchasing behavior to forecast demands with overseas production. ; 
*    Controlled budget &#38; negotiated rates with both suppliers &#38; clients.

<span inprof='y' id='20_1' class='company'>KISS Products</span>: <span inprof='y' id='20_2_1' class='role'>Purchasing Analyst</span> <span inprof='y' id='20_3_1' class='date'>2005</span>-<span inprof='y' id='20_3_2' class='date'>2005</span>
*    Analyzed data using <span inprof='y' id='21' class='sofwr'>SAP</span> &#38; <span inprof='y' id='22' class='sofwr'>Excel</span> to forecast future demands &#38; maintain inventory at optimal level. ; 
*    Sourced multiple vendors &#38; researched their operations to ensure confidence before doing trial run. ; 
*    Collaborated with various departments to ensure proper <span inprof='y' id='23' class='skill'>cash flow</span> &#38; uncover emerging trends.

<span inprof='n' id='24' class='edu-hist-mark'>EDUCATION</span>
*    Continuing <span inprof='y' id='25' class='qualif'>Education: Graduate courses</span> in Healthcare Administration                                       <span inprof='y' id='26_1_1' class='date'>2013</span>- <span inprof='y' id='26_1_2' class='date'>Present</span>
  <span inprof='y' id='26_2' class='educational'>Hofstra University</span>
*    Continuing Education: Courses include <span inprof='y' id='27' class='qualif'>Business, Communication, Foreign Language</span> <span inprof='y' id='28_1_1' class='date'>2004</span>- <span inprof='y' id='28_1_2' class='date'>2008</span>
  <span inprof='y' id='28_2' class='educational'>New York University; Queens College; Baruch College</span>
*    <span inprof='y' id='29' class='qualif'>Bachelor of Science in Biology</span>; <span inprof='y' id='30' class='qualif'>Minor in Business Management</span>; <span inprof='n' id='31' class='bad-occupation'>Dean's</span> List 03' &#38; 04'    <span inprof='y' id='32_1_1' class='date'>2000</span>-<span inprof='y' id='32_1_2' class='date'>2004</span>
  <span inprof='n' id='32_2' class='educational'>Stony Brook University</span>
COMMUNITY INVOLVEMENT

*    <span inprof='n' id='33_1' class='company'>Toastmasters Club</span>/ <span inprof='n' id='33_2' class='company'>NAAAP</span>/ <span inprof='y' id='33_3' class='qualif'>ACHE Member</span> <span inprof='n' id='33_4' class='date-range'>2012-Present</span>
    Further <span inprof='y' id='34' class='skill'>develop leadership</span> &#38; <span inprof='y' id='35' class='skill'>communication skills</span> as an aspiring servant leader.
*    Junior Achievement/ The Door/ Pursue Your Dream                      <span inprof='n' id='36' class='date-range'>2009-2013</span>
    <span inprof='y' id='37' class='skill'>Provide assistance</span> to non-profit organizations with teaching &#38; <span inprof='y' id='38' class='skill'>administrative support</span>.

</TextResume>

</NonXMLResume>



<UserArea>
<DaxResumeUserArea>
<AdditionalPersonalData>
<ExperienceSummary>
<TotalMonthsOfWorkExperience>103</TotalMonthsOfWorkExperience>
<TotalYearsOfWorkExperience>8</TotalYearsOfWorkExperience>
<ExecutiveBrief>Leo F. Zhang is a resident of Queens Village, NY, US. He has been working in the IT  occupational sector for more than 8 years. Leo has extensive knowledge of SAP, Microsoft Office, Microsoft Excel, EDI. So far Leo has not gained any managerial experience.</ExecutiveBrief>
</ExperienceSummary>
</AdditionalPersonalData>
<ParserInfo>
<ParserConfiguration>{max_len=50000} {tel_flag=} {send_zip=} {fast_conv=} {DEF_LOCAL=} {sdate=0} {no_email_body=0} {do_clever_zoning=1} {keep_span=1} {complex=1} {accept_langs=} {not_accept_langs=} {prefer_lang_cv=EN} {pers_only=0} {turbo=0} {split_language=0} {picture=0} {picture_inline=0} {name_space=0} {charset=} {hrxml_upgrade_edu_hist=0}{hrxml_add_languages_section=0}{spool=} {docID=} {user=DEFAULT} </ParserConfiguration>
<ParserRelease>0.12.3.32629</ParserRelease>
<ParserReleaseDate>2014-06-18</ParserReleaseDate>
<ParserSchema>2.0.29</ParserSchema>
<ParserSchemaLocation>http://cvx.daxtra.com/cvts/xsd/candidate/2.0.29/Resume.xsd</ParserSchemaLocation>
<ConverterRelease>0.5.2.32629</ConverterRelease>
<ConverterReleaseDate>2014-06-18</ConverterReleaseDate>
</ParserInfo>
<FileStruct filename='/home/izoom/anazarov/grammar/analysis/3rconnect/doc/100_Resumes-Walsh/Resume-Business.docx'>

<attachment fname='Resume-Business.docx' ftype='docx' conv='yes' doc_type='cv' lang='EN'>/home/izoom/anazarov/grammar/analysis/3rconnect/doc/100_Resumes-Walsh/Resume-Business.docx</attachment>


</FileStruct>
</DaxResumeUserArea>
</UserArea>
</Resume>
