<?xml version='1.0' encoding='ISO-8859-1'?>
<Resume lang='en' src='DAXTRA-CVX schema:2.0.29 release:0.12.3.32629 rdate:2014-06-18'>
<StructuredXMLResume>
<ContactInfo>
<PersonName id='2'>
<FormattedName>Hector Galan</FormattedName>
<GivenName>Hector</GivenName>
<FamilyName>Galan</FamilyName>
<sex>Male</sex>
</PersonName>
<ContactMethod>
<Mobile id='4'>
<InternationalCountryCode>1</InternationalCountryCode>
<SubscriberNumber>650 296-8561</SubscriberNumber>
<FormattedNumber>+1 650 296-8561</FormattedNumber></Mobile>

<InternetEmailAddress id='5' type='main'>Hectorgalan198@gmail.com</InternetEmailAddress>
<PostalAddress id='3' type='main'>
<CountryCode>US</CountryCode>
<PostalCode>94080</PostalCode>
<Region>CA</Region>
<Municipality>South San Francisco</Municipality>
<DeliveryAddress>
<AddressLine>3400 Carter Drive</AddressLine>
<StreetName>Carter Drive</StreetName>
<BuildingNumber>3400</BuildingNumber>
</DeliveryAddress>

</PostalAddress>
</ContactMethod>
</ContactInfo>
<ExecutiveSummary>*    Leadership-oriented college student with strong work ethic and moral compass.</ExecutiveSummary>


<EmploymentHistory>
<EmployerOrg employerOrgType='soleEmployer'>
<EmployerOrgName id='26'>World Financial Group</EmployerOrgName>
<EmployerContactInfo>
<LocationSummary id='27'>
<Municipality>San Francisco</Municipality>
<Region>CA</Region>
<CountryCode>US</CountryCode>
<PostalCode>94134</PostalCode>
</LocationSummary>
</EmployerContactInfo>
<PositionHistory positionType='PERMANENT'>
<Title id='25_1'>Sales Associate</Title>
<OrgName id='26'>World Financial Group</OrgName>



<Description>* Do administrative tasks, such as keeping records and handling life insurance

    policy's renewals.

    * Approve loans within specified limits and refer loan applications outside limits to

    management for approval.

    * Interviewed clients discussing their financial plans and resources.</Description>
<StartDate id='28'><AnyDate>2009-02-08</AnyDate></StartDate>
<EndDate>notApplicable</EndDate>




<JobCategory>
<TaxonomyName>JOBAREA</TaxonomyName>
<CategoryCode>sales</CategoryCode>
</JobCategory>


<UserArea>
<DaxPositionHistoryUserArea>
<TLSPAN first_id='25' last_id='30' border_id='31'></TLSPAN>
<MonthsOfWork>48</MonthsOfWork>
</DaxPositionHistoryUserArea>
</UserArea>
</PositionHistory>
</EmployerOrg>

<EmployerOrg employerOrgType='soleEmployer'>
<EmployerOrgName id='31_2'>Bank of The West</EmployerOrgName>
<EmployerContactInfo>
<LocationSummary id='31_3'>
<Municipality>South San Francisco</Municipality>
<Region>CA</Region>
<CountryCode>US</CountryCode>
</LocationSummary>
</EmployerContactInfo>
<PositionHistory positionType='PERMANENT'>
<Title id='31_1_1'>Bank Teller</Title>
<OrgName id='31_2'>Bank of The West</OrgName>



<Description>* Accept checks, cash, and other forms of payment for customers.

    * Answer questions from customers about their accounts.

    * Prepare specialized types of funds, such as traveler's checks, savings bonds and

    money orders.</Description>
<StartDate id='31_4_1'><AnyDate>2007-06-03</AnyDate></StartDate>
<EndDate id='31_4_2'><AnyDate>2009-12-05</AnyDate></EndDate>




<JobCategory>
<TaxonomyName>JOBAREA</TaxonomyName>
<CategoryCode>banking-finance</CategoryCode>
</JobCategory>


<UserArea>
<DaxPositionHistoryUserArea>
<TLSPAN first_id='31' last_id='31' border_id='35'></TLSPAN>
<MonthsOfWork>31</MonthsOfWork>
</DaxPositionHistoryUserArea>
</UserArea>
</PositionHistory>
</EmployerOrg>

<EmployerOrg employerOrgType='soleEmployer'>
<EmployerOrgName id='33'>Wachovia Bank</EmployerOrgName>
<EmployerContactInfo>
<LocationSummary id='34'>
<Municipality>South San Francisco</Municipality>
<Region>CA</Region>
<CountryCode>US</CountryCode>
<PostalCode>94080</PostalCode>
</LocationSummary>
</EmployerContactInfo>
<PositionHistory>
<Title id='32_1'>Intern</Title>
<OrgName id='33'>Wachovia Bank</OrgName>




<StartDate id='35'><AnyDate>2006-02-08</AnyDate></StartDate>
<EndDate id='35'><AnyDate>2006-02-08</AnyDate></EndDate>




<JobCategory>
<TaxonomyName>JOBAREA</TaxonomyName>
<CategoryCode>medicine</CategoryCode>
</JobCategory>


<UserArea>
<DaxPositionHistoryUserArea>
<TLSPAN first_id='32' last_id='35' border_id='0'></TLSPAN>
</DaxPositionHistoryUserArea>
</UserArea>
</PositionHistory>
</EmployerOrg>

</EmploymentHistory>
<EducationHistory>
<SchoolOrInstitution schoolType='university'>
<SchoolName id='20_2'>DeVry University</SchoolName>
<LocationSummary id='20_3'>
<Municipality>Daly City</Municipality>
<Region>CA</Region>
<CountryCode>US</CountryCode>
</LocationSummary>



<Major id='21'>Finance</Major>

<Measure>
<MeasureValue id='22_1'>3.3G.P.A.</MeasureValue>
</Measure>

<DatesOfAttendance>
<StartDate><AnyDate>notKnown</AnyDate></StartDate>
<EndDate id='23'><Year>2013</Year></EndDate>
</DatesOfAttendance>

</SchoolOrInstitution>

<SchoolOrInstitution schoolType='college'>
<SchoolName id='18_2'>South San Francisco High School</SchoolName>



<Degree degreeType='some college'>
<DegreeName id='18_1'>Higher School Certificate</DegreeName>
<DegreeDate id='19'><Year>2006</Year></DegreeDate>
</Degree>


<Measure>
<MeasureValue id='18_3_1'>GPA 4.0</MeasureValue>
</Measure>



</SchoolOrInstitution>

</EducationHistory>











<Competency oids='8 ' description='Skill' auth='no' name='conflict resolution'>
<CompetencyWeight type='skillLevel'><NumericValue minValue='0' maxValue='100'>13</NumericValue></CompetencyWeight>
</Competency>

<Competency oids='16 ' description='Skill > Language' auth='yes' name='Spanish'>
<CompetencyWeight type='skillLevel'><NumericValue minValue='0' maxValue='100'>84</NumericValue></CompetencyWeight>

<CompetencyWeight type='skillProficiency'><StringValue minValue='BASIC' maxValue='EXCELLENT'>EXCELLENT</StringValue></CompetencyWeight>
</Competency>

<Competency oids='13 ' description='Skill > IT' auth='yes' name='Microsoft Word'>
<CompetencyEvidence typeDescription='Alias' name='Alias'><StringValue>Word</StringValue></CompetencyEvidence>

<CompetencyWeight type='skillLevel'><NumericValue minValue='0' maxValue='100'>13</NumericValue></CompetencyWeight>
</Competency>

<Competency oids='9 ' description='Skill > IT' auth='yes' name='Microsoft Windows'>
<CompetencyEvidence typeDescription='Alias' name='Alias'><StringValue>Windows</StringValue></CompetencyEvidence>

<CompetencyWeight type='skillLevel'><NumericValue minValue='0' maxValue='100'>13</NumericValue></CompetencyWeight>
</Competency>

<Competency oids='12 ' description='Skill > IT' auth='yes' name='Microsoft PowerPoint'>
<CompetencyEvidence typeDescription='Alias' name='Alias'><StringValue>PowerPoint</StringValue></CompetencyEvidence>

<CompetencyWeight type='skillLevel'><NumericValue minValue='0' maxValue='100'>13</NumericValue></CompetencyWeight>
</Competency>

<Competency oids='15 ' description='Skill > IT' auth='yes' name='Microsoft Outlook'>
<CompetencyEvidence typeDescription='Alias' name='Alias'><StringValue>Outlook</StringValue></CompetencyEvidence>

<CompetencyWeight type='skillLevel'><NumericValue minValue='0' maxValue='100'>13</NumericValue></CompetencyWeight>
</Competency>

<Competency oids='11 ' description='Skill > IT' auth='yes' name='Microsoft Excel'>
<CompetencyEvidence typeDescription='Alias' name='Alias'><StringValue>Excel</StringValue></CompetencyEvidence>

<CompetencyWeight type='skillLevel'><NumericValue minValue='0' maxValue='100'>13</NumericValue></CompetencyWeight>
</Competency>

<Competency oids='14 ' description='Skill > IT' auth='yes' name='Microsoft Access'>
<CompetencyEvidence typeDescription='Alias' name='Alias'><StringValue>Access</StringValue></CompetencyEvidence>

<CompetencyWeight type='skillLevel'><NumericValue minValue='0' maxValue='100'>13</NumericValue></CompetencyWeight>
</Competency>

<Competency oids='29 ' description='Skill' auth='yes' name='Life Insurance'>
<CompetencyEvidence name='Extent of Experience' typeDescription='Extent of Experience' type='MONTH' lastUsed='2013'><NumericValue description='MONTH'>48</NumericValue></CompetencyEvidence>

<CompetencyWeight type='skillLevel'><NumericValue minValue='0' maxValue='100'>100</NumericValue></CompetencyWeight>

<CompetencyWeight type='skillProficiency'><StringValue minValue='BASIC' maxValue='EXCELLENT'>EXCELLENT</StringValue></CompetencyWeight>
</Competency>

<Competency oids='30 ' description='Skill' auth='yes' name='Financial Planning'>
<CompetencyEvidence name='Extent of Experience' typeDescription='Extent of Experience' type='MONTH' lastUsed='2013'><NumericValue description='MONTH'>48</NumericValue></CompetencyEvidence>

<CompetencyEvidence typeDescription='Alias' name='Alias'><StringValue>financial plans</StringValue></CompetencyEvidence>

<CompetencyWeight type='skillLevel'><NumericValue minValue='0' maxValue='100'>99</NumericValue></CompetencyWeight>

<CompetencyWeight type='skillProficiency'><StringValue minValue='BASIC' maxValue='EXCELLENT'>EXCELLENT</StringValue></CompetencyWeight>
</Competency>

<Competency oids='10 ' description='Skill > IT' auth='yes' name='Apple MacOS'>
<CompetencyEvidence typeDescription='Alias' name='Alias'><StringValue>Mac OS</StringValue></CompetencyEvidence>

<CompetencyWeight type='skillLevel'><NumericValue minValue='0' maxValue='100'>13</NumericValue></CompetencyWeight>
</Competency>

<Competency oids='25_1 ' description='Held Position' auth='no' name='Sales Associate'>
<CompetencyEvidence name='Extent of Experience' typeDescription='Extent of Experience' type='MONTH' lastUsed='2013'><NumericValue description='MONTH'>48</NumericValue></CompetencyEvidence>

<CompetencyWeight type='skillLevel'><NumericValue minValue='0' maxValue='100'>100</NumericValue></CompetencyWeight>

<CompetencyWeight type='skillProficiency'><StringValue minValue='BASIC' maxValue='EXCELLENT'>EXCELLENT</StringValue></CompetencyWeight>
</Competency>

<Competency oids='32_1 ' description='Held Position' auth='no' name='Intern'>
<CompetencyWeight type='skillLevel'><NumericValue minValue='0' maxValue='100'>21</NumericValue></CompetencyWeight>

<CompetencyWeight type='skillProficiency'><StringValue minValue='BASIC' maxValue='EXCELLENT'>BASIC</StringValue></CompetencyWeight>
</Competency>

<Competency oids='31_1_1 ' description='Held Position' auth='no' name='Bank Teller'>
<CompetencyEvidence name='Extent of Experience' typeDescription='Extent of Experience' type='MONTH' lastUsed='2009'><NumericValue description='MONTH'>31</NumericValue></CompetencyEvidence>

<CompetencyWeight type='skillLevel'><NumericValue minValue='0' maxValue='100'>54</NumericValue></CompetencyWeight>

<CompetencyWeight type='skillProficiency'><StringValue minValue='BASIC' maxValue='EXCELLENT'>WORKING</StringValue></CompetencyWeight>
</Competency>

<Competency oids='18_1 ' description='Degree/Qualification' auth='yes' name='Higher School Certificate'>
<CompetencyEvidence typeDescription='Alias' name='Alias'><StringValue>High School Diploma</StringValue></CompetencyEvidence>

<CompetencyWeight type='skillLevel'><NumericValue minValue='0' maxValue='100'>12</NumericValue></CompetencyWeight>
</Competency>

<Competency oids='21 ' description='Degree/Qualification' auth='yes' name='Finance'>
<CompetencyEvidence name='Application' typeDescription='Application' type='Finance'><StringValue>Finance</StringValue></CompetencyEvidence>

<CompetencyWeight type='skillLevel'><NumericValue minValue='0' maxValue='100'>12</NumericValue></CompetencyWeight>
</Competency>

<Competency oids='20_1 ' description='Degree/Qualification' auth='yes' name='Bachelors Degree > Bachelor of Science > Bachelor of Science Business Administration'>
<CompetencyEvidence name='Application' typeDescription='Application' type='Business Administration'><StringValue>Business Administration</StringValue></CompetencyEvidence>

<CompetencyEvidence typeDescription='Alias' name='Alias'><StringValue>Bachelors of Science in Business Administration</StringValue></CompetencyEvidence>

<CompetencyWeight type='skillLevel'><NumericValue minValue='0' maxValue='100'>12</NumericValue></CompetencyWeight>
</Competency>

<Competency description='Industry' auth='yes' name='industry~sales'>
<CompetencyEvidence name='skillCount' typeDescription='skillCount'><NumericValue>1</NumericValue></CompetencyEvidence>

<CompetencyWeight type='skillLevel'><NumericValue minValue='0' maxValue='100'>100</NumericValue></CompetencyWeight>
</Competency>























<RevisionDate id='1'>2013-02-16</RevisionDate>
</StructuredXMLResume>
<NonXMLResume>

<TextResume>



<span inprof='n' id='1' class='date'>{{DOCUMENT_DATESTAMP}} 2013-02-16 19:32:03 {{DOCUMENT_DATESTAMP}}</span>

<span inprof='y' id='2' class='nominal'>Hector Galan</span>
<span inprof='y' id='3' class='location'>3400 Carter Drive, South San Francisco, CA 94080</span>
<span inprof='y' id='4' class='telephone'>Cellphone: (650) 296-8561</span>
<span inprof='y' id='5' class='email'>Hectorgalan198@gmail.com</span>


<span inprof='n' id='6' class='objectives-mark'>Summary</span>               *   Leadership-oriented college <span inprof='n' id='7' class='occupation'>student</span> with strong work ethic and moral compass.

                      *   Creative problem-solver who excels at <span inprof='y' id='8' class='skill'>conflict resolution</span>, as well as creating positive solutions.

                      *   Disciplined and highly organized self-starter.

                      *   Computer-proficient performer with skills covering operating systems including <span inprof='y' id='9' class='sofwr'>Windows</span> and
                          <span inprof='y' id='10' class='sofwr'>Mac OS</span>, as well as software applicationssuch as <span inprof='y' id='11' class='sofwr'>Excel</span>, <span inprof='y' id='12' class='sofwr'>PowerPoint</span>, <span inprof='y' id='13' class='sofwr'>Word</span>, <span inprof='y' id='14' class='sofwr'>Access</span> and <span inprof='y' id='15' class='sofwr'>Outlook</span>.

                      *   <span inprof='y' id='16' class='skill'>Fluent Spanish (reading, writing, speaking)</span>.


<span inprof='n' id='17' class='edu-hist-mark'>Education</span>
<span inprof='y' id='18_1' class='qualif'>High School Diploma</span>: <span inprof='y' id='18_2' class='educational'>South San Francisco High School</span>, <span inprof='y' id='18_3_1' class='degree-measure'>GPA 4.0</span>.
                                                                                                                       <span inprof='y' id='19' class='date'>2006</span>

                      <span inprof='y' id='20_1' class='qualif'>Bachelors of Science in Business Administration</span>
                      <span inprof='y' id='20_2' class='educational'>DeVry University</span>, <span inprof='y' id='20_3' class='location'>Daly City, CA</span>                                                              Completed
                      <span inprof='y' id='21' class='qualif'>Concentration in Finance</span> with <span inprof='y' id='22_1' class='degree-measure'>3.3G.P.A.</span>                                                        <span inprof='y' id='23' class='date'>2013</span>





<span inprof='n' id='24' class='work-hist-mark'>Employment History</span>


                      <span inprof='y' id='25_1' class='role'>Sales Associate</span>, <span inprof='y' id='26' class='company'>World Financial Group</span>, <span inprof='y' id='27' class='location'>250 Executive Park Blvd, San Francisco, CA 94134</span>.              <span inprof='y' id='28' class='date'>8/2/09</span>- 7/10/012

                      * Do administrative tasks, such as keeping records and handling <span inprof='y' id='29' class='skill'>life insurance</span>

                        policy's renewals.

                      * Approve loans within specified limits and refer loan applications outside limits to

                        management for approval.

                      * Interviewed clients discussing their <span inprof='y' id='30' class='skill'>financial plans</span> and resources.



                      <span inprof='y' id='31_1_1' class='role'>Bank Teller</span>, <span inprof='y' id='31_2' class='company'>Bank of The West</span>, <span inprof='y' id='31_3' class='location'>2288 Westborough Blvd South San Francisco, CA</span>                <span inprof='y' id='31_4_1' class='date'>3/6/07</span> - <span inprof='y' id='31_4_2' class='date'>5/12/09</span>

                      * Accept checks, cash, and other forms of payment for customers.

                                                                                        * Answer questions from customers about their accounts.

                      * Prepare specialized types of funds, such as traveler's checks, savings bonds and

                      money orders.


                      <span inprof='y' id='32_1' class='role'>Intern</span>, <span inprof='y' id='33' class='company'>Wachovia Bank</span>, <span inprof='y' id='34' class='location'>2226 Westborough Blvd, South San Francisco, CA 94080</span>.                        <span inprof='y' id='35' class='date'>8/2/06</span>-

                      * Explain advice on and promote bank products and services to customers.                 <span inprof='n' id='36' class='date'>1/4/06</span>

                      * Attempt to resolve issues and problems with customers.

                      * Create and analyze management information and reports, which are sent to branch

                      staff and also to the head office.

</TextResume>

</NonXMLResume>



<UserArea>
<DaxResumeUserArea>
<AdditionalPersonalData>
<ExperienceSummary>
<TotalMonthsOfWorkExperience>79</TotalMonthsOfWorkExperience>
<TotalYearsOfWorkExperience>6</TotalYearsOfWorkExperience>
<ExecutiveBrief>Hector Galan is a resident of South San Francisco, CA, US. He has been working in the Sales  occupational sector for more than 6 years. Currently he is employed as a Sales Associate at World Financial Group. So far Hector has not gained any managerial experience.</ExecutiveBrief>
</ExperienceSummary>
</AdditionalPersonalData>
<ParserInfo>
<ParserConfiguration>{max_len=50000} {tel_flag=} {send_zip=} {fast_conv=} {DEF_LOCAL=} {sdate=0} {no_email_body=0} {do_clever_zoning=1} {keep_span=1} {complex=1} {accept_langs=} {not_accept_langs=} {prefer_lang_cv=EN} {pers_only=0} {turbo=0} {split_language=0} {picture=0} {picture_inline=0} {name_space=0} {charset=} {hrxml_upgrade_edu_hist=0}{hrxml_add_languages_section=0}{spool=} {docID=} {user=DEFAULT} </ParserConfiguration>
<ParserRelease>0.12.3.32629</ParserRelease>
<ParserReleaseDate>2014-06-18</ParserReleaseDate>
<ParserSchema>2.0.29</ParserSchema>
<ParserSchemaLocation>http://cvx.daxtra.com/cvts/xsd/candidate/2.0.29/Resume.xsd</ParserSchemaLocation>
<ConverterRelease>0.5.2.32629</ConverterRelease>
<ConverterReleaseDate>2014-06-18</ConverterReleaseDate>
</ParserInfo>
<FileStruct filename='/home/izoom/anazarov/grammar/analysis/3rconnect/doc/100_Resumes-Walsh/resume.pdf'>

<attachment fname='resume.pdf' ftype='pdf' conv='yes' doc_type='cv' lang='EN'>/home/izoom/anazarov/grammar/analysis/3rconnect/doc/100_Resumes-Walsh/resume.pdf</attachment>


</FileStruct>
</DaxResumeUserArea>
</UserArea>
</Resume>
