<?xml version='1.0' encoding='ISO-8859-1'?>
<Resume lang='en' src='DAXTRA-CVX schema:2.0.29 release:0.12.3.32629 rdate:2014-06-18'>
<StructuredXMLResume>
<ContactInfo>
<PersonName id='2'>
<FormattedName>Richard Orta</FormattedName>
<GivenName>Richard</GivenName>
<FamilyName>Orta</FamilyName>
<sex>Male</sex>
</PersonName>
<ContactMethod>
<InternetEmailAddress id='3' type='main'>Rorta1991@gmail.com</InternetEmailAddress>
<PostalAddress id='4' type='main'>
<CountryCode>US</CountryCode>
<PostalCode>10462</PostalCode>
<Region>NY</Region>
<Municipality>Bronx</Municipality>
<DeliveryAddress>
<AddressLine>1575 Odell Street Apt MD</AddressLine>
<StreetName>Odell Street</StreetName>
<BuildingNumber>1575</BuildingNumber>
<Unit>Apt MD</Unit>
</DeliveryAddress>

</PostalAddress>
</ContactMethod>
</ContactInfo>


<EmploymentHistory>
<EmployerOrg employerOrgType='soleEmployer'>
<EmployerOrgName id='9_2'>IDT Gas and Electric</EmployerOrgName>
<EmployerContactInfo>
<LocationSummary id='9_3'>
<Municipality>Bronx</Municipality>
<Region>NY</Region>
<CountryCode>US</CountryCode>
</LocationSummary>
</EmployerContactInfo>
<PositionHistory positionType='CONTRACT'>
<Title id='9_4_1'>Marketing Representative</Title>
<OrgName id='9_2'>IDT Gas and Electric</OrgName>



<Description>*  Went door to door in all five boroughs ; 
*  Greeted customers on the services the company offered ; 
*  Explained how they would benefit ;</Description>
<StartDate id='9_1_1'><YearMonth>2012-06</YearMonth></StartDate>
<EndDate id='9_1_2'><YearMonth>2012-11</YearMonth></EndDate>




<JobCategory>
<TaxonomyName>JOBAREA</TaxonomyName>
<CategoryCode>marketing</CategoryCode>
</JobCategory>


<UserArea>
<DaxPositionHistoryUserArea>
<TLSPAN first_id='9' last_id='9' border_id='10'></TLSPAN>
<MonthsOfWork>6</MonthsOfWork>
</DaxPositionHistoryUserArea>
</UserArea>
</PositionHistory>
</EmployerOrg>

<EmployerOrg employerOrgType='soleEmployer'>
<EmployerOrgName id='10_2'>Furniture Outlet Discount</EmployerOrgName>
<EmployerContactInfo>
<LocationSummary id='10_3'>
<Municipality>Bronx</Municipality>
<Region>NY</Region>
<CountryCode>US</CountryCode>
</LocationSummary>
</EmployerContactInfo>
<PositionHistory positionType='PERMANENT'>
<Title id='10_4_1'>Deliveryman/Customer Service</Title>
<OrgName id='10_2'>Furniture Outlet Discount</OrgName>



<Description>*  Prepared itemized delivery sheet for items of merchandise to be delivered by truck drivers. ; 
*  Grouped and routed deliveries according to designated districts. ; 
*  Located and selected merchandise and verified against delivery sheet specifications. ; 
*  Loaded and unloaded materials, parts and products onto and from pallets, skids, conveyors, and trucks, manually and by using hoist. ; 
*  Unpacked incoming merchandise, marked prices and assembled all items and stacked them where needed. ; 
*  Inventoried, stored, priced and restocked merchandise displays in store. ; 
*  Set up advertising signs and displayed merchandise to attract customers and promote sales. ; 
*  Assisted customers with purchases and picking out furniture. ; 
*  Cleaned display cases, shelves and aisles. ;</Description>
<StartDate id='10_1_1'><Year>2009</Year></StartDate>
<EndDate id='10_1_2'><Year>2012</Year></EndDate>




<JobCategory>
<TaxonomyName>JOBAREA</TaxonomyName>
<CategoryCode>customer-service</CategoryCode>
</JobCategory>


<UserArea>
<DaxPositionHistoryUserArea>
<TLSPAN first_id='10' last_id='11' border_id='12'></TLSPAN>
<MonthsOfWork>36</MonthsOfWork>
</DaxPositionHistoryUserArea>
</UserArea>
</PositionHistory>
</EmployerOrg>

<EmployerOrg employerOrgType='soleEmployer'>
<EmployerOrgName id='12_2'>Phipps House Services</EmployerOrgName>
<EmployerContactInfo>
<LocationSummary id='12_3'>
<Municipality>New York</Municipality>
<Region>NY</Region>
<CountryCode>US</CountryCode>
</LocationSummary>
</EmployerContactInfo>
<PositionHistory positionType='CONTRACT'>
<Title id='12_4_1'>Porter</Title>
<Title id='12_4_2'>Houseman</Title>
<OrgName id='12_2'>Phipps House Services</OrgName>



<Description>*  Maintained cleanliness of assigned building (familiar with walk-ups, commercial and hotel ; 
*  Completely Cleaned apartments of vacating tenanats. ; 
*  Collaborated with management to fulfill daily projects for arriving guest. ;</Description>
<StartDate id='12_1_1'><YearMonth>2010-05</YearMonth></StartDate>
<EndDate id='12_1_2'><YearMonth>2010-08</YearMonth></EndDate>




<JobCategory>
<TaxonomyName>JOBAREA</TaxonomyName>
<CategoryCode>caretaking-cleaning</CategoryCode>
</JobCategory>


<UserArea>
<DaxPositionHistoryUserArea>
<TLSPAN first_id='12' last_id='12' border_id='0'></TLSPAN>
<MonthsOfWork>4</MonthsOfWork>
</DaxPositionHistoryUserArea>
</UserArea>
</PositionHistory>
</EmployerOrg>

</EmploymentHistory>
<EducationHistory>
<SchoolOrInstitution schoolType='college'>
<SchoolName id='14_1'>Chelsea Campus High School</SchoolName>
<LocationSummary id='14_2'>
<Municipality>New York</Municipality>
<Region>NY</Region>
<CountryCode>US</CountryCode>
</LocationSummary>



<Major id='14_3_1'>General Academic Studies</Major>



<Comments>References Available Upon Request</Comments>
</SchoolOrInstitution>

</EducationHistory>











<Competency oids='11 ' description='Skill' auth='yes' name='Pallets'>
<CompetencyEvidence name='Extent of Experience' typeDescription='Extent of Experience' type='MONTH' lastUsed='2012'><NumericValue description='MONTH'>36</NumericValue></CompetencyEvidence>

<CompetencyWeight type='skillLevel'><NumericValue minValue='0' maxValue='100'>100</NumericValue></CompetencyWeight>

<CompetencyWeight type='skillProficiency'><StringValue minValue='BASIC' maxValue='EXCELLENT'>EXCELLENT</StringValue></CompetencyWeight>
</Competency>

<Competency oids='7_1 ' description='Held Position' auth='no' name='team member'>
<CompetencyWeight type='skillLevel'><NumericValue minValue='0' maxValue='100'>14</NumericValue></CompetencyWeight>
</Competency>

<Competency oids='12_4_1 ' description='Held Position' auth='no' name='Porter'>
<CompetencyEvidence name='Extent of Experience' typeDescription='Extent of Experience' type='MONTH' lastUsed='2010'><NumericValue description='MONTH'>4</NumericValue></CompetencyEvidence>

<CompetencyWeight type='skillLevel'><NumericValue minValue='0' maxValue='100'>73</NumericValue></CompetencyWeight>

<CompetencyWeight type='skillProficiency'><StringValue minValue='BASIC' maxValue='EXCELLENT'>GOOD</StringValue></CompetencyWeight>
</Competency>

<Competency oids='9_4_1 ' description='Held Position' auth='no' name='Marketing Representative'>
<CompetencyEvidence name='Extent of Experience' typeDescription='Extent of Experience' type='MONTH' lastUsed='2012'><NumericValue description='MONTH'>6</NumericValue></CompetencyEvidence>

<CompetencyWeight type='skillLevel'><NumericValue minValue='0' maxValue='100'>93</NumericValue></CompetencyWeight>

<CompetencyWeight type='skillProficiency'><StringValue minValue='BASIC' maxValue='EXCELLENT'>EXCELLENT</StringValue></CompetencyWeight>
</Competency>

<Competency oids='12_4_2 ' description='Held Position' auth='no' name='Houseman'>
<CompetencyEvidence name='Extent of Experience' typeDescription='Extent of Experience' type='MONTH' lastUsed='2010'><NumericValue description='MONTH'>4</NumericValue></CompetencyEvidence>

<CompetencyWeight type='skillLevel'><NumericValue minValue='0' maxValue='100'>73</NumericValue></CompetencyWeight>

<CompetencyWeight type='skillProficiency'><StringValue minValue='BASIC' maxValue='EXCELLENT'>GOOD</StringValue></CompetencyWeight>
</Competency>

<Competency oids='10_4_1 ' description='Held Position' auth='no' name='Deliveryman/Customer Service'>
<CompetencyEvidence name='Extent of Experience' typeDescription='Extent of Experience' type='MONTH' lastUsed='2012'><NumericValue description='MONTH'>36</NumericValue></CompetencyEvidence>

<CompetencyWeight type='skillLevel'><NumericValue minValue='0' maxValue='100'>100</NumericValue></CompetencyWeight>

<CompetencyWeight type='skillProficiency'><StringValue minValue='BASIC' maxValue='EXCELLENT'>EXCELLENT</StringValue></CompetencyWeight>
</Competency>

<Competency description='Industry' auth='yes' name='industry~marketing'>
<CompetencyEvidence name='skillCount' typeDescription='skillCount'><NumericValue>1</NumericValue></CompetencyEvidence>

<CompetencyWeight type='skillLevel'><NumericValue minValue='0' maxValue='100'>100</NumericValue></CompetencyWeight>
</Competency>























<RevisionDate id='1'>2013-04-16</RevisionDate>
</StructuredXMLResume>
<NonXMLResume>

<TextResume>



<span inprof='n' id='1' class='date'>{{DOCUMENT_DATESTAMP}} 2013-4-16 {{END_DOCUMENT_DATESTAMP}}</span>



<span inprof='y' id='2' class='nominal'>Richard Orta</span>          <span inprof='y' id='3' class='email'>Rorta1991@gmail.com</span>

<span inprof='y' id='4' class='location'>1575 Odell Street Apt MD Bronx, NY 10462</span> * 718-597-3971 917-530-6669

<span inprof='n' id='5' class='objectives-mark'>OBJECTIVE:</span>          An entry-level position with opportunity for advancement.

<span inprof='n' id='6' class='edu-hist-mark'>SUMMARY OF QUALIFICATIONS</span>
*  Outstanding ability to grasp and learn new concepts with ease ; 
*  Proven ability to prioritize and complete multiple task ; 
*  Fast learner with the ability to adapt quickly to a challenge ; 
*  Able to problem solve independently ; 
*  Effective working both independently and as a <span inprof='y' id='7_1' class='role'>team member</span> ; 
*  Task-oriented with high performance standards ; 
*  Reliable, dependable and hardworking

<span inprof='n' id='8' class='work-hist-mark'>EXPERIENCE</span>
<span inprof='y' id='9_1_1' class='date'>06/2012</span> - <span inprof='y' id='9_1_2' class='date'>11/2012</span>                            <span inprof='y' id='9_2' class='company'>IDT Gas and Electric</span>                                    <span inprof='y' id='9_3' class='location'>Bronx, New York</span>
<span inprof='y' id='9_4_1' class='role'>Marketing Representative</span>
*  Went door to door in all five boroughs ; 
*  Greeted customers on the services the company offered ; 
*  Explained how they would benefit

<span inprof='y' id='10_1_1' class='date'>2009</span> - <span inprof='y' id='10_1_2' class='date'>2012</span>                                                                                                   <span inprof='y' id='10_2' class='company'>Furniture Outlet Discount</span>                   <span inprof='y' id='10_3' class='location'>Bronx, New York</span>
<span inprof='y' id='10_4_1' class='role'>Deliveryman/Customer Service</span>
*  Prepared itemized delivery sheet for items of merchandise to be delivered by truck drivers. ; 
*  Grouped and routed deliveries according to designated districts. ; 
*  Located and selected merchandise and verified against delivery sheet specifications. ; 
*  Loaded and unloaded materials, parts and products onto and from <span inprof='y' id='11' class='skill'>pallets</span>, skids, conveyors, and trucks, manually and by using hoist. ; 
*  Unpacked incoming merchandise, marked prices and assembled all items and stacked them where needed. ; 
*  Inventoried, stored, priced and restocked merchandise displays in store. ; 
*  Set up advertising signs and displayed merchandise to attract customers and promote sales. ; 
*  Assisted customers with purchases and picking out furniture. ; 
*  Cleaned display cases, shelves and aisles.

<span inprof='y' id='12_1_1' class='date'>5/2010</span> - <span inprof='y' id='12_1_2' class='date'>8/2010</span>                                  <span inprof='y' id='12_2' class='company'>Phipps House Services</span>                               <span inprof='y' id='12_3' class='location'>New York, NY</span>
<span inprof='y' id='12_4_1' class='role'>Porter</span>/ <span inprof='y' id='12_4_2' class='role'>Houseman</span>

*  Maintained cleanliness of assigned building (familiar with walk-ups, commercial and hotel ; 
*  Completely Cleaned apartments of vacating tenanats. ; 
*  Collaborated with management to fulfill daily projects for arriving guest.

<span inprof='n' id='13' class='edu-hist-mark'>EDUCATION</span>
<span inprof='y' id='14_1' class='educational'>Chelsea Campus High School</span>          <span inprof='y' id='14_2' class='location'>New York, New York</span>
<span inprof='y' id='14_3_1' class='subject'>General Academic Studies</span>


References Available Upon Request

</TextResume>

</NonXMLResume>



<UserArea>
<DaxResumeUserArea>
<AdditionalPersonalData>
<ExperienceSummary>
<TotalMonthsOfWorkExperience>46</TotalMonthsOfWorkExperience>
<TotalYearsOfWorkExperience>4</TotalYearsOfWorkExperience>
<ExecutiveBrief>Richard Orta is a resident of Bronx, NY, US. He has been working in the Marketing  occupational sector for more than 4 years. During his last employment he was working as a Marketing Representative at IDT Gas and Electric. So far Richard has not gained any managerial experience.</ExecutiveBrief>
</ExperienceSummary>
</AdditionalPersonalData>
<ParserInfo>
<ParserConfiguration>{max_len=50000} {tel_flag=} {send_zip=} {fast_conv=} {DEF_LOCAL=} {sdate=0} {no_email_body=0} {do_clever_zoning=1} {keep_span=1} {complex=1} {accept_langs=} {not_accept_langs=} {prefer_lang_cv=EN} {pers_only=0} {turbo=0} {split_language=0} {picture=0} {picture_inline=0} {name_space=0} {charset=} {hrxml_upgrade_edu_hist=0}{hrxml_add_languages_section=0}{spool=} {docID=} {user=DEFAULT} </ParserConfiguration>
<ParserRelease>0.12.3.32629</ParserRelease>
<ParserReleaseDate>2014-06-18</ParserReleaseDate>
<ParserSchema>2.0.29</ParserSchema>
<ParserSchemaLocation>http://cvx.daxtra.com/cvts/xsd/candidate/2.0.29/Resume.xsd</ParserSchemaLocation>
<ConverterRelease>0.5.2.32629</ConverterRelease>
<ConverterReleaseDate>2014-06-18</ConverterReleaseDate>
</ParserInfo>
<FileStruct filename='/home/izoom/anazarov/grammar/analysis/3rconnect/doc/100_Resumes-Walsh/Richard_Orta resume.doc'>

<attachment fname='Richard_Orta resume.doc' ftype='doc' conv='yes' doc_type='cv' lang='EN'>/home/izoom/anazarov/grammar/analysis/3rconnect/doc/100_Resumes-Walsh/Richard_Orta resume.doc</attachment>


</FileStruct>
</DaxResumeUserArea>
</UserArea>
</Resume>
