<?xml version='1.0' encoding='ISO-8859-1'?>
<Resume lang='en' src='DAXTRA-CVX schema:2.0.29 release:0.12.3.32629 rdate:2014-06-18'>
<StructuredXMLResume>
<ContactInfo>
<PersonName>
</PersonName>
<ContactMethod>
<Telephone id='3' type='home'>
<InternationalCountryCode>1</InternationalCountryCode>
<SubscriberNumber>516 509-0846</SubscriberNumber>
<FormattedNumber>+1 516 509-0846</FormattedNumber></Telephone>

<InternetEmailAddress id='4' type='main'>hcfaforms@yahoo.com</InternetEmailAddress>
<PostalAddress id='2' type='main'>
<CountryCode>US</CountryCode>
<PostalCode>11804</PostalCode>
<Region>N.Y</Region>
<Municipality>Old Bethpage</Municipality>
<DeliveryAddress>
<AddressLine>40 Lark Ct</AddressLine>
<StreetName>Lark Ct</StreetName>
<BuildingNumber>40</BuildingNumber>
</DeliveryAddress>

</PostalAddress>
</ContactMethod>
</ContactInfo>
<ExecutiveSummary>To obtain a position which offers a unique opportunity in an administrative or an academic setting that will 
essentially lead to the enhancement of my professional, leadership, organizational, communication, and interpersonal</ExecutiveSummary>


<EmploymentHistory>
<EmployerOrg employerOrgType='soleEmployer'>
<EmployerOrgName id='30_1'>Allscripts</EmployerOrgName>
<EmployerContactInfo>
<LocationSummary id='30_4'>
<Municipality>Melville</Municipality>
<Region>NY</Region>
<CountryCode>US</CountryCode>
</LocationSummary>
</EmployerContactInfo>
<PositionHistory positionType='PERMANENT'>
<Title id='30_2_1'>HIM IT Analyst</Title>
<OrgName id='30_1'>Allscripts</OrgName>



<Description>* Support applications like Meta, EPI, FOD, 3M and SRM applications within major North Shore Hospitals. ; 
* IT client support, ADT testing, Production interface maintenance, meaningful use/5010 projects ; 
* Perform on-call support by providing immediate responses to high priority requests for assistance by the 24/7
Operations teams
* Participated in SDLC projects, tuning &#38; optimization, problem solving and go-live events ; 
* Communication with vendors and HIM departments within hospitals ; 
* HL7 regression and functional testing, SQL script analysis and crystal report writing.</Description>
<StartDate id='30_3_1'><YearMonth>2011-06</YearMonth></StartDate>
<EndDate id='30_3_2'>notApplicable</EndDate>




<JobCategory>
<TaxonomyName>JOBAREA</TaxonomyName>
<CategoryCode>it</CategoryCode>
</JobCategory>


<UserArea>
<DaxPositionHistoryUserArea>
<TLSPAN first_id='30' last_id='42' border_id='43'></TLSPAN>
<MonthsOfWork>20</MonthsOfWork>
</DaxPositionHistoryUserArea>
</UserArea>
</PositionHistory>
</EmployerOrg>

<EmployerOrg employerOrgType='soleEmployer'>

<PositionHistory positionType='CONTRACT'>
<Title id='51_1'>Marketing &#38; Risk Management</Title>




<Description>* Instructed Medical Billing &#38; Coding curriculum ;</Description>
<StartDate id='54_1'><YearMonth>2011-02</YearMonth></StartDate>
<EndDate id='54_2'><YearMonth>2011-06</YearMonth></EndDate>






<UserArea>
<DaxPositionHistoryUserArea>
<TLSPAN first_id='51' last_id='55' border_id='59'></TLSPAN>
<MonthsOfWork>5</MonthsOfWork>
</DaxPositionHistoryUserArea>
</UserArea>
</PositionHistory>
</EmployerOrg>

<EmployerOrg employerOrgType='soleEmployer'>
<EmployerContactInfo>
<LocationSummary id='44'>
<Municipality>Westchester</Municipality>
<Region>NY</Region>
<CountryCode>US</CountryCode>
</LocationSummary>
</EmployerContactInfo>
<PositionHistory positionType='PERMANENT'>
<Title id='43_1_1'>DOCS MEDICAL, Business Manager</Title>




<Description>* Medical Billing, Remittance Management, Data Analysis, Conversions, Revenue Cycle Management ; 
* Staff Management &#38; Development ; 
* Business Operations development &#38; Strategic planning ; 
* Contracting &#38; Credentialing ;</Description>
<StartDate id='43_2_1'><YearMonth>2003-08</YearMonth></StartDate>
<EndDate id='43_2_2'><YearMonth>2011-01</YearMonth></EndDate>



<JobLevelInfo>
<JobGrade>joblevel-management-mid</JobGrade>
</JobLevelInfo>

<JobCategory>
<TaxonomyName>JOBAREA</TaxonomyName>
<CategoryCode>medicine</CategoryCode>
</JobCategory>


<UserArea>
<DaxPositionHistoryUserArea>
<TLSPAN first_id='43' last_id='50' border_id='54'></TLSPAN>
<MonthsOfWork>90</MonthsOfWork>
</DaxPositionHistoryUserArea>
</UserArea>
</PositionHistory>
</EmployerOrg>

<EmployerOrg employerOrgType='soleEmployer'>
<EmployerOrgName id='57'>Centrix Solutions Services Inc</EmployerOrgName>
<EmployerContactInfo>
<LocationSummary id='60'>
<Municipality>Valley Stream</Municipality>
<Region>NY</Region>
<CountryCode>US</CountryCode>
</LocationSummary>
</EmployerContactInfo>
<PositionHistory positionType='PERMANENT'>
<Title id='56_1'>Manager</Title>
<OrgName id='57'>Centrix Solutions Services Inc</OrgName>



<Description>* Medical Billing &#38; Consulting for various clients ; 
* Revenue cycle Manager.

SKILLS
Experience with multiple core technologies, including IP networking and various internet technologies 
Experience in installing, configuring, tuning and maintaining servers 
Experience in any middleware technologies 
Provide after hours and weekend support as needed</Description>
<StartDate id='59_1'><YearMonth>2001-07</YearMonth></StartDate>
<EndDate id='59_2'><YearMonth>2011-01</YearMonth></EndDate>



<JobLevelInfo>
<JobGrade>joblevel-management-low</JobGrade>
</JobLevelInfo>

<JobCategory>
<TaxonomyName>JOBAREA</TaxonomyName>
<CategoryCode>it</CategoryCode>
</JobCategory>


<UserArea>
<DaxPositionHistoryUserArea>
<TLSPAN first_id='56' last_id='64' border_id='0'></TLSPAN>
<MonthsOfWork>115</MonthsOfWork>
</DaxPositionHistoryUserArea>
</UserArea>
</PositionHistory>
</EmployerOrg>

</EmploymentHistory>
<EducationHistory>
<SchoolOrInstitution schoolType='college'>
<SchoolName id='10_1'>Keller School of Graduate Management</SchoolName>



<Degree degreeType='certification'>
<DegreeName id='9'>Certificate in Business Administration</DegreeName>
<DegreeDate id='10_2'><YearMonth>2010-05</YearMonth></DegreeDate>
</Degree>




<Comments>MBA with Concentration Healthcare &#38; Keller School of Graduate Management</Comments>
</SchoolOrInstitution>

<SchoolOrInstitution schoolType='university'>
<SchoolName id='7_2'>State University of New York at Buffalo</SchoolName>



<Degree degreeType='masters'>
<DegreeName id='7_1'>Master</DegreeName>
<DegreeDate id='7_3'><YearMonth>2002-05</YearMonth></DegreeDate>
</Degree>
<Major id='7_1'>Arts</Major>




</SchoolOrInstitution>

<SchoolOrInstitution schoolType='university'>
<SchoolName id='6_2'>State University of New York at Buffalo</SchoolName>



<Degree degreeType='bachelors'>
<DegreeName id='6_1'>Bachelor of Science</DegreeName>
<DegreeDate id='6_3'><YearMonth>2000-05</YearMonth></DegreeDate>
</Degree>
<Major id='6_1'>Pre-dental Science</Major>




</SchoolOrInstitution>

</EducationHistory>











<Competency oids='17 21 ' description='Skill > IT' auth='yes' name='SAP'>
<CompetencyEvidence typeDescription='Alias' name='Alias'><StringValue>Basic SAP</StringValue></CompetencyEvidence>

<CompetencyWeight type='skillLevel'><NumericValue minValue='0' maxValue='100'>22</NumericValue></CompetencyWeight>

<CompetencyWeight type='skillProficiency'><StringValue minValue='BASIC' maxValue='EXCELLENT'>BASIC</StringValue></CompetencyWeight>
</Competency>

<Competency oids='64 ' description='Skill' auth='no' name='weekend support'>
<CompetencyEvidence name='Extent of Experience' typeDescription='Extent of Experience' type='MONTH' lastUsed='2011'><NumericValue description='MONTH'>115</NumericValue></CompetencyEvidence>

<CompetencyWeight type='skillLevel'><NumericValue minValue='0' maxValue='100'>75</NumericValue></CompetencyWeight>

<CompetencyWeight type='skillProficiency'><StringValue minValue='BASIC' maxValue='EXCELLENT'>GOOD</StringValue></CompetencyWeight>
</Competency>

<Competency oids='19 ' description='Skill' auth='no' name='troubleshooting'>
<CompetencyEvidence typeDescription='Alias' name='Alias'><StringValue>troubleshooting,</StringValue></CompetencyEvidence>

<CompetencyWeight type='skillLevel'><NumericValue minValue='0' maxValue='100'>13</NumericValue></CompetencyWeight>
</Competency>

<Competency oids='42 ' description='Skill' auth='no' name='report writing'>
<CompetencyEvidence name='Extent of Experience' typeDescription='Extent of Experience' type='MONTH' lastUsed='2013'><NumericValue description='MONTH'>20</NumericValue></CompetencyEvidence>

<CompetencyWeight type='skillLevel'><NumericValue minValue='0' maxValue='100'>95</NumericValue></CompetencyWeight>

<CompetencyWeight type='skillProficiency'><StringValue minValue='BASIC' maxValue='EXCELLENT'>EXCELLENT</StringValue></CompetencyWeight>
</Competency>

<Competency oids='38 ' description='Skill' auth='no' name='problem solving'>
<CompetencyEvidence name='Extent of Experience' typeDescription='Extent of Experience' type='MONTH' lastUsed='2013'><NumericValue description='MONTH'>20</NumericValue></CompetencyEvidence>

<CompetencyWeight type='skillLevel'><NumericValue minValue='0' maxValue='100'>96</NumericValue></CompetencyWeight>

<CompetencyWeight type='skillProficiency'><StringValue minValue='BASIC' maxValue='EXCELLENT'>EXCELLENT</StringValue></CompetencyWeight>
</Competency>

<Competency oids='40 ' description='Skill' auth='no' name='functional testing'>
<CompetencyEvidence name='Extent of Experience' typeDescription='Extent of Experience' type='MONTH' lastUsed='2013'><NumericValue description='MONTH'>20</NumericValue></CompetencyEvidence>

<CompetencyWeight type='skillLevel'><NumericValue minValue='0' maxValue='100'>95</NumericValue></CompetencyWeight>

<CompetencyWeight type='skillProficiency'><StringValue minValue='BASIC' maxValue='EXCELLENT'>EXCELLENT</StringValue></CompetencyWeight>
</Competency>

<Competency oids='33 ' description='Skill' auth='no' name='client support'>
<CompetencyEvidence name='Extent of Experience' typeDescription='Extent of Experience' type='MONTH' lastUsed='2013'><NumericValue description='MONTH'>20</NumericValue></CompetencyEvidence>

<CompetencyWeight type='skillLevel'><NumericValue minValue='0' maxValue='100'>100</NumericValue></CompetencyWeight>

<CompetencyWeight type='skillProficiency'><StringValue minValue='BASIC' maxValue='EXCELLENT'>EXCELLENT</StringValue></CompetencyWeight>
</Competency>

<Competency oids='36 ' description='Skill' auth='no' name='call support'>
<CompetencyEvidence name='Extent of Experience' typeDescription='Extent of Experience' type='MONTH' lastUsed='2013'><NumericValue description='MONTH'>20</NumericValue></CompetencyEvidence>

<CompetencyWeight type='skillLevel'><NumericValue minValue='0' maxValue='100'>97</NumericValue></CompetencyWeight>

<CompetencyWeight type='skillProficiency'><StringValue minValue='BASIC' maxValue='EXCELLENT'>EXCELLENT</StringValue></CompetencyWeight>
</Competency>

<Competency oids='26 ' description='Skill > IT' auth='yes' name='Website Design'>
<CompetencyWeight type='skillLevel'><NumericValue minValue='0' maxValue='100'>13</NumericValue></CompetencyWeight>
</Competency>

<Competency oids='28 ' description='Skill > IT' auth='yes' name='Web Services'>
<CompetencyWeight type='skillLevel'><NumericValue minValue='0' maxValue='100'>13</NumericValue></CompetencyWeight>
</Competency>

<Competency oids='50 ' description='Skill' auth='yes' name='System Strategy'>
<CompetencyEvidence name='Extent of Experience' typeDescription='Extent of Experience' type='MONTH' lastUsed='2011'><NumericValue description='MONTH'>90</NumericValue></CompetencyEvidence>

<CompetencyEvidence typeDescription='Alias' name='Alias'><StringValue>Strategic planning</StringValue></CompetencyEvidence>

<CompetencyWeight type='skillLevel'><NumericValue minValue='0' maxValue='100'>71</NumericValue></CompetencyWeight>

<CompetencyWeight type='skillProficiency'><StringValue minValue='BASIC' maxValue='EXCELLENT'>GOOD</StringValue></CompetencyWeight>
</Competency>

<Competency oids='48 ' description='Skill' auth='no' name='Staff Management &#38; Development'>
<CompetencyEvidence name='Extent of Experience' typeDescription='Extent of Experience' type='MONTH' lastUsed='2011'><NumericValue description='MONTH'>90</NumericValue></CompetencyEvidence>

<CompetencyEvidence typeDescription='Alias' name='Alias'><StringValue>Staff Management &#38; Development</StringValue></CompetencyEvidence>

<CompetencyWeight type='skillLevel'><NumericValue minValue='0' maxValue='100'>73</NumericValue></CompetencyWeight>

<CompetencyWeight type='skillProficiency'><StringValue minValue='BASIC' maxValue='EXCELLENT'>GOOD</StringValue></CompetencyWeight>
</Competency>

<Competency oids='12 ' description='Skill > IT' auth='yes' name='Siemens Hardware'>
<CompetencyEvidence typeDescription='Alias' name='Alias'><StringValue>Siemens</StringValue></CompetencyEvidence>

<CompetencyWeight type='skillLevel'><NumericValue minValue='0' maxValue='100'>13</NumericValue></CompetencyWeight>
</Competency>

<Competency oids='24 ' description='Skill > IT' auth='yes' name='Sage Peachtree'>
<CompetencyEvidence typeDescription='Alias' name='Alias'><StringValue>Peachtree</StringValue></CompetencyEvidence>

<CompetencyWeight type='skillLevel'><NumericValue minValue='0' maxValue='100'>13</NumericValue></CompetencyWeight>
</Competency>

<Competency oids='41 ' description='Skill' auth='no' name='SQL script analysis'>
<CompetencyEvidence name='Extent of Experience' typeDescription='Extent of Experience' type='MONTH' lastUsed='2013'><NumericValue description='MONTH'>20</NumericValue></CompetencyEvidence>

<CompetencyWeight type='skillLevel'><NumericValue minValue='0' maxValue='100'>95</NumericValue></CompetencyWeight>

<CompetencyWeight type='skillProficiency'><StringValue minValue='BASIC' maxValue='EXCELLENT'>EXCELLENT</StringValue></CompetencyWeight>
</Competency>

<Competency oids='37 ' description='Skill > IT' auth='yes' name='SDLC'>
<CompetencyEvidence name='Extent of Experience' typeDescription='Extent of Experience' type='MONTH' lastUsed='2013'><NumericValue description='MONTH'>20</NumericValue></CompetencyEvidence>

<CompetencyWeight type='skillLevel'><NumericValue minValue='0' maxValue='100'>96</NumericValue></CompetencyWeight>

<CompetencyWeight type='skillProficiency'><StringValue minValue='BASIC' maxValue='EXCELLENT'>EXCELLENT</StringValue></CompetencyWeight>
</Competency>

<Competency oids='22 ' description='Skill > IT' auth='yes' name='SAP ERP'>
<CompetencyEvidence typeDescription='Alias' name='Alias'><StringValue>ERP</StringValue></CompetencyEvidence>

<CompetencyWeight type='skillLevel'><NumericValue minValue='0' maxValue='100'>13</NumericValue></CompetencyWeight>
</Competency>

<Competency oids='27 ' description='Skill > IT' auth='yes' name='SAP CRM'>
<CompetencyEvidence typeDescription='Alias' name='Alias'><StringValue>CRM</StringValue></CompetencyEvidence>

<CompetencyWeight type='skillLevel'><NumericValue minValue='0' maxValue='100'>13</NumericValue></CompetencyWeight>
</Competency>

<Competency oids='47 ' description='Skill' auth='no' name='Revenue Cycle Management'>
<CompetencyEvidence name='Extent of Experience' typeDescription='Extent of Experience' type='MONTH' lastUsed='2011'><NumericValue description='MONTH'>90</NumericValue></CompetencyEvidence>

<CompetencyWeight type='skillLevel'><NumericValue minValue='0' maxValue='100'>74</NumericValue></CompetencyWeight>

<CompetencyWeight type='skillProficiency'><StringValue minValue='BASIC' maxValue='EXCELLENT'>GOOD</StringValue></CompetencyWeight>
</Competency>

<Competency oids='45 ' description='Skill' auth='no' name='Remittance Management'>
<CompetencyEvidence name='Extent of Experience' typeDescription='Extent of Experience' type='MONTH' lastUsed='2011'><NumericValue description='MONTH'>90</NumericValue></CompetencyEvidence>

<CompetencyWeight type='skillLevel'><NumericValue minValue='0' maxValue='100'>75</NumericValue></CompetencyWeight>

<CompetencyWeight type='skillProficiency'><StringValue minValue='BASIC' maxValue='EXCELLENT'>GOOD</StringValue></CompetencyWeight>
</Competency>

<Competency oids='23 ' description='Skill > IT' auth='yes' name='QuickBooks'>
<CompetencyWeight type='skillLevel'><NumericValue minValue='0' maxValue='100'>13</NumericValue></CompetencyWeight>
</Competency>

<Competency oids='35 ' description='Skill' auth='no' name='Production interface maintenance'>
<CompetencyEvidence name='Extent of Experience' typeDescription='Extent of Experience' type='MONTH' lastUsed='2013'><NumericValue description='MONTH'>20</NumericValue></CompetencyEvidence>

<CompetencyWeight type='skillLevel'><NumericValue minValue='0' maxValue='100'>98</NumericValue></CompetencyWeight>

<CompetencyWeight type='skillProficiency'><StringValue minValue='BASIC' maxValue='EXCELLENT'>EXCELLENT</StringValue></CompetencyWeight>
</Competency>

<Competency oids='15 ' description='Skill > IT' auth='yes' name='Microsoft PowerPoint'>
<CompetencyEvidence typeDescription='Alias' name='Alias'><StringValue>Power Point</StringValue></CompetencyEvidence>

<CompetencyWeight type='skillLevel'><NumericValue minValue='0' maxValue='100'>13</NumericValue></CompetencyWeight>
</Competency>

<Competency oids='14 ' description='Skill > IT' auth='yes' name='Microsoft Office'>
<CompetencyWeight type='skillLevel'><NumericValue minValue='0' maxValue='100'>13</NumericValue></CompetencyWeight>
</Competency>

<Competency oids='39 ' description='Skill' auth='yes' name='Live Events'>
<CompetencyEvidence name='Extent of Experience' typeDescription='Extent of Experience' type='MONTH' lastUsed='2013'><NumericValue description='MONTH'>20</NumericValue></CompetencyEvidence>

<CompetencyWeight type='skillLevel'><NumericValue minValue='0' maxValue='100'>95</NumericValue></CompetencyWeight>

<CompetencyWeight type='skillProficiency'><StringValue minValue='BASIC' maxValue='EXCELLENT'>EXCELLENT</StringValue></CompetencyWeight>
</Competency>

<Competency oids='18 ' description='Skill > IT' auth='yes' name='HTML'>
<CompetencyWeight type='skillLevel'><NumericValue minValue='0' maxValue='100'>22</NumericValue></CompetencyWeight>

<CompetencyWeight type='skillProficiency'><StringValue minValue='BASIC' maxValue='EXCELLENT'>BASIC</StringValue></CompetencyWeight>
</Competency>

<Competency oids='25 ' description='Skill > IT' auth='no' name='Google Analytics'>
<CompetencyWeight type='skillLevel'><NumericValue minValue='0' maxValue='100'>13</NumericValue></CompetencyWeight>
</Competency>

<Competency oids='20 ' description='Skill' auth='no' name='Firewall Management'>
<CompetencyWeight type='skillLevel'><NumericValue minValue='0' maxValue='100'>13</NumericValue></CompetencyWeight>
</Competency>

<Competency oids='46 ' description='Skill' auth='no' name='Data Analysis'>
<CompetencyEvidence name='Extent of Experience' typeDescription='Extent of Experience' type='MONTH' lastUsed='2011'><NumericValue description='MONTH'>90</NumericValue></CompetencyEvidence>

<CompetencyWeight type='skillLevel'><NumericValue minValue='0' maxValue='100'>74</NumericValue></CompetencyWeight>

<CompetencyWeight type='skillProficiency'><StringValue minValue='BASIC' maxValue='EXCELLENT'>GOOD</StringValue></CompetencyWeight>
</Competency>

<Competency oids='49 ' description='Skill' auth='no' name='Business Operations development'>
<CompetencyEvidence name='Extent of Experience' typeDescription='Extent of Experience' type='MONTH' lastUsed='2011'><NumericValue description='MONTH'>90</NumericValue></CompetencyEvidence>

<CompetencyWeight type='skillLevel'><NumericValue minValue='0' maxValue='100'>72</NumericValue></CompetencyWeight>

<CompetencyWeight type='skillProficiency'><StringValue minValue='BASIC' maxValue='EXCELLENT'>GOOD</StringValue></CompetencyWeight>
</Competency>

<Competency oids='34 ' description='Skill' auth='no' name='ADT testing'>
<CompetencyEvidence name='Extent of Experience' typeDescription='Extent of Experience' type='MONTH' lastUsed='2013'><NumericValue description='MONTH'>20</NumericValue></CompetencyEvidence>

<CompetencyWeight type='skillLevel'><NumericValue minValue='0' maxValue='100'>99</NumericValue></CompetencyWeight>

<CompetencyWeight type='skillProficiency'><StringValue minValue='BASIC' maxValue='EXCELLENT'>EXCELLENT</StringValue></CompetencyWeight>
</Competency>

<Competency oids='56_1 58_1 61_1 ' description='Held Position' auth='no' name='Manager'>
<CompetencyEvidence name='Extent of Experience' typeDescription='Extent of Experience' type='MONTH' lastUsed='2011'><NumericValue description='MONTH'>115</NumericValue></CompetencyEvidence>

<CompetencyWeight type='skillLevel'><NumericValue minValue='0' maxValue='100'>75</NumericValue></CompetencyWeight>

<CompetencyWeight type='skillProficiency'><StringValue minValue='BASIC' maxValue='EXCELLENT'>GOOD</StringValue></CompetencyWeight>
</Competency>

<Competency oids='51_1 ' description='Held Position' auth='no' name='Marketing &#38; Risk Management'>
<CompetencyEvidence name='Extent of Experience' typeDescription='Extent of Experience' type='MONTH' lastUsed='2011'><NumericValue description='MONTH'>5</NumericValue></CompetencyEvidence>

<CompetencyEvidence typeDescription='Alias' name='Alias'><StringValue>Marketing &#38; Risk Management</StringValue></CompetencyEvidence>

<CompetencyWeight type='skillLevel'><NumericValue minValue='0' maxValue='100'>67</NumericValue></CompetencyWeight>

<CompetencyWeight type='skillProficiency'><StringValue minValue='BASIC' maxValue='EXCELLENT'>GOOD</StringValue></CompetencyWeight>
</Competency>

<Competency oids='53_1 ' description='Held Position' auth='no' name='Instructor'>
<CompetencyEvidence name='Extent of Experience' typeDescription='Extent of Experience' type='MONTH' lastUsed='2011'><NumericValue description='MONTH'>5</NumericValue></CompetencyEvidence>

<CompetencyWeight type='skillLevel'><NumericValue minValue='0' maxValue='100'>67</NumericValue></CompetencyWeight>

<CompetencyWeight type='skillProficiency'><StringValue minValue='BASIC' maxValue='EXCELLENT'>GOOD</StringValue></CompetencyWeight>
</Competency>

<Competency oids='30_2_1 ' description='Held Position' auth='no' name='HIM IT Analyst'>
<CompetencyEvidence name='Extent of Experience' typeDescription='Extent of Experience' type='MONTH' lastUsed='2013'><NumericValue description='MONTH'>20</NumericValue></CompetencyEvidence>

<CompetencyWeight type='skillLevel'><NumericValue minValue='0' maxValue='100'>100</NumericValue></CompetencyWeight>

<CompetencyWeight type='skillProficiency'><StringValue minValue='BASIC' maxValue='EXCELLENT'>EXCELLENT</StringValue></CompetencyWeight>
</Competency>

<Competency oids='43_1_1 ' description='Held Position' auth='no' name='DOCS MEDICAL, Business Manager'>
<CompetencyEvidence name='Extent of Experience' typeDescription='Extent of Experience' type='MONTH' lastUsed='2011'><NumericValue description='MONTH'>90</NumericValue></CompetencyEvidence>

<CompetencyWeight type='skillLevel'><NumericValue minValue='0' maxValue='100'>75</NumericValue></CompetencyWeight>

<CompetencyWeight type='skillProficiency'><StringValue minValue='BASIC' maxValue='EXCELLENT'>GOOD</StringValue></CompetencyWeight>
</Competency>

<Competency oids='8 ' description='Degree/Qualification' auth='yes' name='Masters Degree > Master of Business Administration'>
<CompetencyEvidence typeDescription='Alias' name='Alias'><StringValue>MBA</StringValue></CompetencyEvidence>

<CompetencyWeight type='skillLevel'><NumericValue minValue='0' maxValue='100'>12</NumericValue></CompetencyWeight>
</Competency>

<Competency oids='7_1 ' description='Degree/Qualification' auth='no' name='Master > Master Physical Anthropology'>
<CompetencyEvidence name='Application' typeDescription='Application' type='Physical Anthropology'><StringValue>Physical Anthropology</StringValue></CompetencyEvidence>

<CompetencyEvidence typeDescription='Alias' name='Alias'><StringValue>Master of Arts, Physical Anthropology</StringValue></CompetencyEvidence>

<CompetencyWeight type='skillLevel'><NumericValue minValue='0' maxValue='100'>12</NumericValue></CompetencyWeight>
</Competency>

<Competency oids='7_1 ' description='Degree/Qualification' auth='no' name='Master > Master Arts'>
<CompetencyEvidence name='Application' typeDescription='Application' type='Arts'><StringValue>Arts</StringValue></CompetencyEvidence>

<CompetencyEvidence typeDescription='Alias' name='Alias'><StringValue>Master of Arts, Physical Anthropology</StringValue></CompetencyEvidence>

<CompetencyWeight type='skillLevel'><NumericValue minValue='0' maxValue='100'>12</NumericValue></CompetencyWeight>
</Competency>

<Competency oids='9 ' description='Degree/Qualification > Professional' auth='no' name='Certificate in Business Administration'>
<CompetencyWeight type='skillLevel'><NumericValue minValue='0' maxValue='100'>12</NumericValue></CompetencyWeight>
</Competency>

<Competency oids='6_1 ' description='Degree/Qualification' auth='yes' name='Bachelors Degree > Bachelor of Science > Bachelor of Science Pre-dental Science'>
<CompetencyEvidence name='Application' typeDescription='Application' type='Pre-dental Science'><StringValue>Pre-dental Science</StringValue></CompetencyEvidence>

<CompetencyEvidence typeDescription='Alias' name='Alias'><StringValue>Bachelor of Science, Pre-dental Science</StringValue></CompetencyEvidence>

<CompetencyWeight type='skillLevel'><NumericValue minValue='0' maxValue='100'>12</NumericValue></CompetencyWeight>
</Competency>

<Competency description='Industry' auth='yes' name='industry~it'>
<CompetencyEvidence name='skillCount' typeDescription='skillCount'><NumericValue>2</NumericValue></CompetencyEvidence>

<CompetencyWeight type='skillLevel'><NumericValue minValue='0' maxValue='100'>100</NumericValue></CompetencyWeight>
</Competency>























<RevisionDate id='1'>2013-01-05</RevisionDate>
</StructuredXMLResume>
<NonXMLResume>

<TextResume>



<span inprof='n' id='1' class='date'>{{DOCUMENT_DATESTAMP}} 2013-01-05 10:23:38 {{DOCUMENT_DATESTAMP}}</span>

<span inprof='y' id='2' class='location'>40 Lark Ct
Old Bethpage, N.Y 11804</span> 

                                                                           <span inprof='y' id='3' class='telephone'>Phone: 516-509-0846</span>
                                                                           <span inprof='y' id='4' class='email'>Email: hcfaforms@yahoo.com</span>
OBJECTIVE
To obtain a position which offers a unique opportunity in an administrative or an academic setting that will 
essentially lead to the enhancement of my professional, leadership, organizational, communication, and interpersonal 
skills.
<span inprof='n' id='5' class='edu-hist-mark'>EDUCATION</span>
<span inprof='y' id='6_1' class='qualif'>Bachelor of Science, Pre-dental Science</span>
<span inprof='y' id='6_2' class='educational'>State University of New York at Buffalo</span>                                            <span inprof='y' id='6_3' class='date'>Graduation Date: May 2000</span>

<span inprof='y' id='7_1' class='qualif'>Master of Arts, Physical Anthropology</span>
<span inprof='y' id='7_2' class='educational'>State University of New York at Buffalo</span>                                           <span inprof='y' id='7_3' class='date'>Graduation Date: May 2002</span>

<span inprof='y' id='8' class='qualif'>MBA</span> with Concentration Healthcare &#38; <span inprof='y' id='9' class='qualif'>Certificate in Business Administration</span>
<span inprof='y' id='10_1' class='educational'>Keller School of Graduate Management</span>                                     <span inprof='y' id='10_2' class='date'>Graduation Date: May 2010</span>

<span inprof='n' id='11' class='skills-qualif-mark'>COMPUTER SKILLS:</span>Experience in applications from GE, <span inprof='y' id='12' class='sofwr'>Siemens</span>, <span inprof='n' id='13' class='company'>Mckesson</span> medisoft, Allscripts, Ingenix,
Spring EMR, Nextgen, Omnimd, Athena, E-clinical,AHMS, dentrix, Ezdental, Eclipsys, <span inprof='y' id='14' class='sofwr'>Microsoft Office</span> products
(<span inprof='y' id='15' class='sofwr'>Power Point</span> <span inprof='n' id='16' class='skill'>expert</span>), <span inprof='y' id='17' class='sofwr'>Basic SAP</span>, Salesforce, HL7,<span inprof='y' id='18' class='sofwr'>Html</span>, ach transactions, ERA transactions, networking, Advanced 
<span inprof='y' id='19' class='skill'>troubleshooting,</span> <span inprof='y' id='20' class='skill'>Firewall Management</span>, <span inprof='y' id='21' class='sofwr'>SAP</span> web based <span inprof='y' id='22' class='sofwr'>ERP</span> programs, <span inprof='y' id='23' class='sofwr'>QuickBooks</span>, <span inprof='y' id='24' class='sofwr'>Peachtree</span>, <span inprof='y' id='25' class='sofwr'>Google Analytics</span>, 
<span inprof='y' id='26' class='sofwr'>Website design</span> publishing, <span inprof='y' id='27' class='sofwr'>CRM</span> apps, <span inprof='y' id='28' class='sofwr'>Web services</span>,.

<span inprof='n' id='29' class='work-hist-mark'>WORK EXPERIENCE</span>
<span inprof='y' id='30_1' class='company'>Allscripts</span>, <span inprof='y' id='30_2_1' class='role'>HIM IT Analyst</span> , <span inprof='y' id='30_3_1' class='date'>06/11</span>-<span inprof='y' id='30_3_2' class='date'>current</span>                                                      <span inprof='y' id='30_4' class='location'>Melville, New York</span>
* Support applications like Meta, EPI, FOD, <span inprof='n' id='31' class='company'>3M</span> and SRM applications within major <span inprof='n' id='32' class='location'>North Shore</span> Hospitals. ; 
* IT <span inprof='y' id='33' class='skill'>client support</span>, <span inprof='y' id='34' class='skill'>ADT testing</span>, <span inprof='y' id='35' class='skill'>Production interface maintenance</span>, meaningful use/5010 projects ; 
* Perform on-<span inprof='y' id='36' class='skill'>call support</span> by providing immediate responses to high priority requests for assistance by the 24/7
Operations teams
* Participated in <span inprof='y' id='37' class='sofwr'>SDLC</span> projects, tuning &#38; optimization, <span inprof='y' id='38' class='skill'>problem solving</span> and go-<span inprof='y' id='39' class='skill'>live events</span> ; 
* Communication with vendors and HIM departments within hospitals ; 
* HL7 regression and <span inprof='y' id='40' class='skill'>functional testing</span>, <span inprof='y' id='41' class='skill'>SQL script analysis</span> and crystal <span inprof='y' id='42' class='skill'>report writing</span>.
<span inprof='y' id='43_1_1' class='role'>DOCS MEDICAL, Business Manager</span>, <span inprof='y' id='43_2_1' class='date'>03/8</span>-<span inprof='y' id='43_2_2' class='date'>01/11</span>                                                  <span inprof='y' id='44' class='location'>Westchester, New York</span>
* Medical Billing, <span inprof='y' id='45' class='skill'>Remittance Management</span>, <span inprof='y' id='46' class='skill'>Data Analysis</span>, Conversions, <span inprof='y' id='47' class='skill'>Revenue Cycle Management</span> ; 
* <span inprof='y' id='48' class='skill'>Staff Management &#38; Development</span> ; 
* <span inprof='y' id='49' class='skill'>Business Operations development</span> &#38; <span inprof='y' id='50' class='skill'>Strategic planning</span> ; 
* Contracting &#38; Credentialing
* <span inprof='y' id='51_1' class='role'>Marketing &#38; Risk Management</span>
<span inprof='y' id='52' class='location'>Branford Hall</span>, <span inprof='y' id='53_1' class='role'>Instructor</span>, <span inprof='y' id='54_1' class='date'>02/11</span>-<span inprof='y' id='54_2' class='date'>6/11</span>                                                          <span inprof='n' id='55' class='location'>Bohemia, New York</span>
* Instructed Medical Billing &#38; Coding curriculum ; 
* Revenue cycle <span inprof='y' id='56_1' class='role'>Manager</span>.
<span inprof='y' id='57' class='company'>Centrix Solutions Services Inc</span>, <span inprof='y' id='58_1' class='role'>Manager</span>, <span inprof='y' id='59_1' class='date'>01/7</span>-<span inprof='y' id='59_2' class='date'>1/11</span>                                        <span inprof='y' id='60' class='location'>Valley Stream, New York</span>
* Medical Billing &#38; Consulting for various clients ; 
* Revenue cycle <span inprof='y' id='61_1' class='role'>Manager</span>.

<span inprof='n' id='62' class='title-line'>SKILLS</span>
Experience with multiple core technologies, including IP networking and various internet technologies 
Experience in installing, configuring, tuning and maintaining servers 
Experience in any <span inprof='n' id='63' class='company'>middleware technologies</span> 
Provide after hours and <span inprof='y' id='64' class='skill'>weekend support</span> as needed

</TextResume>

</NonXMLResume>



<UserArea>
<DaxResumeUserArea>
<AdditionalPersonalData>
<ExperienceSummary>
<TotalMonthsOfWorkExperience>230</TotalMonthsOfWorkExperience>
<TotalYearsOfWorkExperience>19</TotalYearsOfWorkExperience>
<TotalMonthsOfManagementWorkExperience>205</TotalMonthsOfManagementWorkExperience>
<TotalYearsOfManagementWorkExperience>17</TotalYearsOfManagementWorkExperience>
<TotalMonthsOfMidLevelManagementWorkExperience>90</TotalMonthsOfMidLevelManagementWorkExperience>
<TotalYearsOfMidLevelManagementWorkExperience>7.5</TotalYearsOfMidLevelManagementWorkExperience>
<TotalMonthsOfLowLevelManagementWorkExperience>115</TotalMonthsOfLowLevelManagementWorkExperience>
<TotalYearsOfLowLevelManagementWorkExperience>9.5</TotalYearsOfLowLevelManagementWorkExperience>
<ExecutiveBrief>This candidate is a resident of Old Bethpage, N.Y, US.  has been working in the IT  occupational sector for more than 19 years. Currently this candidate is employed as a HIM IT Analyst at Allscripts. This candidate has extensive knowledge of SAP, SDLC, HTML. This candidate has an extensive management experience (17 years) with exposure to executive/middle management positions.</ExecutiveBrief>
<ManagementRecord>Since 2003-08 for 90 months the candidate had experience at a executive/middle management level working as a DOCS MEDICAL, Business Manager.
Since 2001-07 for 115 months the candidate had experience at a lower grade management level working as a Manager at Centrix Solutions Services Inc.
</ManagementRecord>
</ExperienceSummary>
</AdditionalPersonalData>
<ParserInfo>
<ParserConfiguration>{max_len=50000} {tel_flag=} {send_zip=} {fast_conv=} {DEF_LOCAL=} {sdate=0} {no_email_body=0} {do_clever_zoning=1} {keep_span=1} {complex=1} {accept_langs=} {not_accept_langs=} {prefer_lang_cv=EN} {pers_only=0} {turbo=0} {split_language=0} {picture=0} {picture_inline=0} {name_space=0} {charset=} {hrxml_upgrade_edu_hist=0}{hrxml_add_languages_section=0}{spool=} {docID=} {user=DEFAULT} </ParserConfiguration>
<ParserRelease>0.12.3.32629</ParserRelease>
<ParserReleaseDate>2014-06-18</ParserReleaseDate>
<ParserSchema>2.0.29</ParserSchema>
<ParserSchemaLocation>http://cvx.daxtra.com/cvts/xsd/candidate/2.0.29/Resume.xsd</ParserSchemaLocation>
<ConverterRelease>0.5.2.32629</ConverterRelease>
<ConverterReleaseDate>2014-06-18</ConverterReleaseDate>
</ParserInfo>
<FileStruct filename='/home/izoom/anazarov/grammar/analysis/3rconnect/doc/100_Resumes-Walsh/Ritesh IT resume.pdf'>

<attachment fname='Ritesh IT resume.pdf' ftype='pdf' conv='yes' doc_type='cv' lang='EN'>/home/izoom/anazarov/grammar/analysis/3rconnect/doc/100_Resumes-Walsh/Ritesh IT resume.pdf</attachment>


</FileStruct>
</DaxResumeUserArea>
</UserArea>
</Resume>
