<?xml version='1.0' encoding='ISO-8859-1'?>
<Resume lang='en' src='DAXTRA-CVX schema:2.0.29 release:0.12.3.32629 rdate:2014-06-18'>
<StructuredXMLResume>
<ContactInfo>
<PersonName id='2'>
<FormattedName>Dan Schwartz</FormattedName>
<GivenName>Dan</GivenName>
<FamilyName>Schwartz</FamilyName>
<sex>Male</sex>
</PersonName>
<ContactMethod>
<Mobile id='4'>
<InternationalCountryCode>1</InternationalCountryCode>
<SubscriberNumber>917-587-6574</SubscriberNumber>
<FormattedNumber>+1 917-587-6574</FormattedNumber></Mobile>

<InternetEmailAddress id='5' type='main'>danschwartznyc@gmail.com</InternetEmailAddress>
<PostalAddress id='3' type='main'>
<CountryCode>US</CountryCode>
<PostalCode>10463</PostalCode>
<Region>NY</Region>
<Municipality>Riverdale</Municipality>
<DeliveryAddress>
<AddressLine>3202 Johnson Ave</AddressLine>
<StreetName>Johnson Ave.</StreetName>
<BuildingNumber>3202</BuildingNumber>
</DeliveryAddress>

</PostalAddress>
</ContactMethod>
</ContactInfo>


<EmploymentHistory>
<EmployerOrg employerOrgType='soleEmployer'>
<EmployerOrgName id='13_1'>MORGAN STANLEY</EmployerOrgName>
<EmployerContactInfo>
<LocationSummary id='13_2'>
<Municipality>New York</Municipality>
<Region>NY</Region>
<CountryCode>US</CountryCode>
</LocationSummary>
</EmployerContactInfo>
<PositionHistory positionType='PERMANENT'>

<OrgName id='13_1'>MORGAN STANLEY</OrgName>



<Description>Complex Risk Officer Registered Associate
-Series 9/10

    *Periodically review clients existing portfolios and investments to ensure proper suitability consistent with their investment objectives, risk tolerance and time horizon.

    *Daily supervision of Financial Advisors and top producers to ensure compliance with Firm and FINRA rules, regulations and policies. Work proactively to prevent high risk scenarios.

    *Daily review of Employee Trades Report and Trade Blotter to evaluate and analyze transactions to ensure compliance with SRO rules, regulations and Morgan Stanley policies and procedures.

    *Review of periodic surveillance reports including excessive trading, large margin and concentrated positions. Follow-up with Financial Advisors to determine if further action should be pursued.
    Follow-up with client phone calls and/or letters where necessary.

    *Monitor and contact Employees who are incomplete with required Compliance training and follow-up with them until completion.

    *Collaborate with Branch staff for FINRA Know Your Client remediation; improved Branch results from 23% to 98% completion, among the best results in the region.

    *Attend regional staff meetings in an effort to share ideas, feedback and best practices with employees.</Description>
<StartDate id='13_3_1'><YearMonth>2007-07</YearMonth></StartDate>
<EndDate id='13_3_2'>notApplicable</EndDate>




<JobCategory>
<TaxonomyName>JOBAREA</TaxonomyName>
<CategoryCode>accountancy</CategoryCode>
</JobCategory>


<UserArea>
<DaxPositionHistoryUserArea>
<TLSPAN first_id='13' last_id='20' border_id='24'></TLSPAN>
<MonthsOfWork>67</MonthsOfWork>
</DaxPositionHistoryUserArea>
</UserArea>
</PositionHistory>
</EmployerOrg>

<EmployerOrg employerOrgType='soleEmployer'>

<PositionHistory positionType='PERMANENT'>
<Title id='29_1'>District Risk Officer</Title>




<Description>*Work with Branch Audit Examiners by preparing and collecting required questionnaires and documents from employees and responding to Branch Examiner inquiries.  Achieved highest audit results  
*Contact clients regarding large wire transfers ($500,000+) to verify personal information to prevent fraudulent requests via email, phone or fax.

    *Provide Complex Risk Officer, clients and Financial Advisors with answers to compliance related questions and account inquiries.

    *Monitor and provide support regarding branch employees' use of social media (i.e. Linked-In) to ensure compliance with firm policies and guidelines.

    *Work with managers to resolve Financial Advisor, Compliance, District Risk Officer and client inquiries, requests and concerns.</Description>
<StartDate id='24_1'><Year>2008</Year></StartDate>
<EndDate id='24_2'><Year>2012</Year></EndDate>




<JobCategory>
<TaxonomyName>JOBAREA</TaxonomyName>
<CategoryCode>banking-finance</CategoryCode>
</JobCategory>


<UserArea>
<DaxPositionHistoryUserArea>
<TLSPAN first_id='21' last_id='29' border_id='32'></TLSPAN>
<MonthsOfWork>48</MonthsOfWork>
</DaxPositionHistoryUserArea>
</UserArea>
</PositionHistory>
</EmployerOrg>

<EmployerOrg employerOrgType='soleEmployer'>
<EmployerContactInfo>
<LocationSummary id='35'>
<Municipality>FINRA websites</Municipality>
</LocationSummary>
</EmployerContactInfo>
<PositionHistory positionType='CONTRACT'>
<Title id='31_1'>employee</Title>




<Description>*Daily review of employee outgoing mail, faxes and correspondence to ensure compliance with firm policies and regulatory requirements.  Reviewed daily employee emails  
*Work proactively to identify Financial Advisor/client/manager issues and provide solutions and remedies.

    *Activity reviews of client accounts including concentrated positions, margin and excessive trading.
    Follow-up with Financial Advisors to determine if further action is necessary including.  Send Client Contact
    letters and maintain records of all correspondence. 
    *Maintain current awareness of compliance rules and amendments through ongoing review of Morgan    Stanley and FINRA websites, Morgan Stanley internal training modules and seminars.

    * Monitor Outside Activities and Outside Business interests.

    *Work with Branch Manager in processing, researching and forwarding client complaints to the appropriate individual(s).  Collaborate with Morgan Stanley's Legal Department to assist with customer complaint investigations; meet with Morgan Stanley Attorneys to discuss and assist with the review and investigation of customer complaints and arbitration cases.</Description>
<StartDate id='32_1'><YearMonth>2007-12</YearMonth></StartDate>
<EndDate id='32_2'><YearMonth>2008-07</YearMonth></EndDate>




<JobCategory>
<TaxonomyName>JOBAREA</TaxonomyName>
<CategoryCode>secretarial</CategoryCode>
</JobCategory>


<UserArea>
<DaxPositionHistoryUserArea>
<TLSPAN first_id='30' last_id='40' border_id='41'></TLSPAN>
<MonthsOfWork>8</MonthsOfWork>
</DaxPositionHistoryUserArea>
</UserArea>
</PositionHistory>
</EmployerOrg>

<EmployerOrg employerOrgType='soleEmployer'>
<EmployerOrgName id='41_1'>MORGAN STANLEY</EmployerOrgName>
<EmployerContactInfo>
<LocationSummary id='41_2'>
<Municipality>New York</Municipality>
<Region>NY</Region>
<CountryCode>US</CountryCode>
</LocationSummary>
</EmployerContactInfo>
<PositionHistory positionType='PERMANENT'>
<Title id='41_3_1'>Client Service Associate</Title>
<OrgName id='41_1'>MORGAN STANLEY</OrgName>



<Description>*Worked as liaison to Financial Advisors, clients, Compliance and Operations to resolve client inquiries, requests and concerns.

    *Worked with Financial Advisors, Senior Producers and Branch Manager to periodically review clients' existing portfolios and investments to ensure proper suitability consistent with investment objectives, risk tolerance and time horizon.

    *Handled issues regarding customer inquiries/concerns and provided solutions and remedies.

    *Executed wire transfers, journals, stock/bond trades and transactions; assisted clients and Financial Advisors with equity research inquiries and opening new accounts.

    *Maintained awareness of compliance rules, AML procedures and SRO amendments through ongoing review of Morgan Stanley Website, Knowledge Link Courses, FINRA website and compliance seminars.

    *Worked with Compliance Manager to resolve customer issues, conflicts and/or concerns.

    *Conducted client prospecting, acquisition of new accounts and sales.

    *Communicated with clients regularly; modified client investment strategies based on evolving needs and changing market conditions. Created spreadsheets and other financial reports.</Description>
<StartDate id='41_4_1'><YearMonth>2004-08</YearMonth></StartDate>
<EndDate id='41_4_2'><YearMonth>2007-07</YearMonth></EndDate>




<JobCategory>
<TaxonomyName>JOBAREA</TaxonomyName>
<CategoryCode>customer-service</CategoryCode>
</JobCategory>


<UserArea>
<DaxPositionHistoryUserArea>
<TLSPAN first_id='41' last_id='47' border_id='48'></TLSPAN>
<MonthsOfWork>36</MonthsOfWork>
</DaxPositionHistoryUserArea>
</UserArea>
</PositionHistory>
</EmployerOrg>

<EmployerOrg employerOrgType='soleEmployer'>
<EmployerOrgName id='48_1'>AJF FINANCIAL SERVICES</EmployerOrgName>
<EmployerContactInfo>
<LocationSummary id='48_3'>
<Municipality>New York</Municipality>
<Region>NY</Region>
<CountryCode>US</CountryCode>
</LocationSummary>
</EmployerContactInfo>
<PositionHistory positionType='CONTRACT'>
<Title id='48_4_1'>Financial Consultant</Title>
<OrgName id='48_2'>SAXONY SECURITIES</OrgName>



<Description>*Conducted client prospecting, acquisition, and sales.

    *Recommended specific stock, bond, mutual fund and other investment products.

    *Created asset allocation models to meet clients' objectives.

    *Worked closely with Compliance Department to obtain approval of client correspondence
    proposals and marketing.</Description>
<StartDate id='48_5_1'><YearMonth>2004-01</YearMonth></StartDate>
<EndDate id='48_5_2'><YearMonth>2004-08</YearMonth></EndDate>



<JobLevelInfo>
<JobGrade>joblevel-nonmanager-low</JobGrade>
</JobLevelInfo>

<JobCategory>
<TaxonomyName>JOBAREA</TaxonomyName>
<CategoryCode>banking-finance</CategoryCode>
</JobCategory>


<UserArea>
<DaxPositionHistoryUserArea>
<TLSPAN first_id='48' last_id='50' border_id='51'></TLSPAN>
<MonthsOfWork>8</MonthsOfWork>
</DaxPositionHistoryUserArea>
</UserArea>
</PositionHistory>
</EmployerOrg>

<EmployerOrg employerOrgType='soleEmployer'>
<EmployerOrgName id='51_1'>BROOKS &#38; ASSOCIATES</EmployerOrgName>
<EmployerContactInfo>
<LocationSummary id='51_2'>
<Municipality>New York</Municipality>
<Region>NY</Region>
<CountryCode>US</CountryCode>
</LocationSummary>
</EmployerContactInfo>
<PositionHistory positionType='PERMANENT'>
<Title id='51_3_1'>Account Executive</Title>
<OrgName id='51_1'>BROOKS &#38; ASSOCIATES</OrgName>



<Description>*Responsible for sales, client relations, marketing and production.

    *Conducted client prospecting, acquisition and sales.

    *Created advertising models and produced TV/Radio ads to meet clients' objectives.

Professional Development</Description>
<StartDate id='51_4_1'><YearMonth>1997-03</YearMonth></StartDate>
<EndDate id='51_4_2'><YearMonth>2003-12</YearMonth></EndDate>




<JobCategory>
<TaxonomyName>JOBAREA</TaxonomyName>
<CategoryCode>sales</CategoryCode>
</JobCategory>


<UserArea>
<DaxPositionHistoryUserArea>
<TLSPAN first_id='51' last_id='52' border_id='55'></TLSPAN>
<MonthsOfWork>82</MonthsOfWork>
</DaxPositionHistoryUserArea>
</UserArea>
</PositionHistory>
</EmployerOrg>

<EmployerOrg employerOrgType='soleEmployer'>
<EmployerOrgName id='54'>WILLIAM J. O'NEIL &#38; COMPANY</EmployerOrgName>

<PositionHistory positionType='PERMANENT'>

<OrgName id='54'>WILLIAM J. O'NEIL &#38; COMPANY</OrgName>



<Description>Attended advanced investment seminars and workshops focusing on portfolio management, equity research, fundamental and technical analysis.</Description>
<StartDate id='55_1'><YearMonth>1991-01</YearMonth></StartDate>
<EndDate id='55_2'><YearMonth>1997-03</YearMonth></EndDate>




<JobCategory>
<TaxonomyName>JOBAREA</TaxonomyName>
<CategoryCode>accountancy</CategoryCode>
</JobCategory>


<UserArea>
<DaxPositionHistoryUserArea>
<TLSPAN first_id='54' last_id='58' border_id='0'></TLSPAN>
<MonthsOfWork>75</MonthsOfWork>
</DaxPositionHistoryUserArea>
</UserArea>
</PositionHistory>
</EmployerOrg>

</EmploymentHistory>
<EducationHistory>
<SchoolOrInstitution schoolType='university'>
<SchoolName id='60_1'>Syracuse University</SchoolName>
<LocationSummary id='60_2'>
<Municipality>Syracuse</Municipality>
<Region>NY</Region>
<CountryCode>US</CountryCode>
</LocationSummary>


<Degree degreeType='bachelors'>
<DegreeName id='60_3'>Bachelor of Science</DegreeName>

</Degree>
<Major id='60_3'>Telecommunications</Major>



<Comments>Bachelor of Science in Telecommunications, with concentration
in Communications Law and Ethics.</Comments>
</SchoolOrInstitution>

</EducationHistory>











<Competency oids='44 57 ' description='Skill' auth='yes' name='Equity Analysis'>
<CompetencyEvidence name='Extent of Experience' typeDescription='Extent of Experience' type='MONTH' lastUsed='2007'><NumericValue description='MONTH'>111</NumericValue></CompetencyEvidence>

<CompetencyEvidence typeDescription='Alias' name='Alias'><StringValue>equity research</StringValue></CompetencyEvidence>

<CompetencyWeight type='skillLevel'><NumericValue minValue='0' maxValue='100'>28</NumericValue></CompetencyWeight>

<CompetencyWeight type='skillProficiency'><StringValue minValue='BASIC' maxValue='EXCELLENT'>BASIC</StringValue></CompetencyWeight>
</Competency>

<Competency oids='21 23 ' description='Skill' auth='yes' name='Audit'>
<CompetencyEvidence name='Extent of Experience' typeDescription='Extent of Experience' type='MONTH' lastUsed='2012'><NumericValue description='MONTH'>48</NumericValue></CompetencyEvidence>

<CompetencyWeight type='skillLevel'><NumericValue minValue='0' maxValue='100'>91</NumericValue></CompetencyWeight>

<CompetencyWeight type='skillProficiency'><StringValue minValue='BASIC' maxValue='EXCELLENT'>EXCELLENT</StringValue></CompetencyWeight>
</Competency>

<Competency oids='58 ' description='Skill' auth='no' name='fundamental and technical analysis'>
<CompetencyEvidence name='Extent of Experience' typeDescription='Extent of Experience' type='MONTH' lastUsed='1997'><NumericValue description='MONTH'>75</NumericValue></CompetencyEvidence>

<CompetencyWeight type='skillLevel'><NumericValue minValue='0' maxValue='100'>27</NumericValue></CompetencyWeight>

<CompetencyWeight type='skillProficiency'><StringValue minValue='BASIC' maxValue='EXCELLENT'>BASIC</StringValue></CompetencyWeight>
</Competency>

<Competency oids='52 ' description='Skill' auth='no' name='Responsible for sales'>
<CompetencyEvidence name='Extent of Experience' typeDescription='Extent of Experience' type='MONTH' lastUsed='2003'><NumericValue description='MONTH'>82</NumericValue></CompetencyEvidence>

<CompetencyWeight type='skillLevel'><NumericValue minValue='0' maxValue='100'>28</NumericValue></CompetencyWeight>

<CompetencyWeight type='skillProficiency'><StringValue minValue='BASIC' maxValue='EXCELLENT'>BASIC</StringValue></CompetencyWeight>
</Competency>

<Competency oids='56 ' description='Skill' auth='yes' name='Portfolio Administration'>
<CompetencyEvidence name='Extent of Experience' typeDescription='Extent of Experience' type='MONTH' lastUsed='1997'><NumericValue description='MONTH'>75</NumericValue></CompetencyEvidence>

<CompetencyEvidence typeDescription='Alias' name='Alias'><StringValue>portfolio management</StringValue></CompetencyEvidence>

<CompetencyWeight type='skillLevel'><NumericValue minValue='0' maxValue='100'>28</NumericValue></CompetencyWeight>

<CompetencyWeight type='skillProficiency'><StringValue minValue='BASIC' maxValue='EXCELLENT'>BASIC</StringValue></CompetencyWeight>
</Competency>

<Competency oids='49 ' description='Skill' auth='yes' name='Mutual Funds'>
<CompetencyEvidence name='Extent of Experience' typeDescription='Extent of Experience' type='MONTH' lastUsed='2004'><NumericValue description='MONTH'>8</NumericValue></CompetencyEvidence>

<CompetencyEvidence typeDescription='Alias' name='Alias'><StringValue>mutual fund</StringValue></CompetencyEvidence>

<CompetencyWeight type='skillLevel'><NumericValue minValue='0' maxValue='100'>22</NumericValue></CompetencyWeight>

<CompetencyWeight type='skillProficiency'><StringValue minValue='BASIC' maxValue='EXCELLENT'>BASIC</StringValue></CompetencyWeight>
</Competency>

<Competency oids='63 ' description='Skill > IT' auth='yes' name='Microsoft Word'>
<CompetencyEvidence typeDescription='Alias' name='Alias'><StringValue>MS Word</StringValue></CompetencyEvidence>

<CompetencyWeight type='skillLevel'><NumericValue minValue='0' maxValue='100'>13</NumericValue></CompetencyWeight>
</Competency>

<Competency oids='65 ' description='Skill > IT' auth='yes' name='Microsoft PowerPoint'>
<CompetencyEvidence typeDescription='Alias' name='Alias'><StringValue>Power Point</StringValue></CompetencyEvidence>

<CompetencyWeight type='skillLevel'><NumericValue minValue='0' maxValue='100'>13</NumericValue></CompetencyWeight>
</Competency>

<Competency oids='64 ' description='Skill > IT' auth='yes' name='Microsoft Excel'>
<CompetencyEvidence typeDescription='Alias' name='Alias'><StringValue>Excel</StringValue></CompetencyEvidence>

<CompetencyWeight type='skillLevel'><NumericValue minValue='0' maxValue='100'>13</NumericValue></CompetencyWeight>
</Competency>

<Competency oids='43 ' description='Skill' auth='yes' name='Journals'>
<CompetencyEvidence name='Extent of Experience' typeDescription='Extent of Experience' type='MONTH' lastUsed='2007'><NumericValue description='MONTH'>36</NumericValue></CompetencyEvidence>

<CompetencyWeight type='skillLevel'><NumericValue minValue='0' maxValue='100'>27</NumericValue></CompetencyWeight>

<CompetencyWeight type='skillProficiency'><StringValue minValue='BASIC' maxValue='EXCELLENT'>BASIC</StringValue></CompetencyWeight>
</Competency>

<Competency oids='18 ' description='Skill' auth='yes' name='FSA Know Your Client'>
<CompetencyEvidence name='Extent of Experience' typeDescription='Extent of Experience' type='MONTH' lastUsed='2013'><NumericValue description='MONTH'>67</NumericValue></CompetencyEvidence>

<CompetencyEvidence typeDescription='Alias' name='Alias'><StringValue>Know Your Client</StringValue></CompetencyEvidence>

<CompetencyWeight type='skillLevel'><NumericValue minValue='0' maxValue='100'>99</NumericValue></CompetencyWeight>

<CompetencyWeight type='skillProficiency'><StringValue minValue='BASIC' maxValue='EXCELLENT'>EXCELLENT</StringValue></CompetencyWeight>
</Competency>

<Competency oids='15 ' description='Skill' auth='no' name='Daily supervision of Financial Advisors and top producers'>
<CompetencyEvidence name='Extent of Experience' typeDescription='Extent of Experience' type='MONTH' lastUsed='2013'><NumericValue description='MONTH'>67</NumericValue></CompetencyEvidence>

<CompetencyWeight type='skillLevel'><NumericValue minValue='0' maxValue='100'>100</NumericValue></CompetencyWeight>

<CompetencyWeight type='skillProficiency'><StringValue minValue='BASIC' maxValue='EXCELLENT'>EXCELLENT</StringValue></CompetencyWeight>
</Competency>

<Competency oids='50 ' description='Skill' auth='yes' name='Asset Allocation'>
<CompetencyEvidence name='Extent of Experience' typeDescription='Extent of Experience' type='MONTH' lastUsed='2004'><NumericValue description='MONTH'>8</NumericValue></CompetencyEvidence>

<CompetencyWeight type='skillLevel'><NumericValue minValue='0' maxValue='100'>22</NumericValue></CompetencyWeight>

<CompetencyWeight type='skillProficiency'><StringValue minValue='BASIC' maxValue='EXCELLENT'>BASIC</StringValue></CompetencyWeight>
</Competency>

<Competency oids='40 ' description='Skill' auth='yes' name='Arbitration'>
<CompetencyEvidence name='Extent of Experience' typeDescription='Extent of Experience' type='MONTH' lastUsed='2008'><NumericValue description='MONTH'>8</NumericValue></CompetencyEvidence>

<CompetencyWeight type='skillLevel'><NumericValue minValue='0' maxValue='100'>49</NumericValue></CompetencyWeight>

<CompetencyWeight type='skillProficiency'><StringValue minValue='BASIC' maxValue='EXCELLENT'>WORKING</StringValue></CompetencyWeight>
</Competency>

<Competency oids='45 ' description='Skill' auth='yes' name='Anti-Money Laundering'>
<CompetencyEvidence name='Extent of Experience' typeDescription='Extent of Experience' type='MONTH' lastUsed='2007'><NumericValue description='MONTH'>36</NumericValue></CompetencyEvidence>

<CompetencyEvidence typeDescription='Alias' name='Alias'><StringValue>AML</StringValue></CompetencyEvidence>

<CompetencyWeight type='skillLevel'><NumericValue minValue='0' maxValue='100'>25</NumericValue></CompetencyWeight>

<CompetencyWeight type='skillProficiency'><StringValue minValue='BASIC' maxValue='EXCELLENT'>BASIC</StringValue></CompetencyWeight>
</Competency>

<Competency oids='31_1 ' description='Held Position' auth='no' name='employee'>
<CompetencyEvidence name='Extent of Experience' typeDescription='Extent of Experience' type='MONTH' lastUsed='2008'><NumericValue description='MONTH'>8</NumericValue></CompetencyEvidence>

<CompetencyWeight type='skillLevel'><NumericValue minValue='0' maxValue='100'>49</NumericValue></CompetencyWeight>

<CompetencyWeight type='skillProficiency'><StringValue minValue='BASIC' maxValue='EXCELLENT'>WORKING</StringValue></CompetencyWeight>
</Competency>

<Competency oids='42_1 ' description='Held Position' auth='no' name='Senior Producers and Branch Manager'>
<CompetencyEvidence name='Extent of Experience' typeDescription='Extent of Experience' type='MONTH' lastUsed='2007'><NumericValue description='MONTH'>36</NumericValue></CompetencyEvidence>

<CompetencyWeight type='skillLevel'><NumericValue minValue='0' maxValue='100'>26</NumericValue></CompetencyWeight>

<CompetencyWeight type='skillProficiency'><StringValue minValue='BASIC' maxValue='EXCELLENT'>BASIC</StringValue></CompetencyWeight>
</Competency>

<Competency oids='48_4_1 ' description='Held Position' auth='no' name='Financial Consultant'>
<CompetencyEvidence name='Extent of Experience' typeDescription='Extent of Experience' type='MONTH' lastUsed='2004'><NumericValue description='MONTH'>8</NumericValue></CompetencyEvidence>

<CompetencyWeight type='skillLevel'><NumericValue minValue='0' maxValue='100'>22</NumericValue></CompetencyWeight>

<CompetencyWeight type='skillProficiency'><StringValue minValue='BASIC' maxValue='EXCELLENT'>BASIC</StringValue></CompetencyWeight>
</Competency>

<Competency oids='29_1 ' description='Held Position' auth='no' name='District Risk Officer'>
<CompetencyEvidence name='Extent of Experience' typeDescription='Extent of Experience' type='MONTH' lastUsed='2012'><NumericValue description='MONTH'>48</NumericValue></CompetencyEvidence>

<CompetencyWeight type='skillLevel'><NumericValue minValue='0' maxValue='100'>91</NumericValue></CompetencyWeight>

<CompetencyWeight type='skillProficiency'><StringValue minValue='BASIC' maxValue='EXCELLENT'>EXCELLENT</StringValue></CompetencyWeight>
</Competency>

<Competency oids='41_3_1 ' description='Held Position' auth='no' name='Client Service Associate'>
<CompetencyEvidence name='Extent of Experience' typeDescription='Extent of Experience' type='MONTH' lastUsed='2007'><NumericValue description='MONTH'>36</NumericValue></CompetencyEvidence>

<CompetencyWeight type='skillLevel'><NumericValue minValue='0' maxValue='100'>27</NumericValue></CompetencyWeight>

<CompetencyWeight type='skillProficiency'><StringValue minValue='BASIC' maxValue='EXCELLENT'>BASIC</StringValue></CompetencyWeight>
</Competency>

<Competency oids='51_3_1 ' description='Held Position' auth='no' name='Account Executive'>
<CompetencyEvidence name='Extent of Experience' typeDescription='Extent of Experience' type='MONTH' lastUsed='2003'><NumericValue description='MONTH'>82</NumericValue></CompetencyEvidence>

<CompetencyWeight type='skillLevel'><NumericValue minValue='0' maxValue='100'>28</NumericValue></CompetencyWeight>

<CompetencyWeight type='skillProficiency'><StringValue minValue='BASIC' maxValue='EXCELLENT'>BASIC</StringValue></CompetencyWeight>
</Competency>

<Competency oids='7 14 ' description='Degree/Qualification > Professional' auth='no' name='Series 9'>
<CompetencyWeight type='skillLevel'><NumericValue minValue='0' maxValue='100'>24</NumericValue></CompetencyWeight>
</Competency>

<Competency oids='6 ' description='Degree/Qualification > Professional' auth='no' name='Series 7'>
<CompetencyWeight type='skillLevel'><NumericValue minValue='0' maxValue='100'>12</NumericValue></CompetencyWeight>
</Competency>

<Competency oids='10 ' description='Degree/Qualification > Professional' auth='no' name='Series 65'>
<CompetencyWeight type='skillLevel'><NumericValue minValue='0' maxValue='100'>12</NumericValue></CompetencyWeight>
</Competency>

<Competency oids='9 ' description='Degree/Qualification > Professional' auth='no' name='Series 63'>
<CompetencyWeight type='skillLevel'><NumericValue minValue='0' maxValue='100'>12</NumericValue></CompetencyWeight>
</Competency>

<Competency oids='11 ' description='Degree/Qualification > Professional' auth='no' name='Series 31'>
<CompetencyWeight type='skillLevel'><NumericValue minValue='0' maxValue='100'>12</NumericValue></CompetencyWeight>
</Competency>

<Competency oids='8 ' description='Degree/Qualification > Professional' auth='no' name='Series 10'>
<CompetencyWeight type='skillLevel'><NumericValue minValue='0' maxValue='100'>12</NumericValue></CompetencyWeight>
</Competency>

<Competency oids='13_4 ' description='Degree/Qualification > Professional' auth='no' name='Complex Risk Officer Registered Associate'>
<CompetencyWeight type='skillLevel'><NumericValue minValue='0' maxValue='100'>12</NumericValue></CompetencyWeight>
</Competency>

<Competency oids='60_3 61 ' description='Degree/Qualification' auth='yes' name='Bachelors Degree > Bachelor of Science > Bachelor of Science Telecommunications'>
<CompetencyEvidence name='Application' typeDescription='Application' type='Telecommunications'><StringValue>Telecommunications</StringValue></CompetencyEvidence>

<CompetencyEvidence typeDescription='Alias' name='Alias'><StringValue>Bachelor of Science in Telecommunications</StringValue></CompetencyEvidence>

<CompetencyWeight type='skillLevel'><NumericValue minValue='0' maxValue='100'>12</NumericValue></CompetencyWeight>
</Competency>

<Competency description='Industry' auth='yes' name='industry~accountancy'>
<CompetencyEvidence name='skillCount' typeDescription='skillCount'><NumericValue>2</NumericValue></CompetencyEvidence>

<CompetencyWeight type='skillLevel'><NumericValue minValue='0' maxValue='100'>100</NumericValue></CompetencyWeight>
</Competency>























<RevisionDate id='1'>2013-01-01</RevisionDate>
</StructuredXMLResume>
<NonXMLResume>

<TextResume>



<span inprof='n' id='1' class='date'>{{DOCUMENT_DATESTAMP}} 2013-1-1 {{END_DOCUMENT_DATESTAMP}}</span>


<span inprof='y' id='2' class='nominal'>DAN SCHWARTZ</span>
<span inprof='y' id='3' class='location'>3202 Johnson Ave. Riverdale, NY 10463</span>                         <span inprof='y' id='4' class='telephone'>Cell: 917-587-6574</span>                        <span inprof='y' id='5' class='email'>E Mail:  danschwartznyc@gmail.com</span>

Licensure
<span inprof='y' id='6' class='qualif'>Series 7</span>, <span inprof='y' id='7' class='qualif'>Series 9</span>, <span inprof='y' id='8' class='qualif'>Series 10</span>, <span inprof='y' id='9' class='qualif'>Series 63</span>, <span inprof='y' id='10' class='qualif'>Series 65</span>, <span inprof='y' id='11' class='qualif'>Series 31</span>.

<span inprof='n' id='12' class='work-hist-mark'>Experience</span>

<span inprof='y' id='13_1' class='company'>MORGAN STANLEY</span>, <span inprof='y' id='13_2' class='location'>New York, NY</span>                                                                                   <span inprof='y' id='13_3_1' class='date'>7/2007</span> to <span inprof='y' id='13_3_2' class='date'>Present</span>
-<span inprof='y' id='13_4' class='qualif'>Complex Risk Officer Registered Associate</span>
-<span inprof='y' id='14' class='qualif'>Series 9</span>/10

    *Periodically review clients existing portfolios and investments to ensure proper suitability consistent with their investment objectives, risk tolerance and time horizon.

    *<span inprof='y' id='15' class='skill'>Daily supervision of Financial Advisors and top producers</span> to ensure compliance with Firm and FINRA rules, regulations and policies. Work proactively to prevent high risk scenarios.

    *Daily review <span inprof='n' id='16' class='bad-occupation'>of Employee</span> Trades Report and Trade Blotter to evaluate and analyze transactions to ensure compliance with SRO rules, regulations and <span inprof='y' id='17' class='company'>Morgan Stanley</span> policies and procedures.

    *Review of periodic surveillance reports including excessive trading, large margin and concentrated positions. Follow-up with Financial Advisors to determine if further action should be pursued.
    Follow-up with client phone calls and/or letters where necessary.

     *Monitor and contact Employees who are incomplete with required Compliance training and follow-up with them until completion.

     *Collaborate with Branch staff for FINRA <span inprof='y' id='18' class='skill'>Know Your Client</span> remediation; improved Branch results from <span inprof='n' id='19' class='percent'>23%</span> to <span inprof='n' id='20' class='percent'>98%</span> completion, among the best results in the region.

    *Attend regional staff meetings in an effort to share ideas, feedback and best practices with employees.

    *Work with Branch <span inprof='y' id='21' class='skill'>Audit</span> Examiners by preparing and collecting required questionnaires and documents from employees and responding <span inprof='n' id='22' class='bad-occupation'>to Branch Examiner</span> inquiries.  Achieved highest <span inprof='y' id='23' class='skill'>audit</span> results <span inprof='y' id='24_1' class='date'>2008</span> through <span inprof='y' id='24_2' class='date'>2012</span>.

    *Contact clients regarding large wire transfers (<span inprof='n' id='25' class='money'>$500,000</span>+) to verify personal information to prevent fraudulent requests via email, phone or fax.

    *<span inprof='n' id='26' class='bad-occupation'>Provide Complex Risk Officer</span>, clients and Financial Advisors with answers to compliance related questions and account inquiries.

    *Monitor and provide support regarding branch employees' use of social media (i.e. Linked-In) to ensure compliance with firm policies and guidelines.

    *Work <span inprof='n' id='27' class='bad-occupation'>with managers</span> <span inprof='n' id='28' class='bad-occupation'>to resolve Financial Advisor</span>, Compliance, <span inprof='y' id='29_1' class='role'>District Risk Officer</span> and client inquiries, requests and concerns.

    *Daily review <span inprof='n' id='30' class='bad-occupation'>of employee</span> outgoing mail, faxes and correspondence to ensure compliance with firm policies and regulatory requirements.  Reviewed daily <span inprof='y' id='31_1' class='role'>employee</span> emails from <span inprof='y' id='32_1' class='date'>12/2007</span> - <span inprof='y' id='32_2' class='date'>7/2008</span>.

    *Work proactively <span inprof='n' id='33' class='bad-occupation'>to identify Financial Advisor/client/manager</span> issues and provide solutions and remedies.

     *Activity reviews of client accounts including concentrated positions, margin and excessive trading.
    Follow-up with Financial Advisors to determine if further action is necessary including.  Send Client Contact
    letters and maintain records of all correspondence. 
    *Maintain current awareness of compliance rules and amendments through ongoing review of Morgan    <span inprof='n' id='34' class='company'>Stanley</span> and <span inprof='y' id='35' class='location'>FINRA websites</span>, <span inprof='y' id='36' class='company'>Morgan Stanley</span> internal training modules and seminars.

      * Monitor Outside Activities and Outside Business interests.

    *Work <span inprof='n' id='37' class='bad-occupation'>with Branch Manager</span> in processing, researching and forwarding client complaints to the appropriate individual(s).  Collaborate with <span inprof='n' id='38' class='company'>Morgan Stanley's Legal Department</span> to assist with customer complaint investigations; meet with <span inprof='n' id='39' class='company'>Morgan Stanley Attorneys</span> to discuss and assist with the review and investigation of customer complaints and <span inprof='y' id='40' class='skill'>arbitration</span> cases.


<span inprof='y' id='41_1' class='company'>MORGAN STANLEY</span>, <span inprof='y' id='41_2' class='location'>New York, NY</span>
<span inprof='y' id='41_3_1' class='role'>Client Service Associate</span>                                                                                                       <span inprof='y' id='41_4_1' class='date'>8/2004</span> to <span inprof='y' id='41_4_2' class='date'>7/2007</span>

    *Worked as liaison to Financial Advisors, clients, Compliance and Operations to resolve client inquiries, requests and concerns.

    *Worked with Financial Advisors, <span inprof='y' id='42_1' class='role'>Senior Producers and Branch Manager</span> to periodically review clients' existing portfolios and investments to ensure proper suitability consistent with investment objectives, risk tolerance and time horizon.

    *Handled issues regarding customer inquiries/concerns and provided solutions and remedies.

    *Executed wire transfers, <span inprof='y' id='43' class='skill'>journals</span>, stock/bond trades and transactions; assisted clients and Financial Advisors with <span inprof='y' id='44' class='skill'>equity research</span> inquiries and opening new accounts.

    *Maintained awareness of compliance rules, <span inprof='y' id='45' class='skill'>AML</span> procedures and SRO amendments through ongoing review of <span inprof='y' id='46' class='company'>Morgan Stanley</span> Website, Knowledge Link Courses, FINRA website and compliance seminars.

    *Worked <span inprof='n' id='47' class='bad-occupation'>with Compliance Manager</span> to resolve customer issues, conflicts and/or concerns.

    *Conducted client prospecting, acquisition of new accounts and sales.

    *Communicated with clients regularly; modified client investment strategies based on evolving needs and changing market conditions. Created spreadsheets and other financial reports.



<span inprof='y' id='48_1' class='company'>AJF FINANCIAL SERVICES</span>/<span inprof='y' id='48_2' class='company'>SAXONY SECURITIES</span>, <span inprof='y' id='48_3' class='location'>New York, NY</span>
<span inprof='y' id='48_4_1' class='role'>Financial Consultant</span>            <span inprof='y' id='48_5_1' class='date'>1/2004</span> to <span inprof='y' id='48_5_2' class='date'>8/2004</span>

    *Conducted client prospecting, acquisition, and sales.

    *Recommended specific stock, bond, <span inprof='y' id='49' class='skill'>mutual fund</span> and other investment products.

    *Created <span inprof='y' id='50' class='skill'>asset allocation</span> models to meet clients' objectives.

    *Worked closely with Compliance Department to obtain approval of client correspondence
    proposals and marketing.


<span inprof='y' id='51_1' class='company'>BROOKS &#38; ASSOCIATES</span>, <span inprof='y' id='51_2' class='location'>New York, NY</span>
<span inprof='y' id='51_3_1' class='role'>Account Executive</span>           <span inprof='y' id='51_4_1' class='date'>3/1997</span> to <span inprof='y' id='51_4_2' class='date'>12/2003</span>

    *<span inprof='y' id='52' class='skill'>Responsible for sales</span>, client relations, marketing and production.

    *Conducted client prospecting, acquisition and sales.

    *Created advertising models and produced TV/Radio ads to meet clients' objectives.


<span inprof='n' id='53' class='title-line'>Professional Development</span>


<span inprof='y' id='54' class='company'>WILLIAM J. O'NEIL &#38; COMPANY</span>, Advanced Investment Programs           <span inprof='y' id='55_1' class='date'>1/1991</span> to <span inprof='y' id='55_2' class='date'>3/1997</span>

Attended advanced investment seminars and workshops focusing on <span inprof='y' id='56' class='skill'>portfolio management</span>, <span inprof='y' id='57' class='skill'>equity research</span>, <span inprof='y' id='58' class='skill'>fundamental and technical analysis</span>.

<span inprof='n' id='59' class='edu-hist-mark'>Education</span>

<span inprof='y' id='60_1' class='educational'>Syracuse University</span>, <span inprof='y' id='60_2' class='location'>Syracuse, NY</span>, <span inprof='y' id='60_3' class='qualif'>Bachelor of Science in Telecommunications</span>, with <span inprof='y' id='61' class='qualif'>concentration
in Communications Law</span> and Ethics.

<span inprof='n' id='62' class='skills-qualif-mark'>Computer Skills</span>

Proficient with Windows based software, including <span inprof='y' id='63' class='sofwr'>MS Word</span>, <span inprof='y' id='64' class='sofwr'>Excel</span> and <span inprof='y' id='65' class='sofwr'>Power Point</span>.

</TextResume>

</NonXMLResume>



<UserArea>
<DaxResumeUserArea>
<AdditionalPersonalData>
<ExperienceSummary>
<TotalMonthsOfWorkExperience>324</TotalMonthsOfWorkExperience>
<TotalYearsOfWorkExperience>27</TotalYearsOfWorkExperience>
<ExecutiveBrief>Dan Schwartz is a resident of Riverdale, NY, US. He has been working in the Accountancy  occupational sector for more than 27 years. Currently he is employed at MORGAN STANLEY. So far Dan has not gained any managerial experience.</ExecutiveBrief>
</ExperienceSummary>
</AdditionalPersonalData>
<ParserInfo>
<ParserConfiguration>{max_len=50000} {tel_flag=} {send_zip=} {fast_conv=} {DEF_LOCAL=} {sdate=0} {no_email_body=0} {do_clever_zoning=1} {keep_span=1} {complex=1} {accept_langs=} {not_accept_langs=} {prefer_lang_cv=EN} {pers_only=0} {turbo=0} {split_language=0} {picture=0} {picture_inline=0} {name_space=0} {charset=} {hrxml_upgrade_edu_hist=0}{hrxml_add_languages_section=0}{spool=} {docID=} {user=DEFAULT} </ParserConfiguration>
<ParserRelease>0.12.3.32629</ParserRelease>
<ParserReleaseDate>2014-06-18</ParserReleaseDate>
<ParserSchema>2.0.29</ParserSchema>
<ParserSchemaLocation>http://cvx.daxtra.com/cvts/xsd/candidate/2.0.29/Resume.xsd</ParserSchemaLocation>
<ConverterRelease>0.5.2.32629</ConverterRelease>
<ConverterReleaseDate>2014-06-18</ConverterReleaseDate>
</ParserInfo>
<FileStruct filename='/home/izoom/anazarov/grammar/analysis/3rconnect/doc/100_Resumes-Walsh/Schwartz Dan__2013 Resume.doc'>

<attachment fname='Schwartz Dan__2013 Resume.doc' ftype='doc' conv='yes' doc_type='cv' lang='EN'>/home/izoom/anazarov/grammar/analysis/3rconnect/doc/100_Resumes-Walsh/Schwartz Dan__2013 Resume.doc</attachment>


</FileStruct>
</DaxResumeUserArea>
</UserArea>
</Resume>
