<?xml version='1.0' encoding='ISO-8859-1'?>
<Resume lang='en' src='DAXTRA-CVX schema:2.0.29 release:0.12.3.32629 rdate:2014-06-18'>
<StructuredXMLResume>
<ContactInfo>
<PersonName id='2'>
<FormattedName>Serena J. Quinney</FormattedName>
<GivenName>Serena</GivenName>
<MiddleName>J.</MiddleName>
<FamilyName>Quinney</FamilyName>
<sex>Female</sex>
</PersonName>
<ContactMethod>
<Telephone id='4' type='home'>
<InternationalCountryCode>1</InternationalCountryCode>
<SubscriberNumber>904 680-8714</SubscriberNumber>
<FormattedNumber>+1 904 680-8714</FormattedNumber></Telephone>

<PostalAddress id='3' type='main'>
<CountryCode>US</CountryCode>
<PostalCode>32208</PostalCode>
<Region>Fl</Region>
<Municipality>Jacksonville</Municipality>
<DeliveryAddress>
<AddressLine>7013 Elwood Avenue</AddressLine>
<StreetName>Elwood Avenue</StreetName>
<BuildingNumber>7013</BuildingNumber>
</DeliveryAddress>

</PostalAddress>
</ContactMethod>
</ContactInfo>
<ExecutiveSummary>I would like to obtain a position where my skills and abilities will be utilized to achieve my personal goals as well as the goals of the company I have the opportunity to work for.</ExecutiveSummary>


<EmploymentHistory>
<EmployerOrg employerOrgType='soleEmployer'>
<EmployerOrgName id='7_1'>Atlantic Coast Bank</EmployerOrgName>

<PositionHistory positionType='Full time'>
<Title id='7_4_1'>Senior Vault Teller</Title>
<OrgName id='7_1'>Atlantic Coast Bank</OrgName>



<Description>*  Processed checks, bonds, credit card advances, loans and credit card payments. ; 
    *  Processed night deposit bags and change orders for business customers. ; 
    *  Issued money orders, cashier's checks, traveler's checks and saving bonds. ; 
    *  Balance individual cash drawer and cash vault. ; 
    *  Processed as vault teller, selling and buying money to/from teller. ; 
    *  Ordered money for Brinks, Keyed all entries in system. ; 
    *  Scan checks for imaging department, research items as needed upon request. ; 
    *  Met branch sales quotas by cross selling bank products to new and existing customers. ; 
    *  Operated fax, and copier machine when necessary. ;</Description>
<StartDate id='7_2_1'><YearMonth>2011-06</YearMonth></StartDate>
<EndDate id='7_2_2'><YearMonth>2011-08</YearMonth></EndDate>




<JobCategory>
<TaxonomyName>JOBAREA</TaxonomyName>
<CategoryCode>banking-finance</CategoryCode>
</JobCategory>


<UserArea>
<DaxPositionHistoryUserArea>
<TLSPAN first_id='7' last_id='7' border_id='8'></TLSPAN>
<MonthsOfWork>3</MonthsOfWork>
</DaxPositionHistoryUserArea>
</UserArea>
</PositionHistory>
</EmployerOrg>

<EmployerOrg employerOrgType='soleEmployer'>
<EmployerOrgName id='8_1'>Wachovia Bank</EmployerOrgName>

<PositionHistory positionType='Part-Time'>
<Title id='8_4_1'>Teller</Title>
<OrgName id='8_1'>Wachovia Bank</OrgName>



<Description>*  Processed checks, bonds, credit cash advances, loans and credit card payments. ; 
    *  Processed night deposit bags; balance my individual drawer. ; 
    *  Issued money orders, cashier's checks, traveler's checks and saving bonds. ; 
    *  Met branch sales quotas by cross selling bank products to new and existing customers. ; 
    *  Provided great customer service. ;</Description>
<StartDate id='8_2_1'><YearMonth>2008-07</YearMonth></StartDate>
<EndDate id='8_2_2'><YearMonth>2009-06</YearMonth></EndDate>




<JobCategory>
<TaxonomyName>JOBAREA</TaxonomyName>
<CategoryCode>accountancy</CategoryCode>
</JobCategory>


<UserArea>
<DaxPositionHistoryUserArea>
<TLSPAN first_id='8' last_id='8' border_id='9'></TLSPAN>
<MonthsOfWork>12</MonthsOfWork>
</DaxPositionHistoryUserArea>
</UserArea>
</PositionHistory>
</EmployerOrg>

<EmployerOrg employerOrgType='soleEmployer'>
<EmployerOrgName id='9_1'>Nas Jax. Naval Base</EmployerOrgName>

<PositionHistory positionType='PERMANENT'>
<Title id='9_3_1'>Budget Technician</Title>
<Title id='9_3_2'>contractor</Title>
<OrgName id='9_1'>Nas Jax. Naval Base</OrgName>



<Description>*  Provided support to several Budget Analysts in 
*  Loaded, reconcile, and Balanced 010 authorizations in STARS, CFMS, and RMKS databases. ; 
    *  Created Job order numbers for military assignments. ; 
    *  Upload files into Civilian Employee Labor System and ensured uploads balanced with source files. ;</Description>
<StartDate id='9_2_1'><YearMonth>2005-08</YearMonth></StartDate>
<EndDate id='9_2_2'><YearMonth>2006-10</YearMonth></EndDate>




<JobCategory>
<TaxonomyName>JOBAREA</TaxonomyName>
<CategoryCode>accountancy</CategoryCode>
</JobCategory>


<UserArea>
<DaxPositionHistoryUserArea>
<TLSPAN first_id='9' last_id='11' border_id='14'></TLSPAN>
<MonthsOfWork>15</MonthsOfWork>
</DaxPositionHistoryUserArea>
</UserArea>
</PositionHistory>
</EmployerOrg>

<EmployerOrg employerOrgType='soleEmployer'>
<EmployerOrgName id='14_1'>Mary Kay Cosmetics</EmployerOrgName>

<PositionHistory positionType='PERMANENT'>
<Title id='14_3_1'>Independent Beauty Consultant</Title>
<OrgName id='14_1'>Mary Kay Cosmetics</OrgName>



<Description>*  Advertise my business by offering my business cards to potential clients ; 
    *  Conducts free facials by teaching men and women the importance of taking care of their skin. ; 
    *  Purchase products used to sell to potential customers. ; 
    *  Organize and keep record of my inventory ; 
    *  Introduce career opportunity and recruit customers who are looking for another source of income. ; 
    *  Provide executive gift-giving services to customers and corporations. ; 
    *  Create gift baskets for all occasions and holidays. ;</Description>
<StartDate id='14_2_1'><YearMonth>2006-08</YearMonth></StartDate>
<EndDate id='14_2_2'>notApplicable</EndDate>



<JobLevelInfo>
<JobGrade>joblevel-nonmanager-low</JobGrade>
</JobLevelInfo>



<UserArea>
<DaxPositionHistoryUserArea>
<TLSPAN first_id='14' last_id='16' border_id='17'></TLSPAN>
<MonthsOfWork>75</MonthsOfWork>
</DaxPositionHistoryUserArea>
</UserArea>
</PositionHistory>
</EmployerOrg>

<EmployerOrg employerOrgType='soleEmployer'>
<EmployerOrgName id='17_1'>Fidelity National Financial</EmployerOrgName>

<PositionHistory positionType='CONTRACT'>
<Title id='17_3_1'>Corporate Trust Accountant</Title>
<OrgName id='17_1'>Fidelity National Financial</OrgName>



<Description>*  Reconciled 100-200 accounts weekly.
    *  Kept daily maintenance on accounts. ; 
    *  Made sure Deposits, Return Items, Incoming and Outgoing Wires posted to system correctly. ; 
    *  Prepared bank statements to send out at the end of the month. ; 
    *  Provided accurate and timely information to internal and external customers. ; 
    *  Research and prepare cash over/short adjustments weekly as needed. ;</Description>
<StartDate id='17_2_1'><YearMonth>2005-01</YearMonth></StartDate>
<EndDate id='17_2_2'><YearMonth>2005-03</YearMonth></EndDate>



<JobLevelInfo>
<JobGrade>joblevel-nonmanager-low</JobGrade>
</JobLevelInfo>

<JobCategory>
<TaxonomyName>JOBAREA</TaxonomyName>
<CategoryCode>accountancy</CategoryCode>
</JobCategory>


<UserArea>
<DaxPositionHistoryUserArea>
<TLSPAN first_id='17' last_id='18' border_id='19'></TLSPAN>
<MonthsOfWork>3</MonthsOfWork>
</DaxPositionHistoryUserArea>
</UserArea>
</PositionHistory>
</EmployerOrg>

<EmployerOrg employerOrgType='soleEmployer'>
<EmployerOrgName id='19_1'>Winn Dixie Corporate Offices</EmployerOrgName>

<PositionHistory positionType='PERMANENT'>
<Title id='19_3_1'>Corporate Accountant</Title>
<OrgName id='19_1'>Winn Dixie Corporate Offices</OrgName>



<Description>*  Balancing 100-200 accounts weekly. ; 
    *  Cleared all reconciling items within a 6-week time frame. ; 
    *  Kept daily maintenance on accounts. ; 
    *  Made sure Deposits, Return Checks, Incoming and Outgoing Wires posted to system correctly. ; 
    *  Track and analyze store/bank problems. ; 
    *  Addressed all security issues regarding store discrepancies. ; 
    *  Researched and prepare cash over/short adjustments weekly as needed. ; 
    *  Provided accurate and timely information to internal and external customers. ; 
    *  Prepared bank statements to send out at the end of the month. ;</Description>
<StartDate id='19_2_1'><YearMonth>2002-12</YearMonth></StartDate>
<EndDate id='19_2_2'><YearMonth>2004-09</YearMonth></EndDate>



<JobLevelInfo>
<JobGrade>joblevel-nonmanager-low</JobGrade>
</JobLevelInfo>

<JobCategory>
<TaxonomyName>JOBAREA</TaxonomyName>
<CategoryCode>accountancy</CategoryCode>
</JobCategory>


<UserArea>
<DaxPositionHistoryUserArea>
<TLSPAN first_id='19' last_id='20' border_id='21'></TLSPAN>
<MonthsOfWork>22</MonthsOfWork>
</DaxPositionHistoryUserArea>
</UserArea>
</PositionHistory>
</EmployerOrg>

<EmployerOrg employerOrgType='soleEmployer'>
<EmployerOrgName id='21_1'>Compass Bank</EmployerOrgName>

<PositionHistory positionType='Part-time'>
<Title id='21_4_1'>Teller</Title>
<OrgName id='21_1'>Compass Bank</OrgName>



<Description>*  Processed checks, bonds, credit card advances, loans and credit card payments. ; 
    *  Issued money orders, cashier's checks, traveler's checks, and saving bonds. ; 
    *  Met branch sales quotas by cross selling bank products to new and existing customers. ; 
    *  Process night deposit bags; balance my individual work and ATM transactions daily. ; 
    *  Receive certificate for outstanding customer service phone shop. ;</Description>
<StartDate id='21_2_1'><YearMonth>2001-08</YearMonth></StartDate>
<EndDate id='21_2_2'><YearMonth>2002-09</YearMonth></EndDate>




<JobCategory>
<TaxonomyName>JOBAREA</TaxonomyName>
<CategoryCode>banking-finance</CategoryCode>
</JobCategory>


<UserArea>
<DaxPositionHistoryUserArea>
<TLSPAN first_id='21' last_id='23' border_id='24'></TLSPAN>
<MonthsOfWork>14</MonthsOfWork>
</DaxPositionHistoryUserArea>
</UserArea>
</PositionHistory>
</EmployerOrg>

<EmployerOrg employerOrgType='soleEmployer'>
<EmployerOrgName id='24_1'>Bank of America Cash Vault Services</EmployerOrgName>

<PositionHistory positionType='PERMANENT'>
<Title id='24_3_1'>Corporate Accountant</Title>
<OrgName id='24_1'>Bank of America Cash Vault Services</OrgName>



<Description>*  Reconciling 150-200 accounts and maintain them daily. ; 
    *  Balance accounts on excel spreadsheets and prepared bank statements to send out at the end of the month. ; 
    *  Made sure Deposits, Return Checks, Incoming and Outgoing Wires posted to system correctly. ; 
    *  Provided accurate and timely information to internal and external customers. ; 
    *  Tracked and analyze bank problems. ; 
    *  Address all security issues regarding discrepancies. ; 
    *  Research and prepare cash over/short adjustments weekly as needed. ;</Description>
<StartDate id='24_2_1'><YearMonth>1992-11</YearMonth></StartDate>
<EndDate id='24_2_2'><YearMonth>2001-03</YearMonth></EndDate>



<JobLevelInfo>
<JobGrade>joblevel-nonmanager-low</JobGrade>
</JobLevelInfo>

<JobCategory>
<TaxonomyName>JOBAREA</TaxonomyName>
<CategoryCode>accountancy</CategoryCode>
</JobCategory>


<UserArea>
<DaxPositionHistoryUserArea>
<TLSPAN first_id='24' last_id='24' border_id='0'></TLSPAN>
<MonthsOfWork>101</MonthsOfWork>
</DaxPositionHistoryUserArea>
</UserArea>
</PositionHistory>
</EmployerOrg>

</EmploymentHistory>
<EducationHistory>
<SchoolOrInstitution schoolType='college'>
<SchoolName id='36'>Paxon Senior High</SchoolName>








<Comments>= graduated Class of 1989
Edward Waters College= Major =Business      Minor =Elementary Education
Receive some college credits, and working towards my Bachelor Degree.</Comments>
</SchoolOrInstitution>

<SchoolOrInstitution schoolType='college'>
<SchoolName id='37'>Edward Waters College</SchoolName>



<Degree degreeType='bachelors'>
<DegreeName id='38'>Bachelor Degree</DegreeName>

</Degree>




<Comments>= Major =Business      Minor =Elementary Education
Receive some college credits, and working towards</Comments>
</SchoolOrInstitution>

</EducationHistory>











<Competency oids='18 20 ' description='Skill' auth='no' name='Kept daily maintenance'>
<CompetencyEvidence name='Extent of Experience' typeDescription='Extent of Experience' type='MONTH' lastUsed='2005'><NumericValue description='MONTH'>25</NumericValue></CompetencyEvidence>

<CompetencyWeight type='skillLevel'><NumericValue minValue='0' maxValue='100'>27</NumericValue></CompetencyWeight>

<CompetencyWeight type='skillProficiency'><StringValue minValue='BASIC' maxValue='EXCELLENT'>BASIC</StringValue></CompetencyWeight>
</Competency>

<Competency oids='22 33 ' description='Skill > IT' auth='yes' name='ATM (Asynchronous Transfer Mode)'>
<CompetencyEvidence name='Extent of Experience' typeDescription='Extent of Experience' type='MONTH' lastUsed='2002'><NumericValue description='MONTH'>14</NumericValue></CompetencyEvidence>

<CompetencyEvidence typeDescription='Alias' name='Alias'><StringValue>ATM</StringValue></CompetencyEvidence>

<CompetencyWeight type='skillLevel'><NumericValue minValue='0' maxValue='100'>24</NumericValue></CompetencyWeight>

<CompetencyWeight type='skillProficiency'><StringValue minValue='BASIC' maxValue='EXCELLENT'>BASIC</StringValue></CompetencyWeight>
</Competency>

<Competency oids='32 ' description='Skill' auth='yes' name='Payroll'>
<CompetencyWeight type='skillLevel'><NumericValue minValue='0' maxValue='100'>13</NumericValue></CompetencyWeight>
</Competency>

<Competency oids='13 ' description='Skill > IT' auth='yes' name='Microsoft Excel'>
<CompetencyEvidence typeDescription='Alias' name='Alias'><StringValue>Excel</StringValue></CompetencyEvidence>

<CompetencyWeight type='skillLevel'><NumericValue minValue='0' maxValue='100'>13</NumericValue></CompetencyWeight>
</Competency>

<Competency oids='34 ' description='Skill' auth='yes' name='Journal entries'>
<CompetencyWeight type='skillLevel'><NumericValue minValue='0' maxValue='100'>13</NumericValue></CompetencyWeight>
</Competency>

<Competency oids='27 ' description='Skill' auth='yes' name='General Ledger'>
<CompetencyWeight type='skillLevel'><NumericValue minValue='0' maxValue='100'>13</NumericValue></CompetencyWeight>
</Competency>

<Competency oids='15 ' description='Skill' auth='yes' name='Dermatology'>
<CompetencyEvidence name='Extent of Experience' typeDescription='Extent of Experience' type='MONTH' lastUsed='2012'><NumericValue description='MONTH'>75</NumericValue></CompetencyEvidence>

<CompetencyEvidence typeDescription='Alias' name='Alias'><StringValue>skin</StringValue></CompetencyEvidence>

<CompetencyWeight type='skillLevel'><NumericValue minValue='0' maxValue='100'>100</NumericValue></CompetencyWeight>

<CompetencyWeight type='skillProficiency'><StringValue minValue='BASIC' maxValue='EXCELLENT'>EXCELLENT</StringValue></CompetencyWeight>
</Competency>

<Competency oids='11 ' description='Skill > IT' auth='yes' name='CFMS'>
<CompetencyEvidence name='Extent of Experience' typeDescription='Extent of Experience' type='MONTH' lastUsed='2006'><NumericValue description='MONTH'>15</NumericValue></CompetencyEvidence>

<CompetencyWeight type='skillLevel'><NumericValue minValue='0' maxValue='100'>24</NumericValue></CompetencyWeight>

<CompetencyWeight type='skillProficiency'><StringValue minValue='BASIC' maxValue='EXCELLENT'>BASIC</StringValue></CompetencyWeight>
</Competency>

<Competency oids='8_4_1 21_4_1 ' description='Held Position' auth='no' name='Teller'>
<CompetencyEvidence name='Extent of Experience' typeDescription='Extent of Experience' type='MONTH' lastUsed='2009'><NumericValue description='MONTH'>26</NumericValue></CompetencyEvidence>

<CompetencyWeight type='skillLevel'><NumericValue minValue='0' maxValue='100'>71</NumericValue></CompetencyWeight>

<CompetencyWeight type='skillProficiency'><StringValue minValue='BASIC' maxValue='EXCELLENT'>GOOD</StringValue></CompetencyWeight>
</Competency>

<Competency oids='19_3_1 24_3_1 ' description='Held Position' auth='no' name='Corporate Accountant'>
<CompetencyEvidence name='Extent of Experience' typeDescription='Extent of Experience' type='MONTH' lastUsed='2004'><NumericValue description='MONTH'>123</NumericValue></CompetencyEvidence>

<CompetencyWeight type='skillLevel'><NumericValue minValue='0' maxValue='100'>28</NumericValue></CompetencyWeight>

<CompetencyWeight type='skillProficiency'><StringValue minValue='BASIC' maxValue='EXCELLENT'>BASIC</StringValue></CompetencyWeight>
</Competency>

<Competency oids='9_3_2 ' description='Held Position' auth='no' name='contractor'>
<CompetencyEvidence name='Extent of Experience' typeDescription='Extent of Experience' type='MONTH' lastUsed='2006'><NumericValue description='MONTH'>15</NumericValue></CompetencyEvidence>

<CompetencyWeight type='skillLevel'><NumericValue minValue='0' maxValue='100'>24</NumericValue></CompetencyWeight>

<CompetencyWeight type='skillProficiency'><StringValue minValue='BASIC' maxValue='EXCELLENT'>BASIC</StringValue></CompetencyWeight>
</Competency>

<Competency oids='25_1 ' description='Held Position' auth='no' name='Support Specialist III'>
<CompetencyWeight type='skillLevel'><NumericValue minValue='0' maxValue='100'>13</NumericValue></CompetencyWeight>
</Competency>

<Competency oids='7_4_1 ' description='Held Position' auth='no' name='Senior Vault Teller'>
<CompetencyEvidence name='Extent of Experience' typeDescription='Extent of Experience' type='MONTH' lastUsed='2011'><NumericValue description='MONTH'>3</NumericValue></CompetencyEvidence>

<CompetencyWeight type='skillLevel'><NumericValue minValue='0' maxValue='100'>83</NumericValue></CompetencyWeight>

<CompetencyWeight type='skillProficiency'><StringValue minValue='BASIC' maxValue='EXCELLENT'>EXCELLENT</StringValue></CompetencyWeight>
</Competency>

<Competency oids='16_1 ' description='Held Position' auth='no' name='Provide executive'>
<CompetencyEvidence name='Extent of Experience' typeDescription='Extent of Experience' type='MONTH' lastUsed='2012'><NumericValue description='MONTH'>75</NumericValue></CompetencyEvidence>

<CompetencyWeight type='skillLevel'><NumericValue minValue='0' maxValue='100'>99</NumericValue></CompetencyWeight>

<CompetencyWeight type='skillProficiency'><StringValue minValue='BASIC' maxValue='EXCELLENT'>EXCELLENT</StringValue></CompetencyWeight>
</Competency>

<Competency oids='14_3_1 ' description='Held Position' auth='no' name='Independent Beauty Consultant'>
<CompetencyEvidence name='Extent of Experience' typeDescription='Extent of Experience' type='MONTH' lastUsed='2012'><NumericValue description='MONTH'>75</NumericValue></CompetencyEvidence>

<CompetencyWeight type='skillLevel'><NumericValue minValue='0' maxValue='100'>100</NumericValue></CompetencyWeight>

<CompetencyWeight type='skillProficiency'><StringValue minValue='BASIC' maxValue='EXCELLENT'>EXCELLENT</StringValue></CompetencyWeight>
</Competency>

<Competency oids='17_3_1 ' description='Held Position' auth='no' name='Corporate Trust Accountant'>
<CompetencyEvidence name='Extent of Experience' typeDescription='Extent of Experience' type='MONTH' lastUsed='2005'><NumericValue description='MONTH'>3</NumericValue></CompetencyEvidence>

<CompetencyWeight type='skillLevel'><NumericValue minValue='0' maxValue='100'>21</NumericValue></CompetencyWeight>

<CompetencyWeight type='skillProficiency'><StringValue minValue='BASIC' maxValue='EXCELLENT'>BASIC</StringValue></CompetencyWeight>
</Competency>

<Competency oids='31_1 ' description='Held Position' auth='no' name='Corporate Teller'>
<CompetencyWeight type='skillLevel'><NumericValue minValue='0' maxValue='100'>13</NumericValue></CompetencyWeight>
</Competency>

<Competency oids='9_3_1 ' description='Held Position' auth='no' name='Budget Technician'>
<CompetencyEvidence name='Extent of Experience' typeDescription='Extent of Experience' type='MONTH' lastUsed='2006'><NumericValue description='MONTH'>15</NumericValue></CompetencyEvidence>

<CompetencyWeight type='skillLevel'><NumericValue minValue='0' maxValue='100'>24</NumericValue></CompetencyWeight>

<CompetencyWeight type='skillProficiency'><StringValue minValue='BASIC' maxValue='EXCELLENT'>BASIC</StringValue></CompetencyWeight>
</Competency>

<Competency oids='29_1 ' description='Held Position' auth='no' name='Administrative Assistant'>
<CompetencyWeight type='skillLevel'><NumericValue minValue='0' maxValue='100'>13</NumericValue></CompetencyWeight>
</Competency>

<Competency oids='23 ' description='Degree/Qualification > Professional' auth='no' name='Receive certificate'>
<CompetencyWeight type='skillLevel'><NumericValue minValue='0' maxValue='100'>12</NumericValue></CompetencyWeight>
</Competency>

<Competency oids='38 ' description='Degree/Qualification' auth='yes' name='Bachelors Degree'>
<CompetencyEvidence typeDescription='Alias' name='Alias'><StringValue>my Bachelor Degree</StringValue></CompetencyEvidence>

<CompetencyWeight type='skillLevel'><NumericValue minValue='0' maxValue='100'>12</NumericValue></CompetencyWeight>
</Competency>

<Competency description='Industry' auth='yes' name='industry~accountancy'>
<CompetencyEvidence name='skillCount' typeDescription='skillCount'><NumericValue>5</NumericValue></CompetencyEvidence>

<CompetencyWeight type='skillLevel'><NumericValue minValue='0' maxValue='100'>100</NumericValue></CompetencyWeight>
</Competency>























<RevisionDate id='1'>2012-10-23</RevisionDate>
</StructuredXMLResume>
<NonXMLResume>

<TextResume>



<span inprof='n' id='1' class='date'>{{DOCUMENT_DATESTAMP}} 2012-10-23 {{END_DOCUMENT_DATESTAMP}}</span>


<span inprof='y' id='2' class='nominal'>Serena J. Quinney</span>
<span inprof='y' id='3' class='location'>7013 Elwood Avenue
Jacksonville Fl 32208</span>
<span inprof='y' id='4' class='telephone'>(904) 680-8714</span>

<span inprof='n' id='5' class='title-line'>Career Objective</span>
I would like to obtain a position where my skills and abilities will be utilized to achieve my personal goals as well as the goals of the company I have the opportunity to work for.

<span inprof='n' id='6' class='work-hist-mark'>Professional Experience</span>
<span inprof='y' id='7_1' class='company'>Atlantic Coast Bank</span>                     <span inprof='y' id='7_2_1' class='date'>June 2011</span> to <span inprof='y' id='7_2_2' class='date'>August 2011</span>
<span inprof='n' id='7_3' class='occupation'>Full time</span> <span inprof='y' id='7_4_1' class='role'>Senior Vault Teller</span>
                                        *  Processed checks, bonds, credit card advances, loans and credit card payments. ; 
                                        *  Processed night deposit bags and change orders for business customers. ; 
                                        *  Issued money orders, cashier's checks, traveler's checks and saving bonds. ; 
                                        *  Balance individual cash drawer and cash vault. ; 
                                        *  Processed as vault teller, selling and buying money to/from teller. ; 
                                        *  Ordered money for Brinks, Keyed all entries in system. ; 
                                        *  Scan checks for imaging department, research items as needed upon request. ; 
                                        *  Met branch sales quotas by cross selling bank products to new and existing customers. ; 
                                        *  Operated fax, and copier machine when necessary.

<span inprof='y' id='8_1' class='company'>Wachovia Bank</span>                                                                                                      <span inprof='y' id='8_2_1' class='date'>July 2008</span> to <span inprof='y' id='8_2_2' class='date'>June 2009</span>
<span inprof='n' id='8_3' class='occupation'>Part-Time</span> <span inprof='y' id='8_4_1' class='role'>Teller</span>
    *  Processed checks, bonds, credit cash advances, loans and credit card payments. ; 
    *  Processed night deposit bags; balance my individual drawer. ; 
    *  Issued money orders, cashier's checks, traveler's checks and saving bonds. ; 
    *  Met branch sales quotas by cross selling bank products to new and existing customers. ; 
    *  Provided great customer service.

<span inprof='y' id='9_1' class='company'>Nas Jax. Naval Base</span>                                                                                         <span inprof='y' id='9_2_1' class='date'>August 2005</span> to <span inprof='y' id='9_2_2' class='date'>October 2006</span>
<span inprof='y' id='9_3_1' class='role'>Budget Technician</span>-<span inprof='y' id='9_3_2' class='role'>contractor</span>
    *  Provided support to several Budget Analysts in <span inprof='y' id='10' class='location'>the Navy Region</span> Southeast. ; 
    *  Loaded, reconcile, and Balanced 010 authorizations in STARS, <span inprof='y' id='11' class='sofwr'>CFMS</span>, and RMKS databases. ; 
    *  Created Job order numbers for military assignments. ; 
    *  Upload files into Civilian Employee Labor System and ensured uploads balanced with source files. ; 
    *  Made corrections to the <span inprof='n' id='12' class='date-range'>1930/1960</span> Labor/ Suspense Reports on a weekly basis. ; 
    *  Updated <span inprof='y' id='13' class='sofwr'>Excel</span> spreadsheet with data reports and ensured that all corrections made were reflected on reports and cleared in a timely manner.

<span inprof='y' id='14_1' class='company'>Mary Kay Cosmetics</span>                     <span inprof='y' id='14_2_1' class='date'>August 2006</span> to <span inprof='y' id='14_2_2' class='date'>Present</span>
<span inprof='y' id='14_3_1' class='role'>Independent Beauty Consultant</span>
                                       *  Advertise my business by offering my business cards to potential clients ; 
                                       *  Conducts free facials by teaching men and women the importance of taking care of their <span inprof='y' id='15' class='skill'>skin</span>. ; 
                                       *  Purchase products used to sell to potential customers. ; 
                                       *  Organize and keep record of my inventory ; 
                                       *  Introduce career opportunity and recruit customers who are looking for another source of income. ; 
                                       *  <span inprof='y' id='16_1' class='role'>Provide executive</span> gift-giving services to customers and corporations. ; 
                                       *  Create gift baskets for all occasions and holidays.

<span inprof='y' id='17_1' class='company'>Fidelity National Financial</span>                                                                                     <span inprof='y' id='17_2_1' class='date'>Jan. 2005</span> to <span inprof='y' id='17_2_2' class='date'>March 2005</span>
<span inprof='y' id='17_3_1' class='role'>Corporate Trust Accountant</span>
    *  Reconciled 100-200 accounts weekly.
    *  <span inprof='y' id='18' class='skill'>Kept daily maintenance</span> on accounts. ; 
    *  Made sure Deposits, Return Items, Incoming and Outgoing Wires posted to system correctly. ; 
    *  Prepared bank statements to send out at the end of the month. ; 
    *  Provided accurate and timely information to internal and external customers. ; 
    *  Research and prepare cash over/short adjustments weekly as needed.

<span inprof='y' id='19_1' class='company'>Winn Dixie Corporate Offices</span>                                                                                 <span inprof='y' id='19_2_1' class='date'>Dec.2002</span> to <span inprof='y' id='19_2_2' class='date'>Sept.2004</span>
<span inprof='y' id='19_3_1' class='role'>Corporate Accountant</span>
    *  Balancing 100-200 accounts weekly. ; 
    *  Cleared all reconciling items within a 6-week time frame. ; 
    *  <span inprof='y' id='20' class='skill'>Kept daily maintenance</span> on accounts. ; 
    *  Made sure Deposits, Return Checks, Incoming and Outgoing Wires posted to system correctly. ; 
    *  Track and analyze store/bank problems. ; 
    *  Addressed all security issues regarding store discrepancies. ; 
    *  Researched and prepare cash over/short adjustments weekly as needed. ; 
    *  Provided accurate and timely information to internal and external customers. ; 
    *  Prepared bank statements to send out at the end of the month.

<span inprof='y' id='21_1' class='company'>Compass Bank</span>                                                                                             <span inprof='y' id='21_2_1' class='date'>August 2001</span> to <span inprof='y' id='21_2_2' class='date'>Sept.2002</span>
 <span inprof='n' id='21_3' class='occupation'>Part-time</span> <span inprof='y' id='21_4_1' class='role'>Teller</span>
    *  Processed checks, bonds, credit card advances, loans and credit card payments. ; 
    *  Issued money orders, cashier's checks, traveler's checks, and saving bonds. ; 
    *  Met branch sales quotas by cross selling bank products to new and existing customers. ; 
    *  Process night deposit bags; balance my individual work and <span inprof='y' id='22' class='sofwr'>ATM</span> transactions daily. ; 
    *  <span inprof='y' id='23' class='qualif'>Receive certificate</span> for outstanding customer service phone shop.

<span inprof='y' id='24_1' class='company'>Bank of America Cash Vault Services</span>                                                              <span inprof='y' id='24_2_1' class='date'>Nov.92</span> to <span inprof='y' id='24_2_2' class='date'>March 2001</span>
<span inprof='y' id='24_3_1' class='role'>Corporate Accountant</span>
    *  Reconciling 150-200 accounts and maintain them daily. ; 
    *  Balance accounts on excel spreadsheets and prepared bank statements to send out at the end of the month. ; 
    *  Made sure Deposits, Return Checks, Incoming and Outgoing Wires posted to system correctly. ; 
    *  Provided accurate and timely information to internal and external customers. ; 
    *  Tracked and analyze bank problems. ; 
    *  Address all security issues regarding discrepancies. ; 
    *  Research and prepare cash over/short adjustments weekly as needed.

<span inprof='y' id='25_1' class='role'>Support Specialist III</span>
    *  Notify customers of discrepancies of <span inprof='n' id='26' class='money'>$50</span> or more. ; 
    *  Research, resolve, and offset customer's deposit discrepancies with <span inprof='y' id='27' class='skill'>general ledger</span> credits/debits. ; 
    *  Answered incoming calls for banking centers and customer to resolve complex and operational issues ; 
    *  Act as a back up <span inprof='n' id='28' class='bad-occupation'>to Vault Manager</span>'s <span inprof='y' id='29_1' class='role'>Administrative Assistant</span> ; 
    *  Communicate daily <span inprof='n' id='30' class='bad-occupation'>to Business Support Analyst</span> to schedule training for vault staff ; 
    *  Set up customer profile into the vault systems and updated when needed.

<span inprof='y' id='31_1' class='role'>Corporate Teller</span>,
    *  Utilized and process in many of the vault areas to include: Cash Control Room, Trap/Receiving, <span inprof='y' id='32' class='skill'>Payroll</span>, <span inprof='y' id='33' class='sofwr'>ATM</span>, and Banking Center Shipments. ; 
    *  Post Credits/Debits (<span inprof='y' id='34' class='skill'>Journal Entries</span>) to customer's deposits if needed.

<span inprof='n' id='35' class='edu-hist-mark'>Educational Background</span>
<span inprof='y' id='36' class='educational'>Paxon Senior High</span> = graduated Class of 1989
<span inprof='y' id='37' class='educational'>Edward Waters College</span>= Major =Business      Minor =Elementary Education
Receive some college credits, and working towards <span inprof='y' id='38' class='qualif'>my Bachelor Degree</span>.

</TextResume>

</NonXMLResume>



<UserArea>
<DaxResumeUserArea>
<AdditionalPersonalData>
<ExperienceSummary>
<TotalMonthsOfWorkExperience>245</TotalMonthsOfWorkExperience>
<TotalYearsOfWorkExperience>20</TotalYearsOfWorkExperience>
<ExecutiveBrief>Serena J. Quinney is a resident of Jacksonville, Fl, US. She has been working in the Accountancy  occupational sector for more than 20 years. During her last employment she was working as a Senior Vault Teller at Atlantic Coast Bank. So far Serena has not gained any managerial experience.</ExecutiveBrief>
</ExperienceSummary>
</AdditionalPersonalData>
<ParserInfo>
<ParserConfiguration>{max_len=50000} {tel_flag=} {send_zip=} {fast_conv=} {DEF_LOCAL=} {sdate=0} {no_email_body=0} {do_clever_zoning=1} {keep_span=1} {complex=1} {accept_langs=} {not_accept_langs=} {prefer_lang_cv=EN} {pers_only=0} {turbo=0} {split_language=0} {picture=0} {picture_inline=0} {name_space=0} {charset=} {hrxml_upgrade_edu_hist=0}{hrxml_add_languages_section=0}{spool=} {docID=} {user=DEFAULT} </ParserConfiguration>
<ParserRelease>0.12.3.32629</ParserRelease>
<ParserReleaseDate>2014-06-18</ParserReleaseDate>
<ParserSchema>2.0.29</ParserSchema>
<ParserSchemaLocation>http://cvx.daxtra.com/cvts/xsd/candidate/2.0.29/Resume.xsd</ParserSchemaLocation>
<ConverterRelease>0.5.2.32629</ConverterRelease>
<ConverterReleaseDate>2014-06-18</ConverterReleaseDate>
</ParserInfo>
<FileStruct filename='/home/izoom/anazarov/grammar/analysis/3rconnect/doc/100_Resumes-Walsh/Serena J Quinney resume..doc'>

<attachment fname='Serena J Quinney resume..doc' ftype='doc' conv='yes' doc_type='cv' lang='EN'>/home/izoom/anazarov/grammar/analysis/3rconnect/doc/100_Resumes-Walsh/Serena J Quinney resume..doc</attachment>


</FileStruct>
</DaxResumeUserArea>
</UserArea>
</Resume>
