<?xml version='1.0' encoding='ISO-8859-1'?>
<Resume lang='en' src='DAXTRA-CVX schema:2.0.29 release:0.12.3.32629 rdate:2014-06-18'>
<StructuredXMLResume>
<ContactInfo>
<PersonName id='2'>
<FormattedName>Steven T. Hicks</FormattedName>
<GivenName>Steven</GivenName>
<MiddleName>T.</MiddleName>
<FamilyName>Hicks</FamilyName>
<sex>Male</sex>
</PersonName>
<ContactMethod>
<Mobile id='4'>
<InternationalCountryCode>1</InternationalCountryCode>
<SubscriberNumber>908-461-7209</SubscriberNumber>
<FormattedNumber>+1 908-461-7209</FormattedNumber></Mobile>

<InternetEmailAddress id='5' type='main'>sthicks@bu.edu</InternetEmailAddress>
<PostalAddress id='3' type='main'>
<CountryCode>US</CountryCode>
<PostalCode>07748</PostalCode>
<Region>NJ</Region>
<Municipality>Middletown</Municipality>
<DeliveryAddress>
<AddressLine>83 Green Meadow Blvd</AddressLine>
<StreetName>Green Meadow Blvd</StreetName>
<BuildingNumber>83</BuildingNumber>
</DeliveryAddress>

</PostalAddress>
</ContactMethod>
</ContactInfo>


<EmploymentHistory>
<EmployerOrg employerOrgType='soleEmployer'>
<EmployerOrgName id='24'>Cordis Corporation</EmployerOrgName>

<PositionHistory positionType='Intern'>
<Title id='23_1'>R&#38;D Financial Analyst</Title>
<OrgName id='25'>Johnson &#38; Johnson Company</OrgName>



<Description>Cordis Corporation (a Johnson &#38; Johnson Company)
May - Aug 2011 &#38;  
*    Member of the Cardiovascular Research &#38; Development Financial Support Team ; 
    *    First Social Chair for the Cordis Intern and Co-op Association ; 
    *    Balanced work demands of 2 supervisors (Sr. Analyst, Finance Manager) ; 
    *    Actively participated on multi-national conference calls concerning financial closes ; 
    * *    Supported financial quarterly close through booking General Ledger adjusting entries  Gained working knowledge of Cognos, Wings and J.D. Edwards business operations and 
    communications systems 
    *    Developed product NPV projections with tax strategy for multi-national manufacturing</Description>
<StartDate id='27'><Year>2012</Year></StartDate>
<EndDate id='27'><Year>2012</Year></EndDate>




<JobCategory>
<TaxonomyName>JOBAREA</TaxonomyName>
<CategoryCode>accountancy</CategoryCode>
</JobCategory>


<UserArea>
<DaxPositionHistoryUserArea>
<TLSPAN first_id='23' last_id='35' border_id='36'></TLSPAN>
<MonthsOfWork>7</MonthsOfWork>
</DaxPositionHistoryUserArea>
</UserArea>
</PositionHistory>
</EmployerOrg>

<EmployerOrg employerOrgType='soleEmployer'>
<EmployerOrgName id='24'>Cordis Corporation</EmployerOrgName>

<PositionHistory positionType='Intern'>
<Title id='23_1'>R&#38;D Financial Analyst</Title>
<OrgName id='25'>Johnson &#38; Johnson Company</OrgName>



<Description>Cordis Corporation (a Johnson &#38; Johnson Company)</Description>
<StartDate id='26_1'><YearMonth>2011-05</YearMonth></StartDate>
<EndDate id='26_2'><YearMonth>2011-08</YearMonth></EndDate>




<JobCategory>
<TaxonomyName>JOBAREA</TaxonomyName>
<CategoryCode>banking-finance</CategoryCode>
</JobCategory>


<UserArea>
<DaxPositionHistoryUserArea>
<TLSPAN first_id='23' last_id='27' border_id='27'></TLSPAN>
<MonthsOfWork>4</MonthsOfWork>
</DaxPositionHistoryUserArea>
</UserArea>
</PositionHistory>
</EmployerOrg>

<EmployerOrg employerOrgType='soleEmployer'>
<EmployerOrgName id='36_1'>Landscape Design Team</EmployerOrgName>
<EmployerContactInfo>
<LocationSummary id='36_3'>
<Municipality>Lincroft</Municipality>
<Region>NJ</Region>
<CountryCode>US</CountryCode>
</LocationSummary>
</EmployerContactInfo>
<PositionHistory positionType='CONTRACT'>

<OrgName id='36_2'>Colonial Nursery</OrgName>



<Description>*    Worked with customers to create and execute specific landscape designs ;</Description>
<StartDate id='36_4_1'><YearMonth>2010-05</YearMonth></StartDate>
<EndDate id='36_4_2'><YearMonth>2010-08</YearMonth></EndDate>




<JobCategory>
<TaxonomyName>JOBAREA</TaxonomyName>
<CategoryCode>agriculture</CategoryCode>
</JobCategory>


<UserArea>
<DaxPositionHistoryUserArea>
<TLSPAN first_id='36' last_id='36' border_id='37'></TLSPAN>
<MonthsOfWork>4</MonthsOfWork>
</DaxPositionHistoryUserArea>
</UserArea>
</PositionHistory>
</EmployerOrg>

<EmployerOrg employerOrgType='soleEmployer'>

<PositionHistory positionType='CONTRACT'>





<Description>* *    Remodeled/replaced underground sprinkler and lighting systems  Previously launched and operated an independent landscaping business (</Description>
<StartDate id='37'><Year>2009</Year></StartDate>
<EndDate id='37'><Year>2009</Year></EndDate>




<JobCategory>
<TaxonomyName>JOBAREA</TaxonomyName>
<CategoryCode>agriculture</CategoryCode>
</JobCategory>


<UserArea>
<DaxPositionHistoryUserArea>
<TLSPAN first_id='37' last_id='37' border_id='38'></TLSPAN>
<MonthsOfWork>7</MonthsOfWork>
</DaxPositionHistoryUserArea>
</UserArea>
</PositionHistory>
</EmployerOrg>

<EmployerOrg employerOrgType='soleEmployer'>
<EmployerOrgName id='38_2'>McLoone's Rum Runner Restaurant</EmployerOrgName>
<EmployerContactInfo>
<LocationSummary id='38_3'>
<Municipality>Sea Bright</Municipality>
<Region>NJ</Region>
<CountryCode>US</CountryCode>
</LocationSummary>
</EmployerContactInfo>
<PositionHistory positionType='CONTRACT'>
<Title id='38_1_1'>Bus-Boy</Title>
<Title id='38_1_2'>Runner</Title>
<OrgName id='38_2'>McLoone's Rum Runner Restaurant</OrgName>




<StartDate id='39_1'><YearMonth>2008-06</YearMonth></StartDate>
<EndDate id='39_2'><YearMonth>2008-08</YearMonth></EndDate>






<UserArea>
<DaxPositionHistoryUserArea>
<TLSPAN first_id='38' last_id='39' border_id='41'></TLSPAN>
<MonthsOfWork>3</MonthsOfWork>
</DaxPositionHistoryUserArea>
</UserArea>
</PositionHistory>
</EmployerOrg>

<EmployerOrg employerOrgType='soleEmployer'>
<EmployerOrgName id='38_2'>McLoone's Rum Runner Restaurant</EmployerOrgName>

<PositionHistory positionType='CONTRACT'>
<Title id='40_2'>head of the Bus</Title>
<OrgName id='38_2'>McLoone's Rum Runner Restaurant</OrgName>



<Description>*    Handled coordination and delivery of meals to customers by working the    ``Expo'' position

SKILLS &#38; ADDITIONAL INFORMATION

    *    Proficient in Microsoft Excel, PowerPoint and Word ; 
    *    Excellent writing and communication skills ; 
    * *    Well organized, creative, responsible, works well under pressure, a fast learner  Ability to develop productive relationships and work well with individuals and teams ; 
    *    Very interested in finance and management and eager to gain experience in business</Description>
<StartDate id='41'><Year>2008</Year></StartDate>
<EndDate id='41'><Year>2008</Year></EndDate>



<JobLevelInfo>
<JobGrade>joblevel-management-mid</JobGrade>
</JobLevelInfo>

<JobCategory>
<TaxonomyName>JOBAREA</TaxonomyName>
<CategoryCode>senior</CategoryCode>
</JobCategory>


<UserArea>
<DaxPositionHistoryUserArea>
<TLSPAN first_id='40' last_id='47' border_id='0'></TLSPAN>
<MonthsOfWork>7</MonthsOfWork>
</DaxPositionHistoryUserArea>
</UserArea>
</PositionHistory>
</EmployerOrg>

<EmployerOrg employerOrgType='soleEmployer'>
<EmployerOrgName id='38_2'>McLoone's Rum Runner Restaurant</EmployerOrgName>
<EmployerContactInfo>
<LocationSummary id='38_3'>
<Municipality>Sea Bright</Municipality>
<Region>NJ</Region>
<CountryCode>US</CountryCode>
</LocationSummary>
</EmployerContactInfo>
<PositionHistory positionType='CONTRACT'>
<Title id='38_1_1'>Bus-Boy</Title>
<Title id='38_1_2'>Runner</Title>
<OrgName id='38_2'>McLoone's Rum Runner Restaurant</OrgName>




<StartDate id='38_4_1'><YearMonth>2007-06</YearMonth></StartDate>
<EndDate id='38_4_2'><YearMonth>2007-08</YearMonth></EndDate>






<UserArea>
<DaxPositionHistoryUserArea>
<TLSPAN first_id='38' last_id='39' border_id='39'></TLSPAN>
<MonthsOfWork>3</MonthsOfWork>
</DaxPositionHistoryUserArea>
</UserArea>
</PositionHistory>
</EmployerOrg>

</EmploymentHistory>
<EducationHistory>
<SchoolOrInstitution schoolType='university'>
<SchoolName id='7_1'>Boston University</SchoolName>
<LocationSummary id='7_3'>
<Municipality>Boston</Municipality>
<Region>MA</Region>
<CountryCode>US</CountryCode>
</LocationSummary>

<OrganizationUnit organizationType='mainco'>the School of Management</OrganizationUnit>
<Degree degreeType='bachelors'>
<DegreeName id='8'>Bachelor of Science</DegreeName>
<DegreeDate id='7_2'><Year>2013</Year></DegreeDate>
</Degree>
<Major id='8'>Management studies</Major>



<Comments>*    Currently pursuing a Bachelor of Science degree in Management studies with a concentration 
    o School of Management GPA: 3.3
    o University GPA: 3.0
    *    Completed courses in: Economic Calculus, Management as a System, Microeconomics,
    Macroeconomics, Financial &#38; Managerial Accounting, Statistics, Law, Organizational Behavior,
    Corporate Finance, Information Systems, Marketing, Supply Chain Management</Comments>
</SchoolOrInstitution>

<SchoolOrInstitution schoolType='college'>
<SchoolName id='20_1'>Christian Brothers Academy</SchoolName>
<LocationSummary id='20_3'>
<Municipality>Lincroft</Municipality>
<Region>NJ</Region>
<CountryCode>US</CountryCode>
</LocationSummary>






<DatesOfAttendance>
<StartDate><AnyDate>notKnown</AnyDate></StartDate>
<EndDate id='20_2'><Year>2009</Year></EndDate>
</DatesOfAttendance>
<Comments>* *    Average: 90 (second honors)  Varsity letter in baseball (3 years)</Comments>
</SchoolOrInstitution>

</EducationHistory>











<Competency oids='47 ' description='Skill' auth='no' name='develop productive relationships'>
<CompetencyEvidence name='Extent of Experience' typeDescription='Extent of Experience' type='MONTH' lastUsed='2008'><NumericValue description='MONTH'>7</NumericValue></CompetencyEvidence>

<CompetencyWeight type='skillLevel'><NumericValue minValue='0' maxValue='100'>48</NumericValue></CompetencyWeight>

<CompetencyWeight type='skillProficiency'><StringValue minValue='BASIC' maxValue='EXCELLENT'>WORKING</StringValue></CompetencyWeight>
</Competency>

<Competency oids='46 ' description='Skill' auth='no' name='communication skills'>
<CompetencyEvidence name='Extent of Experience' typeDescription='Extent of Experience' type='MONTH' lastUsed='2008'><NumericValue description='MONTH'>7</NumericValue></CompetencyEvidence>

<CompetencyWeight type='skillLevel'><NumericValue minValue='0' maxValue='100'>49</NumericValue></CompetencyWeight>

<CompetencyWeight type='skillProficiency'><StringValue minValue='BASIC' maxValue='EXCELLENT'>WORKING</StringValue></CompetencyWeight>
</Competency>

<Competency oids='35 ' description='Skill' auth='yes' name='Taxation'>
<CompetencyEvidence name='Extent of Experience' typeDescription='Extent of Experience' type='MONTH' lastUsed='2012'><NumericValue description='MONTH'>7</NumericValue></CompetencyEvidence>

<CompetencyEvidence typeDescription='Alias' name='Alias'><StringValue>tax</StringValue></CompetencyEvidence>

<CompetencyWeight type='skillLevel'><NumericValue minValue='0' maxValue='100'>97</NumericValue></CompetencyWeight>

<CompetencyWeight type='skillProficiency'><StringValue minValue='BASIC' maxValue='EXCELLENT'>EXCELLENT</StringValue></CompetencyWeight>
</Competency>

<Competency oids='45 ' description='Skill > IT' auth='yes' name='Microsoft Word'>
<CompetencyEvidence name='Extent of Experience' typeDescription='Extent of Experience' type='MONTH' lastUsed='2008'><NumericValue description='MONTH'>7</NumericValue></CompetencyEvidence>

<CompetencyEvidence typeDescription='Alias' name='Alias'><StringValue>Word</StringValue></CompetencyEvidence>

<CompetencyWeight type='skillLevel'><NumericValue minValue='0' maxValue='100'>88</NumericValue></CompetencyWeight>

<CompetencyWeight type='skillProficiency'><StringValue minValue='BASIC' maxValue='EXCELLENT'>EXCELLENT</StringValue></CompetencyWeight>
</Competency>

<Competency oids='44 ' description='Skill > IT' auth='yes' name='Microsoft PowerPoint'>
<CompetencyEvidence name='Extent of Experience' typeDescription='Extent of Experience' type='MONTH' lastUsed='2008'><NumericValue description='MONTH'>7</NumericValue></CompetencyEvidence>

<CompetencyEvidence typeDescription='Alias' name='Alias'><StringValue>PowerPoint</StringValue></CompetencyEvidence>

<CompetencyWeight type='skillLevel'><NumericValue minValue='0' maxValue='100'>88</NumericValue></CompetencyWeight>

<CompetencyWeight type='skillProficiency'><StringValue minValue='BASIC' maxValue='EXCELLENT'>EXCELLENT</StringValue></CompetencyWeight>
</Competency>

<Competency oids='43 ' description='Skill > IT' auth='yes' name='Microsoft Excel'>
<CompetencyEvidence name='Extent of Experience' typeDescription='Extent of Experience' type='MONTH' lastUsed='2008'><NumericValue description='MONTH'>7</NumericValue></CompetencyEvidence>

<CompetencyEvidence typeDescription='Alias' name='Alias'><StringValue>Proficient in Microsoft Excel</StringValue></CompetencyEvidence>

<CompetencyWeight type='skillLevel'><NumericValue minValue='0' maxValue='100'>89</NumericValue></CompetencyWeight>

<CompetencyWeight type='skillProficiency'><StringValue minValue='BASIC' maxValue='EXCELLENT'>EXCELLENT</StringValue></CompetencyWeight>
</Competency>

<Competency oids='34 ' description='Skill > IT' auth='yes' name='JDEdwards Suite'>
<CompetencyEvidence name='Extent of Experience' typeDescription='Extent of Experience' type='MONTH' lastUsed='2012'><NumericValue description='MONTH'>7</NumericValue></CompetencyEvidence>

<CompetencyEvidence typeDescription='Alias' name='Alias'><StringValue>J.D. Edwards</StringValue></CompetencyEvidence>

<CompetencyWeight type='skillLevel'><NumericValue minValue='0' maxValue='100'>70</NumericValue></CompetencyWeight>

<CompetencyWeight type='skillProficiency'><StringValue minValue='BASIC' maxValue='EXCELLENT'>GOOD</StringValue></CompetencyWeight>
</Competency>

<Competency oids='42 ' description='Skill' auth='no' name='Handled coordination'>
<CompetencyEvidence name='Extent of Experience' typeDescription='Extent of Experience' type='MONTH' lastUsed='2008'><NumericValue description='MONTH'>7</NumericValue></CompetencyEvidence>

<CompetencyWeight type='skillLevel'><NumericValue minValue='0' maxValue='100'>52</NumericValue></CompetencyWeight>

<CompetencyWeight type='skillProficiency'><StringValue minValue='BASIC' maxValue='EXCELLENT'>WORKING</StringValue></CompetencyWeight>
</Competency>

<Competency oids='32 ' description='Skill' auth='yes' name='General Ledger'>
<CompetencyEvidence name='Extent of Experience' typeDescription='Extent of Experience' type='MONTH' lastUsed='2012'><NumericValue description='MONTH'>7</NumericValue></CompetencyEvidence>

<CompetencyWeight type='skillLevel'><NumericValue minValue='0' maxValue='100'>100</NumericValue></CompetencyWeight>

<CompetencyWeight type='skillProficiency'><StringValue minValue='BASIC' maxValue='EXCELLENT'>EXCELLENT</StringValue></CompetencyWeight>
</Competency>

<Competency oids='18 ' description='Skill' auth='yes' name='Corporate Finance'>
<CompetencyWeight type='skillLevel'><NumericValue minValue='0' maxValue='100'>14</NumericValue></CompetencyWeight>
</Competency>

<Competency oids='33 ' description='Skill > IT' auth='yes' name='Cognos Impromptu'>
<CompetencyEvidence name='Extent of Experience' typeDescription='Extent of Experience' type='MONTH' lastUsed='2012'><NumericValue description='MONTH'>7</NumericValue></CompetencyEvidence>

<CompetencyEvidence typeDescription='Alias' name='Alias'><StringValue>working knowledge of Cognos</StringValue></CompetencyEvidence>

<CompetencyWeight type='skillLevel'><NumericValue minValue='0' maxValue='100'>70</NumericValue></CompetencyWeight>

<CompetencyWeight type='skillProficiency'><StringValue minValue='BASIC' maxValue='EXCELLENT'>GOOD</StringValue></CompetencyWeight>
</Competency>

<Competency oids='40_2 ' description='Held Position' auth='no' name='head of the Bus'>
<CompetencyEvidence name='Extent of Experience' typeDescription='Extent of Experience' type='MONTH' lastUsed='2008'><NumericValue description='MONTH'>7</NumericValue></CompetencyEvidence>

<CompetencyWeight type='skillLevel'><NumericValue minValue='0' maxValue='100'>52</NumericValue></CompetencyWeight>

<CompetencyWeight type='skillProficiency'><StringValue minValue='BASIC' maxValue='EXCELLENT'>WORKING</StringValue></CompetencyWeight>
</Competency>

<Competency oids='31_1 ' description='Held Position' auth='no' name='Sr. Analyst, Finance Manager'>
<CompetencyEvidence name='Extent of Experience' typeDescription='Extent of Experience' type='MONTH' lastUsed='2012'><NumericValue description='MONTH'>7</NumericValue></CompetencyEvidence>

<CompetencyWeight type='skillLevel'><NumericValue minValue='0' maxValue='100'>99</NumericValue></CompetencyWeight>

<CompetencyWeight type='skillProficiency'><StringValue minValue='BASIC' maxValue='EXCELLENT'>EXCELLENT</StringValue></CompetencyWeight>
</Competency>

<Competency oids='38_1_2 ' description='Held Position' auth='no' name='Runner'>
<CompetencyEvidence name='Extent of Experience' typeDescription='Extent of Experience' type='MONTH' lastUsed='2008'><NumericValue description='MONTH'>3</NumericValue></CompetencyEvidence>

<CompetencyWeight type='skillLevel'><NumericValue minValue='0' maxValue='100'>51</NumericValue></CompetencyWeight>

<CompetencyWeight type='skillProficiency'><StringValue minValue='BASIC' maxValue='EXCELLENT'>WORKING</StringValue></CompetencyWeight>
</Competency>

<Competency oids='23_1 ' description='Held Position' auth='no' name='R&#38;D Financial Analyst'>
<CompetencyEvidence name='Extent of Experience' typeDescription='Extent of Experience' type='MONTH' lastUsed='2012'><NumericValue description='MONTH'>7</NumericValue></CompetencyEvidence>

<CompetencyEvidence typeDescription='Alias' name='Alias'><StringValue>R&#38;D Financial Analyst</StringValue></CompetencyEvidence>

<CompetencyWeight type='skillLevel'><NumericValue minValue='0' maxValue='100'>100</NumericValue></CompetencyWeight>

<CompetencyWeight type='skillProficiency'><StringValue minValue='BASIC' maxValue='EXCELLENT'>EXCELLENT</StringValue></CompetencyWeight>
</Competency>

<Competency oids='38_1_1 ' description='Held Position' auth='no' name='Bus-Boy'>
<CompetencyEvidence name='Extent of Experience' typeDescription='Extent of Experience' type='MONTH' lastUsed='2008'><NumericValue description='MONTH'>3</NumericValue></CompetencyEvidence>

<CompetencyWeight type='skillLevel'><NumericValue minValue='0' maxValue='100'>51</NumericValue></CompetencyWeight>

<CompetencyWeight type='skillProficiency'><StringValue minValue='BASIC' maxValue='EXCELLENT'>WORKING</StringValue></CompetencyWeight>
</Competency>

<Competency oids='28 ' description='Degree/Qualification > Professional' auth='no' name='Member of the Cardiovascular Research'>
<CompetencyWeight type='skillLevel'><NumericValue minValue='0' maxValue='100'>12</NumericValue></CompetencyWeight>
</Competency>

<Competency oids='8 9 ' description='Degree/Qualification' auth='yes' name='Bachelors Degree > Bachelor of Science > Bachelor of Science Management studies'>
<CompetencyEvidence name='Application' typeDescription='Application' type='Management studies'><StringValue>Management studies</StringValue></CompetencyEvidence>

<CompetencyEvidence typeDescription='Alias' name='Alias'><StringValue>a Bachelor of Science degree in Management studies</StringValue></CompetencyEvidence>

<CompetencyWeight type='skillLevel'><NumericValue minValue='0' maxValue='100'>12</NumericValue></CompetencyWeight>
</Competency>

<Competency description='Industry' auth='yes' name='industry~accountancy'>
<CompetencyEvidence name='skillCount' typeDescription='skillCount'><NumericValue>1</NumericValue></CompetencyEvidence>

<CompetencyWeight type='skillLevel'><NumericValue minValue='0' maxValue='100'>100</NumericValue></CompetencyWeight>
</Competency>























<RevisionDate id='1'>2012-09-24</RevisionDate>
</StructuredXMLResume>
<NonXMLResume>

<TextResume>



<span inprof='n' id='1' class='date'>{{DOCUMENT_DATESTAMP}} 2012-09-24 20:26:42 {{DOCUMENT_DATESTAMP}}</span>

                                            <span inprof='y' id='2' class='nominal'>Steven T. Hicks</span>
                         <span inprof='y' id='3' class='location'>83 Green Meadow Blvd, Middletown, NJ 07748</span>
                        <span inprof='y' id='4' class='telephone'>Mobile: 908-461-7209</span>    <span inprof='y' id='5' class='email'>Email: sthicks@bu.edu</span>

<span inprof='n' id='6' class='edu-hist-mark'>EDUCATION</span>

<span inprof='y' id='7_1' class='educational'>Boston University</span> <span inprof='y' id='7_2' class='date'>2013</span>
<span inprof='y' id='7_3' class='location'>Boston, MA</span>
   *    Currently pursuing <span inprof='y' id='8' class='qualif'>a Bachelor of Science degree in Management studies</span> with a <span inprof='y' id='9' class='qualif'>concentration 
        in finance</span> from <span inprof='y' id='10' class='educational'>the School of Management</span> 
             o <span inprof='n' id='11' class='educational'>School of Management</span> <span inprof='n' id='12' class='gpa-result'>GPA: 3.3</span>
             o University <span inprof='n' id='13' class='gpa-result'>GPA: 3.0</span>
   *    <span inprof='n' id='14' class='qualif'>Completed courses</span> in: <span inprof='n' id='15' class='qualif'>Economic</span> Calculus, <span inprof='n' id='16' class='qualif'>Management as a System</span>, Microeconomics,
        Macroeconomics, Financial &#38; <span inprof='n' id='17' class='qualif'>Managerial Accounting, Statistics, Law</span>, Organizational Behavior,
        <span inprof='y' id='18' class='skill'>Corporate Finance</span>, <span inprof='n' id='19' class='qualif'>Information Systems, Marketing, Supply Chain Management</span>


<span inprof='y' id='20_1' class='educational'>Christian Brothers Academy</span> <span inprof='y' id='20_2' class='date'>2009</span>
<span inprof='y' id='20_3' class='location'>Lincroft, NJ</span>
   * *    Average: 90 (second honors)  Varsity letter in baseball (<span inprof='n' id='21' class='duration'>3 years</span>)


<span inprof='n' id='22' class='work-hist-mark'>EMPLOYMENT</span>

<span inprof='y' id='23_1' class='role'>R&#38;D Financial Analyst</span> <span inprof='n' id='23_2' class='empl-type'>Intern</span>, <span inprof='y' id='24' class='company'>Cordis Corporation</span> (a <span inprof='y' id='25' class='company'>Johnson &#38; Johnson Company</span>)
<span inprof='y' id='26_1' class='date'>May</span> - <span inprof='y' id='26_2' class='date'>Aug 2011</span> &#38; <span inprof='y' id='27' class='date'>2012</span>
   *    <span inprof='y' id='28' class='qualif'>Member of the Cardiovascular Research</span> &#38; Development Financial Support Team ; 
   *    First Social Chair <span inprof='n' id='29' class='bad-occupation'>for the Cordis Intern</span> and <span inprof='n' id='30' class='company'>Co-op Association</span> ; 
   *    Balanced work demands of 2 supervisors (<span inprof='y' id='31_1' class='role'>Sr. Analyst, Finance Manager</span>) ; 
   *    Actively participated on multi-national conference calls concerning financial closes ; 
   * *    Supported financial quarterly close through booking <span inprof='y' id='32' class='skill'>General Ledger</span> adjusting entries  Gained <span inprof='y' id='33' class='sofwr'>working knowledge of Cognos</span>, Wings and <span inprof='y' id='34' class='sofwr'>J.D. Edwards</span> business operations and 
        communications systems 
   *    Developed product NPV projections with <span inprof='y' id='35' class='skill'>tax</span> strategy for multi-national manufacturing

<span inprof='y' id='36_1' class='company'>Landscape Design Team</span>, <span inprof='y' id='36_2' class='company'>Colonial Nursery</span>, <span inprof='y' id='36_3' class='location'>Lincroft, NJ</span>
<span inprof='y' id='36_4_1' class='date'>May</span> - <span inprof='y' id='36_4_2' class='date'>Aug 2010</span>
   *    Worked with customers to create and execute specific landscape designs ; 
   * *    Remodeled/replaced underground sprinkler and lighting systems  Previously launched and operated an independent landscaping business (<span inprof='y' id='37' class='date'>Summer 2009</span>)


<span inprof='y' id='38_1_1' class='role'>Bus-Boy</span>/<span inprof='y' id='38_1_2' class='role'>Runner</span>, <span inprof='y' id='38_2' class='company'>McLoone's Rum Runner Restaurant</span>, <span inprof='y' id='38_3' class='location'>Sea Bright, NJ</span>
<span inprof='y' id='38_4_1' class='date'>June</span> - <span inprof='y' id='38_4_2' class='date'>Aug 2007</span>, <span inprof='y' id='39_1' class='date'>June</span> - <span inprof='y' id='39_2' class='date'>Aug 2008</span>
   <span inprof='n' id='40_1' class='some-position'>*    Worked as</span> <span inprof='y' id='40_2' class='role'>head of the Bus</span>/Run team (10 people) in <span inprof='y' id='41' class='date'>2008</span> ; 
   *    <span inprof='y' id='42' class='skill'>Handled coordination</span> and delivery of meals to customers by working the    ``Expo'' position


SKILLS &#38; ADDITIONAL INFORMATION


   *    <span inprof='y' id='43' class='sofwr'>Proficient in Microsoft Excel</span>, <span inprof='y' id='44' class='sofwr'>PowerPoint</span> and <span inprof='y' id='45' class='sofwr'>Word</span> ; 
   *    Excellent writing and <span inprof='y' id='46' class='skill'>communication skills</span> ; 
   * *    Well organized, creative, responsible, works well under pressure, a fast learner  Ability to <span inprof='y' id='47' class='skill'>develop productive relationships</span> and work well with individuals and teams ; 
   *    Very interested in finance and management and eager to gain experience in business

</TextResume>

</NonXMLResume>



<UserArea>
<DaxResumeUserArea>
<AdditionalPersonalData>
<ExperienceSummary>
<TotalMonthsOfWorkExperience>35</TotalMonthsOfWorkExperience>
<TotalYearsOfWorkExperience>3</TotalYearsOfWorkExperience>
<TotalMonthsOfManagementWorkExperience>7</TotalMonthsOfManagementWorkExperience>
<TotalYearsOfManagementWorkExperience>0.5</TotalYearsOfManagementWorkExperience>
<TotalMonthsOfMidLevelManagementWorkExperience>7</TotalMonthsOfMidLevelManagementWorkExperience>
<TotalYearsOfMidLevelManagementWorkExperience>0.5</TotalYearsOfMidLevelManagementWorkExperience>
<ExecutiveBrief>Steven T. Hicks is a resident of Middletown, NJ, US. He has been working in the Accountancy  occupational sector for more than 3 years. During his last employment he was working as a R&amp;D Financial Analyst at Cordis Corporation. Steven has some experience in managment (7 months) with exposure to executive/middle management positions.</ExecutiveBrief>
<ManagementRecord>Since 2008 for 7 months the candidate had experience at a executive/middle management level working as a head of the Bus/Runner at McLoone's Rum Runner Restaurant.
</ManagementRecord>
</ExperienceSummary>
</AdditionalPersonalData>
<ParserInfo>
<ParserConfiguration>{max_len=50000} {tel_flag=} {send_zip=} {fast_conv=} {DEF_LOCAL=} {sdate=0} {no_email_body=0} {do_clever_zoning=1} {keep_span=1} {complex=1} {accept_langs=} {not_accept_langs=} {prefer_lang_cv=EN} {pers_only=0} {turbo=0} {split_language=0} {picture=0} {picture_inline=0} {name_space=0} {charset=} {hrxml_upgrade_edu_hist=0}{hrxml_add_languages_section=0}{spool=} {docID=} {user=DEFAULT} </ParserConfiguration>
<ParserRelease>0.12.3.32629</ParserRelease>
<ParserReleaseDate>2014-06-18</ParserReleaseDate>
<ParserSchema>2.0.29</ParserSchema>
<ParserSchemaLocation>http://cvx.daxtra.com/cvts/xsd/candidate/2.0.29/Resume.xsd</ParserSchemaLocation>
<ConverterRelease>0.5.2.32629</ConverterRelease>
<ConverterReleaseDate>2014-06-18</ConverterReleaseDate>
</ParserInfo>
<FileStruct filename='/home/izoom/anazarov/grammar/analysis/3rconnect/doc/100_Resumes-Walsh/Steven_Hicks-Resume.pdf'>

<attachment fname='Steven_Hicks-Resume.pdf' ftype='pdf' conv='yes' doc_type='cv' lang='EN'>/home/izoom/anazarov/grammar/analysis/3rconnect/doc/100_Resumes-Walsh/Steven_Hicks-Resume.pdf</attachment>


</FileStruct>
</DaxResumeUserArea>
</UserArea>
</Resume>
