<?xml version='1.0' encoding='ISO-8859-1'?>
<Resume lang='en' src='DAXTRA-CVX schema:2.0.29 release:0.12.3.32629 rdate:2014-06-18'>
<StructuredXMLResume>
<ContactInfo>
<PersonName id='2'>
<FormattedName>Stewart J Layton</FormattedName>
<GivenName>Stewart</GivenName>
<MiddleName>J</MiddleName>
<FamilyName>Layton</FamilyName>
<sex>Male</sex>
</PersonName>
<ContactMethod>
<Mobile id='4'>
<InternationalCountryCode>1</InternationalCountryCode>
<SubscriberNumber>718 866-5006</SubscriberNumber>
<FormattedNumber>+1 718 866-5006</FormattedNumber></Mobile>

<InternetEmailAddress id='5' type='main'>stewart.blp@gmail.com</InternetEmailAddress>
<PostalAddress id='3' type='main'>
<CountryCode>US</CountryCode>
<PostalCode>07306</PostalCode>
<Region>NJ</Region>
<Municipality>Jersey City</Municipality>
<DeliveryAddress>
<AddressLine>151 Sip Avenue, Unit #3</AddressLine>
<StreetName>Sip Avenue</StreetName>
<BuildingNumber>151</BuildingNumber>
<Unit>Unit #3</Unit>
</DeliveryAddress>

</PostalAddress>
</ContactMethod>
</ContactInfo>
<ExecutiveSummary>To obtain an interesting, engaging, and challenging position in a professional Trading or Financial environment where my knowledge, skill set and accomplishments will contribute significantly.</ExecutiveSummary>


<EmploymentHistory>
<EmployerOrg employerOrgType='soleEmployer'>
<EmployerOrgName id='8_1'>Equity Trading Capital</EmployerOrgName>
<EmployerContactInfo>
<LocationSummary id='8_2'>
<Municipality>New York</Municipality>
<Region>NY</Region>
<CountryCode>US</CountryCode>
</LocationSummary>
</EmployerContactInfo>
<PositionHistory positionType='PERMANENT'>
<Title id='8_3_1'>Director of Trading Chat Room</Title>
<OrgName id='8_1'>Equity Trading Capital</OrgName>



<Description>*  Assist the Director of Trading Education ; 
    *  Monitor the online trading chat room sessions ; 
    *  Identify support and resistance levels for chat room attendees ; 
    *  Record trades executed in the chat room ; 
    *  Teach a class on the fundamentals of the trading software - Fusion ; 
    *  Maintain a log for chat room subscribers (trial customers and paying attendees) ; 
    *  Devise text for all email correspondence to subscribers and inquiring customers ; 
    *  Track and follow up on inquiries for new accounts and trading education via phone and email ;</Description>
<StartDate id='8_4_1'><YearMonth>2011-09</YearMonth></StartDate>
<EndDate id='8_4_2'>notApplicable</EndDate>



<JobLevelInfo>
<JobGrade>joblevel-management-mid</JobGrade>
</JobLevelInfo>



<UserArea>
<DaxPositionHistoryUserArea>
<TLSPAN first_id='8' last_id='10' border_id='11'></TLSPAN>
<MonthsOfWork>20</MonthsOfWork>
</DaxPositionHistoryUserArea>
</UserArea>
</PositionHistory>
</EmployerOrg>

<EmployerOrg employerOrgType='soleEmployer'>
<EmployerOrgName id='11_1'>Star Alliance Capital Partners, LLC</EmployerOrgName>
<EmployerContactInfo>
<LocationSummary id='11_2'>
<Municipality>New York</Municipality>
<Region>NY</Region>
<CountryCode>US</CountryCode>
</LocationSummary>
</EmployerContactInfo>
<PositionHistory positionType='PERMANENT'>
<Title id='11_3_1'>Proprietary Day Trader</Title>
<OrgName id='11_1'>Star Alliance Capital Partners, LLC</OrgName>



<Description>*  Analyzed pre-market news that potentially effected the stock market ; 
    *  Identified short-term trends ; 
    *  Determined entry and exit points for potential trades ; 
    *  Executed entry and exit of trades according to plan and market direction ; 
    *  Reviewed all trades to determine correct execution and mistakes ;</Description>
<StartDate id='11_4_1'><YearMonth>2010-02</YearMonth></StartDate>
<EndDate id='11_4_2'><YearMonth>2011-09</YearMonth></EndDate>




<JobCategory>
<TaxonomyName>JOBAREA</TaxonomyName>
<CategoryCode>banking-finance</CategoryCode>
</JobCategory>


<UserArea>
<DaxPositionHistoryUserArea>
<TLSPAN first_id='11' last_id='11' border_id='12'></TLSPAN>
<MonthsOfWork>20</MonthsOfWork>
</DaxPositionHistoryUserArea>
</UserArea>
</PositionHistory>
</EmployerOrg>

<EmployerOrg employerOrgType='soleEmployer'>
<EmployerOrgName id='12_1'>NYC Apartments, Inc.</EmployerOrgName>
<EmployerContactInfo>
<LocationSummary id='12_2'>
<Municipality>New York</Municipality>
<Region>NY</Region>
<CountryCode>US</CountryCode>
</LocationSummary>
</EmployerContactInfo>
<PositionHistory positionType='PERMANENT'>
<Title id='12_3_1'>Rental Assistant</Title>
<OrgName id='12_1'>NYC Apartments, Inc.</OrgName>



<Description>*  Previewed rental properties for clients ; 
    *  Provided customer service ; 
    *  Scheduled client appointments and hosted apartment viewings ; 
    *  Created and drafted  marketing materials ; 
    *  Trained new employees on marketing, client relations and the rental process ; 
    *  Promoted and organized open houses ; 
    *  Assisted with the rental application process and signing of leases ;</Description>
<StartDate id='12_4_1'><YearMonth>2008-11</YearMonth></StartDate>
<EndDate id='12_4_2'><YearMonth>2010-02</YearMonth></EndDate>



<JobLevelInfo>
<JobGrade>joblevel-nonmanager-low</JobGrade>
</JobLevelInfo>

<JobCategory>
<TaxonomyName>JOBAREA</TaxonomyName>
<CategoryCode>property</CategoryCode>
</JobCategory>


<UserArea>
<DaxPositionHistoryUserArea>
<TLSPAN first_id='12' last_id='13' border_id='14'></TLSPAN>
<MonthsOfWork>16</MonthsOfWork>
</DaxPositionHistoryUserArea>
</UserArea>
</PositionHistory>
</EmployerOrg>

<EmployerOrg employerOrgType='soleEmployer'>
<EmployerOrgName id='14_1'>Philly Connected, LLC</EmployerOrgName>
<EmployerContactInfo>
<LocationSummary id='14_2'>
<Municipality>New York</Municipality>
<Region>NY</Region>
<CountryCode>US</CountryCode>
</LocationSummary>
</EmployerContactInfo>
<PositionHistory positionType='PERMANENT'>
<Title id='14_3_1'>Founding Member</Title>
<OrgName id='14_1'>Philly Connected, LLC</OrgName>



<Description>*  Key founding member in this real estate community development company ; 
    *  Assisted in creating the company Operating Agreement, goals and objectives ; 
    *  Aided in establishing outreach initiatives to universities in Philadelphia to assist with providing quality student housing ; 
    *  Strived to improve and preserve decent, affordable housing in the Philadelphia area ; 
    *  Researched and evaluated properties for the company to purchase ;</Description>
<StartDate id='14_4_1'><YearMonth>2008-02</YearMonth></StartDate>
<EndDate id='14_4_2'><YearMonth>2009-10</YearMonth></EndDate>




<JobCategory>
<TaxonomyName>JOBAREA</TaxonomyName>
<CategoryCode>social-services~public-sector</CategoryCode>
</JobCategory>


<UserArea>
<DaxPositionHistoryUserArea>
<TLSPAN first_id='14' last_id='18' border_id='0'></TLSPAN>
<MonthsOfWork>21</MonthsOfWork>
</DaxPositionHistoryUserArea>
</UserArea>
</PositionHistory>
</EmployerOrg>

</EmploymentHistory>
<EducationHistory>
<SchoolOrInstitution schoolType='college'>




<Degree degreeType='some college'>
<DegreeName id='20_4'>Series 56</DegreeName>
<DegreeDate id='21'><Year>2013</Year></DegreeDate>
</Degree>





</SchoolOrInstitution>

<SchoolOrInstitution schoolType='university'>
<SchoolName id='20_1'>University of MO</SchoolName>
<LocationSummary id='20_2'>
<Municipality>St. Louis</Municipality>
<CountryCode>BE</CountryCode>
</LocationSummary>


<Degree degreeType='bachelors'>
<DegreeName id='19'>Bachelor of Arts</DegreeName>
<DegreeDate id='20_3'><Year>1995</Year></DegreeDate>
</Degree>





</SchoolOrInstitution>

</EducationHistory>











<Competency oids='23 ' description='Skill' auth='no' name='organizational skills'>
<CompetencyWeight type='skillLevel'><NumericValue minValue='0' maxValue='100'>13</NumericValue></CompetencyWeight>
</Competency>

<Competency oids='24 ' description='Skill' auth='no' name='making skills'>
<CompetencyWeight type='skillLevel'><NumericValue minValue='0' maxValue='100'>13</NumericValue></CompetencyWeight>
</Competency>

<Competency oids='13 ' description='Skill' auth='yes' name='Rental Properties'>
<CompetencyEvidence name='Extent of Experience' typeDescription='Extent of Experience' type='MONTH' lastUsed='2010'><NumericValue description='MONTH'>16</NumericValue></CompetencyEvidence>

<CompetencyWeight type='skillLevel'><NumericValue minValue='0' maxValue='100'>70</NumericValue></CompetencyWeight>

<CompetencyWeight type='skillProficiency'><StringValue minValue='BASIC' maxValue='EXCELLENT'>GOOD</StringValue></CompetencyWeight>
</Competency>

<Competency oids='25 ' description='Skill' auth='yes' name='Managerial Skills'>
<CompetencyWeight type='skillLevel'><NumericValue minValue='0' maxValue='100'>13</NumericValue></CompetencyWeight>
</Competency>

<Competency oids='10 ' description='Skill' auth='no' name='Identify support'>
<CompetencyEvidence name='Extent of Experience' typeDescription='Extent of Experience' type='MONTH' lastUsed='2013'><NumericValue description='MONTH'>20</NumericValue></CompetencyEvidence>

<CompetencyWeight type='skillLevel'><NumericValue minValue='0' maxValue='100'>100</NumericValue></CompetencyWeight>

<CompetencyWeight type='skillProficiency'><StringValue minValue='BASIC' maxValue='EXCELLENT'>EXCELLENT</StringValue></CompetencyWeight>
</Competency>

<Competency oids='17 ' description='Skill' auth='yes' name='Affordable Housing'>
<CompetencyEvidence name='Extent of Experience' typeDescription='Extent of Experience' type='MONTH' lastUsed='2009'><NumericValue description='MONTH'>21</NumericValue></CompetencyEvidence>

<CompetencyWeight type='skillLevel'><NumericValue minValue='0' maxValue='100'>54</NumericValue></CompetencyWeight>

<CompetencyWeight type='skillProficiency'><StringValue minValue='BASIC' maxValue='EXCELLENT'>WORKING</StringValue></CompetencyWeight>
</Competency>

<Competency oids='16_1 ' description='Held Position' auth='no' name='quality student housing'>
<CompetencyEvidence name='Extent of Experience' typeDescription='Extent of Experience' type='MONTH' lastUsed='2009'><NumericValue description='MONTH'>21</NumericValue></CompetencyEvidence>

<CompetencyWeight type='skillLevel'><NumericValue minValue='0' maxValue='100'>53</NumericValue></CompetencyWeight>

<CompetencyWeight type='skillProficiency'><StringValue minValue='BASIC' maxValue='EXCELLENT'>WORKING</StringValue></CompetencyWeight>
</Competency>

<Competency oids='12_3_1 ' description='Held Position' auth='no' name='Rental Assistant'>
<CompetencyEvidence name='Extent of Experience' typeDescription='Extent of Experience' type='MONTH' lastUsed='2010'><NumericValue description='MONTH'>16</NumericValue></CompetencyEvidence>

<CompetencyWeight type='skillLevel'><NumericValue minValue='0' maxValue='100'>70</NumericValue></CompetencyWeight>

<CompetencyWeight type='skillProficiency'><StringValue minValue='BASIC' maxValue='EXCELLENT'>GOOD</StringValue></CompetencyWeight>
</Competency>

<Competency oids='11_3_1 ' description='Held Position' auth='no' name='Proprietary Day Trader'>
<CompetencyEvidence name='Extent of Experience' typeDescription='Extent of Experience' type='MONTH' lastUsed='2011'><NumericValue description='MONTH'>20</NumericValue></CompetencyEvidence>

<CompetencyWeight type='skillLevel'><NumericValue minValue='0' maxValue='100'>72</NumericValue></CompetencyWeight>

<CompetencyWeight type='skillProficiency'><StringValue minValue='BASIC' maxValue='EXCELLENT'>GOOD</StringValue></CompetencyWeight>
</Competency>

<Competency oids='14_3_1 ' description='Held Position' auth='no' name='Founding Member'>
<CompetencyEvidence name='Extent of Experience' typeDescription='Extent of Experience' type='MONTH' lastUsed='2009'><NumericValue description='MONTH'>21</NumericValue></CompetencyEvidence>

<CompetencyWeight type='skillLevel'><NumericValue minValue='0' maxValue='100'>54</NumericValue></CompetencyWeight>

<CompetencyWeight type='skillProficiency'><StringValue minValue='BASIC' maxValue='EXCELLENT'>WORKING</StringValue></CompetencyWeight>
</Competency>

<Competency oids='8_3_1 ' description='Held Position' auth='no' name='Director of Trading Chat Room'>
<CompetencyEvidence name='Extent of Experience' typeDescription='Extent of Experience' type='MONTH' lastUsed='2013'><NumericValue description='MONTH'>20</NumericValue></CompetencyEvidence>

<CompetencyWeight type='skillLevel'><NumericValue minValue='0' maxValue='100'>100</NumericValue></CompetencyWeight>

<CompetencyWeight type='skillProficiency'><StringValue minValue='BASIC' maxValue='EXCELLENT'>EXCELLENT</StringValue></CompetencyWeight>
</Competency>

<Competency oids='20_4 ' description='Degree/Qualification > Professional' auth='no' name='Series 56'>
<CompetencyWeight type='skillLevel'><NumericValue minValue='0' maxValue='100'>12</NumericValue></CompetencyWeight>
</Competency>

<Competency oids='19 ' description='Degree/Qualification' auth='yes' name='Bachelors Degree > Bachelor of Arts'>
<CompetencyEvidence typeDescription='Alias' name='Alias'><StringValue>EDUCATION: Bachelor of Arts</StringValue></CompetencyEvidence>

<CompetencyWeight type='skillLevel'><NumericValue minValue='0' maxValue='100'>12</NumericValue></CompetencyWeight>
</Competency>

<Competency description='Industry' auth='yes' name='industry~banking-finance'>
<CompetencyEvidence name='skillCount' typeDescription='skillCount'><NumericValue>1</NumericValue></CompetencyEvidence>

<CompetencyWeight type='skillLevel'><NumericValue minValue='0' maxValue='100'>57</NumericValue></CompetencyWeight>
</Competency>























<RevisionDate id='1'>2013-04-15</RevisionDate>
</StructuredXMLResume>
<NonXMLResume>

<TextResume>



<span inprof='n' id='1' class='date'>{{DOCUMENT_DATESTAMP}} 2013-4-15 {{END_DOCUMENT_DATESTAMP}}</span>


<span inprof='y' id='2' class='nominal'>Stewart J Layton</span>
<span inprof='y' id='3' class='location'>151 Sip Avenue, Unit #3
Jersey City, NJ 07306</span>
<span inprof='y' id='4' class='telephone'>718-866-5006 (cell)</span>
<span inprof='y' id='5' class='email'>stewart.blp@gmail.com</span>



<span inprof='n' id='6' class='objectives-mark'>OBJECTIVE:</span> To obtain an interesting, engaging, and challenging position in a professional Trading or Financial environment where my knowledge, skill set and accomplishments will contribute significantly.

<span inprof='n' id='7' class='work-hist-mark'>PROFESSIONAL EXPERIENCE</span>

<span inprof='y' id='8_1' class='company'>Equity Trading Capital</span>, <span inprof='y' id='8_2' class='location'>New York, NY</span>
<span inprof='y' id='8_3_1' class='role'>Director of Trading Chat Room</span>                 <span inprof='y' id='8_4_1' class='date'>September 2011</span> - <span inprof='y' id='8_4_2' class='date'>Present</span>
                                              *  <span inprof='n' id='9' class='bad-occupation'>Assist the Director of Trading Education</span> ; 
                                              *  Monitor the online trading chat room sessions ; 
                                              *  <span inprof='y' id='10' class='skill'>Identify support</span> and resistance levels for chat room attendees ; 
                                              *  Record trades executed in the chat room ; 
                                              *  Teach a class on the fundamentals of the trading software - Fusion ; 
                                              *  Maintain a log for chat room subscribers (trial customers and paying attendees) ; 
                                              *  Devise text for all email correspondence to subscribers and inquiring customers ; 
                                              *  Track and follow up on inquiries for new accounts and trading education via phone and email

<span inprof='y' id='11_1' class='company'>Star Alliance Capital Partners, LLC</span>, <span inprof='y' id='11_2' class='location'>New York, NY</span>
<span inprof='y' id='11_3_1' class='role'>Proprietary Day Trader</span>                                                  <span inprof='y' id='11_4_1' class='date'>February 2010</span> - <span inprof='y' id='11_4_2' class='date'>September 2011</span>
    *  Analyzed pre-market news that potentially effected the stock market ; 
    *  Identified short-term trends ; 
    *  Determined entry and exit points for potential trades ; 
    *  Executed entry and exit of trades according to plan and market direction ; 
    *  Reviewed all trades to determine correct execution and mistakes

<span inprof='y' id='12_1' class='company'>NYC Apartments, Inc.</span>, <span inprof='y' id='12_2' class='location'>New York, NY</span>
<span inprof='y' id='12_3_1' class='role'>Rental Assistant</span>                                                       <span inprof='y' id='12_4_1' class='date'>November 2008</span> - <span inprof='y' id='12_4_2' class='date'>February 2010</span>
    *  Previewed <span inprof='y' id='13' class='skill'>rental properties</span> for clients ; 
    *  Provided customer service ; 
    *  Scheduled client appointments and hosted apartment viewings ; 
    *  Created and drafted  marketing materials ; 
    *  Trained new employees on marketing, client relations and the rental process ; 
    *  Promoted and organized open houses ; 
    *  Assisted with the rental application process and signing of leases

<span inprof='y' id='14_1' class='company'>Philly Connected, LLC</span>, <span inprof='y' id='14_2' class='location'>New York, NY</span>
<span inprof='y' id='14_3_1' class='role'>Founding Member</span>          <span inprof='y' id='14_4_1' class='date'>February 2008</span> - <span inprof='y' id='14_4_2' class='date'>October 2009</span>
                         *  Key founding member in this real estate community development company ; 
                         *  Assisted in creating the company Operating Agreement, goals and objectives ; 
                         *  Aided in establishing outreach initiatives to universities in <span inprof='n' id='15' class='location'>Philadelphia</span> to assist with providing <span inprof='y' id='16_1' class='role'>quality student housing</span> ; 
                         *  Strived to improve and preserve decent, <span inprof='y' id='17' class='skill'>affordable housing</span> in <span inprof='n' id='18' class='location'>the Philadelphia</span> area ; 
                         *  Researched and evaluated properties for the company to purchase

<span inprof='y' id='19' class='qualif'>EDUCATION:
Bachelor of Arts</span>           <span inprof='y' id='20_1' class='educational'>University of MO</span>-<span inprof='y' id='20_2' class='location'>St. Louis</span> 	                                   	<span inprof='y' id='20_3' class='date'>1995</span>
<span inprof='y' id='20_4' class='qualif'>Series 56</span> License         FINRA                                        <span inprof='y' id='21' class='date'>2013</span>

<span inprof='n' id='22' class='skills-qualif-mark'>SKILLS:</span>
Proficient computer skills, exceptional trading platform experience, superior communication and <span inprof='y' id='23' class='skill'>organizational skills</span>, quick decision-<span inprof='y' id='24' class='skill'>making skills</span>, ability to prioritize multiple tasks in a demanding environment, excellent <span inprof='y' id='25' class='skill'>managerial skills</span>.

<span inprof='n' id='26' class='references-mark'>REFERENCES:</span>
Available upon request

</TextResume>

</NonXMLResume>



<UserArea>
<DaxResumeUserArea>
<AdditionalPersonalData>
<ExperienceSummary>
<TotalMonthsOfWorkExperience>77</TotalMonthsOfWorkExperience>
<TotalYearsOfWorkExperience>6</TotalYearsOfWorkExperience>
<TotalMonthsOfManagementWorkExperience>20</TotalMonthsOfManagementWorkExperience>
<TotalYearsOfManagementWorkExperience>1.6</TotalYearsOfManagementWorkExperience>
<TotalMonthsOfMidLevelManagementWorkExperience>20</TotalMonthsOfMidLevelManagementWorkExperience>
<TotalYearsOfMidLevelManagementWorkExperience>1.6</TotalYearsOfMidLevelManagementWorkExperience>
<ExecutiveBrief>Stewart J Layton is a resident of Jersey City, NJ, US. He has been working in the Banking-finance  occupational sector for more than 6 years. Currently he is employed as a Director of Trading Chat Room at Equity Trading Capital. Stewart has some experience in managment (20 months) with exposure to executive/middle management positions.</ExecutiveBrief>
<ManagementRecord>Currently since 2011-09 the candidate had experience at a executive/middle management level working as a Director of Trading Chat Room at Equity Trading Capital.
</ManagementRecord>
</ExperienceSummary>
</AdditionalPersonalData>
<ParserInfo>
<ParserConfiguration>{max_len=50000} {tel_flag=} {send_zip=} {fast_conv=} {DEF_LOCAL=} {sdate=0} {no_email_body=0} {do_clever_zoning=1} {keep_span=1} {complex=1} {accept_langs=} {not_accept_langs=} {prefer_lang_cv=EN} {pers_only=0} {turbo=0} {split_language=0} {picture=0} {picture_inline=0} {name_space=0} {charset=} {hrxml_upgrade_edu_hist=0}{hrxml_add_languages_section=0}{spool=} {docID=} {user=DEFAULT} </ParserConfiguration>
<ParserRelease>0.12.3.32629</ParserRelease>
<ParserReleaseDate>2014-06-18</ParserReleaseDate>
<ParserSchema>2.0.29</ParserSchema>
<ParserSchemaLocation>http://cvx.daxtra.com/cvts/xsd/candidate/2.0.29/Resume.xsd</ParserSchemaLocation>
<ConverterRelease>0.5.2.32629</ConverterRelease>
<ConverterReleaseDate>2014-06-18</ConverterReleaseDate>
</ParserInfo>
<FileStruct filename='/home/izoom/anazarov/grammar/analysis/3rconnect/doc/100_Resumes-Walsh/Stewart Layton resume.doc'>

<attachment fname='Stewart Layton resume.doc' ftype='doc' conv='yes' doc_type='cv' lang='EN'>/home/izoom/anazarov/grammar/analysis/3rconnect/doc/100_Resumes-Walsh/Stewart Layton resume.doc</attachment>


</FileStruct>
</DaxResumeUserArea>
</UserArea>
</Resume>
