<?xml version='1.0' encoding='ISO-8859-1'?>
<Resume lang='en' src='DAXTRA-CVX schema:2.0.29 release:0.12.3.32629 rdate:2014-06-18'>
<StructuredXMLResume>
<ContactInfo>
<PersonName id='1' oids='1 6 '>
<FormattedName>Richard Steinmesser</FormattedName>
<GivenName>Richard</GivenName>
<FamilyName>Steinmesser</FamilyName>
<sex>Male</sex>
</PersonName>
<ContactMethod>
<Telephone id='2' oids='2 8 ' type='home'>
<InternationalCountryCode>1</InternationalCountryCode>
<SubscriberNumber>732 842-4137</SubscriberNumber>
<FormattedNumber>+1 732 842-4137</FormattedNumber></Telephone>

<Mobile id='3' oids='3 9 '>
<InternationalCountryCode>1</InternationalCountryCode>
<SubscriberNumber>732 742-6371</SubscriberNumber>
<FormattedNumber>+1 732 742-6371</FormattedNumber></Mobile>

<InternetEmailAddress id='7' type='main'>Rfslnn16@verizon.net</InternetEmailAddress>
<PostalAddress id='8' type='main'>
<CountryCode>US</CountryCode>
<PostalCode>07739</PostalCode>
<Region>NJ</Region>
<Municipality>Little Silver</Municipality>
<DeliveryAddress>
<AddressLine>133 Birch Avenue</AddressLine>
<StreetName>Birch Avenue</StreetName>
<BuildingNumber>133</BuildingNumber>
</DeliveryAddress>

</PostalAddress>
</ContactMethod>
</ContactInfo>
<ExecutiveSummary>Self-directed and highly-knowledgeable financial executive with over 20 years of progressively responsible experience in the investment banking industry. Displays an effective and productive management style with proven ability to provide quality customer service for high net-worth individuals and companies in a fast-paced financial setting. Expertise in effective customer relations, back office operations, account reconciliation and compliance relating to books and records. Earned commitment from team members; recognizes importance of contributions, rules and accountability.</ExecutiveSummary>


<EmploymentHistory>
<EmployerOrg employerOrgType='soleEmployer'>
<EmployerOrgName id='27_1'>Weichert Realtors</EmployerOrgName>
<EmployerContactInfo>
<LocationSummary id='27_2'>
<Municipality>Rumson</Municipality>
<Region>NJ</Region>
<CountryCode>US</CountryCode>
</LocationSummary>
</EmployerContactInfo>
<PositionHistory>
<Title id='27_3_1'>Sales Associate - Residential Real Estate</Title>
<OrgName id='27_1'>Weichert Realtors</OrgName>



<Description>Independent Contractor matching up buyers and sellers to residential real estate properties.</Description>
<StartDate id='27_4_1'><YearMonth>2012-09</YearMonth></StartDate>
<EndDate id='27_4_2'>notApplicable</EndDate>






<UserArea>
<DaxPositionHistoryUserArea>
<TLSPAN first_id='27' last_id='29' border_id='33'></TLSPAN>
<MonthsOfWork>5</MonthsOfWork>
</DaxPositionHistoryUserArea>
</UserArea>
</PositionHistory>
</EmployerOrg>

<EmployerOrg employerOrgType='soleEmployer'>
<EmployerContactInfo>
<LocationSummary id='44'>
<Municipality>Manhattan</Municipality>
<Region>NY</Region>
<CountryCode>US</CountryCode>
</LocationSummary>
</EmployerContactInfo>
<PositionHistory positionType='PERMANENT'>
<Title id='33_1_1'>Assistant Vice President - Futures Margins/Futures Operations</Title>




<Description>Reported directly to Senior VP of Operations throughout the management of the back office (operations support). Managed between 300 to 500 Margins calls a day. Supervised, trained and developed Margins Analysts in verification and release of Margins' payments to institutional and hedge fund clients. Oversaw up to 500 account collateral transactions, over 1000 trade allocations and verification of commission schedules daily. Interacted with middle office in the reconciliation of 15 house accounts. Ensured all trades and money flow were accurately posted to accounts. 
    *  Participated in testing and transition of new payment system from Smart Maps to PTM, resulting in a more efficient movement and receipt of funds. ; 
    *  Continually identified and resolved client challenges relating to commission charges, trade errors and missing money, which served to strengthen relationships between client and Barclays. ; 
    *  Supported trade allocations and commission input into Barclays GMI system.  Reported volume errors to senior management. ; 
    *  Consistently met daily corporate goals, requirements and deadlines surrounding margins' payments and
in-house account trading. 
    *  Suggested improved method of reconciliation for in-house accounts and oversaw writing of procedures prior to implementation. ; 
    *  Complied with all corporate, CFTC and FIA rules regulations and guidelines.
Lehman Brothers, Manhattan, New York ,</Description>
<StartDate id='33_2_1'><YearMonth>2008-12</YearMonth></StartDate>
<EndDate id='33_2_2'><YearMonth>2011-08</YearMonth></EndDate>



<JobLevelInfo>
<JobGrade>joblevel-management-senior</JobGrade>
</JobLevelInfo>

<JobCategory>
<TaxonomyName>JOBAREA</TaxonomyName>
<CategoryCode>senior</CategoryCode>
</JobCategory>


<UserArea>
<DaxPositionHistoryUserArea>
<TLSPAN first_id='33' last_id='44' border_id='47'></TLSPAN>
<MonthsOfWork>33</MonthsOfWork>
</DaxPositionHistoryUserArea>
</UserArea>
</PositionHistory>
</EmployerOrg>

<EmployerOrg employerOrgType='soleEmployer'>
<EmployerOrgName id='45'>Barclays</EmployerOrgName>

<PositionHistory positionType='CONTRACT'>

<OrgName id='46'>Lehman Brothers</OrgName>




<StartDate id='47'><Year>2008</Year></StartDate>
<EndDate id='47'><Year>2008</Year></EndDate>






<UserArea>
<DaxPositionHistoryUserArea>
<TLSPAN first_id='45' last_id='47' border_id='48'></TLSPAN>
<MonthsOfWork>7</MonthsOfWork>
</DaxPositionHistoryUserArea>
</UserArea>
</PositionHistory>
</EmployerOrg>

<EmployerOrg employerOrgType='soleEmployer'>
<EmployerOrgName id='49_2'>Futures Client Services</EmployerOrgName>
<EmployerContactInfo>
<LocationSummary id='62'>
<CountryCode>US</CountryCode>
</LocationSummary>
</EmployerContactInfo>
<PositionHistory positionType='PERMANENT'>
<Title id='49_1_1'>Assistant Vice President</Title>
<OrgName id='49_2'>Futures Client Services</OrgName>



<Description>Reported to and held responsibility as Senior Vice President's right-hand man within the Commodities Futures Division. Oversaw and trained 12 client representatives throughout the management of 1000 client accounts with a value of over $1 billion. Worked closely with team to liaison between company and clientele, while effectively supporting Front Office. Acted as middle man from traders to clients, correcting errors on trades and supporting money transactions. Supervised facilitation of trade allocations into Lehman Brothers Rolf &#38; Nolan electronic system. Generated status reports to senior management on volume and cause of errors. Coordinated commission and interest updates with Operations Department.
    *  Addressed customer concerns, while providing exemplary customer service, which resulted in the opening of many new accounts and added revenue well into the hundred million dollar range. ; 
    *  Participated in organization of team's client money movements after 9/11 through the use of back office settlement group's bank reconciliation program, ensuring clients were paid in a timely manner.  This effort also
ensured clients' payments were properly matched to books/records.
    *  Headed up effort to organize team after system crash to ensure timely and accurate entry of all trades into clients' books/records, ensuring preparedness for next day's business.  Went above and beyond call of duty working many additional hours. ; 
    *  Consistently adhere to industry rules as put in place by the CFTC and Futures exchanges, as well as anti-terrorist and anti-money laundering rules put in place by the United States and governments worldwide. ; 
    *  Implemented new payment process reducing amount of time client representatives spent of paperwork and increasing amount of time spent with clients. ;</Description>
<StartDate id='49_3_1'><YearMonth>1998-05</YearMonth></StartDate>
<EndDate id='49_3_2'><YearMonth>2008-12</YearMonth></EndDate>



<JobLevelInfo>
<JobGrade>joblevel-management-senior</JobGrade>
</JobLevelInfo>

<JobCategory>
<TaxonomyName>JOBAREA</TaxonomyName>
<CategoryCode>banking-finance</CategoryCode>
</JobCategory>


<UserArea>
<DaxPositionHistoryUserArea>
<TLSPAN first_id='49' last_id='62' border_id='63'></TLSPAN>
<MonthsOfWork>128</MonthsOfWork>
</DaxPositionHistoryUserArea>
</UserArea>
</PositionHistory>
</EmployerOrg>

<EmployerOrg employerOrgType='soleEmployer'>

<PositionHistory positionType='PERMANENT'>





<Description>Rated #1 in customer satisfaction by recent client survey</Description>
<StartDate id='48_1'><Year>2004</Year></StartDate>
<EndDate id='48_2'><Year>2007</Year></EndDate>






<UserArea>
<DaxPositionHistoryUserArea>
<TLSPAN first_id='48' last_id='48' border_id='49'></TLSPAN>
<MonthsOfWork>36</MonthsOfWork>
</DaxPositionHistoryUserArea>
</UserArea>
</PositionHistory>
</EmployerOrg>

<EmployerOrg employerOrgType='soleEmployer'>
<EmployerOrgName id='63_3'>Supported FX</EmployerOrgName>
<EmployerContactInfo>
<LocationSummary id='64'>
<Municipality>Chicago</Municipality>
</LocationSummary>
</EmployerContactInfo>
<PositionHistory positionType='PERMANENT'>
<Title id='63_1_1'>Reconciliation Specialist Foreign Exchange</Title>
<OrgName id='63_3'>Supported FX</OrgName>



<Description>Trade Desk in correcting trade breaks and reconciling trade positions.  Interacted with Chicago branch on quarterly option settlements.
EDUCATION, TRAINING &#38; LICENSES</Description>
<StartDate id='63_2_1'><YearMonth>1988-07</YearMonth></StartDate>
<EndDate id='63_2_2'><YearMonth>1998-05</YearMonth></EndDate>




<JobCategory>
<TaxonomyName>JOBAREA</TaxonomyName>
<CategoryCode>edu</CategoryCode>
</JobCategory>


<UserArea>
<DaxPositionHistoryUserArea>
<TLSPAN first_id='63' last_id='64' border_id='0'></TLSPAN>
<MonthsOfWork>119</MonthsOfWork>
</DaxPositionHistoryUserArea>
</UserArea>
</PositionHistory>
</EmployerOrg>

</EmploymentHistory>
<EducationHistory>
<SchoolOrInstitution schoolType='community'>
<SchoolName id='66_1'>Kingsborough Community College</SchoolName>
<LocationSummary id='66_2'>
<Municipality>Brooklyn</Municipality>
<Region>NY</Region>
<CountryCode>US</CountryCode>
</LocationSummary>


<Degree degreeType='associates'>
<DegreeName id='66_3'>Associate</DegreeName>

</Degree>
<Major id='66_3'>Applied Sciences</Major>




</SchoolOrInstitution>

</EducationHistory>











<Competency oids='12 20 35 58 ' description='Skill' auth='no' name='back office'>
<CompetencyEvidence name='Extent of Experience' typeDescription='Extent of Experience' type='MONTH' lastUsed='2011'><NumericValue description='MONTH'>161</NumericValue></CompetencyEvidence>

<CompetencyWeight type='skillLevel'><NumericValue minValue='0' maxValue='100'>79</NumericValue></CompetencyWeight>

<CompetencyWeight type='skillProficiency'><StringValue minValue='BASIC' maxValue='EXCELLENT'>GOOD</StringValue></CompetencyWeight>
</Competency>

<Competency oids='17 22 41 57 ' description='Skill' auth='yes' name='Managerial Skills'>
<CompetencyEvidence name='Extent of Experience' typeDescription='Extent of Experience' type='MONTH' lastUsed='2011'><NumericValue description='MONTH'>161</NumericValue></CompetencyEvidence>

<CompetencyEvidence typeDescription='Alias' name='Alias'><StringValue>senior management</StringValue></CompetencyEvidence>

<CompetencyWeight type='skillLevel'><NumericValue minValue='0' maxValue='100'>75</NumericValue></CompetencyWeight>

<CompetencyWeight type='skillProficiency'><StringValue minValue='BASIC' maxValue='EXCELLENT'>GOOD</StringValue></CompetencyWeight>
</Competency>

<Competency oids='39 42 ' description='Skill' auth='yes' name='Reconciliations'>
<CompetencyEvidence name='Extent of Experience' typeDescription='Extent of Experience' type='MONTH' lastUsed='2011'><NumericValue description='MONTH'>33</NumericValue></CompetencyEvidence>

<CompetencyEvidence typeDescription='Alias' name='Alias'><StringValue>reconciliation</StringValue></CompetencyEvidence>

<CompetencyWeight type='skillLevel'><NumericValue minValue='0' maxValue='100'>74</NumericValue></CompetencyWeight>

<CompetencyWeight type='skillProficiency'><StringValue minValue='BASIC' maxValue='EXCELLENT'>GOOD</StringValue></CompetencyWeight>
</Competency>

<Competency oids='11 32 ' description='Skill' auth='yes' name='Investment Banking'>
<CompetencyWeight type='skillLevel'><NumericValue minValue='0' maxValue='100'>14</NumericValue></CompetencyWeight>
</Competency>

<Competency oids='60 72 ' description='Skill' auth='yes' name='Futures Operations'>
<CompetencyEvidence name='Extent of Experience' typeDescription='Extent of Experience' type='MONTH' lastUsed='2008'><NumericValue description='MONTH'>128</NumericValue></CompetencyEvidence>

<CompetencyEvidence typeDescription='Alias' name='Alias'><StringValue>Futures</StringValue></CompetencyEvidence>

<CompetencyWeight type='skillLevel'><NumericValue minValue='0' maxValue='100'>56</NumericValue></CompetencyWeight>

<CompetencyWeight type='skillProficiency'><StringValue minValue='BASIC' maxValue='EXCELLENT'>WORKING</StringValue></CompetencyWeight>
</Competency>

<Competency oids='10 ' description='Skill' auth='no' name='progressively responsible experience'>
<CompetencyEvidence name='Extent of Experience' typeDescription='Extent of Experience' type='YEAR'><NumericValue description='YEAR'>20</NumericValue></CompetencyEvidence>

<CompetencyEvidence typeDescription='Alias' name='Alias'><StringValue>over 20 years of progressively responsible experience</StringValue></CompetencyEvidence>

<CompetencyWeight type='skillLevel'><NumericValue minValue='0' maxValue='100'>14</NumericValue></CompetencyWeight>
</Competency>

<Competency oids='36 ' description='Skill' auth='no' name='operations support'>
<CompetencyEvidence name='Extent of Experience' typeDescription='Extent of Experience' type='MONTH' lastUsed='2011'><NumericValue description='MONTH'>33</NumericValue></CompetencyEvidence>

<CompetencyWeight type='skillLevel'><NumericValue minValue='0' maxValue='100'>76</NumericValue></CompetencyWeight>

<CompetencyWeight type='skillProficiency'><StringValue minValue='BASIC' maxValue='EXCELLENT'>GOOD</StringValue></CompetencyWeight>
</Competency>

<Competency oids='38 ' description='Skill' auth='no' name='middle office'>
<CompetencyEvidence name='Extent of Experience' typeDescription='Extent of Experience' type='MONTH' lastUsed='2011'><NumericValue description='MONTH'>33</NumericValue></CompetencyEvidence>

<CompetencyWeight type='skillLevel'><NumericValue minValue='0' maxValue='100'>75</NumericValue></CompetencyWeight>

<CompetencyWeight type='skillProficiency'><StringValue minValue='BASIC' maxValue='EXCELLENT'>GOOD</StringValue></CompetencyWeight>
</Competency>

<Competency oids='24 ' description='Skill' auth='no' name='client settlement'>
<CompetencyWeight type='skillLevel'><NumericValue minValue='0' maxValue='100'>14</NumericValue></CompetencyWeight>
</Competency>

<Competency oids='69 ' description='Skill' auth='no' name='Team Building'>
<CompetencyWeight type='skillLevel'><NumericValue minValue='0' maxValue='100'>14</NumericValue></CompetencyWeight>
</Competency>

<Competency oids='29 ' description='Skill' auth='yes' name='Residential Property'>
<CompetencyEvidence name='Extent of Experience' typeDescription='Extent of Experience' type='MONTH' lastUsed='2013'><NumericValue description='MONTH'>5</NumericValue></CompetencyEvidence>

<CompetencyEvidence typeDescription='Alias' name='Alias'><StringValue>residential real estate</StringValue></CompetencyEvidence>

<CompetencyWeight type='skillLevel'><NumericValue minValue='0' maxValue='100'>100</NumericValue></CompetencyWeight>

<CompetencyWeight type='skillProficiency'><StringValue minValue='BASIC' maxValue='EXCELLENT'>EXCELLENT</StringValue></CompetencyWeight>
</Competency>

<Competency oids='37 ' description='Skill' auth='yes' name='Hedge Fund'>
<CompetencyEvidence name='Extent of Experience' typeDescription='Extent of Experience' type='MONTH' lastUsed='2011'><NumericValue description='MONTH'>33</NumericValue></CompetencyEvidence>

<CompetencyWeight type='skillLevel'><NumericValue minValue='0' maxValue='100'>76</NumericValue></CompetencyWeight>

<CompetencyWeight type='skillProficiency'><StringValue minValue='BASIC' maxValue='EXCELLENT'>GOOD</StringValue></CompetencyWeight>
</Competency>

<Competency oids='53 ' description='Skill' auth='no' name='Front Office'>
<CompetencyEvidence name='Extent of Experience' typeDescription='Extent of Experience' type='MONTH' lastUsed='2008'><NumericValue description='MONTH'>128</NumericValue></CompetencyEvidence>

<CompetencyWeight type='skillLevel'><NumericValue minValue='0' maxValue='100'>60</NumericValue></CompetencyWeight>

<CompetencyWeight type='skillProficiency'><StringValue minValue='BASIC' maxValue='EXCELLENT'>WORKING</StringValue></CompetencyWeight>
</Competency>

<Competency oids='56 ' description='Skill' auth='yes' name='Electronic Systems'>
<CompetencyEvidence name='Extent of Experience' typeDescription='Extent of Experience' type='MONTH' lastUsed='2008'><NumericValue description='MONTH'>128</NumericValue></CompetencyEvidence>

<CompetencyEvidence typeDescription='Alias' name='Alias'><StringValue>electronic system</StringValue></CompetencyEvidence>

<CompetencyWeight type='skillLevel'><NumericValue minValue='0' maxValue='100'>59</NumericValue></CompetencyWeight>

<CompetencyWeight type='skillProficiency'><StringValue minValue='BASIC' maxValue='EXCELLENT'>WORKING</StringValue></CompetencyWeight>
</Competency>

<Competency oids='15 ' description='Skill' auth='yes' name='Continuous Improvement'>
<CompetencyWeight type='skillLevel'><NumericValue minValue='0' maxValue='100'>14</NumericValue></CompetencyWeight>
</Competency>

<Competency oids='16 ' description='Skill' auth='no' name='Contingency Management'>
<CompetencyWeight type='skillLevel'><NumericValue minValue='0' maxValue='100'>14</NumericValue></CompetencyWeight>
</Competency>

<Competency oids='59 ' description='Skill' auth='yes' name='Bank Reconciliations'>
<CompetencyEvidence name='Extent of Experience' typeDescription='Extent of Experience' type='MONTH' lastUsed='2008'><NumericValue description='MONTH'>128</NumericValue></CompetencyEvidence>

<CompetencyEvidence typeDescription='Alias' name='Alias'><StringValue>bank reconciliation</StringValue></CompetencyEvidence>

<CompetencyWeight type='skillLevel'><NumericValue minValue='0' maxValue='100'>56</NumericValue></CompetencyWeight>

<CompetencyWeight type='skillProficiency'><StringValue minValue='BASIC' maxValue='EXCELLENT'>WORKING</StringValue></CompetencyWeight>
</Competency>

<Competency oids='61 ' description='Skill' auth='yes' name='Anti-Money Laundering'>
<CompetencyEvidence name='Extent of Experience' typeDescription='Extent of Experience' type='MONTH' lastUsed='2008'><NumericValue description='MONTH'>128</NumericValue></CompetencyEvidence>

<CompetencyWeight type='skillLevel'><NumericValue minValue='0' maxValue='100'>55</NumericValue></CompetencyWeight>

<CompetencyWeight type='skillProficiency'><StringValue minValue='BASIC' maxValue='EXCELLENT'>WORKING</StringValue></CompetencyWeight>
</Competency>

<Competency oids='13 ' description='Skill' auth='yes' name='Account Reconciliations'>
<CompetencyEvidence typeDescription='Alias' name='Alias'><StringValue>account reconciliation</StringValue></CompetencyEvidence>

<CompetencyWeight type='skillLevel'><NumericValue minValue='0' maxValue='100'>14</NumericValue></CompetencyWeight>
</Competency>

<Competency oids='27_3_1 ' description='Held Position' auth='no' name='Sales Associate - Residential Real Estate'>
<CompetencyEvidence name='Extent of Experience' typeDescription='Extent of Experience' type='MONTH' lastUsed='2013'><NumericValue description='MONTH'>5</NumericValue></CompetencyEvidence>

<CompetencyWeight type='skillLevel'><NumericValue minValue='0' maxValue='100'>100</NumericValue></CompetencyWeight>

<CompetencyWeight type='skillProficiency'><StringValue minValue='BASIC' maxValue='EXCELLENT'>EXCELLENT</StringValue></CompetencyWeight>
</Competency>

<Competency oids='63_1_1 ' description='Held Position' auth='no' name='Reconciliation Specialist Foreign Exchange'>
<CompetencyEvidence name='Extent of Experience' typeDescription='Extent of Experience' type='MONTH' lastUsed='1998'><NumericValue description='MONTH'>119</NumericValue></CompetencyEvidence>

<CompetencyWeight type='skillLevel'><NumericValue minValue='0' maxValue='100'>31</NumericValue></CompetencyWeight>

<CompetencyWeight type='skillProficiency'><StringValue minValue='BASIC' maxValue='EXCELLENT'>BASIC</StringValue></CompetencyWeight>
</Competency>

<Competency oids='75_1 ' description='Held Position' auth='no' name='Notary Public'>
<CompetencyWeight type='skillLevel'><NumericValue minValue='0' maxValue='100'>14</NumericValue></CompetencyWeight>
</Competency>

<Competency oids='73_1 ' description='Held Position' auth='no' name='Licensed Real Estate Agent'>
<CompetencyWeight type='skillLevel'><NumericValue minValue='0' maxValue='100'>14</NumericValue></CompetencyWeight>
</Competency>

<Competency oids='28_1 ' description='Held Position' auth='no' name='Independent Contractor'>
<CompetencyEvidence name='Extent of Experience' typeDescription='Extent of Experience' type='MONTH' lastUsed='2013'><NumericValue description='MONTH'>5</NumericValue></CompetencyEvidence>

<CompetencyWeight type='skillLevel'><NumericValue minValue='0' maxValue='100'>99</NumericValue></CompetencyWeight>

<CompetencyWeight type='skillProficiency'><StringValue minValue='BASIC' maxValue='EXCELLENT'>EXCELLENT</StringValue></CompetencyWeight>
</Competency>

<Competency oids='33_1_1 ' description='Held Position' auth='no' name='Assistant Vice President - Futures Margins/Futures Operations'>
<CompetencyEvidence name='Extent of Experience' typeDescription='Extent of Experience' type='MONTH' lastUsed='2011'><NumericValue description='MONTH'>33</NumericValue></CompetencyEvidence>

<CompetencyWeight type='skillLevel'><NumericValue minValue='0' maxValue='100'>77</NumericValue></CompetencyWeight>

<CompetencyWeight type='skillProficiency'><StringValue minValue='BASIC' maxValue='EXCELLENT'>GOOD</StringValue></CompetencyWeight>
</Competency>

<Competency oids='49_1_1 ' description='Held Position' auth='no' name='Assistant Vice President'>
<CompetencyEvidence name='Extent of Experience' typeDescription='Extent of Experience' type='MONTH' lastUsed='2008'><NumericValue description='MONTH'>128</NumericValue></CompetencyEvidence>

<CompetencyWeight type='skillLevel'><NumericValue minValue='0' maxValue='100'>60</NumericValue></CompetencyWeight>

<CompetencyWeight type='skillProficiency'><StringValue minValue='BASIC' maxValue='EXCELLENT'>WORKING</StringValue></CompetencyWeight>
</Competency>

<Competency oids='71 ' description='Degree/Qualification > Professional' auth='no' name='Series 3'>
<CompetencyWeight type='skillLevel'><NumericValue minValue='0' maxValue='100'>12</NumericValue></CompetencyWeight>
</Competency>

<Competency oids='66_3 ' description='Degree/Qualification' auth='no' name='Associate > Associate Communications'>
<CompetencyEvidence name='Application' typeDescription='Application' type='Communications'><StringValue>Communications</StringValue></CompetencyEvidence>

<CompetencyEvidence typeDescription='Alias' name='Alias'><StringValue>Associate in Applied Sciences in Communications</StringValue></CompetencyEvidence>

<CompetencyWeight type='skillLevel'><NumericValue minValue='0' maxValue='100'>12</NumericValue></CompetencyWeight>
</Competency>

<Competency oids='66_3 ' description='Degree/Qualification' auth='no' name='Associate > Associate Applied Sciences'>
<CompetencyEvidence name='Application' typeDescription='Application' type='Applied Sciences'><StringValue>Applied Sciences</StringValue></CompetencyEvidence>

<CompetencyEvidence typeDescription='Alias' name='Alias'><StringValue>Associate in Applied Sciences in Communications</StringValue></CompetencyEvidence>

<CompetencyWeight type='skillLevel'><NumericValue minValue='0' maxValue='100'>12</NumericValue></CompetencyWeight>
</Competency>

<Competency description='Industry' auth='yes' name='industry~senior'>
<CompetencyEvidence name='skillCount' typeDescription='skillCount'><NumericValue>1</NumericValue></CompetencyEvidence>

<CompetencyWeight type='skillLevel'><NumericValue minValue='0' maxValue='100'>64</NumericValue></CompetencyWeight>
</Competency>























<RevisionDate id='5'>2013-01-24</RevisionDate>
</StructuredXMLResume>
<NonXMLResume>

<TextResume>



{{HEADER}}



<span inprof='y' id='1' class='nominal'>Richard Steinmesser</span>	<span inprof='y' id='2' class='telephone'>Telephone: (732) 842-4137</span>   .   <span inprof='y' id='3' class='telephone'>Cell: (732) 742-6371</span>	 <span inprof='n' id='4' class='page'>Page 	 2</span>





{{END_HEADER}}

<span inprof='n' id='5' class='date'>{{DOCUMENT_DATESTAMP}} 2013-1-24 {{END_DOCUMENT_DATESTAMP}}</span>


<span inprof='y' id='6' class='nominal'>RICHARD STEINMESSER</span>
<span inprof='y' id='7' class='email'>Rfslnn16@verizon.net</span>



<span inprof='y' id='8' class='location'>133 Birch Avenue                         Telephone: (732) 842-4137
Little Silver, New Jersey 07739</span>          <span inprof='y' id='9' class='telephone'>Cell:  (732) 742-6371</span>



Built Strong Reputation of Meeting Customer-service Needs; Goes that Extra Mile to Serve Above and Beyond

PROFESSIONAL PROFILE  -----
Self-directed and highly-knowledgeable financial executive with <span inprof='y' id='10' class='skill'>over 20 years of progressively responsible experience</span> in the <span inprof='y' id='11' class='skill'>investment banking</span> industry. Displays an effective and productive management style with proven ability to provide quality customer service for high net-worth individuals and companies in a fast-paced financial setting. Expertise in effective customer relations, <span inprof='y' id='12' class='skill'>back office</span> operations, <span inprof='y' id='13' class='skill'>account reconciliation</span> and compliance relating to books and records. Earned commitment from team members; recognizes importance of contributions, rules and accountability.

SELECTED CAREER HIGHLIGHTS  -----
<span inprof='n' id='14' class='edu-hist-mark'>Training &#38; Development</span>          Through my guidance and training on industry products a number of direct reports have advanced their careers.
<span inprof='y' id='15' class='skill'>Continuous Improvement</span>              Participated with peers in creation of more efficient workflow processes and identification of more effective resources, resulting in saving approximately three man hours per day.
<span inprof='y' id='16' class='skill'>Contingency Management</span>              Appointed by <span inprof='y' id='17' class='skill'>senior management</span> to head up and act as ``point person'' for Barclays Contingency Management Disaster Recovery plan for Future Operation's Team.  Ensured all systems were in place and available at disaster site and teams' desk assignments were put into place.
Leadership                          Led team during transition from <span inprof='n' id='18' class='company'>Lehman Brothers</span> to <span inprof='n' id='19' class='company'>Barclays</span> to work closely with <span inprof='y' id='20' class='skill'>back office</span> and Settlement Team to efficiently settle trades and money movements.  Effectively managed closeout of <span inprof='n' id='21' class='company'>Lehman</span>'s business with clients. 
Improved Communications             Introduced protocol on team interaction with clients and peers, which resulted in overall improved communications and Client Service Team earning ranking of #1 by an independent client survey for three consecutive years.
Computer Literate                   Collaborated with IT and <span inprof='y' id='22' class='skill'>senior management</span> during transition from hard copy statements to new
Management Style                    electronic payment release system (Smartmaps), which reduced number of man hours by 1-1/<span inprof='n' id='23' class='duration'>2 hours</span> per person allowing team faster <span inprof='y' id='24' class='skill'>client settlement</span>.  The <span inprof='n' id='25' class='company'>new system</span> also reduced paperwork, saving the company several hundred thousand dollars over a <span inprof='n' id='26' class='duration'>period of three years</span>.

PROFESSIONAL EXPERIENCE  -----
                                     <span inprof='y' id='27_1' class='company'>Weichert Realtors</span>, <span inprof='y' id='27_2' class='location'>Rumson, New Jersey</span>
<span inprof='y' id='27_3_1' class='role'>Sales Associate - Residential Real Estate</span>          <span inprof='y' id='27_4_1' class='date'>09/2012</span> - <span inprof='y' id='27_4_2' class='date'>Present</span>
<span inprof='y' id='28_1' class='role'>Independent Contractor</span> matching up buyers and sellers to <span inprof='y' id='29' class='skill'>residential real estate</span> properties.


<span inprof='n' id='30' class='company'>Barclays Capital</span>, <span inprof='n' id='31' class='location'>Jersey City, New Jersey</span>
A global <span inprof='y' id='32' class='skill'>investment banking</span> industry with 30,000 employees represented by all major world markets
<span inprof='y' id='33_1_1' class='role'>Assistant Vice President - Futures Margins/Futures Operations</span>          <span inprof='y' id='33_2_1' class='date'>12/2008</span> - <span inprof='y' id='33_2_2' class='date'>08/2011</span>
<span inprof='n' id='34' class='bad-occupation'>Reported directly to Senior VP of Operations</span> throughout the management of the <span inprof='y' id='35' class='skill'>back office</span> (<span inprof='y' id='36' class='skill'>operations support</span>). Managed between 300 to 500 Margins calls a day. Supervised, trained and developed Margins Analysts in verification and release of Margins' payments to institutional and <span inprof='y' id='37' class='skill'>hedge fund</span> clients. Oversaw up to 500 account collateral transactions, over 1000 trade allocations and verification of commission schedules daily. Interacted with <span inprof='y' id='38' class='skill'>middle office</span> in the <span inprof='y' id='39' class='skill'>reconciliation</span> of 15 house accounts. Ensured all trades and money flow were accurately posted to accounts. 
    *  Participated in testing and transition of new payment system from Smart Maps to PTM, resulting in a more efficient movement and receipt of funds. ; 
    *  Continually identified and resolved client challenges relating to commission charges, trade errors and missing money, which served to strengthen relationships between client and <span inprof='n' id='40' class='company'>Barclays</span>. ; 
    *  Supported trade allocations and commission input into Barclays GMI system.  Reported volume errors to <span inprof='y' id='41' class='skill'>senior management</span>. ; 
    *  Consistently met daily corporate goals, requirements and deadlines surrounding margins' payments and
in-house account trading. 
    *  Suggested improved method of <span inprof='y' id='42' class='skill'>reconciliation</span> for in-house accounts and oversaw writing of procedures prior to implementation. ; 
    *  Complied with all corporate, CFTC and FIA rules regulations and guidelines.
<span inprof='n' id='43' class='company'>Lehman Brothers</span>, <span inprof='y' id='44' class='location'>Manhattan, New York</span>
(<span inprof='y' id='45' class='company'>Barclays</span> purchased <span inprof='y' id='46' class='company'>Lehman Brothers</span> in <span inprof='y' id='47' class='date'>2008</span>.)
Rated #1 in customer satisfaction by recent client survey - <span inprof='y' id='48_1' class='date'>2004</span> - <span inprof='y' id='48_2' class='date'>2007</span>
<span inprof='y' id='49_1_1' class='role'>Assistant Vice President</span> - <span inprof='y' id='49_2' class='company'>Futures Client Services</span>          <span inprof='y' id='49_3_1' class='date'>05/1998</span> - <span inprof='y' id='49_3_2' class='date'>12/2008</span>
Reported <span inprof='n' id='50' class='bad-occupation'>to and held responsibility as Senior Vice President</span>'s right-hand man within <span inprof='n' id='51' class='company'>the Commodities Futures Division</span>. Oversaw and trained 12 client representatives throughout the management of 1000 client accounts with a value of over <span inprof='n' id='52' class='money'>$1 billion</span>. Worked closely with team to liaison between company and clientele, while effectively supporting <span inprof='y' id='53' class='skill'>Front Office</span>. Acted as middle man from traders to clients, correcting errors on trades and supporting money transactions. Supervised facilitation of trade allocations into <span inprof='n' id='54' class='company'>Lehman Brothers</span> <span inprof='n' id='55' class='company'>Rolf &#38; Nolan</span> <span inprof='y' id='56' class='skill'>electronic system</span>. Generated status reports to <span inprof='y' id='57' class='skill'>senior management</span> on volume and cause of errors. Coordinated commission and interest updates with Operations Department.
    *  Addressed customer concerns, while providing exemplary customer service, which resulted in the opening of many new accounts and added revenue well into the hundred million dollar range. ; 
    *  Participated in organization of team's client money movements after 9/11 through the use of <span inprof='y' id='58' class='skill'>back office</span> settlement group's <span inprof='y' id='59' class='skill'>bank reconciliation</span> program, ensuring clients were paid in a timely manner.  This effort also
ensured clients' payments were properly matched to books/records.
    *  Headed up effort to organize team after system crash to ensure timely and accurate entry of all trades into clients' books/records, ensuring preparedness for next day's business.  Went above and beyond call of duty working many additional hours. ; 
    *  Consistently adhere to industry rules as put in place by the CFTC and <span inprof='y' id='60' class='skill'>Futures</span> exchanges, as well as anti-terrorist and <span inprof='y' id='61' class='skill'>anti-money laundering</span> rules put in place by <span inprof='y' id='62' class='location'>the United States</span> and governments worldwide. ; 
    *  Implemented new payment process reducing amount of time client representatives spent of paperwork and increasing amount of time spent with clients.
<span inprof='y' id='63_1_1' class='role'>Reconciliation Specialist Foreign Exchange</span>          <span inprof='y' id='63_2_1' class='date'>07/1988</span> - <span inprof='y' id='63_2_2' class='date'>05/1998</span>
<span inprof='y' id='63_3' class='company'>Supported FX</span> Trade Desk in correcting trade breaks and reconciling trade positions.  Interacted with <span inprof='y' id='64' class='location'>Chicago</span> branch on quarterly option settlements.

EDUCATION, TRAINING &#38; LICENSES  -----
<span inprof='n' id='65' class='edu-hist-mark'>Education</span>
    *  <span inprof='y' id='66_1' class='educational'>Kingsborough Community College</span>, <span inprof='y' id='66_2' class='location'>Brooklyn, NY</span> - <span inprof='y' id='66_3' class='qualif'>Associate in Applied Sciences in Communications</span>
<span inprof='n' id='67' class='edu-hist-mark'>Training</span>
Sponsored by <span inprof='n' id='68' class='company'>Lehman Brothers</span>
    *  Course work in Interviewing, Management and <span inprof='y' id='69' class='skill'>Team Building</span>
Sponsored by <span inprof='n' id='70' class='company'>Barclays</span>
    *  Effective Writing
Licenses
    *  <span inprof='y' id='71' class='qualif'>Series 3</span> <span inprof='y' id='72' class='skill'>Futures</span> License ; 
    *  <span inprof='y' id='73_1' class='role'>Licensed Real Estate Agent</span> - <span inprof='n' id='74' class='location'>State of New Jersey</span> ; 
    *  <span inprof='y' id='75_1' class='role'>Notary Public</span> - <span inprof='n' id='76' class='location'>State of New Jersey</span>




    *


{{FOOTER}}



Continued on Next Page




{{END_FOOTER}}

</TextResume>

</NonXMLResume>



<UserArea>
<DaxResumeUserArea>
<AdditionalPersonalData>
<ExperienceSummary>
<TotalMonthsOfWorkExperience>328</TotalMonthsOfWorkExperience>
<TotalYearsOfWorkExperience>27</TotalYearsOfWorkExperience>
<TotalMonthsOfManagementWorkExperience>161</TotalMonthsOfManagementWorkExperience>
<TotalYearsOfManagementWorkExperience>13.4</TotalYearsOfManagementWorkExperience>
<TotalMonthsOfSeniorManagementWorkExperience>161</TotalMonthsOfSeniorManagementWorkExperience>
<TotalYearsOfSeniorManagementWorkExperience>13.4</TotalYearsOfSeniorManagementWorkExperience>
<ExecutiveBrief>Richard Steinmesser is a resident of Little Silver, NJ, US. He has been working in the Senior  occupational sector for more than 27 years. Currently he is employed as a Sales Associate - Residential Real Estate at Weichert Realtors. Richard has an extensive management experience (13.4 years) with exposure to senior management positions.</ExecutiveBrief>
<ManagementRecord>Since 2008-12 for 33 months the candidate had experience at a senior management level working as a Assistant Vice President - Futures Margins/Futures Operations.
Since 1998-05 for 128 months the candidate had experience at a senior management level working as a Assistant Vice President at Futures Client Services.
</ManagementRecord>
</ExperienceSummary>
</AdditionalPersonalData>
<ParserInfo>
<ParserConfiguration>{max_len=50000} {tel_flag=} {send_zip=} {fast_conv=} {DEF_LOCAL=} {sdate=0} {no_email_body=0} {do_clever_zoning=1} {keep_span=1} {complex=1} {accept_langs=} {not_accept_langs=} {prefer_lang_cv=EN} {pers_only=0} {turbo=0} {split_language=0} {picture=0} {picture_inline=0} {name_space=0} {charset=} {hrxml_upgrade_edu_hist=0}{hrxml_add_languages_section=0}{spool=} {docID=} {user=DEFAULT} </ParserConfiguration>
<ParserRelease>0.12.3.32629</ParserRelease>
<ParserReleaseDate>2014-06-18</ParserReleaseDate>
<ParserSchema>2.0.29</ParserSchema>
<ParserSchemaLocation>http://cvx.daxtra.com/cvts/xsd/candidate/2.0.29/Resume.xsd</ParserSchemaLocation>
<ConverterRelease>0.5.2.32629</ConverterRelease>
<ConverterReleaseDate>2014-06-18</ConverterReleaseDate>
</ParserInfo>
<FileStruct filename='/home/izoom/anazarov/grammar/analysis/3rconnect/doc/100_Resumes-Walsh/Updated RICHARD STEINMESSER RESUME 122612.doc'>

<attachment fname='Updated RICHARD STEINMESSER RESUME 122612.doc' ftype='doc' conv='yes' doc_type='cv' lang='EN'>/home/izoom/anazarov/grammar/analysis/3rconnect/doc/100_Resumes-Walsh/Updated RICHARD STEINMESSER RESUME 122612.doc</attachment>


</FileStruct>
</DaxResumeUserArea>
</UserArea>
</Resume>
