<?xml version='1.0' encoding='ISO-8859-1'?>
<Resume lang='en' src='DAXTRA-CVX schema:2.0.29 release:0.12.3.32629 rdate:2014-06-18'>
<StructuredXMLResume>
<ContactInfo>
<PersonName id='2'>
<FormattedName>Wonti Worjroh</FormattedName>
<GivenName>Wonti</GivenName>
<FamilyName>Worjroh</FamilyName>
</PersonName>
<ContactMethod>
<Telephone id='5' type='home'>
<InternationalCountryCode>1</InternationalCountryCode>
<SubscriberNumber>732 979-1793</SubscriberNumber>
<FormattedNumber>+1 732 979-1793</FormattedNumber></Telephone>

<InternetEmailAddress id='3' type='main'>wontiworjroh@yahoo.com</InternetEmailAddress>
<PostalAddress id='4' type='main'>
<CountryCode>US</CountryCode>
<PostalCode>08852</PostalCode>
<Region>NJ</Region>
<Municipality>Monmouth Jct</Municipality>

</PostalAddress>
</ContactMethod>
</ContactInfo>


<EmploymentHistory>
<EmployerOrg employerOrgType='soleEmployer'>
<EmployerOrgName id='7_2'>Bank of America</EmployerOrgName>
<EmployerContactInfo>
<LocationSummary id='7_4'>
<Municipality>Pennington</Municipality>
<Region>NJ</Region>
<CountryCode>US</CountryCode>
</LocationSummary>
</EmployerContactInfo>
<PositionHistory>
<Title id='7_1_1'>Financial Solutions Advisor</Title>
<OrgName id='7_3'>Merrill Lynch</OrgName>



<Description>*    Outbound calls to develop new business through leads generated from internal partners 
*    Identify and profile clients to analyze financial needs and goals 
*    Provide investment, savings and liability management solutions to help maintain and enhance financial strategies 
*    Proactively identify, understand and mitigate indications of client attrition</Description>
<StartDate id='7_5_1'><YearMonth>2012-07</YearMonth></StartDate>
<EndDate id='7_5_2'>notApplicable</EndDate>



<JobLevelInfo>
<JobGrade>joblevel-nonmanager-low</JobGrade>
</JobLevelInfo>

<JobCategory>
<TaxonomyName>JOBAREA</TaxonomyName>
<CategoryCode>banking-finance</CategoryCode>
</JobCategory>


<UserArea>
<DaxPositionHistoryUserArea>
<TLSPAN first_id='7' last_id='8' border_id='11'></TLSPAN>
<MonthsOfWork>6</MonthsOfWork>
</DaxPositionHistoryUserArea>
</UserArea>
</PositionHistory>
</EmployerOrg>

<EmployerOrg employerOrgType='soleEmployer'>
<EmployerContactInfo>
<LocationSummary id='10'>
<Municipality>Ewing</Municipality>
<Region>NJ</Region>
<CountryCode>US</CountryCode>
</LocationSummary>
</EmployerContactInfo>
<PositionHistory positionType='CONTRACT'>
<Title id='9_1'>Sales Assistant</Title>




<Description>*    Provide outside sales reps with information pertinent to the management of their account
&#xf0b7;&#xf020;&#xf020;&#xf020;&#xf020;&#xf020;&#xf020;Train outside sales reps on new account/sales management system
*    Process new accounts and update current accounts based on signed contracts</Description>
<StartDate id='11_1'><YearMonth>2012-01</YearMonth></StartDate>
<EndDate id='11_2'><YearMonth>2012-07</YearMonth></EndDate>



<JobLevelInfo>
<JobGrade>joblevel-nonmanager-low</JobGrade>
</JobLevelInfo>

<JobCategory>
<TaxonomyName>JOBAREA</TaxonomyName>
<CategoryCode>retail</CategoryCode>
</JobCategory>


<UserArea>
<DaxPositionHistoryUserArea>
<TLSPAN first_id='9' last_id='12' border_id='13'></TLSPAN>
<MonthsOfWork>7</MonthsOfWork>
</DaxPositionHistoryUserArea>
</UserArea>
</PositionHistory>
</EmployerOrg>

<EmployerOrg employerOrgType='soleEmployer'>
<EmployerOrgName id='13_2'>American Precious Metals LLC</EmployerOrgName>
<EmployerContactInfo>
<LocationSummary id='13_4'>
<Region>NJ</Region>
</LocationSummary>
</EmployerContactInfo>
<PositionHistory positionType='PERMANENT'>
<Title id='13_1_1'>Precious Metals Broker</Title>
<OrgName id='13_3'>Green Brook</OrgName>



<Description>*    Opened and managed new client accounts
&#xf0b7;&#xf020;&#xf020;&#xf020;&#xf020;&#xf020;&#xf020;Developed intimate knowledge of the clients needs and goals
*    Facilitated the process of transitioning a lead to a sale 
*    Kept clients abreast of market conditions with updates and analyses 
*    Provided financial advice to clients when updating their portfolios</Description>
<StartDate id='13_5_1'><YearMonth>2009-12</YearMonth></StartDate>
<EndDate id='13_5_2'><YearMonth>2011-11</YearMonth></EndDate>




<JobCategory>
<TaxonomyName>JOBAREA</TaxonomyName>
<CategoryCode>banking-finance</CategoryCode>
</JobCategory>


<UserArea>
<DaxPositionHistoryUserArea>
<TLSPAN first_id='13' last_id='15' border_id='16'></TLSPAN>
<MonthsOfWork>24</MonthsOfWork>
</DaxPositionHistoryUserArea>
</UserArea>
</PositionHistory>
</EmployerOrg>

<EmployerOrg employerOrgType='soleEmployer'>
<EmployerOrgName id='16_2'>Hennion &#38;Walsh</EmployerOrgName>
<EmployerContactInfo>
<LocationSummary id='16_3'>
<Municipality>Parsippany</Municipality>
<Region>NJ</Region>
<CountryCode>US</CountryCode>
</LocationSummary>
</EmployerContactInfo>
<PositionHistory positionType='PERMANENT'>
<Title id='16_1_1'>Muni-Bond Broker</Title>
<Title id='16_1_2'>Mutual Fund Wholesaler</Title>
<OrgName id='16_2'>Hennion &#38;Walsh</OrgName>



<Description>*    Assisted in new client acquisition by making outbound calls focused on the independent broker dealer channels 
*    Delivered effective presentations to promote SmartGrowth Funds products, services and competitive advantages. ; 
*    Functioned as a liaison between financial advisors and the External Wholesaler ; 
*    Established and maintained relationships with financial advisors ; 
*    Provided financial advisors with sales ideas and updates regarding changes to the portfolio, company news and portfolio performance ; 
*    Developed and implement a business plan and sales strategy with the External Wholesaler 
*    Helped increase total assets under management from $18 million to $24 million</Description>
<StartDate id='16_4_1'><YearMonth>2007-09</YearMonth></StartDate>
<EndDate id='16_4_2'><YearMonth>2008-11</YearMonth></EndDate>



<JobLevelInfo>
<JobGrade>joblevel-nonmanager-low</JobGrade>
</JobLevelInfo>

<JobCategory>
<TaxonomyName>JOBAREA</TaxonomyName>
<CategoryCode>banking-finance</CategoryCode>
</JobCategory>


<UserArea>
<DaxPositionHistoryUserArea>
<TLSPAN first_id='16' last_id='21' border_id='0'></TLSPAN>
<MonthsOfWork>15</MonthsOfWork>
</DaxPositionHistoryUserArea>
</UserArea>
</PositionHistory>
</EmployerOrg>

</EmploymentHistory>
<EducationHistory>
<SchoolOrInstitution schoolType='university'>
<SchoolName id='23_1'>Rutgers University</SchoolName>
<LocationSummary id='23_2'>
<Municipality>New Brunswick</Municipality>
<Region>NJ</Region>
<CountryCode>US</CountryCode>
</LocationSummary>


<Degree degreeType='some post-graduate'>
<DegreeName id='23_3'>Bachelor of Arts</DegreeName>
<DegreeDate id='23_4'><YearMonth>2008-05</YearMonth></DegreeDate>
</Degree>
<Major id='23_3'>Economics</Major>



<Comments>SKILLS
Series 7 &#38; Series 66 Licenses
MS Windows, Microsoft Office: Word, PowerPoint, and Excel
Dependable team player, creative thinker
Ability to quickly build relationships and establish rapport with clients
Enthusiastic, highly motivated self starter, strong work ethic
Strong communication, and analytical skills</Comments>
</SchoolOrInstitution>

</EducationHistory>











<Competency oids='32 ' description='Skill' auth='no' name='team player'>
<CompetencyWeight type='skillLevel'><NumericValue minValue='0' maxValue='100'>14</NumericValue></CompetencyWeight>
</Competency>

<Competency oids='12 ' description='Skill' auth='no' name='sales management'>
<CompetencyEvidence name='Extent of Experience' typeDescription='Extent of Experience' type='MONTH' lastUsed='2012'><NumericValue description='MONTH'>7</NumericValue></CompetencyEvidence>

<CompetencyWeight type='skillLevel'><NumericValue minValue='0' maxValue='100'>100</NumericValue></CompetencyWeight>

<CompetencyWeight type='skillProficiency'><StringValue minValue='BASIC' maxValue='EXCELLENT'>EXCELLENT</StringValue></CompetencyWeight>
</Competency>

<Competency oids='14 ' description='Skill' auth='no' name='managed new client'>
<CompetencyEvidence name='Extent of Experience' typeDescription='Extent of Experience' type='MONTH' lastUsed='2011'><NumericValue description='MONTH'>24</NumericValue></CompetencyEvidence>

<CompetencyWeight type='skillLevel'><NumericValue minValue='0' maxValue='100'>93</NumericValue></CompetencyWeight>

<CompetencyWeight type='skillProficiency'><StringValue minValue='BASIC' maxValue='EXCELLENT'>EXCELLENT</StringValue></CompetencyWeight>
</Competency>

<Competency oids='8 ' description='Skill' auth='no' name='develop new business'>
<CompetencyEvidence name='Extent of Experience' typeDescription='Extent of Experience' type='MONTH' lastUsed='2012'><NumericValue description='MONTH'>6</NumericValue></CompetencyEvidence>

<CompetencyWeight type='skillLevel'><NumericValue minValue='0' maxValue='100'>98</NumericValue></CompetencyWeight>

<CompetencyWeight type='skillProficiency'><StringValue minValue='BASIC' maxValue='EXCELLENT'>EXCELLENT</StringValue></CompetencyWeight>
</Competency>

<Competency oids='33 ' description='Skill' auth='no' name='analytical skills'>
<CompetencyWeight type='skillLevel'><NumericValue minValue='0' maxValue='100'>14</NumericValue></CompetencyWeight>
</Competency>

<Competency oids='19 ' description='Skill' auth='yes' name='Portfolio Valuations'>
<CompetencyEvidence name='Extent of Experience' typeDescription='Extent of Experience' type='MONTH' lastUsed='2008'><NumericValue description='MONTH'>15</NumericValue></CompetencyEvidence>

<CompetencyEvidence typeDescription='Alias' name='Alias'><StringValue>portfolio performance</StringValue></CompetencyEvidence>

<CompetencyWeight type='skillLevel'><NumericValue minValue='0' maxValue='100'>54</NumericValue></CompetencyWeight>

<CompetencyWeight type='skillProficiency'><StringValue minValue='BASIC' maxValue='EXCELLENT'>WORKING</StringValue></CompetencyWeight>
</Competency>

<Competency oids='29 ' description='Skill > IT' auth='yes' name='Microsoft Word'>
<CompetencyEvidence typeDescription='Alias' name='Alias'><StringValue>Word</StringValue></CompetencyEvidence>

<CompetencyWeight type='skillLevel'><NumericValue minValue='0' maxValue='100'>14</NumericValue></CompetencyWeight>
</Competency>

<Competency oids='27 ' description='Skill > IT' auth='yes' name='Microsoft Windows'>
<CompetencyEvidence typeDescription='Alias' name='Alias'><StringValue>MS Windows</StringValue></CompetencyEvidence>

<CompetencyWeight type='skillLevel'><NumericValue minValue='0' maxValue='100'>14</NumericValue></CompetencyWeight>
</Competency>

<Competency oids='30 ' description='Skill > IT' auth='yes' name='Microsoft PowerPoint'>
<CompetencyEvidence typeDescription='Alias' name='Alias'><StringValue>PowerPoint</StringValue></CompetencyEvidence>

<CompetencyWeight type='skillLevel'><NumericValue minValue='0' maxValue='100'>14</NumericValue></CompetencyWeight>
</Competency>

<Competency oids='28 ' description='Skill > IT' auth='yes' name='Microsoft Office'>
<CompetencyWeight type='skillLevel'><NumericValue minValue='0' maxValue='100'>14</NumericValue></CompetencyWeight>
</Competency>

<Competency oids='31 ' description='Skill > IT' auth='yes' name='Microsoft Excel'>
<CompetencyEvidence typeDescription='Alias' name='Alias'><StringValue>Excel</StringValue></CompetencyEvidence>

<CompetencyWeight type='skillLevel'><NumericValue minValue='0' maxValue='100'>14</NumericValue></CompetencyWeight>
</Competency>

<Competency oids='15 ' description='Skill' auth='yes' name='Financial Advisement'>
<CompetencyEvidence name='Extent of Experience' typeDescription='Extent of Experience' type='MONTH' lastUsed='2011'><NumericValue description='MONTH'>24</NumericValue></CompetencyEvidence>

<CompetencyEvidence typeDescription='Alias' name='Alias'><StringValue>financial advice</StringValue></CompetencyEvidence>

<CompetencyWeight type='skillLevel'><NumericValue minValue='0' maxValue='100'>92</NumericValue></CompetencyWeight>

<CompetencyWeight type='skillProficiency'><StringValue minValue='BASIC' maxValue='EXCELLENT'>EXCELLENT</StringValue></CompetencyWeight>
</Competency>

<Competency oids='18_1 ' description='Held Position' auth='no' name='the External Wholesaler'>
<CompetencyEvidence name='Extent of Experience' typeDescription='Extent of Experience' type='MONTH' lastUsed='2008'><NumericValue description='MONTH'>15</NumericValue></CompetencyEvidence>

<CompetencyWeight type='skillLevel'><NumericValue minValue='0' maxValue='100'>51</NumericValue></CompetencyWeight>

<CompetencyWeight type='skillProficiency'><StringValue minValue='BASIC' maxValue='EXCELLENT'>WORKING</StringValue></CompetencyWeight>
</Competency>

<Competency oids='17_1 ' description='Held Position' auth='no' name='broker'>
<CompetencyEvidence name='Extent of Experience' typeDescription='Extent of Experience' type='MONTH' lastUsed='2008'><NumericValue description='MONTH'>15</NumericValue></CompetencyEvidence>

<CompetencyWeight type='skillLevel'><NumericValue minValue='0' maxValue='100'>52</NumericValue></CompetencyWeight>

<CompetencyWeight type='skillProficiency'><StringValue minValue='BASIC' maxValue='EXCELLENT'>WORKING</StringValue></CompetencyWeight>
</Competency>

<Competency oids='9_1 ' description='Held Position' auth='no' name='Sales Assistant'>
<CompetencyEvidence name='Extent of Experience' typeDescription='Extent of Experience' type='MONTH' lastUsed='2012'><NumericValue description='MONTH'>7</NumericValue></CompetencyEvidence>

<CompetencyWeight type='skillLevel'><NumericValue minValue='0' maxValue='100'>100</NumericValue></CompetencyWeight>

<CompetencyWeight type='skillProficiency'><StringValue minValue='BASIC' maxValue='EXCELLENT'>EXCELLENT</StringValue></CompetencyWeight>
</Competency>

<Competency oids='13_1_1 ' description='Held Position' auth='no' name='Precious Metals Broker'>
<CompetencyEvidence name='Extent of Experience' typeDescription='Extent of Experience' type='MONTH' lastUsed='2011'><NumericValue description='MONTH'>24</NumericValue></CompetencyEvidence>

<CompetencyWeight type='skillLevel'><NumericValue minValue='0' maxValue='100'>93</NumericValue></CompetencyWeight>

<CompetencyWeight type='skillProficiency'><StringValue minValue='BASIC' maxValue='EXCELLENT'>EXCELLENT</StringValue></CompetencyWeight>
</Competency>

<Competency oids='16_1_2 ' description='Held Position' auth='no' name='Mutual Fund Wholesaler'>
<CompetencyEvidence name='Extent of Experience' typeDescription='Extent of Experience' type='MONTH' lastUsed='2008'><NumericValue description='MONTH'>15</NumericValue></CompetencyEvidence>

<CompetencyWeight type='skillLevel'><NumericValue minValue='0' maxValue='100'>54</NumericValue></CompetencyWeight>

<CompetencyWeight type='skillProficiency'><StringValue minValue='BASIC' maxValue='EXCELLENT'>WORKING</StringValue></CompetencyWeight>
</Competency>

<Competency oids='16_1_1 ' description='Held Position' auth='no' name='Muni-Bond Broker'>
<CompetencyEvidence name='Extent of Experience' typeDescription='Extent of Experience' type='MONTH' lastUsed='2008'><NumericValue description='MONTH'>15</NumericValue></CompetencyEvidence>

<CompetencyWeight type='skillLevel'><NumericValue minValue='0' maxValue='100'>54</NumericValue></CompetencyWeight>

<CompetencyWeight type='skillProficiency'><StringValue minValue='BASIC' maxValue='EXCELLENT'>WORKING</StringValue></CompetencyWeight>
</Competency>

<Competency oids='7_1_1 ' description='Held Position' auth='no' name='Financial Solutions Advisor'>
<CompetencyEvidence name='Extent of Experience' typeDescription='Extent of Experience' type='MONTH' lastUsed='2012'><NumericValue description='MONTH'>6</NumericValue></CompetencyEvidence>

<CompetencyWeight type='skillLevel'><NumericValue minValue='0' maxValue='100'>98</NumericValue></CompetencyWeight>

<CompetencyWeight type='skillProficiency'><StringValue minValue='BASIC' maxValue='EXCELLENT'>EXCELLENT</StringValue></CompetencyWeight>
</Competency>

<Competency oids='25 ' description='Degree/Qualification > Professional' auth='no' name='Series 7'>
<CompetencyWeight type='skillLevel'><NumericValue minValue='0' maxValue='100'>12</NumericValue></CompetencyWeight>
</Competency>

<Competency oids='26 ' description='Degree/Qualification > Professional' auth='no' name='Series 66'>
<CompetencyWeight type='skillLevel'><NumericValue minValue='0' maxValue='100'>12</NumericValue></CompetencyWeight>
</Competency>

<Competency oids='23_3 ' description='Degree/Qualification' auth='yes' name='Bachelors Degree > Bachelor of Arts > Bachelor of Arts Economics'>
<CompetencyEvidence name='Application' typeDescription='Application' type='Economics'><StringValue>Economics</StringValue></CompetencyEvidence>

<CompetencyEvidence typeDescription='Alias' name='Alias'><StringValue>BA Economics</StringValue></CompetencyEvidence>

<CompetencyWeight type='skillLevel'><NumericValue minValue='0' maxValue='100'>12</NumericValue></CompetencyWeight>
</Competency>

<Competency description='Industry' auth='yes' name='industry~banking-finance'>
<CompetencyEvidence name='skillCount' typeDescription='skillCount'><NumericValue>3</NumericValue></CompetencyEvidence>

<CompetencyWeight type='skillLevel'><NumericValue minValue='0' maxValue='100'>100</NumericValue></CompetencyWeight>
</Competency>























<RevisionDate id='1'>2012-12-11</RevisionDate>
</StructuredXMLResume>
<NonXMLResume>

<TextResume>



<span inprof='n' id='1' class='date'>{{DOCUMENT_DATESTAMP}} 2012-12-11 {{END_DOCUMENT_DATESTAMP}}</span> 


<span inprof='y' id='2' class='nominal-mb'>WONTI WORJROH</span>
<span inprof='y' id='3' class='email'>wontiworjroh@yahoo.com</span>

<span inprof='y' id='4' class='location'>Monmouth Jct., NJ 08852</span>                                                                                                      <span inprof='y' id='5' class='telephone'>Phone : 732-979-1793</span>

<span inprof='n' id='6' class='work-hist-mark'>WORK EXPERIENCE</span>

<span inprof='y' id='7_1_1' class='role'>Financial Solutions Advisor</span>      <span inprof='y' id='7_2' class='company'>Bank of America</span>/ <span inprof='y' id='7_3' class='company'>Merrill Lynch</span>, <span inprof='y' id='7_4' class='location'>Pennington, NJ</span>          <span inprof='y' id='7_5_1' class='date'>July 2012</span> - <span inprof='y' id='7_5_2' class='date'>Present</span>

*    Outbound calls to <span inprof='y' id='8' class='skill'>develop new business</span> through leads generated from internal partners 
*    Identify and profile clients to analyze financial needs and goals 
*    Provide investment, savings and liability management solutions to help maintain and enhance financial strategies 
*    Proactively identify, understand and mitigate indications of client attrition

<span inprof='y' id='9_1' class='role'>Sales Assistant</span>                              Waste Management , <span inprof='y' id='10' class='location'>Ewing, NJ</span>                                 <span inprof='y' id='11_1' class='date'>Jan 2012</span> - <span inprof='y' id='11_2' class='date'>July 2012</span>

*    Provide outside sales reps with information pertinent to the management of their account
&#xf0b7;&#xf020;&#xf020;&#xf020;&#xf020;&#xf020;&#xf020;Train outside sales reps on new account/<span inprof='y' id='12' class='skill'>sales management</span> system
*    Process new accounts and update current accounts based on signed contracts


<span inprof='y' id='13_1_1' class='role'>Precious Metals Broker</span>      <span inprof='y' id='13_2' class='company'>American Precious Metals LLC</span>, <span inprof='y' id='13_3' class='company'>Green Brook</span> <span inprof='y' id='13_4' class='location'>NJ</span>               <span inprof='y' id='13_5_1' class='date'>Dec 2009</span> - <span inprof='y' id='13_5_2' class='date'>Nov 2011</span>
*    Opened and <span inprof='y' id='14' class='skill'>managed new client</span> accounts
&#xf0b7;&#xf020;&#xf020;&#xf020;&#xf020;&#xf020;&#xf020;Developed intimate knowledge of the clients needs and goals
*    Facilitated the process of transitioning a lead to a sale 
*    Kept clients abreast of market conditions with updates and analyses 
*    Provided <span inprof='y' id='15' class='skill'>financial advice</span> to clients when updating their portfolios

<span inprof='y' id='16_1_1' class='role'>Muni-Bond Broker</span>/<span inprof='y' id='16_1_2' class='role'>Mutual Fund Wholesaler</span>                                                                                                    <span inprof='y' id='16_2' class='company'>Hennion &#38;Walsh</span>, <span inprof='y' id='16_3' class='location'>Parsippany, NJ</span>                           <span inprof='y' id='16_4_1' class='date'>Sept 2007</span> - <span inprof='y' id='16_4_2' class='date'>Nov 2008</span>

*    Assisted in new client acquisition by making outbound calls focused on the independent <span inprof='y' id='17_1' class='role'>broker</span> dealer channels 
*    Delivered effective presentations to promote SmartGrowth Funds products, services and competitive advantages. ; 
*    Functioned as a liaison between financial advisors and <span inprof='y' id='18_1' class='role'>the External Wholesaler</span> ; 
*    Established and maintained relationships with financial advisors ; 
*    Provided financial advisors with sales ideas and updates regarding changes to the portfolio, company news and <span inprof='y' id='19' class='skill'>portfolio performance</span> ; 
*    Developed and implement a business plan and sales strategy <span inprof='n' id='20' class='bad-occupation'>with the External Wholesaler</span> 
*    Helped increase total assets under management <span inprof='n' id='21' class='money-range'>from $18 million to $24 million</span>




<span inprof='n' id='22' class='edu-hist-mark'>EDUCATION</span>
<span inprof='y' id='23_1' class='educational'>Rutgers University</span>, <span inprof='y' id='23_2' class='location'>New Brunswick, NJ</span>
<span inprof='y' id='23_3' class='qualif'>BA Economics</span>, <span inprof='y' id='23_4' class='date'>May 2008</span>

<span inprof='n' id='24' class='title-line'>SKILLS</span>
<span inprof='y' id='25' class='qualif'>Series 7</span> &#38; <span inprof='y' id='26' class='qualif'>Series 66</span> Licenses
<span inprof='y' id='27' class='sofwr'>MS Windows</span>, <span inprof='y' id='28' class='sofwr'>Microsoft Office</span>: <span inprof='y' id='29' class='sofwr'>Word</span>, <span inprof='y' id='30' class='sofwr'>PowerPoint</span>, and <span inprof='y' id='31' class='sofwr'>Excel</span>
Dependable <span inprof='y' id='32' class='skill'>team player</span>, creative thinker
Ability to quickly build relationships and establish rapport with clients
Enthusiastic, highly motivated self starter, strong work ethic
Strong communication, and <span inprof='y' id='33' class='skill'>analytical skills</span>

 -----

</TextResume>

</NonXMLResume>



<UserArea>
<DaxResumeUserArea>
<AdditionalPersonalData>
<ExperienceSummary>
<TotalMonthsOfWorkExperience>52</TotalMonthsOfWorkExperience>
<TotalYearsOfWorkExperience>4</TotalYearsOfWorkExperience>
<ExecutiveBrief>Wonti Worjroh is a resident of Monmouth Jct, NJ, US.  has been working in the Banking-finance  occupational sector for more than 4 years. Currently this candidate is employed as a Financial Solutions Advisor at Bank of America. So far Wonti has not gained any managerial experience.</ExecutiveBrief>
</ExperienceSummary>
</AdditionalPersonalData>
<ParserInfo>
<ParserConfiguration>{max_len=50000} {tel_flag=} {send_zip=} {fast_conv=} {DEF_LOCAL=} {sdate=0} {no_email_body=0} {do_clever_zoning=1} {keep_span=1} {complex=1} {accept_langs=} {not_accept_langs=} {prefer_lang_cv=EN} {pers_only=0} {turbo=0} {split_language=0} {picture=0} {picture_inline=0} {name_space=0} {charset=} {hrxml_upgrade_edu_hist=0}{hrxml_add_languages_section=0}{spool=} {docID=} {user=DEFAULT} </ParserConfiguration>
<ParserRelease>0.12.3.32629</ParserRelease>
<ParserReleaseDate>2014-06-18</ParserReleaseDate>
<ParserSchema>2.0.29</ParserSchema>
<ParserSchemaLocation>http://cvx.daxtra.com/cvts/xsd/candidate/2.0.29/Resume.xsd</ParserSchemaLocation>
<ConverterRelease>0.5.2.32629</ConverterRelease>
<ConverterReleaseDate>2014-06-18</ConverterReleaseDate>
</ParserInfo>
<FileStruct filename='/home/izoom/anazarov/grammar/analysis/3rconnect/doc/100_Resumes-Walsh/WorjrohResumeBestRUru.docx'>

<attachment fname='WorjrohResumeBestRUru.docx' ftype='docx' conv='yes' doc_type='cv' lang='EN'>/home/izoom/anazarov/grammar/analysis/3rconnect/doc/100_Resumes-Walsh/WorjrohResumeBestRUru.docx</attachment>


</FileStruct>
</DaxResumeUserArea>
</UserArea>
</Resume>
