<?xml version='1.0' encoding='ISO-8859-1'?>
<Resume lang='en' src='DAXTRA-CVX schema:2.0.29 release:0.12.3.32629 rdate:2014-06-18'>
<StructuredXMLResume>
<ContactInfo>
<PersonName id='2'>
<FormattedName>Xuan Sun</FormattedName>
<GivenName>Xuan</GivenName>
<FamilyName>Sun</FamilyName>
<sex>Female</sex>
</PersonName>
<ContactMethod>
<Mobile id='3'>
<InternationalCountryCode>1</InternationalCountryCode>
<SubscriberNumber>201-293-9937</SubscriberNumber>
<FormattedNumber>+1 201-293-9937</FormattedNumber></Mobile>

<InternetEmailAddress id='4' type='main'>sunxuan1988@gmail.com</InternetEmailAddress>
<PostalAddress id='5' type='main'>
<CountryCode>US</CountryCode>
<PostalCode>07030</PostalCode>
<Region>NJ</Region>
<Municipality>Hoboken</Municipality>
<DeliveryAddress>
<AddressLine>715 Willow Ave, Apt 7</AddressLine>
<StreetName>Willow Ave</StreetName>
<BuildingNumber>715</BuildingNumber>
<Unit>Apt 7</Unit>
</DeliveryAddress>

</PostalAddress>
</ContactMethod>
</ContactInfo>


<EmploymentHistory>
<EmployerOrg employerOrgType='soleEmployer'>
<EmployerOrgName id='58_2'>Stevens Institute of Technology</EmployerOrgName>
<EmployerContactInfo>
<LocationSummary id='58_3'>
<Municipality>Hoboken</Municipality>
<Region>NJ</Region>
<CountryCode>US</CountryCode>
</LocationSummary>
</EmployerContactInfo>
<PositionHistory positionType='PERMANENT'>
<Title id='59_1'>Assistant</Title>
<OrgName id='58_2'>Stevens Institute of Technology</OrgName>



<Description>*  Integrate financial data from multiple departments and affiliations of Stevens Institute into Excel spreadsheets; Design and implement formula and chart template for data analysis purpose and provide commentary using Excel and Access ; 
*  Design and update school webpages using webpage design tools and programming in HTML ; 
*  Organize and serve as receptionist in various events, i.e. monthly state-wide ``NJ Tech Meet Ups'' with over 200 attendees, nationwide workshops and yearly ``New Jersey Inventors Hall of Fame''. ; 
*  Design online surveys for multiple topics and carry on statistical a nalysis on feedbacks ;</Description>
<StartDate id='58_4_1'><YearMonth>2011-07</YearMonth></StartDate>
<EndDate id='58_4_2'><YearMonth>2012-12</YearMonth></EndDate>



<JobLevelInfo>
<JobGrade>joblevel-nonmanager-low</JobGrade>
</JobLevelInfo>

<JobCategory>
<TaxonomyName>JOBAREA</TaxonomyName>
<CategoryCode>science</CategoryCode>
</JobCategory>


<UserArea>
<DaxPositionHistoryUserArea>
<TLSPAN first_id='58' last_id='70' border_id='71'></TLSPAN>
<MonthsOfWork>18</MonthsOfWork>
</DaxPositionHistoryUserArea>
</UserArea>
</PositionHistory>
</EmployerOrg>

<EmployerOrg oids='43_1 ' employerOrgType='soleEmployer'>
<EmployerOrgName id='37'>Review High Frequency Trading</EmployerOrgName>

<PositionHistory positionType='CONTRACT'>

<OrgName id='37'>Review High Frequency Trading</OrgName>



<Description>Rare Events Analysis for High-Frequency Equity   papers based on the rare events that show relatively small volume with big price movement
*  Propose a method to detect rare events based on non-parametric statistics, and a high frequency trading strategy ; 
*  Clean L1 market tick data using SQL; implement the statistics analysis and trading strategy using C++ ; 
*  Tune up trading strategy parameters for mid-cap, large-cap and super-cap equities respectively, achieved 80% percent probability to profit ; 
*  Composed a comprehensive research report to be submitted to an academic conference
*  Collect and clean daily prices of multiple equities and S&#38;P 500 and SX5E index for the past 20 years using Bloomberg ; 
*  Collected and compiled 20 years daily price historical data for multiple stocks and equity indices; Implemented Yield Curve, VAR, CVAR, Skew, Kurt, Autocorrelation, Term Structures Statistics calculation using Excel; Implemented GARCH(1,1) model and Monte Carlo Simulation using Excel and VBA; designed histogram, pie, scatter and line chart templates for data analysis ; 
*  Conducted model validation and back-test for all the tools using real market data ;</Description>
<StartDate id='36_1' oids='43_1 '><YearMonth>2012-02</YearMonth></StartDate>
<EndDate id='36_2' oids='43_2 '><YearMonth>2012-05</YearMonth></EndDate>




<JobCategory>
<TaxonomyName>JOBAREA</TaxonomyName>
<CategoryCode>it</CategoryCode>
</JobCategory>


<UserArea>
<DaxPositionHistoryUserArea>
<TLSPAN first_id='35' last_id='41' border_id='43'></TLSPAN>
<TLSPAN first_id='42' last_id='52' border_id='55'></TLSPAN>
<MonthsOfWork>4</MonthsOfWork>
</DaxPositionHistoryUserArea>
</UserArea>
</PositionHistory>
</EmployerOrg>

<EmployerOrg employerOrgType='soleEmployer'>
<EmployerOrgName id='53'>Financial Calculation Library</EmployerOrgName>

<PositionHistory positionType='CONTRACT'>

<OrgName id='53'>Financial Calculation Library</OrgName>



<Description>*  Implemented Black-Scholes Model, Binomial Tree/Trinomial Tree/Explicit Finite Difference Method and Monte Carlo ; 
*  Simulation to price European options and American options ; 
*  Implemented high-level interfaces for stress testing ; 
*  Verified the library by comprehensive testing using real market data ;</Description>
<StartDate id='55_1'><YearMonth>2011-09</YearMonth></StartDate>
<EndDate id='55_2'><YearMonth>2011-12</YearMonth></EndDate>




<JobCategory>
<TaxonomyName>JOBAREA</TaxonomyName>
<CategoryCode>it</CategoryCode>
</JobCategory>


<UserArea>
<DaxPositionHistoryUserArea>
<TLSPAN first_id='53' last_id='57' border_id='58'></TLSPAN>
<MonthsOfWork>4</MonthsOfWork>
</DaxPositionHistoryUserArea>
</UserArea>
</PositionHistory>
</EmployerOrg>

<EmployerOrg employerOrgType='soleEmployer'>
<EmployerOrgName id='71_1'>China Citic Bank</EmployerOrgName>
<EmployerContactInfo>
<LocationSummary id='71_2'>
<CountryCode>CN</CountryCode>
</LocationSummary>
</EmployerContactInfo>
<PositionHistory positionType='CONTRACT'>
<Title id='72_1'>Fix Income Business Analyst</Title>
<OrgName id='73'>Wealth Management Department</OrgName>



<Description>Fix Income Business Analyst of Wealth Management Department
*  Monitored interest rate market movements and followed government and policy related news; analyzed the potential impact on client portfolios and communicated with clients regarding their investment strategies. ; 
*  Led VIP retail team and coordinate with operation team to improve client service quality ; 
*  Conducted interviews and suitability analysis and accommodated clients' investment goals by recommending fixed income, insurance and mutual fund products.



*</Description>
<StartDate id='71_3_1'><YearMonth>2010-06</YearMonth></StartDate>
<EndDate id='71_3_2'><YearMonth>2011-01</YearMonth></EndDate>




<JobCategory>
<TaxonomyName>JOBAREA</TaxonomyName>
<CategoryCode>banking-finance</CategoryCode>
</JobCategory>


<UserArea>
<DaxPositionHistoryUserArea>
<TLSPAN first_id='71' last_id='76' border_id='0'></TLSPAN>
<MonthsOfWork>8</MonthsOfWork>
</DaxPositionHistoryUserArea>
</UserArea>
</PositionHistory>
</EmployerOrg>

</EmploymentHistory>
<EducationHistory>
<SchoolOrInstitution schoolType='university'>
<SchoolName id='7'>Stevens Institute of Technology</SchoolName>
<LocationSummary id='8'>
<Municipality>Hoboken</Municipality>
<Region>NJ</Region>
<CountryCode>US</CountryCode>
</LocationSummary>


<Degree degreeType='masters'>
<DegreeName id='10_1'>Master of Financial Engineering</DegreeName>
<DegreeDate id='10_2'><YearMonth>2012-12</YearMonth></DegreeDate>
</Degree>
<Major id='11_1'>Selected courses</Major>

<Measure>
<MeasureValue id='9_1'>GPA: 3.83/4.0</MeasureValue>
</Measure>


<Comments>Master of Financial Engineering                                                        Selected courses: Financial Enterprise Risk Engineering, Introduction to Financial Risk Management, Computational Methods in Finance, Portfolio Theory &#38; Applications, Stochastic Calculus for FE, etc.
Hebei University of Economics and Business, Shijiazhuang, China    GPA: 3.4/4.0</Comments>
</SchoolOrInstitution>

<SchoolOrInstitution schoolType='university'>
<SchoolName id='15'>Hebei University of Economics and Business</SchoolName>
<LocationSummary id='16'>
<Municipality>Shijiazhuang</Municipality>
<CountryCode>CN</CountryCode>
</LocationSummary>


<Degree degreeType='bachelors'>
<DegreeName id='18_1'>Bachelor of Financial Engineering</DegreeName>
<DegreeDate id='18_2'><YearMonth>2010-07</YearMonth></DegreeDate>
</Degree>


<Measure>
<MeasureValue id='17_1'>GPA: 3.4/4.0</MeasureValue>
</Measure>



</SchoolOrInstitution>

</EducationHistory>











<Competency oids='24 28 48 50 62 64 ' description='Skill > IT' auth='yes' name='Microsoft Excel'>
<CompetencyEvidence name='Extent of Experience' typeDescription='Extent of Experience' type='MONTH' lastUsed='2012'><NumericValue description='MONTH'>22</NumericValue></CompetencyEvidence>

<CompetencyEvidence typeDescription='Alias' name='Alias'><StringValue>Excel</StringValue></CompetencyEvidence>

<CompetencyEvidence typeDescription='Alias' name='Alias'><StringValue>Excel spreadsheets</StringValue></CompetencyEvidence>

<CompetencyWeight type='skillLevel'><NumericValue minValue='0' maxValue='100'>100</NumericValue></CompetencyWeight>

<CompetencyWeight type='skillProficiency'><StringValue minValue='BASIC' maxValue='EXCELLENT'>EXCELLENT</StringValue></CompetencyWeight>
</Competency>

<Competency oids='35 40 44 47 ' description='Skill' auth='yes' name='Equities'>
<CompetencyEvidence name='Extent of Experience' typeDescription='Extent of Experience' type='MONTH' lastUsed='2012'><NumericValue description='MONTH'>4</NumericValue></CompetencyEvidence>

<CompetencyEvidence typeDescription='Alias' name='Alias'><StringValue>Equity</StringValue></CompetencyEvidence>

<CompetencyWeight type='skillLevel'><NumericValue minValue='0' maxValue='100'>94</NumericValue></CompetencyWeight>

<CompetencyWeight type='skillProficiency'><StringValue minValue='BASIC' maxValue='EXCELLENT'>EXCELLENT</StringValue></CompetencyWeight>
</Competency>

<Competency oids='52 63 ' description='Skill' auth='no' name='data analysis'>
<CompetencyEvidence name='Extent of Experience' typeDescription='Extent of Experience' type='MONTH' lastUsed='2012'><NumericValue description='MONTH'>22</NumericValue></CompetencyEvidence>

<CompetencyWeight type='skillLevel'><NumericValue minValue='0' maxValue='100'>99</NumericValue></CompetencyWeight>

<CompetencyWeight type='skillProficiency'><StringValue minValue='BASIC' maxValue='EXCELLENT'>EXCELLENT</StringValue></CompetencyWeight>
</Competency>

<Competency oids='29 51 ' description='Skill > IT' auth='yes' name='Visual Basic for Applications'>
<CompetencyEvidence name='Extent of Experience' typeDescription='Extent of Experience' type='MONTH' lastUsed='2012'><NumericValue description='MONTH'>4</NumericValue></CompetencyEvidence>

<CompetencyEvidence typeDescription='Alias' name='Alias'><StringValue>VBA</StringValue></CompetencyEvidence>

<CompetencyWeight type='skillLevel'><NumericValue minValue='0' maxValue='100'>89</NumericValue></CompetencyWeight>

<CompetencyWeight type='skillProficiency'><StringValue minValue='BASIC' maxValue='EXCELLENT'>EXCELLENT</StringValue></CompetencyWeight>
</Competency>

<Competency oids='26 38 ' description='Skill > IT' auth='yes' name='SQL'>
<CompetencyEvidence name='Extent of Experience' typeDescription='Extent of Experience' type='MONTH' lastUsed='2012'><NumericValue description='MONTH'>4</NumericValue></CompetencyEvidence>

<CompetencyWeight type='skillLevel'><NumericValue minValue='0' maxValue='100'>94</NumericValue></CompetencyWeight>

<CompetencyWeight type='skillProficiency'><StringValue minValue='BASIC' maxValue='EXCELLENT'>EXCELLENT</StringValue></CompetencyWeight>
</Competency>

<Competency oids='23 65 ' description='Skill > IT' auth='yes' name='Microsoft Access'>
<CompetencyEvidence name='Extent of Experience' typeDescription='Extent of Experience' type='MONTH' lastUsed='2012'><NumericValue description='MONTH'>18</NumericValue></CompetencyEvidence>

<CompetencyEvidence typeDescription='Alias' name='Alias'><StringValue>Access</StringValue></CompetencyEvidence>

<CompetencyWeight type='skillLevel'><NumericValue minValue='0' maxValue='100'>95</NumericValue></CompetencyWeight>

<CompetencyWeight type='skillProficiency'><StringValue minValue='BASIC' maxValue='EXCELLENT'>EXCELLENT</StringValue></CompetencyWeight>
</Competency>

<Competency oids='27 54 ' description='Skill > IT' auth='yes' name='Java'>
<CompetencyEvidence name='Extent of Experience' typeDescription='Extent of Experience' type='MONTH' lastUsed='2011'><NumericValue description='MONTH'>4</NumericValue></CompetencyEvidence>

<CompetencyWeight type='skillLevel'><NumericValue minValue='0' maxValue='100'>74</NumericValue></CompetencyWeight>

<CompetencyWeight type='skillProficiency'><StringValue minValue='BASIC' maxValue='EXCELLENT'>GOOD</StringValue></CompetencyWeight>
</Competency>

<Competency oids='30 67 ' description='Skill > IT' auth='yes' name='HTML'>
<CompetencyEvidence name='Extent of Experience' typeDescription='Extent of Experience' type='MONTH' lastUsed='2012'><NumericValue description='MONTH'>18</NumericValue></CompetencyEvidence>

<CompetencyEvidence name='Application' typeDescription='Application' type='programming'><StringValue>programming</StringValue></CompetencyEvidence>

<CompetencyEvidence typeDescription='Alias' name='Alias'><StringValue>programming in HTML</StringValue></CompetencyEvidence>

<CompetencyWeight type='skillLevel'><NumericValue minValue='0' maxValue='100'>94</NumericValue></CompetencyWeight>

<CompetencyWeight type='skillProficiency'><StringValue minValue='BASIC' maxValue='EXCELLENT'>EXCELLENT</StringValue></CompetencyWeight>
</Competency>

<Competency oids='74 ' description='Skill' auth='no' name='suitability analysis'>
<CompetencyEvidence name='Extent of Experience' typeDescription='Extent of Experience' type='MONTH' lastUsed='2011'><NumericValue description='MONTH'>8</NumericValue></CompetencyEvidence>

<CompetencyWeight type='skillLevel'><NumericValue minValue='0' maxValue='100'>76</NumericValue></CompetencyWeight>

<CompetencyWeight type='skillProficiency'><StringValue minValue='BASIC' maxValue='EXCELLENT'>GOOD</StringValue></CompetencyWeight>
</Competency>

<Competency oids='66 ' description='Skill > IT' auth='yes' name='Website Design'>
<CompetencyEvidence name='Extent of Experience' typeDescription='Extent of Experience' type='MONTH' lastUsed='2012'><NumericValue description='MONTH'>18</NumericValue></CompetencyEvidence>

<CompetencyEvidence typeDescription='Alias' name='Alias'><StringValue>webpage design</StringValue></CompetencyEvidence>

<CompetencyWeight type='skillLevel'><NumericValue minValue='0' maxValue='100'>94</NumericValue></CompetencyWeight>

<CompetencyWeight type='skillProficiency'><StringValue minValue='BASIC' maxValue='EXCELLENT'>EXCELLENT</StringValue></CompetencyWeight>
</Competency>

<Competency oids='57 ' description='Skill' auth='yes' name='Stress Analysis'>
<CompetencyEvidence name='Extent of Experience' typeDescription='Extent of Experience' type='MONTH' lastUsed='2011'><NumericValue description='MONTH'>4</NumericValue></CompetencyEvidence>

<CompetencyEvidence typeDescription='Alias' name='Alias'><StringValue>stress testing</StringValue></CompetencyEvidence>

<CompetencyWeight type='skillLevel'><NumericValue minValue='0' maxValue='100'>73</NumericValue></CompetencyWeight>

<CompetencyWeight type='skillProficiency'><StringValue minValue='BASIC' maxValue='EXCELLENT'>GOOD</StringValue></CompetencyWeight>
</Competency>

<Competency oids='14 ' description='Skill' auth='yes' name='Stochastic Calculus'>
<CompetencyWeight type='skillLevel'><NumericValue minValue='0' maxValue='100'>15</NumericValue></CompetencyWeight>
</Competency>

<Competency oids='21 ' description='Skill > IT' auth='yes' name='MySQL'>
<CompetencyWeight type='skillLevel'><NumericValue minValue='0' maxValue='100'>15</NumericValue></CompetencyWeight>
</Competency>

<Competency oids='76 ' description='Skill' auth='yes' name='Mutual Funds'>
<CompetencyEvidence name='Extent of Experience' typeDescription='Extent of Experience' type='MONTH' lastUsed='2011'><NumericValue description='MONTH'>8</NumericValue></CompetencyEvidence>

<CompetencyEvidence typeDescription='Alias' name='Alias'><StringValue>mutual fund</StringValue></CompetencyEvidence>

<CompetencyWeight type='skillLevel'><NumericValue minValue='0' maxValue='100'>74</NumericValue></CompetencyWeight>

<CompetencyWeight type='skillProficiency'><StringValue minValue='BASIC' maxValue='EXCELLENT'>GOOD</StringValue></CompetencyWeight>
</Competency>

<Competency oids='49 ' description='Skill' auth='yes' name='Monte Carlo Simulation'>
<CompetencyEvidence name='Extent of Experience' typeDescription='Extent of Experience' type='MONTH' lastUsed='2012'><NumericValue description='MONTH'>4</NumericValue></CompetencyEvidence>

<CompetencyWeight type='skillLevel'><NumericValue minValue='0' maxValue='100'>89</NumericValue></CompetencyWeight>

<CompetencyWeight type='skillProficiency'><StringValue minValue='BASIC' maxValue='EXCELLENT'>EXCELLENT</StringValue></CompetencyWeight>
</Competency>

<Competency oids='22 ' description='Skill > IT' auth='yes' name='Microsoft SQL Server'>
<CompetencyEvidence typeDescription='Alias' name='Alias'><StringValue>SQL Server</StringValue></CompetencyEvidence>

<CompetencyWeight type='skillLevel'><NumericValue minValue='0' maxValue='100'>15</NumericValue></CompetencyWeight>
</Competency>

<Competency oids='25 ' description='Skill > IT' auth='yes' name='Microsoft Office'>
<CompetencyEvidence typeDescription='Alias' name='Alias'><StringValue>Office</StringValue></CompetencyEvidence>

<CompetencyWeight type='skillLevel'><NumericValue minValue='0' maxValue='100'>15</NumericValue></CompetencyWeight>
</Competency>

<Competency oids='31 ' description='Skill > IT' auth='yes' name='Matlab'>
<CompetencyWeight type='skillLevel'><NumericValue minValue='0' maxValue='100'>15</NumericValue></CompetencyWeight>
</Competency>

<Competency oids='33 ' description='Skill > Language' auth='yes' name='Mandarin'>
<CompetencyWeight type='skillLevel'><NumericValue minValue='0' maxValue='100'>95</NumericValue></CompetencyWeight>

<CompetencyWeight type='skillProficiency'><StringValue minValue='BASIC' maxValue='EXCELLENT'>NATIVE</StringValue></CompetencyWeight>
</Competency>

<Competency oids='75 ' description='Skill' auth='yes' name='Fixed Income'>
<CompetencyEvidence name='Extent of Experience' typeDescription='Extent of Experience' type='MONTH' lastUsed='2011'><NumericValue description='MONTH'>8</NumericValue></CompetencyEvidence>

<CompetencyWeight type='skillLevel'><NumericValue minValue='0' maxValue='100'>75</NumericValue></CompetencyWeight>

<CompetencyWeight type='skillProficiency'><StringValue minValue='BASIC' maxValue='EXCELLENT'>GOOD</StringValue></CompetencyWeight>
</Competency>

<Competency oids='32 ' description='Skill > Language' auth='yes' name='English'>
<CompetencyWeight type='skillLevel'><NumericValue minValue='0' maxValue='100'>95</NumericValue></CompetencyWeight>

<CompetencyWeight type='skillProficiency'><StringValue minValue='BASIC' maxValue='EXCELLENT'>NATIVE</StringValue></CompetencyWeight>
</Competency>

<Competency oids='39 ' description='Skill > IT' auth='yes' name='C++'>
<CompetencyEvidence name='Extent of Experience' typeDescription='Extent of Experience' type='MONTH' lastUsed='2012'><NumericValue description='MONTH'>4</NumericValue></CompetencyEvidence>

<CompetencyWeight type='skillLevel'><NumericValue minValue='0' maxValue='100'>93</NumericValue></CompetencyWeight>

<CompetencyWeight type='skillProficiency'><StringValue minValue='BASIC' maxValue='EXCELLENT'>EXCELLENT</StringValue></CompetencyWeight>
</Competency>

<Competency oids='68_2 ' description='Held Position' auth='no' name='receptionist'>
<CompetencyEvidence name='Extent of Experience' typeDescription='Extent of Experience' type='MONTH' lastUsed='2012'><NumericValue description='MONTH'>18</NumericValue></CompetencyEvidence>

<CompetencyWeight type='skillLevel'><NumericValue minValue='0' maxValue='100'>97</NumericValue></CompetencyWeight>

<CompetencyWeight type='skillProficiency'><StringValue minValue='BASIC' maxValue='EXCELLENT'>EXCELLENT</StringValue></CompetencyWeight>
</Competency>

<Competency oids='72_1 ' description='Held Position' auth='no' name='Fix Income Business Analyst'>
<CompetencyEvidence name='Extent of Experience' typeDescription='Extent of Experience' type='MONTH' lastUsed='2011'><NumericValue description='MONTH'>8</NumericValue></CompetencyEvidence>

<CompetencyWeight type='skillLevel'><NumericValue minValue='0' maxValue='100'>76</NumericValue></CompetencyWeight>

<CompetencyWeight type='skillProficiency'><StringValue minValue='BASIC' maxValue='EXCELLENT'>GOOD</StringValue></CompetencyWeight>
</Competency>

<Competency oids='59_1 ' description='Held Position' auth='no' name='Assistant'>
<CompetencyEvidence name='Extent of Experience' typeDescription='Extent of Experience' type='MONTH' lastUsed='2012'><NumericValue description='MONTH'>18</NumericValue></CompetencyEvidence>

<CompetencyWeight type='skillLevel'><NumericValue minValue='0' maxValue='100'>98</NumericValue></CompetencyWeight>

<CompetencyWeight type='skillProficiency'><StringValue minValue='BASIC' maxValue='EXCELLENT'>EXCELLENT</StringValue></CompetencyWeight>
</Competency>

<Competency oids='10_1 ' description='Degree/Qualification' auth='no' name='Master of Financial Engineering'>
<CompetencyWeight type='skillLevel'><NumericValue minValue='0' maxValue='100'>12</NumericValue></CompetencyWeight>
</Competency>

<Competency oids='18_1 ' description='Degree/Qualification' auth='no' name='Bachelor of Financial Engineering'>
<CompetencyWeight type='skillLevel'><NumericValue minValue='0' maxValue='100'>12</NumericValue></CompetencyWeight>
</Competency>

<Competency description='Industry' auth='yes' name='industry~science'>
<CompetencyEvidence name='skillCount' typeDescription='skillCount'><NumericValue>1</NumericValue></CompetencyEvidence>

<CompetencyWeight type='skillLevel'><NumericValue minValue='0' maxValue='100'>100</NumericValue></CompetencyWeight>
</Competency>























<RevisionDate id='1'>2013-04-22</RevisionDate>
</StructuredXMLResume>
<NonXMLResume>

<TextResume>



<span inprof='n' id='1' class='date'>{{DOCUMENT_DATESTAMP}} 2013-4-22 {{END_DOCUMENT_DATESTAMP}}</span>


<span inprof='y' id='2' class='nominal'>Xuan Sun</span>
<span inprof='y' id='3' class='telephone'>Mobile: 201-293-9937</span> <span inprof='y' id='4' class='email'>E-mail: sunxuan1988@gmail.com</span>
  <span inprof='y' id='5' class='location'>Address: 715 Willow Ave, Apt 7, Hoboken, NJ 07030</span>


<span inprof='n' id='6' class='edu-hist-mark'>EDUCATION:</span>
<span inprof='y' id='7' class='educational'>Stevens Institute of Technology</span>, <span inprof='y' id='8' class='location'>Hoboken, NJ</span>                           <span inprof='y' id='9_1' class='degree-measure'>GPA: 3.83/4.0</span>
       <span inprof='y' id='10_1' class='qualif'>Master of Financial Engineering</span>                                               <span inprof='y' id='10_2' class='date'>12/2012</span>
       <span inprof='y' id='11_1' class='subject'>Selected courses</span>: <span inprof='n' id='12' class='company'>Financial Enterprise Risk Engineering</span>, Introduction <span inprof='n' id='13' class='bad-occupation'>to Financial Risk Management</span>, Computational Methods in Finance, Portfolio Theory &#38; Applications, <span inprof='y' id='14' class='skill'>Stochastic Calculus</span> for FE, etc.
<span inprof='y' id='15' class='educational'>Hebei University of Economics and Business</span>, <span inprof='y' id='16' class='location'>Shijiazhuang, China</span>                                                                                                    <span inprof='y' id='17_1' class='degree-measure'>GPA: 3.4/4.0</span>
       <span inprof='y' id='18_1' class='qualif'>Bachelor of Financial Engineering</span>                               <span inprof='y' id='18_2' class='date'>07/2010</span>

<span inprof='n' id='19' class='skills-qualif-mark'>SKILLS:</span>
<span inprof='n' id='20' class='skills-qualif-mark'>Software:</span>              <span inprof='y' id='21' class='sofwr'>My SQL</span>, <span inprof='y' id='22' class='sofwr'>SQL Server</span>, <span inprof='y' id='23' class='sofwr'>Access</span>, <span inprof='y' id='24' class='sofwr'>Excel</span> and other Microsoft <span inprof='y' id='25' class='sofwr'>Office</span> Suit, Eviews, Type03
Programming:           <span inprof='y' id='26' class='sofwr'>SQL</span>, <span inprof='y' id='27' class='sofwr'>Java</span>, <span inprof='y' id='28' class='sofwr'>Excel</span> (Pivot table, V-lookup, Macros and <span inprof='y' id='29' class='sofwr'>VBA</span>), <span inprof='y' id='30' class='sofwr'>HTML</span>, <span inprof='y' id='31' class='sofwr'>Matlab</span>
<span inprof='y' id='32' class='skill'>Language:              English, Native</span> <span inprof='y' id='33' class='skill'>Mandarin</span>

<span inprof='n' id='34' class='work-hist-mark'>PROJECTS:</span>
Rare Events Analysis for High-Frequency <span inprof='y' id='35' class='skill'>Equity</span> Data           <span inprof='y' id='36_1' class='date'>02/2012</span>-<span inprof='y' id='36_2' class='date'>05/2012</span>
*  <span inprof='y' id='37' class='company'>Review High Frequency Trading</span> papers based on the rare events that show relatively small volume with big price movement ; 
*  Propose a method to detect rare events based on non-parametric statistics, and a high frequency trading strategy ; 
*  Clean L1 market tick data using <span inprof='y' id='38' class='sofwr'>SQL</span>; implement the statistics analysis and trading strategy using <span inprof='y' id='39' class='sofwr'>C++</span> ; 
*  Tune up trading strategy parameters for mid-cap, large-cap and super-cap <span inprof='y' id='40' class='skill'>equities</span> respectively, achieved <span inprof='n' id='41' class='percent'>80%</span> percent probability to profit ; 
*  Composed a comprehensive research report to be submitted to an academic conference
Financial Tools <span inprof='n' id='42' class='bad-occupation'>for Risk Management</span> and Pricing             <span inprof='y' id='43_1' class='date'>01/2012</span>-<span inprof='y' id='43_2' class='date'>05/2012</span>
*  Collect and clean daily prices of multiple <span inprof='y' id='44' class='skill'>equities</span> and S&#38;P 500 and SX5E index for the past <span inprof='n' id='45' class='duration'>20 years</span> using Bloomberg ; 
*  Collected and compiled <span inprof='n' id='46' class='duration'>20 years</span> daily price historical data for multiple stocks and <span inprof='y' id='47' class='skill'>equity</span> indices; Implemented Yield Curve, VAR, CVAR, Skew, Kurt, Autocorrelation, Term Structures Statistics calculation using <span inprof='y' id='48' class='sofwr'>Excel</span>; Implemented GARCH(1,1) model and <span inprof='y' id='49' class='skill'>Monte Carlo Simulation</span> using <span inprof='y' id='50' class='sofwr'>Excel</span> and <span inprof='y' id='51' class='sofwr'>VBA</span>; designed histogram, pie, scatter and line chart templates for <span inprof='y' id='52' class='skill'>data analysis</span> ; 
*  Conducted model validation and back-test for all the tools using real market data
<span inprof='y' id='53' class='company'>Financial Calculation Library</span> in <span inprof='y' id='54' class='sofwr'>Java</span>          <span inprof='y' id='55_1' class='date'>09/2011</span>-<span inprof='y' id='55_2' class='date'>12/2011</span>
*  Implemented Black-Scholes Model, Binomial Tree/Trinomial Tree/Explicit Finite Difference Method and <span inprof='y' id='56' class='location'>Monte Carlo</span> ; 
*  Simulation to price European options and American options ; 
*  Implemented high-level interfaces for <span inprof='y' id='57' class='skill'>stress testing</span> ; 
*  Verified the library by comprehensive testing using real market data

<span inprof='n' id='58_1' class='experience-title'>EXPERIENCE:</span>
<span inprof='y' id='58_2' class='educational'>Stevens Institute of Technology</span>, <span inprof='y' id='58_3' class='location'>Hoboken, NJ</span>              <span inprof='y' id='58_4_1' class='date'>07/2011</span>- <span inprof='y' id='58_4_2' class='date'>12/2012</span>
<span inprof='y' id='59_1' class='role'>Assistant</span> of <span inprof='n' id='60' class='educational'>Office of Academic Entrepreneurship</span>
*  Integrate financial data from multiple departments and affiliations of <span inprof='n' id='61' class='educational'>Stevens Institute</span> into <span inprof='y' id='62' class='sofwr'>Excel spreadsheets</span>; Design and implement formula and chart template for <span inprof='y' id='63' class='skill'>data analysis</span> purpose and provide commentary using <span inprof='y' id='64' class='sofwr'>Excel</span> and <span inprof='y' id='65' class='sofwr'>Access</span> ; 
*  Design and update school webpages using <span inprof='y' id='66' class='sofwr'>webpage design</span> tools and <span inprof='y' id='67' class='sofwr'>programming in HTML</span> ; 
*  Organize and serve <span inprof='n' id='68_1' class='some-position'>as</span> <span inprof='y' id='68_2' class='role'>receptionist</span> in various events, i.e. monthly state-wide ``NJ Tech Meet Ups'' with over 200 attendees, <span inprof='n' id='69' class='company'>nationwide</span> workshops and yearly ``<span inprof='n' id='70' class='location'>New Jersey</span> Inventors Hall of Fame''. ; 
*  Design online surveys for multiple topics and carry on statistical a nalysis on feedbacks
<span inprof='y' id='71_1' class='company'>China Citic Bank</span>, <span inprof='y' id='71_2' class='location'>China</span>          <span inprof='y' id='71_3_1' class='date'>06/2010</span>-<span inprof='y' id='71_3_2' class='date'>01/2011</span>
<span inprof='y' id='72_1' class='role'>Fix Income Business Analyst</span> of <span inprof='y' id='73' class='company'>Wealth Management Department</span>
*  Monitored interest rate market movements and followed government and policy related news; analyzed the potential impact on client portfolios and communicated with clients regarding their investment strategies. ; 
*  Led VIP retail team and coordinate with operation team to improve client service quality ; 
*  Conducted interviews and <span inprof='y' id='74' class='skill'>suitability analysis</span> and accommodated clients' investment goals by recommending <span inprof='y' id='75' class='skill'>fixed income</span>, insurance and <span inprof='y' id='76' class='skill'>mutual fund</span> products.




*

</TextResume>

</NonXMLResume>



<UserArea>
<DaxResumeUserArea>
<AdditionalPersonalData>
<ExperienceSummary>
<TotalMonthsOfWorkExperience>34</TotalMonthsOfWorkExperience>
<TotalYearsOfWorkExperience>3</TotalYearsOfWorkExperience>
<ExecutiveBrief>Xuan Sun is a resident of Hoboken, NJ, US. She has been working in the Science  occupational sector for more than 3 years. During her last employment she was working as an Assistant at Stevens Institute of Technology. So far Xuan has not gained any managerial experience.</ExecutiveBrief>
</ExperienceSummary>
</AdditionalPersonalData>
<ParserInfo>
<ParserConfiguration>{max_len=50000} {tel_flag=} {send_zip=} {fast_conv=} {DEF_LOCAL=} {sdate=0} {no_email_body=0} {do_clever_zoning=1} {keep_span=1} {complex=1} {accept_langs=} {not_accept_langs=} {prefer_lang_cv=EN} {pers_only=0} {turbo=0} {split_language=0} {picture=0} {picture_inline=0} {name_space=0} {charset=} {hrxml_upgrade_edu_hist=0}{hrxml_add_languages_section=0}{spool=} {docID=} {user=DEFAULT} </ParserConfiguration>
<ParserRelease>0.12.3.32629</ParserRelease>
<ParserReleaseDate>2014-06-18</ParserReleaseDate>
<ParserSchema>2.0.29</ParserSchema>
<ParserSchemaLocation>http://cvx.daxtra.com/cvts/xsd/candidate/2.0.29/Resume.xsd</ParserSchemaLocation>
<ConverterRelease>0.5.2.32629</ConverterRelease>
<ConverterReleaseDate>2014-06-18</ConverterReleaseDate>
</ParserInfo>
<FileStruct filename="/home/izoom/anazarov/grammar/analysis/3rconnect/doc/100_Resumes-Walsh/Xuan Sun's resume.doc">

<attachment fname='Xuan_Suns_resume.doc' ftype='doc' conv='yes' doc_type='cv' lang='EN'>/home/izoom/anazarov/grammar/analysis/3rconnect/doc/100_Resumes-Walsh/Xuan_Suns_resume.doc</attachment>


</FileStruct>
</DaxResumeUserArea>
</UserArea>
</Resume>
