<?xml version='1.0' encoding='ISO-8859-1'?>
<Resume lang='en' src='DAXTRA-CVX schema:2.0.29 release:0.12.3.32629 rdate:2014-06-18'>
<StructuredXMLResume>
<ContactInfo>
<PersonName id='2'>
<FormattedName>Yiran Li</FormattedName>
<GivenName>Yiran</GivenName>
<FamilyName>Li</FamilyName>
</PersonName>
<ContactMethod>
<Telephone id='6' type='home'>
<InternationalCountryCode>1</InternationalCountryCode>
<SubscriberNumber>610 662-1209</SubscriberNumber>
<FormattedNumber>+1 610 662-1209</FormattedNumber></Telephone>

<InternetEmailAddress id='7' type='main'>yil411@lehigh.edu</InternetEmailAddress>
<PostalAddress id='5' type='main'>
<CountryCode>US</CountryCode>
<PostalCode>18015</PostalCode>
<Region>PA</Region>
<Municipality>Bethlehem</Municipality>
<DeliveryAddress>
<AddressLine>508 Selfridge Street</AddressLine>
<StreetName>Selfridge Street</StreetName>
<BuildingNumber>508</BuildingNumber>
</DeliveryAddress>

</PostalAddress>
</ContactMethod>
</ContactInfo>


<EmploymentHistory>
<EmployerOrg employerOrgType='soleEmployer'>

<PositionHistory>
<Title id='13_1'>Financial Risk Manager</Title>





<StartDate id='14'><YearMonth>2012-11</YearMonth></StartDate>
<EndDate id='14'><YearMonth>2012-11</YearMonth></EndDate>



<JobLevelInfo>
<JobGrade>joblevel-management-low</JobGrade>
</JobLevelInfo>

<JobCategory>
<TaxonomyName>JOBAREA</TaxonomyName>
<CategoryCode>banking-finance</CategoryCode>
</JobCategory>


<UserArea>
<DaxPositionHistoryUserArea>
<TLSPAN first_id='13' last_id='14' border_id='15'></TLSPAN>
</DaxPositionHistoryUserArea>
</UserArea>
</PositionHistory>
</EmployerOrg>

<EmployerOrg employerOrgType='soleEmployer'>

<PositionHistory>






<StartDate id='15_2'><YearMonth>2012-09</YearMonth></StartDate>
<EndDate id='15_2'><YearMonth>2012-09</YearMonth></EndDate>






<UserArea>
<DaxPositionHistoryUserArea>
<TLSPAN first_id='15' last_id='15' border_id='19'></TLSPAN>
</DaxPositionHistoryUserArea>
</UserArea>
</PositionHistory>
</EmployerOrg>

<EmployerOrg employerOrgType='soleEmployer'>
<EmployerOrgName id='22'>Econometrics, International Financial Management</EmployerOrgName>
<EmployerContactInfo>
<LocationSummary id='17'>
<Municipality>Level</Municipality>
<CountryCode>HU</CountryCode>
</LocationSummary>
</EmployerContactInfo>
<PositionHistory>
<Title id='18_1'>Financial Risk Manager</Title>
<OrgName id='22'>Econometrics, International Financial Management</OrgName>



<Description>Pass CFA (Chartered Financial Analyst) Level I Exam Pass FRM (Financial Risk Manager) Part I Exam                   
       Main Courses: Time Series Analysis, Simulation, 
Optimization Models and Application, Random Process and applications, Financial
    Optimization, Fixed Income Securities/Advanced Investment, Derivatives and Risk
    Management, Financial Engineering Project
    Nankai University, Tianjin, China ,</Description>
<StartDate id='19_1'><YearMonth>2011-12</YearMonth></StartDate>
<EndDate id='19_2'><YearMonth>2011-11</YearMonth></EndDate>



<JobLevelInfo>
<JobGrade>joblevel-management-low</JobGrade>
</JobLevelInfo>

<JobCategory>
<TaxonomyName>JOBAREA</TaxonomyName>
<CategoryCode>banking-finance</CategoryCode>
</JobCategory>


<UserArea>
<DaxPositionHistoryUserArea>
<TLSPAN first_id='16' last_id='26' border_id='55'></TLSPAN>
</DaxPositionHistoryUserArea>
</UserArea>
</PositionHistory>
</EmployerOrg>

<EmployerOrg employerOrgType='soleEmployer'>
<EmployerOrgName id='55_1'>Overseas Students Association</EmployerOrgName>

<PositionHistory positionType='PERMANENT'>
<Title id='55_2_1'>President, Nankai University</Title>
<OrgName id='55_1'>Overseas Students Association</OrgName>



<Description>* Managed budget of &#xffe5;10,000 and allocate appropriately. ; 
    * Recruited over 400 students and expand rapidly. ; 
    * Coordinated with local well-known enterprises to organize many activities.</Description>
<StartDate id='55_3_1'><Year>2008</Year></StartDate>
<EndDate id='55_3_2'><Year>2009</Year></EndDate>



<JobLevelInfo>
<JobGrade>joblevel-management-senior</JobGrade>
</JobLevelInfo>

<JobCategory>
<TaxonomyName>JOBAREA</TaxonomyName>
<CategoryCode>senior</CategoryCode>
</JobCategory>


<UserArea>
<DaxPositionHistoryUserArea>
<TLSPAN first_id='55' last_id='55' border_id='57'></TLSPAN>
<MonthsOfWork>12</MonthsOfWork>
</DaxPositionHistoryUserArea>
</UserArea>
</PositionHistory>
</EmployerOrg>

<EmployerOrg employerOrgType='soleEmployer'>
<EmployerOrgName id='57_1'>Washburn University</EmployerOrgName>
<EmployerContactInfo>
<LocationSummary id='57_3'>
<Municipality>Topeka</Municipality>
<Region>KS</Region>
<CountryCode>US</CountryCode>
</LocationSummary>
</EmployerContactInfo>
<PositionHistory positionType='CONTRACT'>
<Title id='57_2_1'>Exchange student</Title>
<OrgName id='57_1'>Washburn University</OrgName>




<StartDate id='57_4'><Year>2009</Year></StartDate>
<EndDate id='57_4'><Year>2009</Year></EndDate>




<JobCategory>
<TaxonomyName>JOBAREA</TaxonomyName>
<CategoryCode>graduate</CategoryCode>
</JobCategory>


<UserArea>
<DaxPositionHistoryUserArea>
<TLSPAN first_id='57' last_id='57' border_id='0'></TLSPAN>
<MonthsOfWork>7</MonthsOfWork>
</DaxPositionHistoryUserArea>
</UserArea>
</PositionHistory>
</EmployerOrg>

</EmploymentHistory>
<EducationHistory>
<SchoolOrInstitution schoolType='university'>
<SchoolName id='9_1'>Lehigh University</SchoolName>
<LocationSummary id='9_2'>
<Municipality>Bethlehem</Municipality>
<Region>PA</Region>
<CountryCode>US</CountryCode>
</LocationSummary>


<Degree degreeType='some post-graduate'>
<DegreeName id='9_3'>M.S. Management</DegreeName>
<DegreeDate id='9_4'><YearMonth>2013-05</YearMonth></DegreeDate>
</Degree>
<Major id='9_3'>Science and Engineering</Major>

<Measure>
<MeasureValue id='9_5_1'>Major GPA 3.14</MeasureValue>
</Measure>



</SchoolOrInstitution>

<SchoolOrInstitution schoolType='college'>




<Degree degreeType='certification'>
<DegreeName id='10'>Certified Base Programmer</DegreeName>
<DegreeDate id='12'><YearMonth>2013-03</YearMonth></DegreeDate>
</Degree>




<Comments>Academic Honors: SAS Certified Base Programmer for SAS 9.0</Comments>
</SchoolOrInstitution>

<SchoolOrInstitution schoolType='university'>
<SchoolName id='53'>Lehigh University</SchoolName>







<DatesOfAttendance>
<StartDate><AnyDate>notKnown</AnyDate></StartDate>
<EndDate id='54'><Year>2012</Year></EndDate>
</DatesOfAttendance>
<Comments>* Helped set up science fair and keep candidates in order.</Comments>
</SchoolOrInstitution>

<SchoolOrInstitution schoolType='university'>
<SchoolName id='26_1'>Nankai University</SchoolName>
<LocationSummary id='26_2'>
<Municipality>Tianjin</Municipality>
<CountryCode>CN</CountryCode>
</LocationSummary>


<Degree degreeType='some post-graduate'>
<DegreeName id='26_3'>Bachelor of Science</DegreeName>
<DegreeDate id='26_5'><YearMonth>2011-06</YearMonth></DegreeDate>
</Degree>
<Major id='26_3'>Finance</Major>

<Measure>
<MeasureValue id='26_4_1'>Major GPA 3.65</MeasureValue>
</Measure>


<Comments>Skills
    Computer: Proficient in SAS, ITSM and Arena; Intermediate skills in AMPL, Matlab and SQL statement;
    Proficient in MS Excel (including Pivot Table, Macro VBA), Word and Powerpoint.</Comments>
</SchoolOrInstitution>

</EducationHistory>











<Competency oids='11 ' description='Skill > IT' auth='yes' name='SAS Statistical Package'>
<CompetencyEvidence typeDescription='Alias' name='Alias'><StringValue>SAS</StringValue></CompetencyEvidence>

<CompetencyEvidence typeDescription='Alias' name='Alias'><StringValue>SAS 9.0 9.0</StringValue></CompetencyEvidence>

<CompetencyWeight type='skillLevel'><NumericValue minValue='0' maxValue='100'>15</NumericValue></CompetencyWeight>
</Competency>

<Competency oids='44 45 ' description='Skill' auth='yes' name='Emerging Markets'>
<CompetencyWeight type='skillLevel'><NumericValue minValue='0' maxValue='100'>15</NumericValue></CompetencyWeight>
</Competency>

<Competency oids='48 ' description='Skill' auth='no' name='manage market risk'>
<CompetencyWeight type='skillLevel'><NumericValue minValue='0' maxValue='100'>15</NumericValue></CompetencyWeight>
</Competency>

<Competency oids='47 ' description='Skill' auth='yes' name='Value at Risk'>
<CompetencyWeight type='skillLevel'><NumericValue minValue='0' maxValue='100'>15</NumericValue></CompetencyWeight>
</Competency>

<Competency oids='21 ' description='Skill' auth='no' name='Time Series Analysis'>
<CompetencyWeight type='skillLevel'><NumericValue minValue='0' maxValue='100'>78</NumericValue></CompetencyWeight>

<CompetencyWeight type='skillProficiency'><StringValue minValue='BASIC' maxValue='EXCELLENT'>GOOD</StringValue></CompetencyWeight>
</Competency>

<Competency oids='32 ' description='Skill > IT' auth='yes' name='SQL'>
<CompetencyWeight type='skillLevel'><NumericValue minValue='0' maxValue='100'>15</NumericValue></CompetencyWeight>
</Competency>

<Competency oids='34 ' description='Skill > IT' auth='yes' name='Microsoft Word'>
<CompetencyEvidence typeDescription='Alias' name='Alias'><StringValue>Word</StringValue></CompetencyEvidence>

<CompetencyWeight type='skillLevel'><NumericValue minValue='0' maxValue='100'>100</NumericValue></CompetencyWeight>

<CompetencyWeight type='skillProficiency'><StringValue minValue='BASIC' maxValue='EXCELLENT'>EXCELLENT</StringValue></CompetencyWeight>
</Competency>

<Competency oids='35 ' description='Skill > IT' auth='yes' name='Microsoft PowerPoint'>
<CompetencyEvidence typeDescription='Alias' name='Alias'><StringValue>Powerpoint</StringValue></CompetencyEvidence>

<CompetencyWeight type='skillLevel'><NumericValue minValue='0' maxValue='100'>100</NumericValue></CompetencyWeight>

<CompetencyWeight type='skillProficiency'><StringValue minValue='BASIC' maxValue='EXCELLENT'>EXCELLENT</StringValue></CompetencyWeight>
</Competency>

<Competency oids='33 ' description='Skill > IT' auth='yes' name='Microsoft Excel'>
<CompetencyEvidence typeDescription='Alias' name='Alias'><StringValue>Proficient in MS Excel</StringValue></CompetencyEvidence>

<CompetencyWeight type='skillLevel'><NumericValue minValue='0' maxValue='100'>100</NumericValue></CompetencyWeight>

<CompetencyWeight type='skillProficiency'><StringValue minValue='BASIC' maxValue='EXCELLENT'>EXCELLENT</StringValue></CompetencyWeight>
</Competency>

<Competency oids='31 ' description='Skill > IT' auth='yes' name='Matlab'>
<CompetencyWeight type='skillLevel'><NumericValue minValue='0' maxValue='100'>15</NumericValue></CompetencyWeight>
</Competency>

<Competency oids='29 ' description='Skill' auth='no' name='Intermediate skills'>
<CompetencyWeight type='skillLevel'><NumericValue minValue='0' maxValue='100'>15</NumericValue></CompetencyWeight>
</Competency>

<Competency oids='23 ' description='Skill' auth='yes' name='Fixed Income Securities'>
<CompetencyWeight type='skillLevel'><NumericValue minValue='0' maxValue='100'>77</NumericValue></CompetencyWeight>

<CompetencyWeight type='skillProficiency'><StringValue minValue='BASIC' maxValue='EXCELLENT'>GOOD</StringValue></CompetencyWeight>
</Competency>

<Competency oids='25 ' description='Skill' auth='yes' name='Financial Engineering'>
<CompetencyWeight type='skillLevel'><NumericValue minValue='0' maxValue='100'>76</NumericValue></CompetencyWeight>

<CompetencyWeight type='skillProficiency'><StringValue minValue='BASIC' maxValue='EXCELLENT'>GOOD</StringValue></CompetencyWeight>
</Competency>

<Competency oids='46 ' description='Skill' auth='yes' name='Equity Capital Markets'>
<CompetencyEvidence typeDescription='Alias' name='Alias'><StringValue>equity markets</StringValue></CompetencyEvidence>

<CompetencyWeight type='skillLevel'><NumericValue minValue='0' maxValue='100'>15</NumericValue></CompetencyWeight>
</Competency>

<Competency oids='36 ' description='Skill > Language' auth='yes' name='English'>
<CompetencyWeight type='skillLevel'><NumericValue minValue='0' maxValue='100'>100</NumericValue></CompetencyWeight>

<CompetencyWeight type='skillProficiency'><StringValue minValue='BASIC' maxValue='EXCELLENT'>EXCELLENT</StringValue></CompetencyWeight>
</Competency>

<Competency oids='37 ' description='Skill > Language' auth='yes' name='Chinese'>
<CompetencyWeight type='skillLevel'><NumericValue minValue='0' maxValue='100'>100</NumericValue></CompetencyWeight>

<CompetencyWeight type='skillProficiency'><StringValue minValue='BASIC' maxValue='EXCELLENT'>NATIVE</StringValue></CompetencyWeight>
</Competency>

<Competency oids='30 ' description='Skill > IT' auth='yes' name='AMPL'>
<CompetencyWeight type='skillLevel'><NumericValue minValue='0' maxValue='100'>15</NumericValue></CompetencyWeight>
</Competency>

<Competency oids='49_2_1 52_2_1 ' description='Held Position' auth='no' name='Intern'>
<CompetencyWeight type='skillLevel'><NumericValue minValue='0' maxValue='100'>15</NumericValue></CompetencyWeight>
</Competency>

<Competency oids='13_1 18_1 ' description='Held Position' auth='no' name='Financial Risk Manager'>
<CompetencyWeight type='skillLevel'><NumericValue minValue='0' maxValue='100'>99</NumericValue></CompetencyWeight>

<CompetencyWeight type='skillProficiency'><StringValue minValue='BASIC' maxValue='EXCELLENT'>EXCELLENT</StringValue></CompetencyWeight>
</Competency>

<Competency oids='39_1 ' description='Held Position' auth='no' name='Risk Management'>
<CompetencyWeight type='skillLevel'><NumericValue minValue='0' maxValue='100'>15</NumericValue></CompetencyWeight>
</Competency>

<Competency oids='55_2_1 ' description='Held Position' auth='no' name='President, Nankai University'>
<CompetencyEvidence name='Extent of Experience' typeDescription='Extent of Experience' type='MONTH' lastUsed='2009'><NumericValue description='MONTH'>12</NumericValue></CompetencyEvidence>

<CompetencyWeight type='skillLevel'><NumericValue minValue='0' maxValue='100'>58</NumericValue></CompetencyWeight>

<CompetencyWeight type='skillProficiency'><StringValue minValue='BASIC' maxValue='EXCELLENT'>WORKING</StringValue></CompetencyWeight>
</Competency>

<Competency oids='57_2_1 ' description='Held Position' auth='no' name='Exchange student'>
<CompetencyEvidence name='Extent of Experience' typeDescription='Extent of Experience' type='MONTH' lastUsed='2009'><NumericValue description='MONTH'>7</NumericValue></CompetencyEvidence>

<CompetencyWeight type='skillLevel'><NumericValue minValue='0' maxValue='100'>58</NumericValue></CompetencyWeight>

<CompetencyWeight type='skillProficiency'><StringValue minValue='BASIC' maxValue='EXCELLENT'>WORKING</StringValue></CompetencyWeight>
</Competency>

<Competency oids='24_1 ' description='Held Position' auth='no' name='Derivatives and Risk Management'>
<CompetencyWeight type='skillLevel'><NumericValue minValue='0' maxValue='100'>77</NumericValue></CompetencyWeight>

<CompetencyWeight type='skillProficiency'><StringValue minValue='BASIC' maxValue='EXCELLENT'>GOOD</StringValue></CompetencyWeight>
</Competency>

<Competency oids='9_3 ' description='Degree/Qualification' auth='no' name='M.S. Management > M.S. Management Science and Engineering'>
<CompetencyEvidence name='Application' typeDescription='Application' type='Science and Engineering'><StringValue>Science and Engineering</StringValue></CompetencyEvidence>

<CompetencyEvidence typeDescription='Alias' name='Alias'><StringValue>M.S. Management in Science and Engineering</StringValue></CompetencyEvidence>

<CompetencyWeight type='skillLevel'><NumericValue minValue='0' maxValue='100'>12</NumericValue></CompetencyWeight>
</Competency>

<Competency oids='16 ' description='Degree/Qualification > Professional' auth='yes' name='Chartered Financial Analyst Qualification'>
<CompetencyEvidence typeDescription='Alias' name='Alias'><StringValue>CFA (Chartered Financial Analyst)</StringValue></CompetencyEvidence>

<CompetencyWeight type='skillLevel'><NumericValue minValue='0' maxValue='100'>12</NumericValue></CompetencyWeight>
</Competency>

<Competency oids='10 ' description='Degree/Qualification > Professional' auth='no' name='Certified Base Programmer'>
<CompetencyEvidence typeDescription='Alias' name='Alias'><StringValue>SAS Certified Base Programmer</StringValue></CompetencyEvidence>

<CompetencyWeight type='skillLevel'><NumericValue minValue='0' maxValue='100'>12</NumericValue></CompetencyWeight>
</Competency>

<Competency oids='15_1 ' description='Degree/Qualification > Professional' auth='no' name='Bloomberg Certification'>
<CompetencyWeight type='skillLevel'><NumericValue minValue='0' maxValue='100'>12</NumericValue></CompetencyWeight>
</Competency>

<Competency oids='26_3 ' description='Degree/Qualification' auth='yes' name='Bachelors Degree > Bachelor of Science > Bachelor of Science Finance'>
<CompetencyEvidence name='Application' typeDescription='Application' type='Finance'><StringValue>Finance</StringValue></CompetencyEvidence>

<CompetencyEvidence typeDescription='Alias' name='Alias'><StringValue>B.S. Finance</StringValue></CompetencyEvidence>

<CompetencyWeight type='skillLevel'><NumericValue minValue='0' maxValue='100'>12</NumericValue></CompetencyWeight>
</Competency>

<Competency description='Industry' auth='yes' name='industry~banking-finance'>
<CompetencyEvidence name='skillCount' typeDescription='skillCount'><NumericValue>2</NumericValue></CompetencyEvidence>

<CompetencyWeight type='skillLevel'><NumericValue minValue='0' maxValue='100'>100</NumericValue></CompetencyWeight>
</Competency>























<RevisionDate id='1'>2013-04-19</RevisionDate>
</StructuredXMLResume>
<NonXMLResume>

<TextResume>



<span inprof='n' id='1' class='date'>{{DOCUMENT_DATESTAMP}} 2013-04-19 15:00:32 {{DOCUMENT_DATESTAMP}}</span>

                                                   <span inprof='y' id='2' class='nominal'>Yiran Li</span>
                              School: <span inprof='n' id='3' class='educational'>Lehigh University</span> * <span inprof='n' id='4' class='location'>Bethlehem, PA * 18015</span>
                        <span inprof='y' id='5' class='location'>Home: 508 Selfridge Street * Bethlehem, PA * 18015</span> Phone * <span inprof='y' id='6' class='telephone'>610-662-1209</span>
                                       <span inprof='y' id='7' class='email'>Email address: yil411@lehigh.edu</span>

<span inprof='n' id='8' class='edu-hist-mark'>Education</span>
       <span inprof='y' id='9_1' class='educational'>Lehigh University</span>, <span inprof='y' id='9_2' class='location'>Bethlehem, PA</span>
       <span inprof='y' id='9_3' class='qualif'>M.S. Management in Science and Engineering</span>                                     <span inprof='y' id='9_4' class='date'>expected May. 2013</span>
       <span inprof='y' id='9_5_1' class='degree-measure'>Major GPA 3.14</span>
       Academic Honors: <span inprof='y' id='10' class='qualif'>SAS Certified Base Programmer</span> for <span inprof='y' id='11' class='sofwr'>SAS 9.0</span>                              <span inprof='y' id='12' class='date'>Mar. 2013</span>

                           Pass FRM (<span inprof='y' id='13_1' class='role'>Financial Risk Manager</span>) Part II Exam                      <span inprof='y' id='14' class='date'>Nov. 2012</span>

                           <span inprof='y' id='15_1' class='qualif'>Bloomberg Certification</span>                                              <span inprof='y' id='15_2' class='date'>Sept. 2012</span>

                           Pass <span inprof='y' id='16' class='qualif'>CFA (Chartered Financial Analyst)</span> <span inprof='y' id='17' class='location'>Level I Exam Pass</span> FRM (<span inprof='y' id='18_1' class='role'>Financial Risk Manager</span>) Part I Exam                  <span inprof='y' id='19_1' class='date'>Dec. 2011</span>  <span inprof='y' id='19_2' class='date'>Nov. 2011</span>

       <span inprof='n' id='20' class='qualif'>Main Courses</span>: <span inprof='y' id='21' class='skill'>Time Series Analysis</span>, Simulation, <span inprof='y' id='22' class='company'>Econometrics, International Financial Management</span>,
                       Optimization Models and Application, Random Process and applications, Financial
                       Optimization, <span inprof='y' id='23' class='skill'>Fixed Income Securities</span>/Advanced Investment, <span inprof='y' id='24_1' class='role'>Derivatives and Risk
                       Management</span>, <span inprof='y' id='25' class='skill'>Financial Engineering</span> Project
       <span inprof='y' id='26_1' class='educational'>Nankai University</span>, <span inprof='y' id='26_2' class='location'>Tianjin, China</span>
       <span inprof='y' id='26_3' class='qualif'>B.S. Finance</span> <span inprof='y' id='26_4_1' class='degree-measure'>Major GPA 3.65</span>                                                                               <span inprof='y' id='26_5' class='date'>Jun.2011</span>

<span inprof='n' id='27' class='title-line'>Skills</span>
          Computer: Proficient in SAS, <span inprof='n' id='28' class='company'>ITSM and Arena</span>; <span inprof='y' id='29' class='skill'>Intermediate skills</span> in <span inprof='y' id='30' class='sofwr'>AMPL</span>, <span inprof='y' id='31' class='sofwr'>Matlab</span> and <span inprof='y' id='32' class='sofwr'>SQL</span> statement;
                    <span inprof='y' id='33' class='sofwr'>Proficient in MS Excel</span> (including Pivot Table, Macro VBA), <span inprof='y' id='34' class='sofwr'>Word</span> and <span inprof='y' id='35' class='sofwr'>Powerpoint</span>.
          <span inprof='y' id='36' class='skill'>Language: English-Fluent</span>; <span inprof='y' id='37' class='skill'>Chinese-Native</span>

<span inprof='n' id='38' class='title-line'>Related Experience</span>
       <span inprof='y' id='39_1' class='role'>Risk Management</span> in <span inprof='n' id='40' class='company'>Emerging Market</span> Project, <span inprof='n' id='41' class='educational'>Lehigh University</span>                            <span inprof='n' id='42' class='date'>Fall 2012</span>
       * Recommend a <span inprof='n' id='43' class='money'>$100,000</span> portfolio consisting of stocks from eight different <span inprof='y' id='44' class='skill'>emerging markets</span>. ; 
       * Track and analyze the stock market performance in 24 <span inprof='y' id='45' class='skill'>emerging markets</span> and 10 <span inprof='y' id='46' class='skill'>equity markets</span>. ; 
       * Utilize <span inprof='y' id='47' class='skill'>Value-at-Risk</span> and Extreme Value theory to measure and <span inprof='y' id='48' class='skill'>manage market risk</span>. ; 
       * Present the final analysis in a 25 page paper.

          <span inprof='n' id='49_1' class='company'>Caida Securities Ltd</span>, <span inprof='y' id='49_2_1' class='role'>Intern</span>, <span inprof='n' id='49_3' class='location'>Shijiazhuang City, Hebei Province, China</span>              <span inprof='n' id='49_4' class='date'>Summer 2012</span>
           * Conducted a financial project and valuation model for <span inprof='n' id='50' class='company'>CITS Company</span> (SHA:601888) ; 
           * Wrote weekly research report for <span inprof='n' id='51' class='company'>CITS Company</span> (SHA:601888) ; 
           * Presented independent projects at management meetings

          <span inprof='n' id='52_1' class='company'>Caida Securities Ltd</span>, <span inprof='y' id='52_2_1' class='role'>Intern</span> , <span inprof='n' id='52_3' class='location'>Beijing, China</span>                                            <span inprof='n' id='52_4' class='date'>Spring 2011</span>
          * Opened and closed individual accounts in stock market at the counter. ; 
          * Presented reports in weekly management meetings.

Leadership
       Lehigh Valley Science Fair, floor monitor, <span inprof='y' id='53' class='educational'>Lehigh University</span>                                <span inprof='y' id='54' class='date'>Spring 2012</span>
       * Helped set up science fair and keep candidates in order.
         <span inprof='y' id='55_1' class='company'>Overseas Students Association</span>, <span inprof='y' id='55_2_1' class='role'>President, Nankai University</span>                                <span inprof='y' id='55_3_1' class='date'>2008</span>-<span inprof='y' id='55_3_2' class='date'>2009</span>
       * Managed budget of &#xffe5;10,000 and allocate appropriately. ; 
       * Recruited over 400 students and expand rapidly. ; 
       * Coordinated with local well-known enterprises to organize many activities.

<span inprof='n' id='56' class='title-line'>Additional Experience</span>
        <span inprof='y' id='57_1' class='educational'>Washburn University</span>, <span inprof='y' id='57_2_1' class='role'>Exchange student</span>, <span inprof='y' id='57_3' class='location'>Topeka, Kansas</span>                                         <span inprof='y' id='57_4' class='date'>Fall 2009</span>

</TextResume>

</NonXMLResume>



<UserArea>
<DaxResumeUserArea>
<AdditionalPersonalData>
<ExperienceSummary>
<TotalMonthsOfWorkExperience>19</TotalMonthsOfWorkExperience>
<TotalYearsOfWorkExperience>1</TotalYearsOfWorkExperience>
<TotalMonthsOfManagementWorkExperience>24</TotalMonthsOfManagementWorkExperience>
<TotalYearsOfManagementWorkExperience>2</TotalYearsOfManagementWorkExperience>
<TotalMonthsOfSeniorManagementWorkExperience>12</TotalMonthsOfSeniorManagementWorkExperience>
<TotalYearsOfSeniorManagementWorkExperience>1</TotalYearsOfSeniorManagementWorkExperience>
<TotalMonthsOfLowLevelManagementWorkExperience>12</TotalMonthsOfLowLevelManagementWorkExperience>
<TotalYearsOfLowLevelManagementWorkExperience>1</TotalYearsOfLowLevelManagementWorkExperience>
<ExecutiveBrief>Yiran Li is a resident of Bethlehem, PA, US.  has been working in the Banking-finance  occupational sector for 19 months. During this candidate's last employment this candidate was working as a Financial Risk Manager. Yiran with exposure to senior management positions.</ExecutiveBrief>
<ManagementRecord>Since 2012-11 the candidate had experience at a lower grade management level working as a Financial Risk Manager.
Since 2011-12 the candidate had experience at a lower grade management level working as a Financial Risk Manager at Econometrics, International Financial Management.
Since 2008 for 12 months the candidate had experience at a senior management level working as a President, Nankai University at Overseas Students Association.
</ManagementRecord>
</ExperienceSummary>
</AdditionalPersonalData>
<ParserInfo>
<ParserConfiguration>{max_len=50000} {tel_flag=} {send_zip=} {fast_conv=} {DEF_LOCAL=} {sdate=0} {no_email_body=0} {do_clever_zoning=1} {keep_span=1} {complex=1} {accept_langs=} {not_accept_langs=} {prefer_lang_cv=EN} {pers_only=0} {turbo=0} {split_language=0} {picture=0} {picture_inline=0} {name_space=0} {charset=} {hrxml_upgrade_edu_hist=0}{hrxml_add_languages_section=0}{spool=} {docID=} {user=DEFAULT} </ParserConfiguration>
<ParserRelease>0.12.3.32629</ParserRelease>
<ParserReleaseDate>2014-06-18</ParserReleaseDate>
<ParserSchema>2.0.29</ParserSchema>
<ParserSchemaLocation>http://cvx.daxtra.com/cvts/xsd/candidate/2.0.29/Resume.xsd</ParserSchemaLocation>
<ConverterRelease>0.5.2.32629</ConverterRelease>
<ConverterReleaseDate>2014-06-18</ConverterReleaseDate>
</ParserInfo>
<FileStruct filename='/home/izoom/anazarov/grammar/analysis/3rconnect/doc/100_Resumes-Walsh/Yiran Li_resume.pdf'>

<attachment fname='Yiran Li_resume.pdf' ftype='pdf' conv='yes' doc_type='cv' lang='EN'>/home/izoom/anazarov/grammar/analysis/3rconnect/doc/100_Resumes-Walsh/Yiran Li_resume.pdf</attachment>


</FileStruct>
</DaxResumeUserArea>
</UserArea>
</Resume>
