<?xml version='1.0' encoding='ISO-8859-1'?>
<Resume lang='en' src='DAXTRA-CVX schema:2.0.29 release:0.12.3.32629 rdate:2014-06-18'>
<StructuredXMLResume>
<ContactInfo>
<PersonName id='2'>
<FormattedName>Yu-Ting (Tina) Huang</FormattedName>
<GivenName>Yu-Ting</GivenName>
<PreferredGivenName>Tina</PreferredGivenName>
<FamilyName>Huang</FamilyName>
</PersonName>
<ContactMethod>
<Mobile id='4'>
<InternationalCountryCode>1</InternationalCountryCode>
<SubscriberNumber>347 840-1342</SubscriberNumber>
<FormattedNumber>+1 347 840-1342</FormattedNumber></Mobile>

<InternetEmailAddress id='5' oids='5 69 ' type='main'>yuting.t.huang@gmail.com</InternetEmailAddress>
<PostalAddress id='3' type='main'>
<CountryCode>US</CountryCode>
<PostalCode>11355</PostalCode>
<Region>NY</Region>
<Municipality>Flushing</Municipality>
<DeliveryAddress>
<AddressLine>140-34 Negundo Avenue</AddressLine>
<StreetName>Negundo Avenue</StreetName>
<BuildingNumber>140-34</BuildingNumber>
</DeliveryAddress>

</PostalAddress>
</ContactMethod>
</ContactInfo>


<EmploymentHistory>
<EmployerOrg employerOrgType='soleEmployer'>
<EmployerOrgName id='13_1'>Citigroup</EmployerOrgName>
<EmployerContactInfo>
<LocationSummary id='13_2'>
<Municipality>New York</Municipality>
<Region>NY</Region>
<CountryCode>US</CountryCode>
</LocationSummary>
</EmployerContactInfo>
<PositionHistory positionType='PERMANENT'>
<Title id='13_4_1'>Reconciliations Specialist</Title>
<OrgName id='13_1'>Citigroup</OrgName>



<Description>* Responsible for handling all day-to-day reconciliations of Open Wealth accounts 
    * Set up and price securities for fixed income, mutual funds and equities so that correct portfolio values are reflected in the system, while ensuring that all securities in the existing portfolios are priced as of previous business day. 
    * Perform account administration duties by ensuring new accounts are set up with accurate funding and investment strategy guidelines, while also making sure that terminated accounts are deactivated in the system in a timely manner. 
    * Ensure all corporate actions are processed in a timely and accurate manner for securities held in the portfolios. 
    * Place focus on finding ways to improve current processes and reduce exception backlogs.</Description>
<StartDate id='13_3_1'><YearMonth>2012-06</YearMonth></StartDate>
<EndDate id='13_3_2'>notApplicable</EndDate>




<JobCategory>
<TaxonomyName>JOBAREA</TaxonomyName>
<CategoryCode>banking-finance</CategoryCode>
</JobCategory>


<UserArea>
<DaxPositionHistoryUserArea>
<TLSPAN first_id='13' last_id='18' border_id='19'></TLSPAN>
<MonthsOfWork>10</MonthsOfWork>
</DaxPositionHistoryUserArea>
</UserArea>
</PositionHistory>
</EmployerOrg>

<EmployerOrg employerOrgType='soleEmployer'>
<EmployerOrgName id='19_1'>Northern Trust Corporation</EmployerOrgName>

<PositionHistory positionType='PERMANENT'>
<Title id='22_1'>Senior Analyst</Title>
<OrgName id='19_1'>Northern Trust Corporation</OrgName>



<Description>* Was responsible for generating, managing, and sending various reports to end users. The reports include holdings reports, market value reports, and cash reports, and the end users include clients, custodians, portfolio managers, and other internal users. 
    * Worked closely with all other Northern Trust operations teams on a daily basis in order to ensure data integrity and timeliness of report distributions. 
    * Created month-end reports that summarized holdings, transactions, and performance data for each month. 
    * Provided user support for Institutional Investor Passport (IIP), which is a web based tool that allows users to look up reports online. Processed all access requests and provided training for users. 
    * Assisted in system testing in order to ensure accurate data is generated for the reports.</Description>
<StartDate id='21_1'><YearMonth>2011-04</YearMonth></StartDate>
<EndDate id='21_2'><YearMonth>2011-07</YearMonth></EndDate>



<JobLevelInfo>
<JobGrade>joblevel-nonmanager-mid</JobGrade>
</JobLevelInfo>

<JobCategory>
<TaxonomyName>JOBAREA</TaxonomyName>
<CategoryCode>it</CategoryCode>
</JobCategory>


<UserArea>
<DaxPositionHistoryUserArea>
<Umbrella>19_3_1</Umbrella>
<TLSPAN first_id='20' last_id='25' border_id='26'></TLSPAN>
<MonthsOfWork>4</MonthsOfWork>
</DaxPositionHistoryUserArea>
</UserArea>
</PositionHistory>
</EmployerOrg>

<EmployerOrg employerOrgType='soleEmployer'>
<EmployerOrgName id='19_1'>Northern Trust Corporation</EmployerOrgName>

<PositionHistory positionType='PERMANENT'>
<Title id='27_1'>Investment Operation Analyst</Title>
<OrgName id='19_1'>Northern Trust Corporation</OrgName>



<Description>* Was responsible for daily review and reconciliation of breaks in trades and portfolio balances against custody in equity, index, tax advantage, and principal only accounts. Kept partners and clients informed of reconciliation issues by maintaining active communication and articulating the root causes and steps necessary for resolution of the issues. 
    * Utilized Bloomberg to research stock and cash breaks caused by corporate actions and dividend reinvestment occurrences, and inputted notes in the system so that the breaks would resolve in a timely manner. 
    * Ensured that fund of funds activities, FX, client contributions and withdrawals, and fund redemptions are correctly booked in various portfolios so that no discrepancies would occur. 
    * Understood and prioritized sensitive and high-risk breaks appropriately, while ensuring that all breaks are resolved within the required time frames. 
    * Gained in-depth knowledge of the entire reconciliation process by understanding and interpreting all policies, guidelines, and procedures. Documented all processes and created training materials for new team members. 
    * Performed client servicing responsibilities on a daily basis, while actively building and maintaining strong working relationships with portfolio managers, custodians, and other partners. 
    * Assisted in the move to a new reconciliation platform, ensuring that all breaks are resolved before the application conversion occurs. Worked with teammates to fully learn and master the functions of the new applications.</Description>
<StartDate id='26_1'><YearMonth>2009-10</YearMonth></StartDate>
<EndDate id='26_2'><YearMonth>2011-04</YearMonth></EndDate>




<JobCategory>
<TaxonomyName>JOBAREA</TaxonomyName>
<CategoryCode>banking-finance</CategoryCode>
</JobCategory>


<UserArea>
<DaxPositionHistoryUserArea>
<Umbrella>19_3_1</Umbrella>
<TLSPAN first_id='26' last_id='39' border_id='40'></TLSPAN>
<MonthsOfWork>19</MonthsOfWork>
</DaxPositionHistoryUserArea>
</UserArea>
</PositionHistory>
</EmployerOrg>

<EmployerOrg employerOrgType='soleEmployer'>
<EmployerOrgName id='19_1'>Northern Trust Corporation</EmployerOrgName>

<PositionHistory positionType='PERMANENT'>
<Title id='40_3_1'>Derivatives Analyst</Title>
<OrgName organizationType='unit' id='19_1'>Northern Trust Corporation</OrgName>



<Description>* Performed daily account balancing by reconciling all futures, options, and cash collaterals with investment manager and broker positions and cash, while ensuring established procedures and deadlines are adhered to. 
    * Calculated daily margin movement for futures in various accounts and ensured daily marginal differences are sent via Fed to the counterparties in a timely manner. 
    * Served as the primary contact between Northern Trust and investment management firms on domestic and international derivatives communication and processing issues. 
    * Performed daily account management duties by ensuring that all investment manager and client derivative instructions are received each day, reviewed for completeness, and processed prior to day end. Followed up on inconsistent instructions with the investment manager to ensure accurate postings and proper settlement. 
    * Was responsible for the resolution of trade fails and exceptions. Ensured exceptions and queries were acknowledged and addressed within established guidelines. Performed analysis to determine causes of breaks and identified process improvements in order to prevent future fails and exceptions. 
    * Ensured that new client accounts are set up properly and in a timely manner in the internal Northern Trust systems. 
    * Provided technical expertise to coworkers and other departments within Northern Trust on derivatives problem resolution. Trained new coworkers on processes and systems.</Description>
<StartDate id='40_2_1'><YearMonth>2007-12</YearMonth></StartDate>
<EndDate id='40_2_2'><YearMonth>2009-10</YearMonth></EndDate>




<JobCategory>
<TaxonomyName>JOBAREA</TaxonomyName>
<CategoryCode>banking-finance</CategoryCode>
</JobCategory>


<UserArea>
<DaxPositionHistoryUserArea>
<Umbrella>19_3_1</Umbrella>
<TLSPAN first_id='40' last_id='56' border_id='65'></TLSPAN>
<MonthsOfWork>23</MonthsOfWork>
</DaxPositionHistoryUserArea>
</UserArea>
</PositionHistory>
</EmployerOrg>

<EmployerOrg employerOrgType='soleEmployer'>
<EmployerOrgName id='67'>College of Business</EmployerOrgName>

<PositionHistory>

<OrgName id='67'>College of Business</OrgName>



<Description>Passed Chartered Financial Analyst (CFA) Level 1 exam ( 

Honor and Affiliations    &#xf0b7; Dean's List, College of Business, NIU
    * University Honors Program, NIU
    * CFA Scholarship from NIU 
    * Member of National Society of Collegiate Scholars (NSCS), NIU</Description>
<StartDate id='65'><YearMonth>2007-12</YearMonth></StartDate>
<EndDate id='65'><YearMonth>2007-12</YearMonth></EndDate>




<JobCategory>
<TaxonomyName>JOBAREA</TaxonomyName>
<CategoryCode>accountancy</CategoryCode>
</JobCategory>


<UserArea>
<DaxPositionHistoryUserArea>
<TLSPAN first_id='64' last_id='68' border_id='0'></TLSPAN>
</DaxPositionHistoryUserArea>
</UserArea>
</PositionHistory>
</EmployerOrg>

</EmploymentHistory>
<EducationHistory>
<SchoolOrInstitution schoolType='university'>
<SchoolName id='7'>Northern Illinois University</SchoolName>
<LocationSummary id='8'>
<Municipality>DeKalb</Municipality>
<Region>IL</Region>
<CountryCode>US</CountryCode>
</LocationSummary>


<Degree degreeType='bachelors'>
<DegreeName id='9'>Bachelor of Science</DegreeName>
<DegreeDate id='10'><YearMonth>2007-05</YearMonth></DegreeDate>
</Degree>
<Major id='9'>Finance</Major>

<Measure>
<MeasureValue id='11_1'>GPA: 3.44/4.0</MeasureValue>
</Measure>



</SchoolOrInstitution>

</EducationHistory>











<Competency oids='14 29 33 37 39 ' description='Skill' auth='yes' name='Reconciliations'>
<CompetencyEvidence name='Extent of Experience' typeDescription='Extent of Experience' type='MONTH' lastUsed='2013'><NumericValue description='MONTH'>29</NumericValue></CompetencyEvidence>

<CompetencyEvidence typeDescription='Alias' name='Alias'><StringValue>reconciliation</StringValue></CompetencyEvidence>

<CompetencyWeight type='skillLevel'><NumericValue minValue='0' maxValue='100'>100</NumericValue></CompetencyWeight>

<CompetencyWeight type='skillProficiency'><StringValue minValue='BASIC' maxValue='EXCELLENT'>EXCELLENT</StringValue></CompetencyWeight>
</Competency>

<Competency oids='41 43 ' description='Skill' auth='yes' name='Futures Operations'>
<CompetencyEvidence name='Extent of Experience' typeDescription='Extent of Experience' type='MONTH' lastUsed='2009'><NumericValue description='MONTH'>23</NumericValue></CompetencyEvidence>

<CompetencyEvidence typeDescription='Alias' name='Alias'><StringValue>futures</StringValue></CompetencyEvidence>

<CompetencyWeight type='skillLevel'><NumericValue minValue='0' maxValue='100'>53</NumericValue></CompetencyWeight>

<CompetencyWeight type='skillProficiency'><StringValue minValue='BASIC' maxValue='EXCELLENT'>WORKING</StringValue></CompetencyWeight>
</Competency>

<Competency oids='17 30 ' description='Skill' auth='yes' name='Equities'>
<CompetencyEvidence name='Extent of Experience' typeDescription='Extent of Experience' type='MONTH' lastUsed='2013'><NumericValue description='MONTH'>29</NumericValue></CompetencyEvidence>

<CompetencyEvidence typeDescription='Alias' name='Alias'><StringValue>equity</StringValue></CompetencyEvidence>

<CompetencyWeight type='skillLevel'><NumericValue minValue='0' maxValue='100'>97</NumericValue></CompetencyWeight>

<CompetencyWeight type='skillProficiency'><StringValue minValue='BASIC' maxValue='EXCELLENT'>EXCELLENT</StringValue></CompetencyWeight>
</Competency>

<Competency oids='46 56 ' description='Skill' auth='yes' name='Derivatives'>
<CompetencyEvidence name='Extent of Experience' typeDescription='Extent of Experience' type='MONTH' lastUsed='2009'><NumericValue description='MONTH'>23</NumericValue></CompetencyEvidence>

<CompetencyWeight type='skillLevel'><NumericValue minValue='0' maxValue='100'>51</NumericValue></CompetencyWeight>

<CompetencyWeight type='skillProficiency'><StringValue minValue='BASIC' maxValue='EXCELLENT'>WORKING</StringValue></CompetencyWeight>
</Competency>

<Competency oids='18 34 ' description='Skill' auth='yes' name='Corporate Actions'>
<CompetencyEvidence name='Extent of Experience' typeDescription='Extent of Experience' type='MONTH' lastUsed='2013'><NumericValue description='MONTH'>29</NumericValue></CompetencyEvidence>

<CompetencyWeight type='skillLevel'><NumericValue minValue='0' maxValue='100'>96</NumericValue></CompetencyWeight>

<CompetencyWeight type='skillProficiency'><StringValue minValue='BASIC' maxValue='EXCELLENT'>EXCELLENT</StringValue></CompetencyWeight>
</Competency>

<Competency oids='51 ' description='Skill' auth='no' name='responsible for the resolution'>
<CompetencyEvidence name='Extent of Experience' typeDescription='Extent of Experience' type='MONTH' lastUsed='2009'><NumericValue description='MONTH'>23</NumericValue></CompetencyEvidence>

<CompetencyWeight type='skillLevel'><NumericValue minValue='0' maxValue='100'>48</NumericValue></CompetencyWeight>

<CompetencyWeight type='skillProficiency'><StringValue minValue='BASIC' maxValue='EXCELLENT'>WORKING</StringValue></CompetencyWeight>
</Competency>

<Competency oids='28 ' description='Skill' auth='no' name='responsible for daily review'>
<CompetencyEvidence name='Extent of Experience' typeDescription='Extent of Experience' type='MONTH' lastUsed='2011'><NumericValue description='MONTH'>19</NumericValue></CompetencyEvidence>

<CompetencyWeight type='skillLevel'><NumericValue minValue='0' maxValue='100'>71</NumericValue></CompetencyWeight>

<CompetencyWeight type='skillProficiency'><StringValue minValue='BASIC' maxValue='EXCELLENT'>GOOD</StringValue></CompetencyWeight>
</Competency>

<Competency oids='50 ' description='Skill' auth='no' name='proper settlement'>
<CompetencyEvidence name='Extent of Experience' typeDescription='Extent of Experience' type='MONTH' lastUsed='2009'><NumericValue description='MONTH'>23</NumericValue></CompetencyEvidence>

<CompetencyWeight type='skillLevel'><NumericValue minValue='0' maxValue='100'>49</NumericValue></CompetencyWeight>

<CompetencyWeight type='skillProficiency'><StringValue minValue='BASIC' maxValue='EXCELLENT'>WORKING</StringValue></CompetencyWeight>
</Competency>

<Competency oids='47 ' description='Skill' auth='no' name='account management'>
<CompetencyEvidence name='Extent of Experience' typeDescription='Extent of Experience' type='MONTH' lastUsed='2009'><NumericValue description='MONTH'>23</NumericValue></CompetencyEvidence>

<CompetencyWeight type='skillLevel'><NumericValue minValue='0' maxValue='100'>50</NumericValue></CompetencyWeight>

<CompetencyWeight type='skillProficiency'><StringValue minValue='BASIC' maxValue='EXCELLENT'>WORKING</StringValue></CompetencyWeight>
</Competency>

<Competency oids='35 ' description='Skill' auth='yes' name='Wrap Fund'>
<CompetencyEvidence name='Extent of Experience' typeDescription='Extent of Experience' type='MONTH' lastUsed='2011'><NumericValue description='MONTH'>19</NumericValue></CompetencyEvidence>

<CompetencyEvidence typeDescription='Alias' name='Alias'><StringValue>fund of funds</StringValue></CompetencyEvidence>

<CompetencyWeight type='skillLevel'><NumericValue minValue='0' maxValue='100'>66</NumericValue></CompetencyWeight>

<CompetencyWeight type='skillProficiency'><StringValue minValue='BASIC' maxValue='EXCELLENT'>GOOD</StringValue></CompetencyWeight>
</Competency>

<Competency oids='60 ' description='Skill > IT' auth='yes' name='Thomson Financial Portia'>
<CompetencyEvidence typeDescription='Alias' name='Alias'><StringValue>Portia</StringValue></CompetencyEvidence>

<CompetencyWeight type='skillLevel'><NumericValue minValue='0' maxValue='100'>13</NumericValue></CompetencyWeight>
</Competency>

<Competency oids='31 ' description='Skill' auth='yes' name='Taxation'>
<CompetencyEvidence name='Extent of Experience' typeDescription='Extent of Experience' type='MONTH' lastUsed='2011'><NumericValue description='MONTH'>19</NumericValue></CompetencyEvidence>

<CompetencyEvidence typeDescription='Alias' name='Alias'><StringValue>tax</StringValue></CompetencyEvidence>

<CompetencyWeight type='skillLevel'><NumericValue minValue='0' maxValue='100'>69</NumericValue></CompetencyWeight>

<CompetencyWeight type='skillProficiency'><StringValue minValue='BASIC' maxValue='EXCELLENT'>GOOD</StringValue></CompetencyWeight>
</Competency>

<Competency oids='25 ' description='Skill' auth='yes' name='System Testing'>
<CompetencyEvidence name='Extent of Experience' typeDescription='Extent of Experience' type='MONTH' lastUsed='2011'><NumericValue description='MONTH'>4</NumericValue></CompetencyEvidence>

<CompetencyWeight type='skillLevel'><NumericValue minValue='0' maxValue='100'>66</NumericValue></CompetencyWeight>

<CompetencyWeight type='skillProficiency'><StringValue minValue='BASIC' maxValue='EXCELLENT'>GOOD</StringValue></CompetencyWeight>
</Competency>

<Competency oids='53 ' description='Skill' auth='yes' name='Process Improvement'>
<CompetencyEvidence name='Extent of Experience' typeDescription='Extent of Experience' type='MONTH' lastUsed='2009'><NumericValue description='MONTH'>23</NumericValue></CompetencyEvidence>

<CompetencyEvidence typeDescription='Alias' name='Alias'><StringValue>process improvements</StringValue></CompetencyEvidence>

<CompetencyWeight type='skillLevel'><NumericValue minValue='0' maxValue='100'>48</NumericValue></CompetencyWeight>

<CompetencyWeight type='skillProficiency'><StringValue minValue='BASIC' maxValue='EXCELLENT'>WORKING</StringValue></CompetencyWeight>
</Competency>

<Competency oids='52 ' description='Skill' auth='no' name='Performed analysis'>
<CompetencyEvidence name='Extent of Experience' typeDescription='Extent of Experience' type='MONTH' lastUsed='2009'><NumericValue description='MONTH'>23</NumericValue></CompetencyEvidence>

<CompetencyWeight type='skillLevel'><NumericValue minValue='0' maxValue='100'>48</NumericValue></CompetencyWeight>

<CompetencyWeight type='skillProficiency'><StringValue minValue='BASIC' maxValue='EXCELLENT'>WORKING</StringValue></CompetencyWeight>
</Competency>

<Competency oids='16 ' description='Skill' auth='yes' name='Mutual Funds'>
<CompetencyEvidence name='Extent of Experience' typeDescription='Extent of Experience' type='MONTH' lastUsed='2013'><NumericValue description='MONTH'>10</NumericValue></CompetencyEvidence>

<CompetencyWeight type='skillLevel'><NumericValue minValue='0' maxValue='100'>93</NumericValue></CompetencyWeight>

<CompetencyWeight type='skillProficiency'><StringValue minValue='BASIC' maxValue='EXCELLENT'>EXCELLENT</StringValue></CompetencyWeight>
</Competency>

<Competency oids='63 ' description='Skill > Language' auth='yes' name='Min Nan > Fukienese > Taiwanese'>
<CompetencyEvidence typeDescription='Alias' name='Alias'><StringValue>Taiwanese</StringValue></CompetencyEvidence>

<CompetencyWeight type='skillLevel'><NumericValue minValue='0' maxValue='100'>85</NumericValue></CompetencyWeight>

<CompetencyWeight type='skillProficiency'><StringValue minValue='BASIC' maxValue='EXCELLENT'>EXCELLENT</StringValue></CompetencyWeight>
</Competency>

<Competency oids='57 ' description='Skill > IT' auth='yes' name='Microsoft Office'>
<CompetencyWeight type='skillLevel'><NumericValue minValue='0' maxValue='100'>13</NumericValue></CompetencyWeight>
</Competency>

<Competency oids='62 ' description='Skill > Language' auth='yes' name='Mandarin'>
<CompetencyWeight type='skillLevel'><NumericValue minValue='0' maxValue='100'>85</NumericValue></CompetencyWeight>

<CompetencyWeight type='skillProficiency'><StringValue minValue='BASIC' maxValue='EXCELLENT'>EXCELLENT</StringValue></CompetencyWeight>
</Competency>

<Competency oids='45 ' description='Skill' auth='yes' name='Investment Management'>
<CompetencyEvidence name='Extent of Experience' typeDescription='Extent of Experience' type='MONTH' lastUsed='2009'><NumericValue description='MONTH'>23</NumericValue></CompetencyEvidence>

<CompetencyWeight type='skillLevel'><NumericValue minValue='0' maxValue='100'>51</NumericValue></CompetencyWeight>

<CompetencyWeight type='skillProficiency'><StringValue minValue='BASIC' maxValue='EXCELLENT'>WORKING</StringValue></CompetencyWeight>
</Competency>

<Competency oids='36 ' description='Skill' auth='yes' name='Foreign Exchange'>
<CompetencyEvidence name='Extent of Experience' typeDescription='Extent of Experience' type='MONTH' lastUsed='2011'><NumericValue description='MONTH'>19</NumericValue></CompetencyEvidence>

<CompetencyEvidence typeDescription='Alias' name='Alias'><StringValue>FX</StringValue></CompetencyEvidence>

<CompetencyWeight type='skillLevel'><NumericValue minValue='0' maxValue='100'>66</NumericValue></CompetencyWeight>

<CompetencyWeight type='skillProficiency'><StringValue minValue='BASIC' maxValue='EXCELLENT'>GOOD</StringValue></CompetencyWeight>
</Competency>

<Competency oids='15 ' description='Skill' auth='yes' name='Fixed Income'>
<CompetencyEvidence name='Extent of Experience' typeDescription='Extent of Experience' type='MONTH' lastUsed='2013'><NumericValue description='MONTH'>10</NumericValue></CompetencyEvidence>

<CompetencyWeight type='skillLevel'><NumericValue minValue='0' maxValue='100'>94</NumericValue></CompetencyWeight>

<CompetencyWeight type='skillProficiency'><StringValue minValue='BASIC' maxValue='EXCELLENT'>EXCELLENT</StringValue></CompetencyWeight>
</Competency>

<Competency oids='20 ' description='Skill' auth='yes' name='Client Reporting'>
<CompetencyEvidence name='Extent of Experience' typeDescription='Extent of Experience' type='MONTH' lastUsed='2011'><NumericValue description='MONTH'>4</NumericValue></CompetencyEvidence>

<CompetencyWeight type='skillLevel'><NumericValue minValue='0' maxValue='100'>66</NumericValue></CompetencyWeight>

<CompetencyWeight type='skillProficiency'><StringValue minValue='BASIC' maxValue='EXCELLENT'>GOOD</StringValue></CompetencyWeight>
</Competency>

<Competency oids='61 ' description='Skill > Language' auth='yes' name='Chinese'>
<CompetencyWeight type='skillLevel'><NumericValue minValue='0' maxValue='100'>85</NumericValue></CompetencyWeight>

<CompetencyWeight type='skillProficiency'><StringValue minValue='BASIC' maxValue='EXCELLENT'>EXCELLENT</StringValue></CompetencyWeight>
</Competency>

<Competency oids='23_1 38_1 ' description='Held Position' auth='no' name='managers'>
<CompetencyEvidence name='Extent of Experience' typeDescription='Extent of Experience' type='MONTH' lastUsed='2011'><NumericValue description='MONTH'>23</NumericValue></CompetencyEvidence>

<CompetencyWeight type='skillLevel'><NumericValue minValue='0' maxValue='100'>70</NumericValue></CompetencyWeight>

<CompetencyWeight type='skillProficiency'><StringValue minValue='BASIC' maxValue='EXCELLENT'>GOOD</StringValue></CompetencyWeight>
</Competency>

<Competency oids='48_1 ' description='Held Position' auth='no' name='investment manager'>
<CompetencyEvidence name='Extent of Experience' typeDescription='Extent of Experience' type='MONTH' lastUsed='2009'><NumericValue description='MONTH'>23</NumericValue></CompetencyEvidence>

<CompetencyWeight type='skillLevel'><NumericValue minValue='0' maxValue='100'>52</NumericValue></CompetencyWeight>

<CompetencyWeight type='skillProficiency'><StringValue minValue='BASIC' maxValue='EXCELLENT'>WORKING</StringValue></CompetencyWeight>
</Competency>

<Competency oids='22_1 ' description='Held Position' auth='no' name='Senior Analyst'>
<CompetencyEvidence name='Extent of Experience' typeDescription='Extent of Experience' type='MONTH' lastUsed='2011'><NumericValue description='MONTH'>4</NumericValue></CompetencyEvidence>

<CompetencyWeight type='skillLevel'><NumericValue minValue='0' maxValue='100'>66</NumericValue></CompetencyWeight>

<CompetencyWeight type='skillProficiency'><StringValue minValue='BASIC' maxValue='EXCELLENT'>GOOD</StringValue></CompetencyWeight>
</Competency>

<Competency oids='13_4_1 ' description='Held Position' auth='no' name='Reconciliations Specialist'>
<CompetencyEvidence name='Extent of Experience' typeDescription='Extent of Experience' type='MONTH' lastUsed='2013'><NumericValue description='MONTH'>10</NumericValue></CompetencyEvidence>

<CompetencyWeight type='skillLevel'><NumericValue minValue='0' maxValue='100'>95</NumericValue></CompetencyWeight>

<CompetencyWeight type='skillProficiency'><StringValue minValue='BASIC' maxValue='EXCELLENT'>EXCELLENT</StringValue></CompetencyWeight>
</Competency>

<Competency oids='27_1 ' description='Held Position' auth='no' name='Investment Operation Analyst'>
<CompetencyEvidence name='Extent of Experience' typeDescription='Extent of Experience' type='MONTH' lastUsed='2011'><NumericValue description='MONTH'>19</NumericValue></CompetencyEvidence>

<CompetencyWeight type='skillLevel'><NumericValue minValue='0' maxValue='100'>71</NumericValue></CompetencyWeight>

<CompetencyWeight type='skillProficiency'><StringValue minValue='BASIC' maxValue='EXCELLENT'>GOOD</StringValue></CompetencyWeight>
</Competency>

<Competency oids='40_3_1 ' description='Held Position' auth='no' name='Derivatives Analyst'>
<CompetencyEvidence name='Extent of Experience' typeDescription='Extent of Experience' type='MONTH' lastUsed='2009'><NumericValue description='MONTH'>23</NumericValue></CompetencyEvidence>

<CompetencyWeight type='skillLevel'><NumericValue minValue='0' maxValue='100'>53</NumericValue></CompetencyWeight>

<CompetencyWeight type='skillProficiency'><StringValue minValue='BASIC' maxValue='EXCELLENT'>WORKING</StringValue></CompetencyWeight>
</Competency>

<Competency oids='64 ' description='Degree/Qualification > Professional' auth='no' name='Passed Chartered Financial Analyst (CFA) Level 1'>
<CompetencyWeight type='skillLevel'><NumericValue minValue='0' maxValue='100'>12</NumericValue></CompetencyWeight>
</Competency>

<Competency oids='68 ' description='Degree/Qualification > Professional' auth='no' name='Member of National Society of Collegiate Scholars (NSCS)'>
<CompetencyWeight type='skillLevel'><NumericValue minValue='0' maxValue='100'>12</NumericValue></CompetencyWeight>
</Competency>

<Competency oids='9 ' description='Degree/Qualification' auth='yes' name='Bachelors Degree > Bachelor of Science > Bachelor of Science Finance'>
<CompetencyEvidence name='Application' typeDescription='Application' type='Finance'><StringValue>Finance</StringValue></CompetencyEvidence>

<CompetencyEvidence typeDescription='Alias' name='Alias'><StringValue>Bachelor of Science in Finance</StringValue></CompetencyEvidence>

<CompetencyWeight type='skillLevel'><NumericValue minValue='0' maxValue='100'>12</NumericValue></CompetencyWeight>
</Competency>

<Competency description='Industry' auth='yes' name='industry~banking-finance'>
<CompetencyEvidence name='skillCount' typeDescription='skillCount'><NumericValue>3</NumericValue></CompetencyEvidence>

<CompetencyWeight type='skillLevel'><NumericValue minValue='0' maxValue='100'>100</NumericValue></CompetencyWeight>
</Competency>























<RevisionDate id='1'>2013-03-13</RevisionDate>
</StructuredXMLResume>
<NonXMLResume>

<TextResume>



<span inprof='n' id='1' class='date'>{{DOCUMENT_DATESTAMP}} 2013-3-13 {{END_DOCUMENT_DATESTAMP}}</span>



<span inprof='y' id='2' class='nominal'>Yu-Ting (Tina) Huang</span>             &#xf0b7; <span inprof='y' id='3' class='location'>140-34 Negundo Avenue, Flushing, NY 11355</span>
                                 * <span inprof='y' id='4' class='telephone'>mobile: (347) 840-1342</span>
                                 * <span inprof='y' id='5' class='email'>e-mail: yuting.t.huang@gmail.com</span>

<span inprof='n' id='6' class='edu-hist-mark'>Education</span>
<span inprof='y' id='7' class='educational'>Northern Illinois University</span>, <span inprof='y' id='8' class='location'>DeKalb, IL</span>
                                 *  <span inprof='y' id='9' class='qualif'>Bachelor of Science in Finance</span> (<span inprof='y' id='10' class='date'>May 2007</span>), <span inprof='y' id='11_1' class='degree-measure'>GPA: 3.44/4.0</span>

<span inprof='n' id='12' class='work-hist-mark'>Professional Experience</span>
<span inprof='y' id='13_1' class='company'>Citigroup</span>, <span inprof='y' id='13_2' class='location'>New York, NY</span>                                        <span inprof='y' id='13_3_1' class='date'>June 2012</span> - <span inprof='y' id='13_3_2' class='date'>current</span>
                                 <span inprof='y' id='13_4_1' class='role'>Reconciliations Specialist</span> (Long-term Contract position)
                                 * Responsible for handling all day-to-day <span inprof='y' id='14' class='skill'>reconciliations</span> of Open Wealth accounts 
                                 * Set up and price securities for <span inprof='y' id='15' class='skill'>fixed income</span>, <span inprof='y' id='16' class='skill'>mutual funds</span> and <span inprof='y' id='17' class='skill'>equities</span> so that correct portfolio values are reflected in the system, while ensuring that all securities in the existing portfolios are priced as of previous business day. 
                                 * Perform account administration duties by ensuring new accounts are set up with accurate funding and investment strategy guidelines, while also making sure that terminated accounts are deactivated in the system in a timely manner. 
                                 * Ensure all <span inprof='y' id='18' class='skill'>corporate actions</span> are processed in a timely and accurate manner for securities held in the portfolios. 
                                 * Place focus on finding ways to improve current processes and reduce exception backlogs.

                                 <span inprof='y' id='19_1' class='company'>Northern Trust Corporation</span>, <span inprof='n' id='19_2' class='location'>Chicago, IL</span>                 <span inprof='n' id='19_3' class='date-range'>December 2007 - July 2011</span>


                                 *  <span inprof='y' id='20' class='skill'>Client Reporting</span> (<span inprof='y' id='21_1' class='date'>April 2011</span> - <span inprof='y' id='21_2' class='date'>July 2011</span>)
                                 *  <span inprof='y' id='22_1' class='role'>Senior Analyst</span> ; 
                                 * Was responsible for generating, managing, and sending various reports to end users. The reports include holdings reports, market value reports, and cash reports, and the end users include clients, custodians, portfolio <span inprof='y' id='23_1' class='role'>managers</span>, and other internal users. 
                                 * Worked closely with all other <span inprof='n' id='24' class='company'>Northern Trust</span> operations teams on a daily basis in order to ensure data integrity and timeliness of report distributions. 
                                 * Created month-end reports that summarized holdings, transactions, and performance data for each month. 
                                 * Provided user support for Institutional Investor Passport (IIP), which is a web based tool that allows users to look up reports online. Processed all access requests and provided training for users. 
                                 * Assisted in <span inprof='y' id='25' class='skill'>system testing</span> in order to ensure accurate data is generated for the reports.

                                 *  Client Service - Investment Operations (<span inprof='y' id='26_1' class='date'>October 2009</span> - <span inprof='y' id='26_2' class='date'>April 2011</span>) ; 
                                 *  <span inprof='y' id='27_1' class='role'>Investment Operation Analyst</span> ; 
                                 * Was <span inprof='y' id='28' class='skill'>responsible for daily review</span> and <span inprof='y' id='29' class='skill'>reconciliation</span> of breaks in trades and portfolio balances against custody in <span inprof='y' id='30' class='skill'>equity</span>, index, <span inprof='y' id='31' class='skill'>tax</span> advantage, and principal only accounts. <span inprof='n' id='32' class='company'>Kept partners</span> and clients informed of <span inprof='y' id='33' class='skill'>reconciliation</span> issues by maintaining active communication and articulating the root causes and steps necessary for resolution of the issues. 
                                 * Utilized Bloomberg to research stock and cash breaks caused by <span inprof='y' id='34' class='skill'>corporate actions</span> and dividend reinvestment occurrences, and inputted notes in the system so that the breaks would resolve in a timely manner. 
                                 * Ensured that <span inprof='y' id='35' class='skill'>fund of funds</span> activities, <span inprof='y' id='36' class='skill'>FX</span>, client contributions and withdrawals, and fund redemptions are correctly booked in various portfolios so that no discrepancies would occur. 
                                 * Understood and prioritized sensitive and high-risk breaks appropriately, while ensuring that all breaks are resolved within the required time frames. 
                                 * Gained in-depth knowledge of the entire <span inprof='y' id='37' class='skill'>reconciliation</span> process by understanding and interpreting all policies, guidelines, and procedures. Documented all processes and created training materials for new team members. 
                                 * Performed client servicing responsibilities on a daily basis, while actively building and maintaining strong working relationships with portfolio <span inprof='y' id='38_1' class='role'>managers</span>, custodians, and other partners. 
                                 * Assisted in the move to a new <span inprof='y' id='39' class='skill'>reconciliation</span> platform, ensuring that all breaks are resolved before the application conversion occurs. Worked with teammates to fully learn and master the functions of the new applications.

                                 <span inprof='n' id='40_1' class='company'>Futures Operations</span> (<span inprof='y' id='40_2_1' class='date'>December 2007</span> - <span inprof='y' id='40_2_2' class='date'>October 2009</span>)
                                 *  <span inprof='y' id='40_3_1' class='role'>Derivatives Analyst</span> ; 
                                 * Performed daily account balancing by reconciling all <span inprof='y' id='41' class='skill'>futures</span>, options, and cash collaterals <span inprof='n' id='42' class='bad-occupation'>with investment manager and broker</span> positions and cash, while ensuring established procedures and deadlines are adhered to. 
                                 * Calculated daily margin movement for <span inprof='y' id='43' class='skill'>futures</span> in various accounts and ensured daily marginal differences are sent via Fed to the counterparties in a timely manner. 
                                 * Served as the primary contact between <span inprof='n' id='44' class='company'>Northern Trust</span> and <span inprof='y' id='45' class='skill'>investment management</span> firms on domestic and international <span inprof='y' id='46' class='skill'>derivatives</span> communication and processing issues. 
                                 * Performed daily <span inprof='y' id='47' class='skill'>account management</span> duties by ensuring that all <span inprof='y' id='48_1' class='role'>investment manager</span> and client derivative instructions are received each day, reviewed for completeness, and processed prior to day end. Followed up on inconsistent instructions <span inprof='n' id='49' class='bad-occupation'>with the investment manager</span> to ensure accurate postings and <span inprof='y' id='50' class='skill'>proper settlement</span>. 
                                 * Was <span inprof='y' id='51' class='skill'>responsible for the resolution</span> of trade fails and exceptions. Ensured exceptions and queries were acknowledged and addressed within established guidelines. <span inprof='y' id='52' class='skill'>Performed analysis</span> to determine causes of breaks and identified <span inprof='y' id='53' class='skill'>process improvements</span> in order to prevent future fails and exceptions. 
                                 * Ensured that new client accounts are set up properly and in a timely manner in the internal <span inprof='n' id='54' class='company'>Northern Trust</span> systems. 
                                 * Provided technical expertise to coworkers and other departments within <span inprof='n' id='55' class='company'>Northern Trust</span> on <span inprof='y' id='56' class='skill'>derivatives</span> problem resolution. Trained new coworkers on processes and systems.

Skills and Certifications        Computer: <span inprof='y' id='57' class='sofwr'>Microsoft Office</span> applications (Pivots, V-lookups, Macro), <span inprof='n' id='58' class='company'>Eagle STAR</span>, <span inprof='n' id='59' class='location'>State Street</span> Instruct, Sungard GMI, Fund Master, <span inprof='y' id='60' class='sofwr'>Portia</span>, TLM, NetX360, MyVest Ops Console, SPS
                                 <span inprof='y' id='61' class='skill'>Languages:
Fluent in written and spoken Chinese</span> (<span inprof='y' id='62' class='skill'>Mandarin</span> and <span inprof='y' id='63' class='skill'>Taiwanese</span>)
                                 <span inprof='y' id='64' class='qualif'>Passed Chartered Financial Analyst (CFA) Level 1</span> exam (<span inprof='y' id='65' class='date'>Dec 2007</span>)

Honor and Affiliations           &#xf0b7; <span inprof='n' id='66' class='bad-occupation'>Dean's</span> List, <span inprof='y' id='67' class='educational'>College of Business</span>, NIU
                                 * University Honors Program, NIU
                                 * CFA Scholarship from NIU 
                                 * <span inprof='y' id='68' class='qualif'>Member of National Society of Collegiate Scholars (NSCS)</span>, NIU







{{FOOTER}}



<span inprof='y' id='69' class='email'>yuting.t.huang@gmail.com</span> <span inprof='n' id='70' class='page'>Page 2</span>
 of 2




{{END_FOOTER}}

</TextResume>

</NonXMLResume>



<UserArea>
<DaxResumeUserArea>
<AdditionalPersonalData>
<ExperienceSummary>
<TotalMonthsOfWorkExperience>56</TotalMonthsOfWorkExperience>
<TotalYearsOfWorkExperience>5</TotalYearsOfWorkExperience>
<ExecutiveBrief>Yu-Ting (Tina) Huang is a resident of Flushing, NY, US.  has been working in the Banking-finance  occupational sector for more than 5 years. Currently this candidate is employed as a Reconciliations Specialist at Citigroup. So far Yu-Ting has not gained any managerial experience.</ExecutiveBrief>
</ExperienceSummary>
</AdditionalPersonalData>
<ParserInfo>
<ParserConfiguration>{max_len=50000} {tel_flag=} {send_zip=} {fast_conv=} {DEF_LOCAL=} {sdate=0} {no_email_body=0} {do_clever_zoning=1} {keep_span=1} {complex=1} {accept_langs=} {not_accept_langs=} {prefer_lang_cv=EN} {pers_only=0} {turbo=0} {split_language=0} {picture=0} {picture_inline=0} {name_space=0} {charset=} {hrxml_upgrade_edu_hist=0}{hrxml_add_languages_section=0}{spool=} {docID=} {user=DEFAULT} </ParserConfiguration>
<ParserRelease>0.12.3.32629</ParserRelease>
<ParserReleaseDate>2014-06-18</ParserReleaseDate>
<ParserSchema>2.0.29</ParserSchema>
<ParserSchemaLocation>http://cvx.daxtra.com/cvts/xsd/candidate/2.0.29/Resume.xsd</ParserSchemaLocation>
<ConverterRelease>0.5.2.32629</ConverterRelease>
<ConverterReleaseDate>2014-06-18</ConverterReleaseDate>
</ParserInfo>
<FileStruct filename='/home/izoom/anazarov/grammar/analysis/3rconnect/doc/100_Resumes-Walsh/yutinghuangresume.doc'>

<attachment fname='yutinghuangresume.doc' ftype='doc' conv='yes' doc_type='cv' lang='EN'>/home/izoom/anazarov/grammar/analysis/3rconnect/doc/100_Resumes-Walsh/yutinghuangresume.doc</attachment>


</FileStruct>
</DaxResumeUserArea>
</UserArea>
</Resume>
