<?xml version='1.0' encoding='ISO-8859-1'?>
<Resume lang='en' src='DAXTRA-CVX schema:2.0.29 release:0.12.3.32629 rdate:2014-06-18'>
<StructuredXMLResume>
<ContactInfo>
<PersonName id='2' oids='2 72 '>
<FormattedName>Alex Spears</FormattedName>
<GivenName>Alex</GivenName>
<FamilyName>Spears</FamilyName>
<sex>Male</sex>
</PersonName>
<ContactMethod>
<Telephone id='5' oids='5 75 ' type='home'>
<InternationalCountryCode>691</InternationalCountryCode>
<SubscriberNumber>323 806-8051</SubscriberNumber>
<FormattedNumber>+691 323 806-8051</FormattedNumber></Telephone>

<InternetEmailAddress id='3' oids='3 73 ' type='main'>alexspears@fastmail.fm</InternetEmailAddress>
</ContactMethod>
</ContactInfo>
<ExecutiveSummary>Senior Business Analyst with over 15 years of international, enterprise experience as a principal-level professional. Specializing in large-scale data modeling, content management, compliance analysis, business intelligence (BI), customer value analysis, and change management.</ExecutiveSummary>


<EmploymentHistory>
<EmployerOrg employerOrgType='soleEmployer'>
<EmployerOrgName id='31_1'>RSG Technology Management</EmployerOrgName>
<EmployerContactInfo>
<LocationSummary id='31_3'>
<Municipality>Los Angeles</Municipality>
<Region>CA</Region>
<CountryCode>US</CountryCode>
</LocationSummary>
</EmployerContactInfo>
<PositionHistory positionType='PERMANENT'>
<Title id='30_1'>Solutions Architect</Title>
<OrgName id='31_1'>RSG Technology Management</OrgName>

<OrgIndustry primaryIndicator='true'><IndustryDescription>Financial Services, Sales, Marketing</IndustryDescription></OrgIndustry>

<Description>Managed the design and distribution of analytics reporting throughout the business. Coordinated and delivered specialized fraud analytics for financial groups. Provided in-depth customer value analysis.  Performed in-depth analyses and developed complex reports for many business concerns including campaign performance, acquisition costs, response rates, subscriber churn, lifetime value, customer profiles, programming package penetration, customer acquisition quality and quantity.

    Skills:
Cognos, Oracle, Teradata, Business Intelligence, Business Analysis/Requirements Management, Relational Database Design, Customer Relationship Management (CRM), Vendor Management, Team Building and Project management, DataWarehousing, Risk Management</Description>
<StartDate id='31_2_1'><YearMonth>2012-04</YearMonth></StartDate>
<EndDate id='31_2_2'>notApplicable</EndDate>




<JobCategory>
<TaxonomyName>JOBAREA</TaxonomyName>
<CategoryCode>it</CategoryCode>
</JobCategory>


<UserArea>
<DaxPositionHistoryUserArea>
<TLSPAN first_id='30' last_id='47' border_id='48'></TLSPAN>
<MonthsOfWork>27</MonthsOfWork>
</DaxPositionHistoryUserArea>
</UserArea>
</PositionHistory>
</EmployerOrg>

<EmployerOrg employerOrgType='soleEmployer'>
<EmployerOrgName id='48_2'>Lester Australia Ltd</EmployerOrgName>
<EmployerContactInfo>
<LocationSummary id='48_4'>
<Municipality>Melbourne</Municipality>
<CountryCode>AU</CountryCode>
</LocationSummary>
</EmployerContactInfo>
<PositionHistory positionType='PERMANENT'>
<Title id='48_1_1'>BI Solutions Architect</Title>
<Title id='48_1_2'>Business Analyst</Title>
<OrgName id='48_2'>Lester Australia Ltd</OrgName>

<OrgIndustry primaryIndicator='true'><IndustryDescription>Retail, Hospitality, Entertainment, Automotive</IndustryDescription></OrgIndustry>

<Description>Re-skilled BA team for localization of ERP system. Coordinated and facilitated requirements gathering with overseas partners. Redesigned monthly reporting process to include TQM feedback principles and continuous auditing. Designed and built a centralized operations and management COGNOS reporting EDW with dashboards. Developed documentation and bespoke templates for standardized object models, sequence diagrams, and use case models.

    Skills:
Business Intelligence, CRM Auditing, Oracle, Customer Relationship Management, OBIEE/Seibel, Teradata, OOAD, Business Analysis/Requirements Management, Cognos, Negotiation, Relational Database Design, DataWarehousing, UML Modeling, Agile Development, Staff Development

Alex Spears - alexspears@fastmail.fm
 - Los Angeles &#x387; 323-806-8051</Description>
<StartDate id='48_3_1'><YearMonth>2010-06</YearMonth></StartDate>
<EndDate id='48_3_2'><YearMonth>2012-01</YearMonth></EndDate>




<JobCategory>
<TaxonomyName>JOBAREA</TaxonomyName>
<CategoryCode>it</CategoryCode>
</JobCategory>


<UserArea>
<DaxPositionHistoryUserArea>
<TLSPAN first_id='48' last_id='75' border_id='78'></TLSPAN>
<MonthsOfWork>20</MonthsOfWork>
</DaxPositionHistoryUserArea>
</UserArea>
</PositionHistory>
</EmployerOrg>

<EmployerOrg employerOrgType='soleEmployer'>
<EmployerContactInfo>
<LocationSummary id='79'>
<Municipality>Melbourne</Municipality>
<CountryCode>AU</CountryCode>
</LocationSummary>
</EmployerContactInfo>
<PositionHistory positionType='PERMANENT'>
<Title id='80_1'>partner</Title>




<Description>*        National Telecommunications: Developed partner KPI frameworks and helped redesign vendor service contracts. Defined modeling and deliverable standards. Designed enterprise data warehouse (EDW) and developed  business intelligence strategy and program to integrate legacy OM/CRM to Oracle/Siebel implementation for multi-national telecommunications provider
Skills:
Corporate Performance Management (CPM), Cognos, Teradata, Oracle, Business Analysis/Requirements Management, Cost Analysis, Business Intelligence, eTom, Customer Service &#38; Retention, Siebel Analytics, OBIEE, Business Objects, CRM Auditing, DataWarehousing, Fraud Analytics, UML Modeling, Call Centre Auditing, Risk Management, Agile Development, Staff Development</Description>
<StartDate id='78_1'><YearMonth>2007-05</YearMonth></StartDate>
<EndDate id='78_2'><YearMonth>2010-05</YearMonth></EndDate>




<JobCategory>
<TaxonomyName>JOBAREA</TaxonomyName>
<CategoryCode>it</CategoryCode>
</JobCategory>


<UserArea>
<DaxPositionHistoryUserArea>
<TLSPAN first_id='78' last_id='104' border_id='105'></TLSPAN>
<MonthsOfWork>36</MonthsOfWork>
</DaxPositionHistoryUserArea>
</UserArea>
</PositionHistory>
</EmployerOrg>

<EmployerOrg employerOrgType='soleEmployer'>
<EmployerOrgName id='105_2'>Victorian Transport</EmployerOrgName>
<EmployerContactInfo>
<LocationSummary id='105_4'>
<Municipality>Melbourne</Municipality>
<CountryCode>AU</CountryCode>
</LocationSummary>
</EmployerContactInfo>
<PositionHistory positionType='PERMANENT'>
<Title id='105_1_1'>Performance Manager</Title>
<Title id='105_1_2'>BI Solution Architect</Title>
<OrgName id='105_2'>Victorian Transport</OrgName>

<OrgIndustry primaryIndicator='true'><IndustryDescription>Government, Transportation, Marketing</IndustryDescription></OrgIndustry>

<Description>Created a bespoke project framework incorporating ISO, eTom &#38; ITIL with an integrated quality management and performance reporting system. Coordinated and integrated overall data management, business intelligence and management reporting strategy and plan. Managed overseas Oracle developer team all data management systems. Negotiated and defined system-wide operational KPIs.

    Skills:
Vendor Negotiation Skills, Business Intelligence, Cross Functional Team Leadership, Oracle, Cost Analysis, Risk Management, Strategic Planning, Business Analysis/Requirements Management, Corporate Performance Management (CPM), Project Manager, Object Modeling, DataWarehousing, UML Modeling, Staff Development</Description>
<StartDate id='105_3_1'><YearMonth>2005-11</YearMonth></StartDate>
<EndDate id='105_3_2'><YearMonth>2007-05</YearMonth></EndDate>



<JobLevelInfo>
<JobGrade>joblevel-management-low</JobGrade>
</JobLevelInfo>

<JobCategory>
<TaxonomyName>JOBAREA</TaxonomyName>
<CategoryCode>it</CategoryCode>
</JobCategory>


<UserArea>
<DaxPositionHistoryUserArea>
<TLSPAN first_id='105' last_id='125' border_id='126'></TLSPAN>
<MonthsOfWork>19</MonthsOfWork>
</DaxPositionHistoryUserArea>
</UserArea>
</PositionHistory>
</EmployerOrg>

<EmployerOrg employerOrgType='soleEmployer'>
<EmployerOrgName id='126_2'>Synergy Consulting</EmployerOrgName>
<EmployerContactInfo>
<LocationSummary id='126_4'>
<Municipality>Melbourne</Municipality>
<CountryCode>AU</CountryCode>
</LocationSummary>
</EmployerContactInfo>
<PositionHistory positionType='PERMANENT'>
<Title id='126_1_1'>Project Manager</Title>
<Title id='126_1_2'>Business Analyst</Title>
<OrgName id='126_2'>Synergy Consulting</OrgName>

<OrgIndustry primaryIndicator='true'><IndustryDescription>Retail, Education, Insurance, Financial Services, Sales, Marketing</IndustryDescription></OrgIndustry>

<Description>Analyzed corporate financial products  (retirement and insurance) for regulatory compliance. Defined management reporting strategies. Led 25-member technical and business team through the full SDLC to deliver a new customer portal.</Description>
<StartDate id='126_3_1'><YearMonth>2003-06</YearMonth></StartDate>
<EndDate id='126_3_2'><YearMonth>2005-11</YearMonth></EndDate>



<JobLevelInfo>
<JobGrade>joblevel-management-low</JobGrade>
</JobLevelInfo>

<JobCategory>
<TaxonomyName>JOBAREA</TaxonomyName>
<CategoryCode>banking-finance</CategoryCode>
</JobCategory>


<UserArea>
<DaxPositionHistoryUserArea>
<TLSPAN first_id='126' last_id='128' border_id='0'></TLSPAN>
<MonthsOfWork>30</MonthsOfWork>
</DaxPositionHistoryUserArea>
</UserArea>
</PositionHistory>
</EmployerOrg>

</EmploymentHistory>
<EducationHistory>
<SchoolOrInstitution schoolType='college'>




<Degree degreeType='some college'>
<DegreeName id='143'>ITIL Foundation Certificate</DegreeName>
<DegreeDate id='144'><YearMonth>2010-01</YearMonth></DegreeDate>
</Degree>





</SchoolOrInstitution>

<SchoolOrInstitution schoolType='university'>
<SchoolName id='142_1'>University of Texas</SchoolName>




<Major id='142_3'>Chemical Engineering</Major>


<DatesOfAttendance>
<StartDate><AnyDate>notKnown</AnyDate></StartDate>
<EndDate id='142_2'><Year>1991</Year></EndDate>
</DatesOfAttendance>

</SchoolOrInstitution>

</EducationHistory>











<Competency oids='12 19 38 55 83 94 109 114 ' description='Skill' auth='yes' name='Business Intelligence'>
<CompetencyEvidence name='Extent of Experience' typeDescription='Extent of Experience' type='MONTH' lastUsed='2014'><NumericValue description='MONTH'>102</NumericValue></CompetencyEvidence>

<CompetencyWeight type='skillLevel'><NumericValue minValue='0' maxValue='100'>88</NumericValue></CompetencyWeight>

<CompetencyWeight type='skillProficiency'><StringValue minValue='BASIC' maxValue='EXCELLENT'>EXCELLENT</StringValue></CompetencyWeight>
</Competency>

<Competency oids='21 36 57 90 115 137 ' description='Skill > IT' auth='yes' name='Oracle'>
<CompetencyEvidence name='Extent of Experience' typeDescription='Extent of Experience' type='MONTH' lastUsed='2014'><NumericValue description='MONTH'>102</NumericValue></CompetencyEvidence>

<CompetencyWeight type='skillLevel'><NumericValue minValue='0' maxValue='100'>99</NumericValue></CompetencyWeight>

<CompetencyWeight type='skillProficiency'><StringValue minValue='BASIC' maxValue='EXCELLENT'>EXCELLENT</StringValue></CompetencyWeight>
</Competency>

<Competency oids='17 18 53 81 82 ' description='Skill > IT' auth='yes' name='EDW'>
<CompetencyEvidence name='Extent of Experience' typeDescription='Extent of Experience' type='MONTH' lastUsed='2012'><NumericValue description='MONTH'>56</NumericValue></CompetencyEvidence>

<CompetencyEvidence typeDescription='Alias' name='Alias'><StringValue>enterprise data warehouse</StringValue></CompetencyEvidence>

<CompetencyWeight type='skillLevel'><NumericValue minValue='0' maxValue='100'>71</NumericValue></CompetencyWeight>

<CompetencyWeight type='skillProficiency'><StringValue minValue='BASIC' maxValue='EXCELLENT'>GOOD</StringValue></CompetencyWeight>
</Competency>

<Competency oids='39 63 91 119 135 ' description='Skill' auth='yes' name='Business Analysis'>
<CompetencyEvidence name='Extent of Experience' typeDescription='Extent of Experience' type='MONTH' lastUsed='2014'><NumericValue description='MONTH'>102</NumericValue></CompetencyEvidence>

<CompetencyWeight type='skillLevel'><NumericValue minValue='0' maxValue='100'>96</NumericValue></CompetencyWeight>

<CompetencyWeight type='skillProficiency'><StringValue minValue='BASIC' maxValue='EXCELLENT'>EXCELLENT</StringValue></CompetencyWeight>
</Competency>

<Competency oids='69 100 124 140 ' description='Skill > IT' auth='yes' name='UML/OMT'>
<CompetencyEvidence name='Extent of Experience' typeDescription='Extent of Experience' type='MONTH' lastUsed='2012'><NumericValue description='MONTH'>75</NumericValue></CompetencyEvidence>

<CompetencyEvidence typeDescription='Alias' name='Alias'><StringValue>UML</StringValue></CompetencyEvidence>

<CompetencyWeight type='skillLevel'><NumericValue minValue='0' maxValue='100'>69</NumericValue></CompetencyWeight>

<CompetencyWeight type='skillProficiency'><StringValue minValue='BASIC' maxValue='EXCELLENT'>GOOD</StringValue></CompetencyWeight>
</Competency>

<Competency oids='71 104 125 134 ' description='Skill' auth='yes' name='Staff Development and Training'>
<CompetencyEvidence name='Extent of Experience' typeDescription='Extent of Experience' type='MONTH' lastUsed='2012'><NumericValue description='MONTH'>75</NumericValue></CompetencyEvidence>

<CompetencyEvidence typeDescription='Alias' name='Alias'><StringValue>Staff Development</StringValue></CompetencyEvidence>

<CompetencyWeight type='skillLevel'><NumericValue minValue='0' maxValue='100'>69</NumericValue></CompetencyWeight>

<CompetencyWeight type='skillProficiency'><StringValue minValue='BASIC' maxValue='EXCELLENT'>GOOD</StringValue></CompetencyWeight>
</Competency>

<Competency oids='46 68 98 123 ' description='Skill > IT' auth='yes' name='Data Warehousing'>
<CompetencyEvidence name='Extent of Experience' typeDescription='Extent of Experience' type='MONTH' lastUsed='2014'><NumericValue description='MONTH'>102</NumericValue></CompetencyEvidence>

<CompetencyWeight type='skillLevel'><NumericValue minValue='0' maxValue='100'>96</NumericValue></CompetencyWeight>

<CompetencyWeight type='skillProficiency'><StringValue minValue='BASIC' maxValue='EXCELLENT'>EXCELLENT</StringValue></CompetencyWeight>
</Competency>

<Competency oids='35 52 65 88 ' description='Skill > IT' auth='yes' name='Cognos Impromptu'>
<CompetencyEvidence name='Extent of Experience' typeDescription='Extent of Experience' type='MONTH' lastUsed='2014'><NumericValue description='MONTH'>83</NumericValue></CompetencyEvidence>

<CompetencyEvidence typeDescription='Alias' name='Alias'><StringValue>Cognos</StringValue></CompetencyEvidence>

<CompetencyWeight type='skillLevel'><NumericValue minValue='0' maxValue='100'>100</NumericValue></CompetencyWeight>

<CompetencyWeight type='skillProficiency'><StringValue minValue='BASIC' maxValue='EXCELLENT'>EXCELLENT</StringValue></CompetencyWeight>
</Competency>

<Competency oids='37 61 89 ' description='Skill > IT' auth='yes' name='Teradata'>
<CompetencyEvidence name='Extent of Experience' typeDescription='Extent of Experience' type='MONTH' lastUsed='2014'><NumericValue description='MONTH'>83</NumericValue></CompetencyEvidence>

<CompetencyWeight type='skillLevel'><NumericValue minValue='0' maxValue='100'>98</NumericValue></CompetencyWeight>

<CompetencyWeight type='skillProficiency'><StringValue minValue='BASIC' maxValue='EXCELLENT'>EXCELLENT</StringValue></CompetencyWeight>
</Competency>

<Competency oids='47 102 117 ' description='Skill' auth='yes' name='Risk Management'>
<CompetencyEvidence name='Extent of Experience' typeDescription='Extent of Experience' type='MONTH' lastUsed='2014'><NumericValue description='MONTH'>82</NumericValue></CompetencyEvidence>

<CompetencyWeight type='skillLevel'><NumericValue minValue='0' maxValue='100'>96</NumericValue></CompetencyWeight>

<CompetencyWeight type='skillProficiency'><StringValue minValue='BASIC' maxValue='EXCELLENT'>EXCELLENT</StringValue></CompetencyWeight>
</Competency>

<Competency oids='64 92 120 ' description='Skill' auth='no' name='Requirements Management'>
<CompetencyEvidence name='Extent of Experience' typeDescription='Extent of Experience' type='MONTH' lastUsed='2012'><NumericValue description='MONTH'>75</NumericValue></CompetencyEvidence>

<CompetencyWeight type='skillLevel'><NumericValue minValue='0' maxValue='100'>69</NumericValue></CompetencyWeight>

<CompetencyWeight type='skillProficiency'><StringValue minValue='BASIC' maxValue='EXCELLENT'>GOOD</StringValue></CompetencyWeight>
</Competency>

<Competency oids='20 58 84 ' description='Skill' auth='yes' name='Customer Relationship Management'>
<CompetencyEvidence name='Extent of Experience' typeDescription='Extent of Experience' type='MONTH' lastUsed='2012'><NumericValue description='MONTH'>56</NumericValue></CompetencyEvidence>

<CompetencyEvidence typeDescription='Alias' name='Alias'><StringValue>CRM</StringValue></CompetencyEvidence>

<CompetencyWeight type='skillLevel'><NumericValue minValue='0' maxValue='100'>69</NumericValue></CompetencyWeight>

<CompetencyWeight type='skillProficiency'><StringValue minValue='BASIC' maxValue='EXCELLENT'>GOOD</StringValue></CompetencyWeight>
</Competency>

<Competency oids='93 116 138 ' description='Skill' auth='yes' name='Cost Analysis'>
<CompetencyEvidence name='Extent of Experience' typeDescription='Extent of Experience' type='MONTH' lastUsed='2010'><NumericValue description='MONTH'>55</NumericValue></CompetencyEvidence>

<CompetencyWeight type='skillLevel'><NumericValue minValue='0' maxValue='100'>51</NumericValue></CompetencyWeight>

<CompetencyWeight type='skillProficiency'><StringValue minValue='BASIC' maxValue='EXCELLENT'>WORKING</StringValue></CompetencyWeight>
</Competency>

<Competency oids='51 56 101 ' description='Skill' auth='yes' name='Audit'>
<CompetencyEvidence name='Extent of Experience' typeDescription='Extent of Experience' type='MONTH' lastUsed='2012'><NumericValue description='MONTH'>56</NumericValue></CompetencyEvidence>

<CompetencyEvidence typeDescription='Alias' name='Alias'><StringValue>auditing</StringValue></CompetencyEvidence>

<CompetencyWeight type='skillLevel'><NumericValue minValue='0' maxValue='100'>72</NumericValue></CompetencyWeight>

<CompetencyWeight type='skillProficiency'><StringValue minValue='BASIC' maxValue='EXCELLENT'>GOOD</StringValue></CompetencyWeight>
</Competency>

<Competency oids='44 131 ' description='Skill' auth='no' name='Team Building Management'>
<CompetencyEvidence name='Extent of Experience' typeDescription='Extent of Experience' type='MONTH' lastUsed='2014'><NumericValue description='MONTH'>27</NumericValue></CompetencyEvidence>

<CompetencyEvidence typeDescription='Alias' name='Alias'><StringValue>Team Building</StringValue></CompetencyEvidence>

<CompetencyWeight type='skillLevel'><NumericValue minValue='0' maxValue='100'>95</NumericValue></CompetencyWeight>

<CompetencyWeight type='skillProficiency'><StringValue minValue='BASIC' maxValue='EXCELLENT'>EXCELLENT</StringValue></CompetencyWeight>
</Competency>

<Competency oids='40 67 ' description='Skill > IT' auth='yes' name='Relational Database'>
<CompetencyEvidence name='Extent of Experience' typeDescription='Extent of Experience' type='MONTH' lastUsed='2014'><NumericValue description='MONTH'>47</NumericValue></CompetencyEvidence>

<CompetencyEvidence name='Application' typeDescription='Application' type='Design'><StringValue>Design</StringValue></CompetencyEvidence>

<CompetencyEvidence typeDescription='Alias' name='Alias'><StringValue>Relational Database Design</StringValue></CompetencyEvidence>

<CompetencyWeight type='skillLevel'><NumericValue minValue='0' maxValue='100'>96</NumericValue></CompetencyWeight>

<CompetencyWeight type='skillProficiency'><StringValue minValue='BASIC' maxValue='EXCELLENT'>EXCELLENT</StringValue></CompetencyWeight>
</Competency>

<Competency oids='45 132 ' description='Skill' auth='yes' name='Project Management'>
<CompetencyEvidence name='Extent of Experience' typeDescription='Extent of Experience' type='MONTH' lastUsed='2014'><NumericValue description='MONTH'>27</NumericValue></CompetencyEvidence>

<CompetencyWeight type='skillLevel'><NumericValue minValue='0' maxValue='100'>95</NumericValue></CompetencyWeight>

<CompetencyWeight type='skillProficiency'><StringValue minValue='BASIC' maxValue='EXCELLENT'>EXCELLENT</StringValue></CompetencyWeight>
</Competency>

<Competency oids='59 95 ' description='Skill > IT' auth='yes' name='Oracle BI EE'>
<CompetencyEvidence name='Extent of Experience' typeDescription='Extent of Experience' type='MONTH' lastUsed='2012'><NumericValue description='MONTH'>56</NumericValue></CompetencyEvidence>

<CompetencyEvidence typeDescription='Alias' name='Alias'><StringValue>OBIEE</StringValue></CompetencyEvidence>

<CompetencyWeight type='skillLevel'><NumericValue minValue='0' maxValue='100'>69</NumericValue></CompetencyWeight>

<CompetencyWeight type='skillProficiency'><StringValue minValue='BASIC' maxValue='EXCELLENT'>GOOD</StringValue></CompetencyWeight>
</Competency>

<Competency oids='62 139 ' description='Skill > IT' auth='yes' name='Object Oriented Analysis/Design'>
<CompetencyEvidence name='Extent of Experience' typeDescription='Extent of Experience' type='MONTH' lastUsed='2012'><NumericValue description='MONTH'>20</NumericValue></CompetencyEvidence>

<CompetencyEvidence typeDescription='Alias' name='Alias'><StringValue>OOAD</StringValue></CompetencyEvidence>

<CompetencyWeight type='skillLevel'><NumericValue minValue='0' maxValue='100'>66</NumericValue></CompetencyWeight>

<CompetencyWeight type='skillProficiency'><StringValue minValue='BASIC' maxValue='EXCELLENT'>GOOD</StringValue></CompetencyWeight>
</Competency>

<Competency oids='110 127 ' description='Skill' auth='yes' name='Management Reporting'>
<CompetencyEvidence name='Extent of Experience' typeDescription='Extent of Experience' type='MONTH' lastUsed='2007'><NumericValue description='MONTH'>49</NumericValue></CompetencyEvidence>

<CompetencyWeight type='skillLevel'><NumericValue minValue='0' maxValue='100'>27</NumericValue></CompetencyWeight>

<CompetencyWeight type='skillProficiency'><StringValue minValue='BASIC' maxValue='EXCELLENT'>BASIC</StringValue></CompetencyWeight>
</Competency>

<Competency oids='87 121 ' description='Skill' auth='no' name='Corporate Performance Management'>
<CompetencyEvidence name='Extent of Experience' typeDescription='Extent of Experience' type='MONTH' lastUsed='2010'><NumericValue description='MONTH'>55</NumericValue></CompetencyEvidence>

<CompetencyWeight type='skillLevel'><NumericValue minValue='0' maxValue='100'>52</NumericValue></CompetencyWeight>

<CompetencyWeight type='skillProficiency'><StringValue minValue='BASIC' maxValue='EXCELLENT'>WORKING</StringValue></CompetencyWeight>
</Competency>

<Competency oids='70 103 ' description='Skill' auth='no' name='Agile Development'>
<CompetencyEvidence name='Extent of Experience' typeDescription='Extent of Experience' type='MONTH' lastUsed='2012'><NumericValue description='MONTH'>56</NumericValue></CompetencyEvidence>

<CompetencyWeight type='skillLevel'><NumericValue minValue='0' maxValue='100'>69</NumericValue></CompetencyWeight>

<CompetencyWeight type='skillProficiency'><StringValue minValue='BASIC' maxValue='EXCELLENT'>GOOD</StringValue></CompetencyWeight>
</Competency>

<Competency oids='26 ' description='Skill' auth='no' name='time analysis'>
<CompetencyWeight type='skillLevel'><NumericValue minValue='0' maxValue='100'>13</NumericValue></CompetencyWeight>
</Competency>

<Competency oids='107 ' description='Skill' auth='no' name='quality management'>
<CompetencyEvidence name='Extent of Experience' typeDescription='Extent of Experience' type='MONTH' lastUsed='2007'><NumericValue description='MONTH'>19</NumericValue></CompetencyEvidence>

<CompetencyWeight type='skillLevel'><NumericValue minValue='0' maxValue='100'>26</NumericValue></CompetencyWeight>

<CompetencyWeight type='skillProficiency'><StringValue minValue='BASIC' maxValue='EXCELLENT'>BASIC</StringValue></CompetencyWeight>
</Competency>

<Competency oids='10 ' description='Skill' auth='no' name='modeling, content management'>
<CompetencyWeight type='skillLevel'><NumericValue minValue='0' maxValue='100'>85</NumericValue></CompetencyWeight>

<CompetencyWeight type='skillProficiency'><StringValue minValue='BASIC' maxValue='EXCELLENT'>EXCELLENT</StringValue></CompetencyWeight>
</Competency>

<Competency oids='108 ' description='Skill' auth='no' name='integrated overall data management'>
<CompetencyEvidence name='Extent of Experience' typeDescription='Extent of Experience' type='MONTH' lastUsed='2007'><NumericValue description='MONTH'>19</NumericValue></CompetencyEvidence>

<CompetencyWeight type='skillLevel'><NumericValue minValue='0' maxValue='100'>25</NumericValue></CompetencyWeight>

<CompetencyWeight type='skillProficiency'><StringValue minValue='BASIC' maxValue='EXCELLENT'>BASIC</StringValue></CompetencyWeight>
</Competency>

<Competency oids='9 ' description='Skill' auth='no' name='enterprise experience'>
<CompetencyWeight type='skillLevel'><NumericValue minValue='0' maxValue='100'>85</NumericValue></CompetencyWeight>

<CompetencyWeight type='skillProficiency'><StringValue minValue='BASIC' maxValue='EXCELLENT'>EXCELLENT</StringValue></CompetencyWeight>
</Competency>

<Competency oids='33 ' description='Skill' auth='no' name='depth customer value analysis'>
<CompetencyEvidence name='Extent of Experience' typeDescription='Extent of Experience' type='MONTH' lastUsed='2014'><NumericValue description='MONTH'>27</NumericValue></CompetencyEvidence>

<CompetencyWeight type='skillLevel'><NumericValue minValue='0' maxValue='100'>99</NumericValue></CompetencyWeight>

<CompetencyWeight type='skillProficiency'><StringValue minValue='BASIC' maxValue='EXCELLENT'>EXCELLENT</StringValue></CompetencyWeight>
</Competency>

<Competency oids='13 ' description='Skill' auth='no' name='customer value analysis'>
<CompetencyWeight type='skillLevel'><NumericValue minValue='0' maxValue='100'>85</NumericValue></CompetencyWeight>

<CompetencyWeight type='skillProficiency'><StringValue minValue='BASIC' maxValue='EXCELLENT'>EXCELLENT</StringValue></CompetencyWeight>
</Competency>

<Competency oids='11 ' description='Skill' auth='no' name='compliance analysis'>
<CompetencyWeight type='skillLevel'><NumericValue minValue='0' maxValue='100'>85</NumericValue></CompetencyWeight>

<CompetencyWeight type='skillProficiency'><StringValue minValue='BASIC' maxValue='EXCELLENT'>EXCELLENT</StringValue></CompetencyWeight>
</Competency>

<Competency oids='113 ' description='Skill' auth='no' name='Vendor Negotiation Skills'>
<CompetencyEvidence name='Extent of Experience' typeDescription='Extent of Experience' type='MONTH' lastUsed='2007'><NumericValue description='MONTH'>19</NumericValue></CompetencyEvidence>

<CompetencyWeight type='skillLevel'><NumericValue minValue='0' maxValue='100'>22</NumericValue></CompetencyWeight>

<CompetencyWeight type='skillProficiency'><StringValue minValue='BASIC' maxValue='EXCELLENT'>BASIC</StringValue></CompetencyWeight>
</Competency>

<Competency oids='43 ' description='Skill' auth='no' name='Vendor Management Management'>
<CompetencyEvidence name='Extent of Experience' typeDescription='Extent of Experience' type='MONTH' lastUsed='2014'><NumericValue description='MONTH'>27</NumericValue></CompetencyEvidence>

<CompetencyEvidence typeDescription='Alias' name='Alias'><StringValue>Vendor Management</StringValue></CompetencyEvidence>

<CompetencyWeight type='skillLevel'><NumericValue minValue='0' maxValue='100'>95</NumericValue></CompetencyWeight>

<CompetencyWeight type='skillProficiency'><StringValue minValue='BASIC' maxValue='EXCELLENT'>EXCELLENT</StringValue></CompetencyWeight>
</Competency>

<Competency oids='50 ' description='Skill' auth='yes' name='TQM'>
<CompetencyEvidence name='Extent of Experience' typeDescription='Extent of Experience' type='MONTH' lastUsed='2012'><NumericValue description='MONTH'>20</NumericValue></CompetencyEvidence>

<CompetencyWeight type='skillLevel'><NumericValue minValue='0' maxValue='100'>70</NumericValue></CompetencyWeight>

<CompetencyWeight type='skillProficiency'><StringValue minValue='BASIC' maxValue='EXCELLENT'>GOOD</StringValue></CompetencyWeight>
</Competency>

<Competency oids='118 ' description='Skill' auth='yes' name='System Strategy'>
<CompetencyEvidence name='Extent of Experience' typeDescription='Extent of Experience' type='MONTH' lastUsed='2007'><NumericValue description='MONTH'>19</NumericValue></CompetencyEvidence>

<CompetencyEvidence typeDescription='Alias' name='Alias'><StringValue>Strategic Planning</StringValue></CompetencyEvidence>

<CompetencyWeight type='skillLevel'><NumericValue minValue='0' maxValue='100'>21</NumericValue></CompetencyWeight>

<CompetencyWeight type='skillProficiency'><StringValue minValue='BASIC' maxValue='EXCELLENT'>BASIC</StringValue></CompetencyWeight>
</Competency>

<Competency oids='22 ' description='Skill > IT' auth='yes' name='Siebel'>
<CompetencyEvidence name='Application' typeDescription='Application' type='implementation'><StringValue>implementation</StringValue></CompetencyEvidence>

<CompetencyEvidence typeDescription='Alias' name='Alias'><StringValue>Siebel implementation</StringValue></CompetencyEvidence>

<CompetencyWeight type='skillLevel'><NumericValue minValue='0' maxValue='100'>13</NumericValue></CompetencyWeight>
</Competency>

<Competency oids='60 ' description='Skill > IT' auth='no' name='Seibel'>
<CompetencyEvidence name='Extent of Experience' typeDescription='Extent of Experience' type='MONTH' lastUsed='2012'><NumericValue description='MONTH'>20</NumericValue></CompetencyEvidence>

<CompetencyWeight type='skillLevel'><NumericValue minValue='0' maxValue='100'>66</NumericValue></CompetencyWeight>

<CompetencyWeight type='skillProficiency'><StringValue minValue='BASIC' maxValue='EXCELLENT'>GOOD</StringValue></CompetencyWeight>
</Competency>

<Competency oids='128 ' description='Skill > IT' auth='yes' name='SDLC'>
<CompetencyEvidence name='Extent of Experience' typeDescription='Extent of Experience' type='MONTH' lastUsed='2005'><NumericValue description='MONTH'>30</NumericValue></CompetencyEvidence>

<CompetencyWeight type='skillLevel'><NumericValue minValue='0' maxValue='100'>27</NumericValue></CompetencyWeight>

<CompetencyWeight type='skillProficiency'><StringValue minValue='BASIC' maxValue='EXCELLENT'>BASIC</StringValue></CompetencyWeight>
</Competency>

<Competency oids='49 ' description='Skill' auth='yes' name='Requirements Gathering'>
<CompetencyEvidence name='Extent of Experience' typeDescription='Extent of Experience' type='MONTH' lastUsed='2012'><NumericValue description='MONTH'>20</NumericValue></CompetencyEvidence>

<CompetencyWeight type='skillLevel'><NumericValue minValue='0' maxValue='100'>71</NumericValue></CompetencyWeight>

<CompetencyWeight type='skillProficiency'><StringValue minValue='BASIC' maxValue='EXCELLENT'>GOOD</StringValue></CompetencyWeight>
</Competency>

<Competency oids='24 ' description='Skill' auth='yes' name='Public Transport'>
<CompetencyWeight type='skillLevel'><NumericValue minValue='0' maxValue='100'>13</NumericValue></CompetencyWeight>
</Competency>

<Competency oids='85 ' description='Skill' auth='no' name='Oracle/Siebel implementation'>
<CompetencyEvidence name='Extent of Experience' typeDescription='Extent of Experience' type='MONTH' lastUsed='2010'><NumericValue description='MONTH'>36</NumericValue></CompetencyEvidence>

<CompetencyWeight type='skillLevel'><NumericValue minValue='0' maxValue='100'>51</NumericValue></CompetencyWeight>

<CompetencyWeight type='skillProficiency'><StringValue minValue='BASIC' maxValue='EXCELLENT'>WORKING</StringValue></CompetencyWeight>
</Competency>

<Competency oids='111 ' description='Skill > IT' auth='yes' name='Oracle Developer 2000'>
<CompetencyEvidence name='Extent of Experience' typeDescription='Extent of Experience' type='MONTH' lastUsed='2007'><NumericValue description='MONTH'>19</NumericValue></CompetencyEvidence>

<CompetencyEvidence typeDescription='Alias' name='Alias'><StringValue>Oracle developer</StringValue></CompetencyEvidence>

<CompetencyWeight type='skillLevel'><NumericValue minValue='0' maxValue='100'>23</NumericValue></CompetencyWeight>

<CompetencyWeight type='skillProficiency'><StringValue minValue='BASIC' maxValue='EXCELLENT'>BASIC</StringValue></CompetencyWeight>
</Competency>

<Competency oids='66 ' description='Skill > IT' auth='no' name='Negotiation'>
<CompetencyEvidence name='Extent of Experience' typeDescription='Extent of Experience' type='MONTH' lastUsed='2012'><NumericValue description='MONTH'>20</NumericValue></CompetencyEvidence>

<CompetencyWeight type='skillLevel'><NumericValue minValue='0' maxValue='100'>66</NumericValue></CompetencyWeight>

<CompetencyWeight type='skillProficiency'><StringValue minValue='BASIC' maxValue='EXCELLENT'>GOOD</StringValue></CompetencyWeight>
</Competency>

<Competency oids='32 ' description='Skill' auth='no' name='Managed the design'>
<CompetencyEvidence name='Extent of Experience' typeDescription='Extent of Experience' type='MONTH' lastUsed='2014'><NumericValue description='MONTH'>27</NumericValue></CompetencyEvidence>

<CompetencyWeight type='skillLevel'><NumericValue minValue='0' maxValue='100'>100</NumericValue></CompetencyWeight>

<CompetencyWeight type='skillProficiency'><StringValue minValue='BASIC' maxValue='EXCELLENT'>EXCELLENT</StringValue></CompetencyWeight>
</Competency>

<Competency oids='28 ' description='Skill' auth='yes' name='Fund Management'>
<CompetencyWeight type='skillLevel'><NumericValue minValue='0' maxValue='100'>13</NumericValue></CompetencyWeight>
</Competency>

<Competency oids='99 ' description='Skill > IT' auth='no' name='Fraud Analytics'>
<CompetencyEvidence name='Extent of Experience' typeDescription='Extent of Experience' type='MONTH' lastUsed='2010'><NumericValue description='MONTH'>36</NumericValue></CompetencyEvidence>

<CompetencyWeight type='skillLevel'><NumericValue minValue='0' maxValue='100'>50</NumericValue></CompetencyWeight>

<CompetencyWeight type='skillProficiency'><StringValue minValue='BASIC' maxValue='EXCELLENT'>WORKING</StringValue></CompetencyWeight>
</Competency>

<Competency oids='27 ' description='Skill' auth='yes' name='Financial Services'>
<CompetencyWeight type='skillLevel'><NumericValue minValue='0' maxValue='100'>13</NumericValue></CompetencyWeight>
</Competency>

<Competency oids='41 ' description='Skill' auth='no' name='Customer Relationship Management Management'>
<CompetencyEvidence name='Extent of Experience' typeDescription='Extent of Experience' type='MONTH' lastUsed='2014'><NumericValue description='MONTH'>27</NumericValue></CompetencyEvidence>

<CompetencyEvidence typeDescription='Alias' name='Alias'><StringValue>Customer Relationship Management</StringValue></CompetencyEvidence>

<CompetencyWeight type='skillLevel'><NumericValue minValue='0' maxValue='100'>95</NumericValue></CompetencyWeight>

<CompetencyWeight type='skillProficiency'><StringValue minValue='BASIC' maxValue='EXCELLENT'>EXCELLENT</StringValue></CompetencyWeight>
</Competency>

<Competency oids='133 ' description='Skill' auth='no' name='Contract Negotiation'>
<CompetencyWeight type='skillLevel'><NumericValue minValue='0' maxValue='100'>13</NumericValue></CompetencyWeight>
</Competency>

<Competency oids='14 ' description='Skill' auth='yes' name='Change Management'>
<CompetencyWeight type='skillLevel'><NumericValue minValue='0' maxValue='100'>85</NumericValue></CompetencyWeight>

<CompetencyWeight type='skillProficiency'><StringValue minValue='BASIC' maxValue='EXCELLENT'>EXCELLENT</StringValue></CompetencyWeight>
</Competency>

<Competency oids='42 ' description='Skill' auth='no' name='CRM Management'>
<CompetencyEvidence name='Extent of Experience' typeDescription='Extent of Experience' type='MONTH' lastUsed='2014'><NumericValue description='MONTH'>27</NumericValue></CompetencyEvidence>

<CompetencyEvidence typeDescription='Alias' name='Alias'><StringValue>CRM</StringValue></CompetencyEvidence>

<CompetencyWeight type='skillLevel'><NumericValue minValue='0' maxValue='100'>95</NumericValue></CompetencyWeight>

<CompetencyWeight type='skillProficiency'><StringValue minValue='BASIC' maxValue='EXCELLENT'>EXCELLENT</StringValue></CompetencyWeight>
</Competency>

<Competency oids='97 ' description='Skill > IT' auth='no' name='CRM Auditing'>
<CompetencyEvidence name='Extent of Experience' typeDescription='Extent of Experience' type='MONTH' lastUsed='2010'><NumericValue description='MONTH'>36</NumericValue></CompetencyEvidence>

<CompetencyWeight type='skillLevel'><NumericValue minValue='0' maxValue='100'>50</NumericValue></CompetencyWeight>

<CompetencyWeight type='skillProficiency'><StringValue minValue='BASIC' maxValue='EXCELLENT'>WORKING</StringValue></CompetencyWeight>
</Competency>

<Competency oids='96 ' description='Skill > IT' auth='yes' name='Business Objects'>
<CompetencyEvidence name='Extent of Experience' typeDescription='Extent of Experience' type='MONTH' lastUsed='2010'><NumericValue description='MONTH'>36</NumericValue></CompetencyEvidence>

<CompetencyWeight type='skillLevel'><NumericValue minValue='0' maxValue='100'>50</NumericValue></CompetencyWeight>

<CompetencyWeight type='skillProficiency'><StringValue minValue='BASIC' maxValue='EXCELLENT'>WORKING</StringValue></CompetencyWeight>
</Competency>

<Competency oids='130 ' description='Skill' auth='no' name='Business Intelligence Management'>
<CompetencyEvidence typeDescription='Alias' name='Alias'><StringValue>Business Intelligence</StringValue></CompetencyEvidence>

<CompetencyWeight type='skillLevel'><NumericValue minValue='0' maxValue='100'>13</NumericValue></CompetencyWeight>
</Competency>

<Competency oids='122_1 126_1_1 ' description='Held Position' auth='no' name='Project Manager'>
<CompetencyEvidence name='Extent of Experience' typeDescription='Extent of Experience' type='MONTH' lastUsed='2007'><NumericValue description='MONTH'>49</NumericValue></CompetencyEvidence>

<CompetencyWeight type='skillLevel'><NumericValue minValue='0' maxValue='100'>27</NumericValue></CompetencyWeight>

<CompetencyWeight type='skillProficiency'><StringValue minValue='BASIC' maxValue='EXCELLENT'>BASIC</StringValue></CompetencyWeight>
</Competency>

<Competency oids='48_1_2 126_1_2 ' description='Held Position' auth='no' name='Business Analyst'>
<CompetencyEvidence name='Extent of Experience' typeDescription='Extent of Experience' type='MONTH' lastUsed='2012'><NumericValue description='MONTH'>50</NumericValue></CompetencyEvidence>

<CompetencyWeight type='skillLevel'><NumericValue minValue='0' maxValue='100'>74</NumericValue></CompetencyWeight>

<CompetencyWeight type='skillProficiency'><StringValue minValue='BASIC' maxValue='EXCELLENT'>GOOD</StringValue></CompetencyWeight>
</Competency>

<Competency oids='80_1 ' description='Held Position' auth='no' name='partner'>
<CompetencyEvidence name='Extent of Experience' typeDescription='Extent of Experience' type='MONTH' lastUsed='2010'><NumericValue description='MONTH'>36</NumericValue></CompetencyEvidence>

<CompetencyWeight type='skillLevel'><NumericValue minValue='0' maxValue='100'>54</NumericValue></CompetencyWeight>

<CompetencyWeight type='skillProficiency'><StringValue minValue='BASIC' maxValue='EXCELLENT'>WORKING</StringValue></CompetencyWeight>
</Competency>

<Competency oids='48_1_3 ' description='Held Position' auth='no' name='Traceability Analyst'>
<CompetencyEvidence name='Extent of Experience' typeDescription='Extent of Experience' type='MONTH' lastUsed='2012'><NumericValue description='MONTH'>20</NumericValue></CompetencyEvidence>

<CompetencyWeight type='skillLevel'><NumericValue minValue='0' maxValue='100'>71</NumericValue></CompetencyWeight>

<CompetencyWeight type='skillProficiency'><StringValue minValue='BASIC' maxValue='EXCELLENT'>GOOD</StringValue></CompetencyWeight>
</Competency>

<Competency oids='30_1 ' description='Held Position' auth='no' name='Solutions Architect'>
<CompetencyEvidence name='Extent of Experience' typeDescription='Extent of Experience' type='MONTH' lastUsed='2014'><NumericValue description='MONTH'>27</NumericValue></CompetencyEvidence>

<CompetencyWeight type='skillLevel'><NumericValue minValue='0' maxValue='100'>100</NumericValue></CompetencyWeight>

<CompetencyWeight type='skillProficiency'><StringValue minValue='BASIC' maxValue='EXCELLENT'>EXCELLENT</StringValue></CompetencyWeight>
</Competency>

<Competency oids='7_1 ' description='Held Position' auth='no' name='Senior Business Analyst'>
<CompetencyWeight type='skillLevel'><NumericValue minValue='0' maxValue='100'>85</NumericValue></CompetencyWeight>

<CompetencyWeight type='skillProficiency'><StringValue minValue='BASIC' maxValue='EXCELLENT'>EXCELLENT</StringValue></CompetencyWeight>
</Competency>

<Competency oids='16_1 ' description='Held Position' auth='no' name='Process and Systems Specialist'>
<CompetencyWeight type='skillLevel'><NumericValue minValue='0' maxValue='100'>13</NumericValue></CompetencyWeight>
</Competency>

<Competency oids='76_2 ' description='Held Position' auth='no' name='Process Specialist'>
<CompetencyWeight type='skillLevel'><NumericValue minValue='0' maxValue='100'>13</NumericValue></CompetencyWeight>
</Competency>

<Competency oids='136_1 ' description='Held Position' auth='no' name='Pre-Sales Engineer'>
<CompetencyWeight type='skillLevel'><NumericValue minValue='0' maxValue='100'>13</NumericValue></CompetencyWeight>
</Competency>

<Competency oids='105_1_1 ' description='Held Position' auth='no' name='Performance Manager'>
<CompetencyEvidence name='Extent of Experience' typeDescription='Extent of Experience' type='MONTH' lastUsed='2007'><NumericValue description='MONTH'>19</NumericValue></CompetencyEvidence>

<CompetencyWeight type='skillLevel'><NumericValue minValue='0' maxValue='100'>26</NumericValue></CompetencyWeight>

<CompetencyWeight type='skillProficiency'><StringValue minValue='BASIC' maxValue='EXCELLENT'>BASIC</StringValue></CompetencyWeight>
</Competency>

<Competency oids='76_1 ' description='Held Position' auth='no' name='BI Systems Architect'>
<CompetencyWeight type='skillLevel'><NumericValue minValue='0' maxValue='100'>13</NumericValue></CompetencyWeight>
</Competency>

<Competency oids='48_1_1 ' description='Held Position' auth='no' name='BI Solutions Architect'>
<CompetencyEvidence name='Extent of Experience' typeDescription='Extent of Experience' type='MONTH' lastUsed='2012'><NumericValue description='MONTH'>20</NumericValue></CompetencyEvidence>

<CompetencyWeight type='skillLevel'><NumericValue minValue='0' maxValue='100'>71</NumericValue></CompetencyWeight>

<CompetencyWeight type='skillProficiency'><StringValue minValue='BASIC' maxValue='EXCELLENT'>GOOD</StringValue></CompetencyWeight>
</Competency>

<Competency oids='105_1_2 ' description='Held Position' auth='no' name='BI Solution Architect'>
<CompetencyEvidence name='Extent of Experience' typeDescription='Extent of Experience' type='MONTH' lastUsed='2007'><NumericValue description='MONTH'>19</NumericValue></CompetencyEvidence>

<CompetencyWeight type='skillLevel'><NumericValue minValue='0' maxValue='100'>26</NumericValue></CompetencyWeight>

<CompetencyWeight type='skillProficiency'><StringValue minValue='BASIC' maxValue='EXCELLENT'>BASIC</StringValue></CompetencyWeight>
</Competency>

<Competency oids='143 ' description='Degree/Qualification > Professional' auth='yes' name='ITIL Foundation Certificate'>
<CompetencyEvidence typeDescription='Alias' name='Alias'><StringValue>ITIL Foundation</StringValue></CompetencyEvidence>

<CompetencyWeight type='skillLevel'><NumericValue minValue='0' maxValue='100'>12</NumericValue></CompetencyWeight>
</Competency>

<Competency oids='142_3 ' description='Degree/Qualification' auth='yes' name='Chemical Engineering'>
<CompetencyEvidence name='Application' typeDescription='Application' type='Chemical Engineering'><StringValue>Chemical Engineering</StringValue></CompetencyEvidence>

<CompetencyWeight type='skillLevel'><NumericValue minValue='0' maxValue='100'>12</NumericValue></CompetencyWeight>
</Competency>

<Competency description='Industry' auth='yes' name='industry~it'>
<CompetencyEvidence name='skillCount' typeDescription='skillCount'><NumericValue>4</NumericValue></CompetencyEvidence>

<CompetencyWeight type='skillLevel'><NumericValue minValue='0' maxValue='100'>100</NumericValue></CompetencyWeight>
</Competency>























<RevisionDate id='1'>2014-06-25</RevisionDate>
</StructuredXMLResume>
<NonXMLResume>

<TextResume>



<span inprof='n' id='1' class='date'>{{DOCUMENT_DATESTAMP}} 2014-6-25 {{END_DOCUMENT_DATESTAMP}}</span>


<span inprof='y' id='2' class='nominal'>Alex Spears</span>
<span inprof='y' id='3' class='email'>alexspears@fastmail.fm</span>

<span inprof='n' id='4' class='location'>Los Angeles</span> &#x387; <span inprof='y' id='5' class='telephone'>323-806-8051</span>
<span inprof='n' id='6' class='title-line'>Summary</span>
<span inprof='y' id='7_1' class='role'>Senior Business Analyst</span> with <span inprof='n' id='8' class='duration'>over 15 years</span> of international, <span inprof='y' id='9' class='skill'>enterprise experience</span> as a principal-level professional. Specializing in large-scale data <span inprof='y' id='10' class='skill'>modeling, content management</span>, <span inprof='y' id='11' class='skill'>compliance analysis</span>, <span inprof='y' id='12' class='skill'>business intelligence</span> (BI), <span inprof='y' id='13' class='skill'>customer value analysis</span>, and <span inprof='y' id='14' class='skill'>change management</span>.

<span inprof='n' id='15' class='work-hist-mark'>Career Highlights</span>
    *  <span inprof='y' id='16_1' class='role'>Process and Systems Specialist</span>, designed <span inprof='y' id='17' class='sofwr'>enterprise data warehouse</span> (<span inprof='y' id='18' class='sofwr'>EDW</span>) and developed complete <span inprof='y' id='19' class='skill'>business intelligence</span> strategy and program to integrate legacy OM/<span inprof='y' id='20' class='skill'>CRM</span> into <span inprof='y' id='21' class='sofwr'>Oracle</span>/<span inprof='y' id='22' class='sofwr'>Siebel implementation</span> for multi-national telecommunications provider ; 
    *  As Performance Manager on a <span inprof='n' id='23' class='money'>$1B</span>+ state-wide <span inprof='y' id='24' class='skill'>public transport</span> project, reduced penalty risk by <span inprof='n' id='25' class='percent'>90%</span> by negotiating and designing a comprehensive KPI model and reporting framework ; 
    *  As Compliance Analyst, translated compliance legislation into detailed business process appliances used for real-<span inprof='y' id='26' class='skill'>time analysis</span> of 30+ <span inprof='y' id='27' class='skill'>financial services</span> product lines, millions of customers and decades of history for retirement <span inprof='y' id='28' class='skill'>fund management</span> provider

<span inprof='n' id='29' class='work-hist-mark'>Experience</span>
Senior (BI) <span inprof='y' id='30_1' class='role'>Solutions Architect</span>
<span inprof='y' id='31_1' class='company'>RSG Technology Management (Financial Services, Sales, Marketing)</span>
<span inprof='y' id='31_2_1' class='date'>April 2012</span> - <span inprof='y' id='31_2_2' class='date'>Present</span> * <span inprof='y' id='31_3' class='location'>Los Angeles, California</span>
       <span inprof='y' id='32' class='skill'>Managed the design</span> and distribution of analytics reporting throughout the business. Coordinated and delivered specialized fraud analytics for financial groups. Provided in-<span inprof='y' id='33' class='skill'>depth customer value analysis</span>.  Performed in-depth analyses and developed complex reports for many business concerns including campaign performance, acquisition costs, response rates, subscriber churn, lifetime value, customer profiles, programming package penetration, customer acquisition quality and quantity.

       <span inprof='n' id='34' class='skills-qualif-mark'>Skills:</span>
<span inprof='y' id='35' class='sofwr'>Cognos</span>, <span inprof='y' id='36' class='sofwr'>Oracle</span>, <span inprof='y' id='37' class='sofwr'>Teradata</span>, <span inprof='y' id='38' class='skill'>Business Intelligence</span>, <span inprof='y' id='39' class='skill'>Business Analysis</span>/Requirements Management, <span inprof='y' id='40' class='sofwr'>Relational Database Design</span>, <span inprof='y' id='41' class='skill'>Customer Relationship Management</span> (<span inprof='y' id='42' class='skill'>CRM</span>), <span inprof='y' id='43' class='skill'>Vendor Management</span>, <span inprof='y' id='44' class='skill'>Team Building</span> and <span inprof='y' id='45' class='skill'>Project management</span>, <span inprof='y' id='46' class='skill'>DataWarehousing</span>, <span inprof='y' id='47' class='skill'>Risk Management</span>

<span inprof='y' id='48_1_1' class='role'>BI Solutions Architect</span> / <span inprof='y' id='48_1_2' class='role'>Business Analyst</span> / <span inprof='y' id='48_1_3' class='role'>Traceability Analyst</span>
<span inprof='y' id='48_2' class='company'>Lester Australia Ltd (Retail, Hospitality, Entertainment, Automotive)</span>
<span inprof='y' id='48_3_1' class='date'>June 2010</span> - <span inprof='y' id='48_3_2' class='date'>January 2012</span> * <span inprof='y' id='48_4' class='location'>Melbourne, Australia</span>
       Re-skilled BA team for localization of ERP system. Coordinated and facilitated <span inprof='y' id='49' class='skill'>requirements gathering</span> with overseas partners. Redesigned monthly reporting process to include <span inprof='y' id='50' class='skill'>TQM</span> feedback principles and continuous <span inprof='y' id='51' class='skill'>auditing</span>. Designed and built a centralized operations and management <span inprof='y' id='52' class='sofwr'>COGNOS</span> reporting <span inprof='y' id='53' class='sofwr'>EDW</span> with dashboards. Developed documentation and bespoke templates for standardized object models, sequence diagrams, and use case models.

       <span inprof='n' id='54' class='skills-qualif-mark'>Skills:</span>
<span inprof='y' id='55' class='skill'>Business Intelligence</span>, CRM <span inprof='y' id='56' class='skill'>Auditing</span>, <span inprof='y' id='57' class='sofwr'>Oracle</span>, <span inprof='y' id='58' class='skill'>Customer Relationship Management</span>, <span inprof='y' id='59' class='sofwr'>OBIEE</span>/<span inprof='y' id='60' class='sofwr'>Seibel</span>, <span inprof='y' id='61' class='sofwr'>Teradata</span>, <span inprof='y' id='62' class='sofwr'>OOAD</span>, <span inprof='y' id='63' class='skill'>Business Analysis</span>/<span inprof='y' id='64' class='skill'>Requirements Management</span>, <span inprof='y' id='65' class='sofwr'>Cognos</span>, <span inprof='y' id='66' class='sofwr'>Negotiation</span>, <span inprof='y' id='67' class='sofwr'>Relational Database Design</span>, <span inprof='y' id='68' class='sofwr'>DataWarehousing</span>, <span inprof='y' id='69' class='sofwr'>UML</span> Modeling, <span inprof='y' id='70' class='skill'>Agile Development</span>, <span inprof='y' id='71' class='skill'>Staff Development</span>

<span inprof='y' id='72' class='nominal'>Alex Spears</span> - <span inprof='y' id='73' class='email'>alexspears@fastmail.fm</span>
 - <span inprof='n' id='74' class='location'>Los Angeles</span> &#x387; <span inprof='y' id='75' class='telephone'>323-806-8051</span>


<span inprof='y' id='76_1' class='role'>BI Systems Architect</span> and <span inprof='y' id='76_2' class='role'>Process Specialist</span>
<span inprof='n' id='77' class='company'>Telstra Corporation</span> (Telecommunication, Call Center, Retail, Sales, Marketing)
<span inprof='y' id='78_1' class='date'>May 2007</span> - <span inprof='y' id='78_2' class='date'>May 2010</span> * <span inprof='y' id='79' class='location'>Melbourne, Australia</span>
       National Telecommunications: Developed <span inprof='y' id='80_1' class='role'>partner</span> KPI frameworks and helped redesign vendor service contracts. Defined modeling and deliverable standards. Designed <span inprof='y' id='81' class='sofwr'>enterprise data warehouse</span> (<span inprof='y' id='82' class='sofwr'>EDW</span>) and developed  <span inprof='y' id='83' class='skill'>business intelligence</span> strategy and program to integrate legacy OM/<span inprof='y' id='84' class='skill'>CRM</span> to <span inprof='y' id='85' class='skill'>Oracle/Siebel implementation</span> for multi-national telecommunications provider

       <span inprof='n' id='86' class='skills-qualif-mark'>Skills:</span>
<span inprof='y' id='87' class='skill'>Corporate Performance Management</span> (CPM), <span inprof='y' id='88' class='sofwr'>Cognos</span>, <span inprof='y' id='89' class='sofwr'>Teradata</span>, <span inprof='y' id='90' class='sofwr'>Oracle</span>, <span inprof='y' id='91' class='skill'>Business Analysis</span>/<span inprof='y' id='92' class='skill'>Requirements Management</span>, <span inprof='y' id='93' class='skill'>Cost Analysis</span>, <span inprof='y' id='94' class='skill'>Business Intelligence</span>, eTom, Customer Service &#38; Retention, Siebel Analytics, <span inprof='y' id='95' class='sofwr'>OBIEE</span>, <span inprof='y' id='96' class='sofwr'>Business Objects</span>, <span inprof='y' id='97' class='sofwr'>CRM Auditing</span>, <span inprof='y' id='98' class='skill'>DataWarehousing</span>, <span inprof='y' id='99' class='sofwr'>Fraud Analytics</span>, <span inprof='y' id='100' class='sofwr'>UML</span> Modeling, Call Centre <span inprof='y' id='101' class='skill'>Auditing</span>, <span inprof='y' id='102' class='skill'>Risk Management</span>, <span inprof='y' id='103' class='skill'>Agile Development</span>, <span inprof='y' id='104' class='skill'>Staff Development</span>

<span inprof='y' id='105_1_1' class='role'>Performance Manager</span> / <span inprof='y' id='105_1_2' class='role'>BI Solution Architect</span>
<span inprof='y' id='105_2' class='company'>Victorian Transport (Government, Transportation, Marketing)</span>
<span inprof='y' id='105_3_1' class='date'>November 2005</span> - <span inprof='y' id='105_3_2' class='date'>May 2007</span> * <span inprof='y' id='105_4' class='location'>Melbourne, Australia</span>
       Created a bespoke project framework incorporating <span inprof='n' id='106' class='company'>ISO, eTom &#38; ITIL</span> with an integrated <span inprof='y' id='107' class='skill'>quality management</span> and performance reporting system. Coordinated and <span inprof='y' id='108' class='skill'>integrated overall data management</span>, <span inprof='y' id='109' class='skill'>business intelligence</span> and <span inprof='y' id='110' class='skill'>management reporting</span> strategy and plan. Managed overseas <span inprof='y' id='111' class='sofwr'>Oracle developer</span> team all data management systems. Negotiated and defined system-wide operational KPIs.

       <span inprof='n' id='112' class='skills-qualif-mark'>Skills:</span>
<span inprof='y' id='113' class='skill'>Vendor Negotiation Skills</span>, <span inprof='y' id='114' class='skill'>Business Intelligence</span>, Cross Functional Team Leadership, <span inprof='y' id='115' class='sofwr'>Oracle</span>, <span inprof='y' id='116' class='skill'>Cost Analysis</span>, <span inprof='y' id='117' class='skill'>Risk Management</span>, <span inprof='y' id='118' class='skill'>Strategic Planning</span>, <span inprof='y' id='119' class='skill'>Business Analysis</span>/<span inprof='y' id='120' class='skill'>Requirements Management</span>, <span inprof='y' id='121' class='skill'>Corporate Performance Management</span> (CPM), <span inprof='y' id='122_1' class='role'>Project Manager</span>, Object Modeling, <span inprof='y' id='123' class='sofwr'>DataWarehousing</span>, <span inprof='y' id='124' class='sofwr'>UML</span> Modeling, <span inprof='y' id='125' class='skill'>Staff Development</span>

<span inprof='y' id='126_1_1' class='role'>Project Manager</span> / <span inprof='y' id='126_1_2' class='role'>Business Analyst</span>
<span inprof='y' id='126_2' class='company'>Synergy Consulting (Retail, Education, Insurance, Financial Services, Sales, Marketing)</span>
<span inprof='y' id='126_3_1' class='date'>June 2003</span> - <span inprof='y' id='126_3_2' class='date'>November 2005</span> * <span inprof='y' id='126_4' class='location'>Melbourne, Australia</span>
       Analyzed corporate financial products  (retirement and insurance) for regulatory compliance. Defined <span inprof='y' id='127' class='skill'>management reporting</span> strategies. Led 25-member technical and business team through the full <span inprof='y' id='128' class='sofwr'>SDLC</span> to deliver a new customer portal.

       <span inprof='n' id='129' class='skills-qualif-mark'>Skills:</span>
<span inprof='y' id='130' class='skill'>Business Intelligence</span>, <span inprof='y' id='131' class='skill'>Team Building</span> and <span inprof='y' id='132' class='skill'>Project management</span>, <span inprof='y' id='133' class='skill'>Contract Negotiation</span>, Content Management Systems, <span inprof='y' id='134' class='skill'>Staff Development</span>, <span inprof='y' id='135' class='skill'>Business Analysis</span>/Requirements Management, <span inprof='y' id='136_1' class='role'>Pre-Sales Engineer</span>, <span inprof='y' id='137' class='sofwr'>Oracle</span>, <span inprof='y' id='138' class='skill'>Cost Analysis</span>, <span inprof='y' id='139' class='sofwr'>OOAD</span>, <span inprof='y' id='140' class='sofwr'>UML</span> Modeling

<span inprof='n' id='141' class='edu-hist-mark'>Education</span>
<span inprof='y' id='142_1' class='educational'>University of Texas</span> - <span inprof='y' id='142_2' class='date'>1991</span>
<span inprof='y' id='142_3' class='qualif'>Chemical Engineering, Mathematics</span>

Certifications
<span inprof='y' id='143' class='qualif'>ITIL Foundation</span> v3 - <span inprof='y' id='144' class='date'>January 2010</span> - ALC Education &#38; Consulting

</TextResume>

</NonXMLResume>



<UserArea>
<DaxResumeUserArea>
<AdditionalPersonalData>
<ExperienceSummary>
<TotalMonthsOfWorkExperience>132</TotalMonthsOfWorkExperience>
<TotalYearsOfWorkExperience>11</TotalYearsOfWorkExperience>
<TotalMonthsOfManagementWorkExperience>49</TotalMonthsOfManagementWorkExperience>
<TotalYearsOfManagementWorkExperience>4</TotalYearsOfManagementWorkExperience>
<TotalMonthsOfLowLevelManagementWorkExperience>49</TotalMonthsOfLowLevelManagementWorkExperience>
<TotalYearsOfLowLevelManagementWorkExperience>4</TotalYearsOfLowLevelManagementWorkExperience>
<ExecutiveBrief>Alex Spears has been working in the IT  occupational sector for more than 11 years. Currently he is employed as a Solutions Architect at RSG Technology Management. Alex has extensive knowledge of Oracle, EDW, UML/OMT, Data Warehousing, Cognos Impromptu, Teradata, Relational Database, Oracle BI EE, Object Oriented Analysis/Design, Seibel, SDLC, Oracle Developer 2000, Negotiation, Fraud Analytics, CRM Auditing, Business Objects. Alex has an extensive management experience (4 years).</ExecutiveBrief>
<ManagementRecord>Since 2005-11 for 19 months the candidate had experience at a lower grade management level working as a Performance Manager/Business Analyst at Victorian Transport.
Since 2003-06 for 30 months the candidate had experience at a lower grade management level working as a Project Manager/Business Analyst at Synergy Consulting.
</ManagementRecord>
</ExperienceSummary>
</AdditionalPersonalData>
<ParserInfo>
<ParserConfiguration>{max_len=50000} {tel_flag=} {send_zip=} {fast_conv=} {DEF_LOCAL=} {sdate=0} {no_email_body=0} {do_clever_zoning=1} {keep_span=1} {complex=1} {accept_langs=} {not_accept_langs=} {prefer_lang_cv=EN} {pers_only=0} {turbo=0} {split_language=0} {picture=0} {picture_inline=0} {name_space=0} {charset=} {hrxml_upgrade_edu_hist=0}{hrxml_add_languages_section=0}{spool=} {docID=} {user=DEFAULT} </ParserConfiguration>
<ParserRelease>0.12.3.32629</ParserRelease>
<ParserReleaseDate>2014-06-18</ParserReleaseDate>
<ParserSchema>2.0.29</ParserSchema>
<ParserSchemaLocation>http://cvx.daxtra.com/cvts/xsd/candidate/2.0.29/Resume.xsd</ParserSchemaLocation>
<ConverterRelease>0.5.2.32629</ConverterRelease>
<ConverterReleaseDate>2014-06-18</ConverterReleaseDate>
</ParserInfo>
<FileStruct filename='/home/izoom/anazarov/grammar/analysis/3rconnect/doc/100_Resume-ApTask/AlexSpears201405cProfileBA.doc'>

<attachment fname='AlexSpears201405cProfileBA.doc' ftype='doc' conv='yes' doc_type='cv' lang='EN'>/home/izoom/anazarov/grammar/analysis/3rconnect/doc/100_Resume-ApTask/AlexSpears201405cProfileBA.doc</attachment>


</FileStruct>
</DaxResumeUserArea>
</UserArea>
</Resume>
