<?xml version='1.0' encoding='ISO-8859-1'?>
<Resume lang='en' src='DAXTRA-CVX schema:2.0.29 release:0.12.3.32629 rdate:2014-06-18'>
<StructuredXMLResume>
<ContactInfo>
<PersonName id='3'>
<FormattedName>Ambrina Nadia Butt</FormattedName>
<GivenName>Ambrina</GivenName>
<MiddleName>Nadia</MiddleName>
<FamilyName>Butt</FamilyName>
</PersonName>
<ContactMethod>
</ContactMethod>
</ContactInfo>
<ExecutiveSummary>*  4+ years of experience in designing, developing and maintaining large business applications such as data migration, integration, conversion, data warehouse and Testing. ; 
*  Professional understanding of Software Development Life Cycle (SDLC). ; 
*  Expertise in data warehousing, ETL architecture, Data Profiling using Informatica Powercenter 8.6/8.5/9.0/9.5- Client and Server tools. ; 
*  Experience in integration of various data sources like SQL Server, Oracle, Tera Data, Flat files, DB2 Mainframes into the staging area ; 
*  Business Requirements review, assessment, gap identification, defining business process, deliver project roadmap including documentation, initial source data definition, mapping, detailed ETL development specifications and operations documentation ; 
*  Expert in Installation and configuration of Informatica server with sql server , oracle and able to handle the Informatica administrator tasks like Configuring DSN, creating Connection Strings, copying &#38; moving mappings, workflows, creating folders etc,. ; 
*  Strong experience in complex SQL packages, functions, cursors, triggers, views, materialized views, T-SQL, DTS, SSIS. ; 
*  Expert in SSIS package using Import/Export wizard, creating packages, connection manager, Control Flow, Data Flow, Event Handlers, scheduling and troubleshooting. ; 
*  Expert in troubleshooting/debugging and improving performance at different stages like database,workflows,mapping ; 
*  Through Knowledge of different OLAP's like DOLAP, MOLAP, ROLAP, HOLAP. ;</ExecutiveSummary>


<EmploymentHistory>
<EmployerOrg employerOrgType='soleEmployer'>
<EmployerOrgName id='83'>MetLife INC</EmployerOrgName>
<EmployerContactInfo>
<LocationSummary id='84'>
<Municipality>Jersey City</Municipality>
<Region>NJ</Region>
<CountryCode>US</CountryCode>
</LocationSummary>
</EmployerContactInfo>
<PositionHistory>
<Title id='86_1'>Informatica Developer</Title>
<OrgName id='83'>MetLife INC</OrgName>



<Description>Description:  MetLife, Inc. is a leading provider of insurance and other financial services throughout the world. The primary objective of this project is to develop Tampa DataMart for investment like securities and bonds using existing DWH called IDEAS. DM is developed in such a way that adjustments are applied directly by users with GUI.
Responsibilities:
*  Interacted with business community and gathered requirements based on changing needs. Incorporated identified factors into Informatica mappings to build the DataMart. ; 
*  Developed a standard ETL framework to enable the reusability of similar logic across the board. Involved in System Documentation of Dataflow and methodology. ; 
*  Taken the whole responsibility and handled the project with 2 team members. ; 
*  Developed mappings to extract data from SQL Server, Oracle,Teradata, Flat files and load into DataMart using the PowerCenter. ; 
*  Developed common routine mappings. Made use of mapping variables, mapping parameters and variable functions. ; 
*  Used Informatica Designer to create complex mappings using different transformations like Filter, Router, Connected &#38; Unconnected lookups, Stored Procedure, Joiner, Update Strategy, Expressions and Aggregator transformations to pipeline data to DataMart. ; 
*  Written procedures, Queries to retrieve data from DWH and implemented in DM. ; 
*  Data extraction and data Transfer from and to SQL Server Database using utilities / tools like SSIS Package, BCP, and BULK INSERT. ; 
*  Handled Informatica administrative tasks like moving, copying sessions, workflows from DEV to QA. ; 
*  Scheduling SSIS to later execution to import the data, modifying data while pass through using transformation editor and troubleshooting SSIS. ; 
*  Written shell scripts in UNIX to execute the workflow from GUI. ; 
*  Written shell scrtips to run the workflows and automated them through maestro job scheduler. ; 
*  Developed GUI with upload, download and execute options using .NET for users to apply adjustments directly. ; 
*  Responsible for submitting DBA requests using LOTUS NOTES, following up with data base DBA's and Informatica administrators, creating remedy ticket, handling all the singoff's for the production, updating all changes with new versions using START team, creating test cases using Quality Center. ; 
*  Written SQL Queries, Triggers, PL/SQL Procedures to apply and maintain the Business Rules. ; 
*  Troubleshooting database, workflows, mappings, source, target to find out the bottlenecks and improved the performance. ; 
*  Written Indexes, primary keys and checked other performance tuning at data base level. ; 
*  Conducted Database testing to check Constrains, field size, Indexes, Stored Procedures, etc. ; 
*  Created testing metrics using MS-Excel ; 
*  Implemented various Performance Tuning techniques on Sources, Targets, Mappings, Workflows and data base tuning. ; 
*  Involved in generating reports with cognos and SSIS. ; 
*  Defects were tracked, reviewed and analysed. ; 
*  Lead and mentored a team of 2 Members during the course of the project. ; 
*  Used Source Analyzer and Warehouse designer to import the source and target database schemas, and the Mapping Designer to map the sources to the target. ; 
*  Performed Configuration Management to Migrate Informatica mappings/sessions /workflows from Development to Test to production environment. ; 
*  Worked closely with the business analyst's team in order to solve the Problem Tickets, Service Requests. Helped the 24/7 Production Support team. ;</Description>
<StartDate id='85'><YearMonth>2013-02</YearMonth></StartDate>
<EndDate>notApplicable</EndDate>




<JobCategory>
<TaxonomyName>JOBAREA</TaxonomyName>
<CategoryCode>it</CategoryCode>
</JobCategory>


<UserArea>
<DaxPositionHistoryUserArea>
<TLSPAN first_id='83' last_id='120' border_id='128'></TLSPAN>
</DaxPositionHistoryUserArea>
</UserArea>
</PositionHistory>
</EmployerOrg>

<EmployerOrg employerOrgType='soleEmployer'>
<EmployerOrgName id='190_1'>Anmera Inc</EmployerOrgName>
<EmployerContactInfo>
<LocationSummary id='190_2'>
<Municipality>Chicago</Municipality>
</LocationSummary>
</EmployerContactInfo>
<PositionHistory positionType='PERMANENT'>
<Title id='190_4_1'>ETL Developer</Title>
<OrgName id='190_1'>Anmera Inc</OrgName>



<Description>Description:  Anmera is a global consulting firm dealing with clients in both private and public sectors.
*  Responsibilities: 
*  Designed technical layout considering Standardization, Reusability, and Scope to improve if need be. ; 
*  Documented the purpose of Data Warehouse (including transformations, mapplets, mappings, sessions, and batches) so as to facilitate the personnel to understand the process and incorporate the changes as when necessary. ; 
*  Developed complex mappings to extract source data from heterogeneous databases Tera Data, SQL Server Oracle and flat files, applied proper transformation rules and loaded in to Data Warehouse. ; 
*  Involved in identifying bugs in existing mappings by analyzing data flow, evaluating transformations using Debugger. ; 
*  Implemented various Performance Tuning techniques on Sources, Targets, Mappings, and Workflows. ; 
*  Worked closely with Production Control team to schedule shell scripts, Informatica workflows and sql code in Autosys. ; 
*  Conducted Database testing to check Constrains, field size, Indexes, Stored Procedures, etc. ; 
*  Defects were tracked, reviewed and analyzed.
Environment: Informatica PowerCenter 7.1,9.1,9.5 Oracle9i, SQL Server 2000,  XML, TOAD.</Description>
<StartDate id='190_3_1'><YearMonth>2013-03</YearMonth></StartDate>
<EndDate id='190_3_2'><YearMonth>2014-05</YearMonth></EndDate>




<JobCategory>
<TaxonomyName>JOBAREA</TaxonomyName>
<CategoryCode>it</CategoryCode>
</JobCategory>


<UserArea>
<DaxPositionHistoryUserArea>
<TLSPAN first_id='190' last_id='200' border_id='0'></TLSPAN>
<MonthsOfWork>15</MonthsOfWork>
</DaxPositionHistoryUserArea>
</UserArea>
</PositionHistory>
</EmployerOrg>

<EmployerOrg employerOrgType='soleEmployer'>
<EmployerOrgName id='128_1'>AllianceBernstein L.P</EmployerOrgName>
<EmployerContactInfo>
<LocationSummary id='128_2'>
<Municipality>New York</Municipality>
<Region>NY</Region>
<CountryCode>US</CountryCode>
</LocationSummary>
</EmployerContactInfo>
<PositionHistory positionType='CONTRACT'>
<Title id='129_1'>Informatica Developer</Title>
<OrgName id='128_1'>AllianceBernstein L.P</OrgName>




<StartDate id='128_3_1'><YearMonth>2012-08</YearMonth></StartDate>
<EndDate id='128_3_2'><YearMonth>2013-01</YearMonth></EndDate>




<JobCategory>
<TaxonomyName>JOBAREA</TaxonomyName>
<CategoryCode>it</CategoryCode>
</JobCategory>


<UserArea>
<DaxPositionHistoryUserArea>
<TLSPAN first_id='128' last_id='129' border_id='162'></TLSPAN>
<MonthsOfWork>6</MonthsOfWork>
</DaxPositionHistoryUserArea>
</UserArea>
</PositionHistory>
</EmployerOrg>

<EmployerOrg employerOrgType='soleEmployer'>
<EmployerOrgName id='162_1'>Crown Bank</EmployerOrgName>
<EmployerContactInfo>
<LocationSummary id='162_2'>
<Municipality>Brick</Municipality>
<Region>NJ</Region>
<CountryCode>US</CountryCode>
</LocationSummary>
</EmployerContactInfo>
<PositionHistory positionType='PERMANENT'>
<Title id='162_4_1'>ETL Developer</Title>
<OrgName id='162_1'>Crown Bank</OrgName>



<Description>Description: Crown Bank's warehouse is built to load the data of Customers, Loan Plans and Transactions from different sources through Informatica server and generating reports on quarterly basis to help the business Analysis's.
*  Responsibilities: 
*  Interacted with business community and gathered requirements based on changing needs. Incorporated identified factors into Informatica mappings to build Data Warehouse. ; 
*  Assisted in designing Logical/Physical Data Models, forward/reverse engineering using Erwin 4.0. ; 
*  Developed mappings to extract data from SQL Server, Oracle, Flat files, XML files, and load into Data warehouse using the Mapping Designer.

*  Used Source Analyzer and Warehouse designer to import the source and target database schemas, and the Mapping Designer to map the sources to the target. ; 
*  Used DTS package to import and export data to from the data base. ; 
*  Written Queries, procedures, created Indexes, primary keys and data bases testing. ; 
*  Defects were tracked, reviewed and analyzed. ; 
*  Implemented various Performance Tuning techniques on Sources, Targets, Mappings, and Workflows. ; 
*  Performed System Testing, Regression Testing, Acceptance Testing, Functional Testing and Stress Testing. ; 
*  Used Source Analyzer and Warehouse designer to import the source and target database schemas, and the Mapping Designer to map the sources to the target. ; 
*  Identified sources, targets, mappings and sessions and tuned them to improve performance ; 
*  Used Informatica Designer to create complex mappings using different transformations like Filter, Router, Connected &#38; Unconnected lookups, Stored Procedure, Joiner, Update Strategy, Expressions and Aggregator transformations to pipeline data to Data Warehouse. ; 
*  Actively participated in data base testing like checking the constraints, correctness of the data, stored procedures, field size validation, etc ; 
*  Used command line mode to embed pmcmd commands in to shell scripts and used pmcmd, pmrep commands in Interactive mode to access repository and workflows. ; 
*  Worked closely with the business analyst's team in order to solve the Problem Tickets, Service Requests. Helped the 24/7 Production Support team. ;</Description>
<StartDate id='162_3_1'><YearMonth>2010-11</YearMonth></StartDate>
<EndDate id='162_3_2'><YearMonth>2012-06</YearMonth></EndDate>




<JobCategory>
<TaxonomyName>JOBAREA</TaxonomyName>
<CategoryCode>it</CategoryCode>
</JobCategory>


<UserArea>
<DaxPositionHistoryUserArea>
<TLSPAN first_id='162' last_id='184' border_id='0'></TLSPAN>
<MonthsOfWork>20</MonthsOfWork>
</DaxPositionHistoryUserArea>
</UserArea>
</PositionHistory>
</EmployerOrg>

</EmploymentHistory>












<Competency oids='12 48 97 121 140 152 153 155 185 196 ' description='Skill > IT' auth='yes' name='Informatica Analytics Package > Informatica PowerCenter'>


<CompetencyEvidence typeDescription='Alias' name='Alias'><StringValue>Informatica Powercenter 8.6/8.5/9.0/9.5 8.6/8.5/9.0/9.5</StringValue></CompetencyEvidence>

<CompetencyEvidence typeDescription='Alias' name='Alias'><StringValue>Informatica PowerCenter 8.6/8.5/8.1/7.1/6.2/5.1 8.6/8.5/8.1/7.1/6.2/5.1</StringValue></CompetencyEvidence>

<CompetencyEvidence typeDescription='Alias' name='Alias'><StringValue>PowerCenter</StringValue></CompetencyEvidence>

<CompetencyEvidence typeDescription='Alias' name='Alias'><StringValue>Informatica PowerCenter 8.6/8.5 8.6/8.5</StringValue></CompetencyEvidence>

<CompetencyEvidence typeDescription='Alias' name='Alias'><StringValue>PowerCenter 7.1 7.1</StringValue></CompetencyEvidence>

<CompetencyEvidence typeDescription='Alias' name='Alias'><StringValue>PowerCenter 8.1 8.1</StringValue></CompetencyEvidence>

<CompetencyEvidence typeDescription='Alias' name='Alias'><StringValue>Informatica PowerCenter 8.1/7.1 8.1/7.1</StringValue></CompetencyEvidence>

<CompetencyEvidence typeDescription='Alias' name='Alias'><StringValue>Informatica PowerCenter 7.1 7.1</StringValue></CompetencyEvidence>

<CompetencyEvidence typeDescription='Alias' name='Alias'><StringValue>Informatica PowerCenter 7.1,9.1,9.5 7.1,9.1,9.5</StringValue></CompetencyEvidence>

<CompetencyWeight type='skillLevel'><NumericValue minValue='0' maxValue='100'>95</NumericValue></CompetencyWeight>

<CompetencyWeight type='skillProficiency'><StringValue minValue='BASIC' maxValue='EXCELLENT'>EXCELLENT</StringValue></CompetencyWeight>
</Competency>

<Competency oids='14 19 95 137 169 192 ' description='Skill > IT' auth='yes' name='Oracle'>


<CompetencyWeight type='skillLevel'><NumericValue minValue='0' maxValue='100'>85</NumericValue></CompetencyWeight>

<CompetencyWeight type='skillProficiency'><StringValue minValue='BASIC' maxValue='EXCELLENT'>EXCELLENT</StringValue></CompetencyWeight>
</Competency>

<Competency oids='13 18 58 94 136 168 ' description='Skill > IT' auth='yes' name='Microsoft SQL Server'>


<CompetencyEvidence typeDescription='Alias' name='Alias'><StringValue>SQL Server</StringValue></CompetencyEvidence>

<CompetencyWeight type='skillLevel'><NumericValue minValue='0' maxValue='100'>85</NumericValue></CompetencyWeight>

<CompetencyWeight type='skillProficiency'><StringValue minValue='BASIC' maxValue='EXCELLENT'>EXCELLENT</StringValue></CompetencyWeight>
</Competency>

<Competency oids='35 74 145 189 193 ' description='Skill > IT' auth='yes' name='shell scripting'>
<CompetencyEvidence name='Extent of Experience' typeDescription='Extent of Experience' type='MONTH' lastUsed='2014'><NumericValue description='MONTH'>15</NumericValue></CompetencyEvidence>

<CompetencyEvidence typeDescription='Alias' name='Alias'><StringValue>UNIX shell scripts</StringValue></CompetencyEvidence>

<CompetencyEvidence typeDescription='Alias' name='Alias'><StringValue>UNIX Shell Scripting</StringValue></CompetencyEvidence>

<CompetencyEvidence typeDescription='Alias' name='Alias'><StringValue>shell scripts</StringValue></CompetencyEvidence>

<CompetencyWeight type='skillLevel'><NumericValue minValue='0' maxValue='100'>92</NumericValue></CompetencyWeight>

<CompetencyWeight type='skillProficiency'><StringValue minValue='BASIC' maxValue='EXCELLENT'>EXCELLENT</StringValue></CompetencyWeight>
</Competency>

<Competency oids='67 96 125 138 157 ' description='Skill > IT' auth='yes' name='Teradata'>


<CompetencyEvidence typeDescription='Alias' name='Alias'><StringValue>TeraData 6 6</StringValue></CompetencyEvidence>

<CompetencyWeight type='skillLevel'><NumericValue minValue='0' maxValue='100'>95</NumericValue></CompetencyWeight>

<CompetencyWeight type='skillProficiency'><StringValue minValue='BASIC' maxValue='EXCELLENT'>EXCELLENT</StringValue></CompetencyWeight>
</Competency>

<Competency oids='99 113 146 182 195 ' description='Skill > IT' auth='yes' name='Stored Procedures'>


<CompetencyEvidence typeDescription='Alias' name='Alias'><StringValue>Stored Procedure</StringValue></CompetencyEvidence>

<CompetencyWeight type='skillLevel'><NumericValue minValue='0' maxValue='100'>95</NumericValue></CompetencyWeight>

<CompetencyWeight type='skillProficiency'><StringValue minValue='BASIC' maxValue='EXCELLENT'>EXCELLENT</StringValue></CompetencyWeight>
</Competency>

<Competency oids='21 71 81 160 161 ' description='Skill > IT' auth='yes' name='SQL'>
<CompetencyWeight type='skillLevel'><NumericValue minValue='0' maxValue='100'>14</NumericValue></CompetencyWeight>
</Competency>

<Competency oids='60 123 156 187 198 ' description='Skill > IT' auth='yes' name='Microsoft SQL Server 2000'>
<CompetencyEvidence name='Extent of Experience' typeDescription='Extent of Experience' type='MONTH' lastUsed='2014'><NumericValue description='MONTH'>15</NumericValue></CompetencyEvidence>

<CompetencyEvidence typeDescription='Alias' name='Alias'><StringValue>2000</StringValue></CompetencyEvidence>

<CompetencyEvidence typeDescription='Alias' name='Alias'><StringValue>SQL Server 2000</StringValue></CompetencyEvidence>

<CompetencyWeight type='skillLevel'><NumericValue minValue='0' maxValue='100'>88</NumericValue></CompetencyWeight>

<CompetencyWeight type='skillProficiency'><StringValue minValue='BASIC' maxValue='EXCELLENT'>EXCELLENT</StringValue></CompetencyWeight>
</Competency>

<Competency oids='17 49 109 164 194 ' description='Skill > IT' auth='yes' name='Informatica'>


<CompetencyEvidence name='Application' typeDescription='Application' type='Installation'><StringValue>Installation</StringValue></CompetencyEvidence>

<CompetencyEvidence name='Application' typeDescription='Application' type='configuration'><StringValue>configuration</StringValue></CompetencyEvidence>

<CompetencyEvidence typeDescription='Alias' name='Alias'><StringValue>Expert in Installation and configuration of Informatica server</StringValue></CompetencyEvidence>

<CompetencyEvidence typeDescription='Alias' name='Alias'><StringValue>Informatica server</StringValue></CompetencyEvidence>

<CompetencyWeight type='skillLevel'><NumericValue minValue='0' maxValue='100'>85</NumericValue></CompetencyWeight>

<CompetencyWeight type='skillProficiency'><StringValue minValue='BASIC' maxValue='EXCELLENT'>EXCELLENT</StringValue></CompetencyWeight>
</Competency>

<Competency oids='15 53 70 139 159 ' description='Skill > IT' auth='yes' name='DB2'>
<CompetencyEvidence typeDescription='Alias' name='Alias'><StringValue>DB2 8.0/7.0 8.0/7.0</StringValue></CompetencyEvidence>

<CompetencyWeight type='skillLevel'><NumericValue minValue='0' maxValue='100'>14</NumericValue></CompetencyWeight>
</Competency>

<Competency oids='11 16 93 135 ' description='Skill > IT' auth='yes' name='ETL'>


<CompetencyEvidence name='Application' typeDescription='Application' type='development'><StringValue>development</StringValue></CompetencyEvidence>

<CompetencyEvidence typeDescription='Alias' name='Alias'><StringValue>ETL development</StringValue></CompetencyEvidence>

<CompetencyWeight type='skillLevel'><NumericValue minValue='0' maxValue='100'>96</NumericValue></CompetencyWeight>

<CompetencyWeight type='skillProficiency'><StringValue minValue='BASIC' maxValue='EXCELLENT'>EXCELLENT</StringValue></CompetencyWeight>
</Competency>

<Competency oids='24 64 116 ' description='Skill > IT' auth='yes' name='SQL Server Integration Services'>


<CompetencyEvidence typeDescription='Alias' name='Alias'><StringValue>SSIS</StringValue></CompetencyEvidence>

<CompetencyWeight type='skillLevel'><NumericValue minValue='0' maxValue='100'>95</NumericValue></CompetencyWeight>

<CompetencyWeight type='skillProficiency'><StringValue minValue='BASIC' maxValue='EXCELLENT'>EXCELLENT</StringValue></CompetencyWeight>
</Competency>

<Competency oids='92 134 166 ' description='Skill' auth='yes' name='Requirements Gathering'>


<CompetencyEvidence typeDescription='Alias' name='Alias'><StringValue>gathered requirements</StringValue></CompetencyEvidence>

<CompetencyWeight type='skillLevel'><NumericValue minValue='0' maxValue='100'>96</NumericValue></CompetencyWeight>

<CompetencyWeight type='skillProficiency'><StringValue minValue='BASIC' maxValue='EXCELLENT'>EXCELLENT</StringValue></CompetencyWeight>
</Competency>

<Competency oids='73 112 144 ' description='Skill > IT' auth='yes' name='Oracle PL/SQL'>


<CompetencyEvidence typeDescription='Alias' name='Alias'><StringValue>PL/SQL</StringValue></CompetencyEvidence>

<CompetencyWeight type='skillLevel'><NumericValue minValue='0' maxValue='100'>95</NumericValue></CompetencyWeight>

<CompetencyWeight type='skillProficiency'><StringValue minValue='BASIC' maxValue='EXCELLENT'>EXCELLENT</StringValue></CompetencyWeight>
</Competency>

<Competency oids='158 186 197 ' description='Skill > IT' auth='yes' name='Oracle 9i'>
<CompetencyEvidence name='Extent of Experience' typeDescription='Extent of Experience' type='MONTH' lastUsed='2014'><NumericValue description='MONTH'>15</NumericValue></CompetencyEvidence>

<CompetencyWeight type='skillLevel'><NumericValue minValue='0' maxValue='100'>89</NumericValue></CompetencyWeight>

<CompetencyWeight type='skillProficiency'><StringValue minValue='BASIC' maxValue='EXCELLENT'>EXCELLENT</StringValue></CompetencyWeight>
</Competency>

<Competency oids='26 79 141 ' description='Skill' auth='yes' name='Import/Export'>
<CompetencyEvidence typeDescription='Alias' name='Alias'><StringValue>Export/Import</StringValue></CompetencyEvidence>

<CompetencyWeight type='skillLevel'><NumericValue minValue='0' maxValue='100'>14</NumericValue></CompetencyWeight>
</Competency>

<Competency oids='91 103 104 ' description='Skill > IT' auth='yes' name='GUI Applications'>


<CompetencyEvidence typeDescription='Alias' name='Alias'><StringValue>GUI</StringValue></CompetencyEvidence>

<CompetencyWeight type='skillLevel'><NumericValue minValue='0' maxValue='100'>97</NumericValue></CompetencyWeight>

<CompetencyWeight type='skillProficiency'><StringValue minValue='BASIC' maxValue='EXCELLENT'>EXCELLENT</StringValue></CompetencyWeight>
</Competency>

<Competency oids='23 63 142 ' description='Skill > IT' auth='yes' name='Data Transformation Services'>
<CompetencyEvidence typeDescription='Alias' name='Alias'><StringValue>DTS</StringValue></CompetencyEvidence>

<CompetencyWeight type='skillLevel'><NumericValue minValue='0' maxValue='100'>14</NumericValue></CompetencyWeight>
</Competency>

<Competency oids='41 57 115 ' description='Skill > IT' auth='yes' name='Cognos Impromptu'>


<CompetencyEvidence typeDescription='Alias' name='Alias'><StringValue>Cognos</StringValue></CompetencyEvidence>

<CompetencyEvidence typeDescription='Alias' name='Alias'><StringValue>Cognos 8 8</StringValue></CompetencyEvidence>

<CompetencyWeight type='skillLevel'><NumericValue minValue='0' maxValue='100'>95</NumericValue></CompetencyWeight>

<CompetencyWeight type='skillProficiency'><StringValue minValue='BASIC' maxValue='EXCELLENT'>EXCELLENT</StringValue></CompetencyWeight>
</Competency>

<Competency oids='170 199 ' description='Skill > IT' auth='yes' name='XML'>
<CompetencyEvidence name='Extent of Experience' typeDescription='Extent of Experience' type='MONTH' lastUsed='2014'><NumericValue description='MONTH'>35</NumericValue></CompetencyEvidence>

<CompetencyWeight type='skillLevel'><NumericValue minValue='0' maxValue='100'>92</NumericValue></CompetencyWeight>

<CompetencyWeight type='skillProficiency'><StringValue minValue='BASIC' maxValue='EXCELLENT'>EXCELLENT</StringValue></CompetencyWeight>
</Competency>

<Competency oids='111 143 ' description='Skill > IT' auth='no' name='Triggers'>


<CompetencyWeight type='skillLevel'><NumericValue minValue='0' maxValue='100'>95</NumericValue></CompetencyWeight>

<CompetencyWeight type='skillProficiency'><StringValue minValue='BASIC' maxValue='EXCELLENT'>EXCELLENT</StringValue></CompetencyWeight>
</Competency>

<Competency oids='80 200 ' description='Skill > IT' auth='yes' name='TOAD'>
<CompetencyEvidence name='Extent of Experience' typeDescription='Extent of Experience' type='MONTH' lastUsed='2014'><NumericValue description='MONTH'>15</NumericValue></CompetencyEvidence>

<CompetencyWeight type='skillLevel'><NumericValue minValue='0' maxValue='100'>88</NumericValue></CompetencyWeight>

<CompetencyWeight type='skillProficiency'><StringValue minValue='BASIC' maxValue='EXCELLENT'>EXCELLENT</StringValue></CompetencyWeight>
</Competency>

<Competency oids='8 30 ' description='Skill > IT' auth='yes' name='Software Development Life Cycle'>
<CompetencyWeight type='skillLevel'><NumericValue minValue='0' maxValue='100'>14</NumericValue></CompetencyWeight>
</Competency>

<Competency oids='119 150 ' description='Skill' auth='no' name='Performed Configuration Management'>


<CompetencyWeight type='skillLevel'><NumericValue minValue='0' maxValue='100'>95</NumericValue></CompetencyWeight>

<CompetencyWeight type='skillProficiency'><StringValue minValue='BASIC' maxValue='EXCELLENT'>EXCELLENT</StringValue></CompetencyWeight>
</Competency>

<Competency oids='65 124 ' description='Skill > IT' auth='yes' name='Oracle 10G'>
<CompetencyEvidence typeDescription='Alias' name='Alias'><StringValue>Oracle 10g/9i/8i/8/7.3 9i/8i/8/7.3</StringValue></CompetencyEvidence>

<CompetencyWeight type='skillLevel'><NumericValue minValue='0' maxValue='100'>14</NumericValue></CompetencyWeight>
</Competency>

<Competency oids='17 164 ' description='Skill > IT' auth='yes' name='Microsoft Windows 2000 Server'>
<CompetencyEvidence name='Extent of Experience' typeDescription='Extent of Experience' type='MONTH' lastUsed='2012'><NumericValue description='MONTH'>20</NumericValue></CompetencyEvidence>

<CompetencyEvidence name='Application' typeDescription='Application' type='Installation'><StringValue>Installation</StringValue></CompetencyEvidence>

<CompetencyEvidence name='Application' typeDescription='Application' type='configuration'><StringValue>configuration</StringValue></CompetencyEvidence>

<CompetencyEvidence typeDescription='Alias' name='Alias'><StringValue>Expert in Installation and configuration of Informatica server</StringValue></CompetencyEvidence>

<CompetencyEvidence typeDescription='Alias' name='Alias'><StringValue>Informatica server</StringValue></CompetencyEvidence>

<CompetencyWeight type='skillLevel'><NumericValue minValue='0' maxValue='100'>95</NumericValue></CompetencyWeight>

<CompetencyWeight type='skillProficiency'><StringValue minValue='BASIC' maxValue='EXCELLENT'>EXCELLENT</StringValue></CompetencyWeight>
</Competency>

<Competency oids='22 72 ' description='Skill > IT' auth='yes' name='Microsoft Transact-SQL'>
<CompetencyEvidence typeDescription='Alias' name='Alias'><StringValue>T-SQL</StringValue></CompetencyEvidence>

<CompetencyWeight type='skillLevel'><NumericValue minValue='0' maxValue='100'>14</NumericValue></CompetencyWeight>
</Competency>

<Competency oids='78 188 ' description='Skill > IT' auth='yes' name='Microsoft SQL*Loader'>
<CompetencyEvidence typeDescription='Alias' name='Alias'><StringValue>SQL*Loader</StringValue></CompetencyEvidence>

<CompetencyEvidence typeDescription='Alias' name='Alias'><StringValue>Sql loader</StringValue></CompetencyEvidence>

<CompetencyWeight type='skillLevel'><NumericValue minValue='0' maxValue='100'>14</NumericValue></CompetencyWeight>
</Competency>

<Competency oids='59 122 ' description='Skill > IT' auth='yes' name='Microsoft SQL Server 2005'>
<CompetencyEvidence typeDescription='Alias' name='Alias'><StringValue>2005</StringValue></CompetencyEvidence>

<CompetencyEvidence typeDescription='Alias' name='Alias'><StringValue>SQL Server 2005</StringValue></CompetencyEvidence>

<CompetencyWeight type='skillLevel'><NumericValue minValue='0' maxValue='100'>14</NumericValue></CompetencyWeight>
</Competency>

<Competency oids='114 147 ' description='Skill > IT' auth='yes' name='Microsoft Excel'>


<CompetencyEvidence typeDescription='Alias' name='Alias'><StringValue>MS-Excel</StringValue></CompetencyEvidence>

<CompetencyWeight type='skillLevel'><NumericValue minValue='0' maxValue='100'>95</NumericValue></CompetencyWeight>

<CompetencyWeight type='skillProficiency'><StringValue minValue='BASIC' maxValue='EXCELLENT'>EXCELLENT</StringValue></CompetencyWeight>
</Competency>

<Competency oids='56 167 ' description='Skill > IT' auth='yes' name='Logic Works ERwin/ERX'>
<CompetencyEvidence name='Extent of Experience' typeDescription='Extent of Experience' type='MONTH' lastUsed='2012'><NumericValue description='MONTH'>20</NumericValue></CompetencyEvidence>

<CompetencyEvidence typeDescription='Alias' name='Alias'><StringValue>Erwin 4.0 4.0</StringValue></CompetencyEvidence>

<CompetencyWeight type='skillLevel'><NumericValue minValue='0' maxValue='100'>92</NumericValue></CompetencyWeight>

<CompetencyWeight type='skillProficiency'><StringValue minValue='BASIC' maxValue='EXCELLENT'>EXCELLENT</StringValue></CompetencyWeight>
</Competency>

<Competency oids='10 47 ' description='Skill > IT' auth='yes' name='Data Warehousing'>
<CompetencyWeight type='skillLevel'><NumericValue minValue='0' maxValue='100'>14</NumericValue></CompetencyWeight>
</Competency>

<Competency oids='44 ' description='Skill' auth='no' name='team player'>
<CompetencyWeight type='skillLevel'><NumericValue minValue='0' maxValue='100'>14</NumericValue></CompetencyWeight>
</Competency>

<Competency oids='131 ' description='Skill' auth='no' name='publicly traded global asset management'>
<CompetencyWeight type='skillLevel'><NumericValue minValue='0' maxValue='100'>14</NumericValue></CompetencyWeight>
</Competency>

<Competency oids='45 ' description='Skill' auth='no' name='interpersonal skills'>
<CompetencyWeight type='skillLevel'><NumericValue minValue='0' maxValue='100'>14</NumericValue></CompetencyWeight>
</Competency>

<Competency oids='88 ' description='Skill' auth='no' name='develop Tampa DataMart'>


<CompetencyWeight type='skillLevel'><NumericValue minValue='0' maxValue='100'>100</NumericValue></CompetencyWeight>

<CompetencyWeight type='skillProficiency'><StringValue minValue='BASIC' maxValue='EXCELLENT'>EXCELLENT</StringValue></CompetencyWeight>
</Competency>

<Competency oids='33 ' description='Skill' auth='yes' name='User Acceptance Testing'>
<CompetencyWeight type='skillLevel'><NumericValue minValue='0' maxValue='100'>14</NumericValue></CompetencyWeight>
</Competency>

<Competency oids='32 ' description='Skill' auth='no' name='Unit Testing'>
<CompetencyWeight type='skillLevel'><NumericValue minValue='0' maxValue='100'>14</NumericValue></CompetencyWeight>
</Competency>

<Competency oids='102 ' description='Skill > IT' auth='yes' name='UNIX'>


<CompetencyWeight type='skillLevel'><NumericValue minValue='0' maxValue='100'>95</NumericValue></CompetencyWeight>

<CompetencyWeight type='skillProficiency'><StringValue minValue='BASIC' maxValue='EXCELLENT'>EXCELLENT</StringValue></CompetencyWeight>
</Competency>

<Competency oids='66 ' description='Skill > IT' auth='yes' name='Sybase'>
<CompetencyWeight type='skillLevel'><NumericValue minValue='0' maxValue='100'>14</NumericValue></CompetencyWeight>
</Competency>

<Competency oids='178 ' description='Skill' auth='yes' name='Stress Analysis'>
<CompetencyEvidence name='Extent of Experience' typeDescription='Extent of Experience' type='MONTH' lastUsed='2012'><NumericValue description='MONTH'>20</NumericValue></CompetencyEvidence>

<CompetencyEvidence typeDescription='Alias' name='Alias'><StringValue>Stress Testing</StringValue></CompetencyEvidence>

<CompetencyWeight type='skillLevel'><NumericValue minValue='0' maxValue='100'>90</NumericValue></CompetencyWeight>

<CompetencyWeight type='skillProficiency'><StringValue minValue='BASIC' maxValue='EXCELLENT'>EXCELLENT</StringValue></CompetencyWeight>
</Competency>

<Competency oids='50 ' description='Skill > IT' auth='yes' name='Siebel'>
<CompetencyWeight type='skillLevel'><NumericValue minValue='0' maxValue='100'>14</NumericValue></CompetencyWeight>
</Competency>

<Competency oids='77 ' description='Skill > IT' auth='yes' name='SQLPlus'>
<CompetencyEvidence typeDescription='Alias' name='Alias'><StringValue>SQL*Plus</StringValue></CompetencyEvidence>

<CompetencyWeight type='skillLevel'><NumericValue minValue='0' maxValue='100'>14</NumericValue></CompetencyWeight>
</Competency>

<Competency oids='89 ' description='Skill > IT' auth='yes' name='SDRC I-Deas'>


<CompetencyEvidence typeDescription='Alias' name='Alias'><StringValue>IDEAS</StringValue></CompetencyEvidence>

<CompetencyWeight type='skillLevel'><NumericValue minValue='0' maxValue='100'>99</NumericValue></CompetencyWeight>

<CompetencyWeight type='skillProficiency'><StringValue minValue='BASIC' maxValue='EXCELLENT'>EXCELLENT</StringValue></CompetencyWeight>
</Competency>

<Competency oids='9 ' description='Skill > IT' auth='yes' name='SDLC'>
<CompetencyEvidence typeDescription='Alias' name='Alias'><StringValue>(SDLC)</StringValue></CompetencyEvidence>

<CompetencyWeight type='skillLevel'><NumericValue minValue='0' maxValue='100'>14</NumericValue></CompetencyWeight>
</Competency>

<Competency oids='51 ' description='Skill > IT' auth='yes' name='SAP'>
<CompetencyWeight type='skillLevel'><NumericValue minValue='0' maxValue='100'>14</NumericValue></CompetencyWeight>
</Competency>

<Competency oids='132 ' description='Skill' auth='yes' name='Risk Management'>
<CompetencyWeight type='skillLevel'><NumericValue minValue='0' maxValue='100'>14</NumericValue></CompetencyWeight>
</Competency>

<Competency oids='106 ' description='Skill' auth='no' name='Responsible for submitting DBA'>


<CompetencyWeight type='skillLevel'><NumericValue minValue='0' maxValue='100'>95</NumericValue></CompetencyWeight>

<CompetencyWeight type='skillProficiency'><StringValue minValue='BASIC' maxValue='EXCELLENT'>EXCELLENT</StringValue></CompetencyWeight>
</Competency>

<Competency oids='175 ' description='Skill > IT' auth='yes' name='Regression Testing'>
<CompetencyEvidence name='Extent of Experience' typeDescription='Extent of Experience' type='MONTH' lastUsed='2012'><NumericValue description='MONTH'>20</NumericValue></CompetencyEvidence>

<CompetencyWeight type='skillLevel'><NumericValue minValue='0' maxValue='100'>90</NumericValue></CompetencyWeight>

<CompetencyWeight type='skillProficiency'><StringValue minValue='BASIC' maxValue='EXCELLENT'>EXCELLENT</StringValue></CompetencyWeight>
</Competency>

<Competency oids='76 ' description='Skill > IT' auth='yes' name='RDBMS'>
<CompetencyWeight type='skillLevel'><NumericValue minValue='0' maxValue='100'>14</NumericValue></CompetencyWeight>
</Competency>

<Competency oids='31 ' description='Skill' auth='no' name='Project Analysis'>
<CompetencyWeight type='skillLevel'><NumericValue minValue='0' maxValue='100'>14</NumericValue></CompetencyWeight>
</Competency>

<Competency oids='38 ' description='Skill' auth='yes' name='Product Development'>
<CompetencyEvidence typeDescription='Alias' name='Alias'><StringValue>design and development</StringValue></CompetencyEvidence>

<CompetencyWeight type='skillLevel'><NumericValue minValue='0' maxValue='100'>14</NumericValue></CompetencyWeight>
</Competency>

<Competency oids='34 ' description='Skill' auth='no' name='Post Implementation Support and Maintenance'>
<CompetencyWeight type='skillLevel'><NumericValue minValue='0' maxValue='100'>14</NumericValue></CompetencyWeight>
</Competency>

<Competency oids='36 ' description='Skill > IT' auth='yes' name='Perl Programming'>
<CompetencyEvidence typeDescription='Alias' name='Alias'><StringValue>Perl</StringValue></CompetencyEvidence>

<CompetencyWeight type='skillLevel'><NumericValue minValue='0' maxValue='100'>14</NumericValue></CompetencyWeight>
</Competency>

<Competency oids='174 ' description='Skill' auth='no' name='Performed System Testing'>
<CompetencyEvidence name='Extent of Experience' typeDescription='Extent of Experience' type='MONTH' lastUsed='2012'><NumericValue description='MONTH'>20</NumericValue></CompetencyEvidence>

<CompetencyWeight type='skillLevel'><NumericValue minValue='0' maxValue='100'>90</NumericValue></CompetencyWeight>

<CompetencyWeight type='skillProficiency'><StringValue minValue='BASIC' maxValue='EXCELLENT'>EXCELLENT</StringValue></CompetencyWeight>
</Competency>

<Competency oids='52 ' description='Skill > IT' auth='yes' name='PeopleSoft'>
<CompetencyWeight type='skillLevel'><NumericValue minValue='0' maxValue='100'>14</NumericValue></CompetencyWeight>
</Competency>

<Competency oids='55 ' description='Skill > IT' auth='yes' name='OLTP'>
<CompetencyWeight type='skillLevel'><NumericValue minValue='0' maxValue='100'>14</NumericValue></CompetencyWeight>
</Competency>

<Competency oids='54 ' description='Skill > IT' auth='yes' name='OLAP'>
<CompetencyWeight type='skillLevel'><NumericValue minValue='0' maxValue='100'>14</NumericValue></CompetencyWeight>
</Competency>

<Competency oids='68 ' description='Skill > IT' auth='yes' name='MySQL'>
<CompetencyWeight type='skillLevel'><NumericValue minValue='0' maxValue='100'>14</NumericValue></CompetencyWeight>
</Competency>

<Competency oids='127 ' description='Skill > IT' auth='yes' name='Microsoft Visual Studio.NET'>
<CompetencyEvidence typeDescription='Alias' name='Alias'><StringValue>2005</StringValue></CompetencyEvidence>

<CompetencyWeight type='skillLevel'><NumericValue minValue='0' maxValue='100'>14</NumericValue></CompetencyWeight>
</Competency>

<Competency oids='126 ' description='Skill > IT' auth='yes' name='Microsoft Visual Studio'>
<CompetencyWeight type='skillLevel'><NumericValue minValue='0' maxValue='100'>14</NumericValue></CompetencyWeight>
</Competency>

<Competency oids='61 ' description='Skill > IT' auth='yes' name='Microsoft SQL Server 7.0'>
<CompetencyEvidence typeDescription='Alias' name='Alias'><StringValue>7.0</StringValue></CompetencyEvidence>

<CompetencyWeight type='skillLevel'><NumericValue minValue='0' maxValue='100'>14</NumericValue></CompetencyWeight>
</Competency>

<Competency oids='62 ' description='Skill > IT' auth='yes' name='Microsoft SQL Server 6.5'>
<CompetencyEvidence typeDescription='Alias' name='Alias'><StringValue>6.5</StringValue></CompetencyEvidence>

<CompetencyWeight type='skillLevel'><NumericValue minValue='0' maxValue='100'>14</NumericValue></CompetencyWeight>
</Competency>

<Competency oids='69 ' description='Skill > IT' auth='yes' name='Microsoft Access'>
<CompetencyEvidence typeDescription='Alias' name='Alias'><StringValue>MS-Access</StringValue></CompetencyEvidence>

<CompetencyWeight type='skillLevel'><NumericValue minValue='0' maxValue='100'>14</NumericValue></CompetencyWeight>
</Competency>

<Competency oids='105 ' description='Skill > IT' auth='yes' name='Microsoft .NET Technology'>


<CompetencyEvidence typeDescription='Alias' name='Alias'><StringValue>.NET</StringValue></CompetencyEvidence>

<CompetencyWeight type='skillLevel'><NumericValue minValue='0' maxValue='100'>95</NumericValue></CompetencyWeight>

<CompetencyWeight type='skillProficiency'><StringValue minValue='BASIC' maxValue='EXCELLENT'>EXCELLENT</StringValue></CompetencyWeight>
</Competency>

<Competency oids='110 ' description='Skill > IT' auth='yes' name='Mercury Quality Center'>


<CompetencyEvidence typeDescription='Alias' name='Alias'><StringValue>Quality Center</StringValue></CompetencyEvidence>

<CompetencyWeight type='skillLevel'><NumericValue minValue='0' maxValue='100'>95</NumericValue></CompetencyWeight>

<CompetencyWeight type='skillProficiency'><StringValue minValue='BASIC' maxValue='EXCELLENT'>EXCELLENT</StringValue></CompetencyWeight>
</Competency>

<Competency oids='107 ' description='Skill > IT' auth='yes' name='Lotus Notes/Domino'>


<CompetencyEvidence typeDescription='Alias' name='Alias'><StringValue>LOTUS NOTES</StringValue></CompetencyEvidence>

<CompetencyWeight type='skillLevel'><NumericValue minValue='0' maxValue='100'>95</NumericValue></CompetencyWeight>

<CompetencyWeight type='skillProficiency'><StringValue minValue='BASIC' maxValue='EXCELLENT'>EXCELLENT</StringValue></CompetencyWeight>
</Competency>

<Competency oids='177 ' description='Skill' auth='no' name='Functional Testing'>
<CompetencyEvidence name='Extent of Experience' typeDescription='Extent of Experience' type='MONTH' lastUsed='2012'><NumericValue description='MONTH'>20</NumericValue></CompetencyEvidence>

<CompetencyWeight type='skillLevel'><NumericValue minValue='0' maxValue='100'>90</NumericValue></CompetencyWeight>

<CompetencyWeight type='skillProficiency'><StringValue minValue='BASIC' maxValue='EXCELLENT'>EXCELLENT</StringValue></CompetencyWeight>
</Competency>

<Competency oids='108 ' description='Skill > IT' auth='yes' name='Database Administration'>


<CompetencyEvidence typeDescription='Alias' name='Alias'><StringValue>DBA</StringValue></CompetencyEvidence>

<CompetencyWeight type='skillLevel'><NumericValue minValue='0' maxValue='100'>95</NumericValue></CompetencyWeight>

<CompetencyWeight type='skillProficiency'><StringValue minValue='BASIC' maxValue='EXCELLENT'>EXCELLENT</StringValue></CompetencyWeight>
</Competency>

<Competency oids='7 ' description='Skill > IT' auth='yes' name='Data Migration'>
<CompetencyWeight type='skillLevel'><NumericValue minValue='0' maxValue='100'>14</NumericValue></CompetencyWeight>
</Competency>

<Competency oids='90 ' description='Skill > IT' auth='yes' name='DM'>


<CompetencyWeight type='skillLevel'><NumericValue minValue='0' maxValue='100'>98</NumericValue></CompetencyWeight>

<CompetencyWeight type='skillProficiency'><StringValue minValue='BASIC' maxValue='EXCELLENT'>EXCELLENT</StringValue></CompetencyWeight>
</Competency>

<Competency oids='75 ' description='Skill' auth='no' name='DB Programming'>
<CompetencyWeight type='skillLevel'><NumericValue minValue='0' maxValue='100'>14</NumericValue></CompetencyWeight>
</Competency>

<Competency oids='40 ' description='Skill > IT' auth='yes' name='Business Objects'>
<CompetencyWeight type='skillLevel'><NumericValue minValue='0' maxValue='100'>14</NumericValue></CompetencyWeight>
</Competency>

<Competency oids='39 ' description='Skill' auth='yes' name='Business Intelligence'>
<CompetencyWeight type='skillLevel'><NumericValue minValue='0' maxValue='100'>14</NumericValue></CompetencyWeight>
</Competency>

<Competency oids='165 ' description='Skill' auth='yes' name='Business Analysis'>
<CompetencyEvidence name='Extent of Experience' typeDescription='Extent of Experience' type='MONTH' lastUsed='2012'><NumericValue description='MONTH'>20</NumericValue></CompetencyEvidence>

<CompetencyWeight type='skillLevel'><NumericValue minValue='0' maxValue='100'>93</NumericValue></CompetencyWeight>

<CompetencyWeight type='skillProficiency'><StringValue minValue='BASIC' maxValue='EXCELLENT'>EXCELLENT</StringValue></CompetencyWeight>
</Competency>

<Competency oids='133 ' description='Skill' auth='yes' name='Asset Allocation'>
<CompetencyEvidence typeDescription='Alias' name='Alias'><StringValue>asset management</StringValue></CompetencyEvidence>

<CompetencyWeight type='skillLevel'><NumericValue minValue='0' maxValue='100'>14</NumericValue></CompetencyWeight>
</Competency>

<Competency oids='176 ' description='Skill' auth='no' name='Acceptance Testing'>
<CompetencyEvidence name='Extent of Experience' typeDescription='Extent of Experience' type='MONTH' lastUsed='2012'><NumericValue description='MONTH'>20</NumericValue></CompetencyEvidence>

<CompetencyWeight type='skillLevel'><NumericValue minValue='0' maxValue='100'>90</NumericValue></CompetencyWeight>

<CompetencyWeight type='skillProficiency'><StringValue minValue='BASIC' maxValue='EXCELLENT'>EXCELLENT</StringValue></CompetencyWeight>
</Competency>

<Competency oids='118_1 149_1 171_1 173_1 180_1 ' description='Held Position' auth='no' name='the Mapping Designer'>


<CompetencyWeight type='skillLevel'><NumericValue minValue='0' maxValue='100'>96</NumericValue></CompetencyWeight>

<CompetencyWeight type='skillProficiency'><StringValue minValue='BASIC' maxValue='EXCELLENT'>EXCELLENT</StringValue></CompetencyWeight>
</Competency>

<Competency oids='117_1 148_1 172_1 179_1 ' description='Held Position' auth='no' name='Warehouse designer'>


<CompetencyWeight type='skillLevel'><NumericValue minValue='0' maxValue='100'>96</NumericValue></CompetencyWeight>

<CompetencyWeight type='skillProficiency'><StringValue minValue='BASIC' maxValue='EXCELLENT'>EXCELLENT</StringValue></CompetencyWeight>
</Competency>

<Competency oids='2_1 162_4_1 190_4_1 ' description='Held Position' auth='no' name='ETL Developer'>
<CompetencyEvidence name='Extent of Experience' typeDescription='Extent of Experience' type='MONTH' lastUsed='2014'><NumericValue description='MONTH'>35</NumericValue></CompetencyEvidence>

<CompetencyWeight type='skillLevel'><NumericValue minValue='0' maxValue='100'>96</NumericValue></CompetencyWeight>

<CompetencyWeight type='skillProficiency'><StringValue minValue='BASIC' maxValue='EXCELLENT'>EXCELLENT</StringValue></CompetencyWeight>
</Competency>

<Competency oids='98_1 181_1 ' description='Held Position' auth='no' name='Used Informatica Designer'>


<CompetencyWeight type='skillLevel'><NumericValue minValue='0' maxValue='100'>99</NumericValue></CompetencyWeight>

<CompetencyWeight type='skillProficiency'><StringValue minValue='BASIC' maxValue='EXCELLENT'>EXCELLENT</StringValue></CompetencyWeight>
</Competency>

<Competency oids='100_1 183_1 ' description='Held Position' auth='no' name='Joiner'>


<CompetencyWeight type='skillLevel'><NumericValue minValue='0' maxValue='100'>98</NumericValue></CompetencyWeight>

<CompetencyWeight type='skillProficiency'><StringValue minValue='BASIC' maxValue='EXCELLENT'>EXCELLENT</StringValue></CompetencyWeight>
</Competency>

<Competency oids='86_1 129_1 ' description='Held Position' auth='no' name='Informatica Developer'>


<CompetencyWeight type='skillLevel'><NumericValue minValue='0' maxValue='100'>100</NumericValue></CompetencyWeight>

<CompetencyWeight type='skillProficiency'><StringValue minValue='BASIC' maxValue='EXCELLENT'>EXCELLENT</StringValue></CompetencyWeight>
</Competency>

<Competency oids='101_1 ' description='Held Position' auth='no' name='editor and troubleshooting'>


<CompetencyWeight type='skillLevel'><NumericValue minValue='0' maxValue='100'>97</NumericValue></CompetencyWeight>

<CompetencyWeight type='skillProficiency'><StringValue minValue='BASIC' maxValue='EXCELLENT'>EXCELLENT</StringValue></CompetencyWeight>
</Competency>

<Competency oids='6_1 ' description='Held Position' auth='no' name='business applications'>
<CompetencyWeight type='skillLevel'><NumericValue minValue='0' maxValue='100'>14</NumericValue></CompetencyWeight>
</Competency>

<Competency oids='27_1 ' description='Held Position' auth='no' name='Manager'>
<CompetencyWeight type='skillLevel'><NumericValue minValue='0' maxValue='100'>14</NumericValue></CompetencyWeight>
</Competency>

<Competency oids='28_1 ' description='Held Position' auth='no' name='Expert in troubleshooting/debugging and improving'>
<CompetencyWeight type='skillLevel'><NumericValue minValue='0' maxValue='100'>14</NumericValue></CompetencyWeight>
</Competency>

<Competency oids='29_1 ' description='Held Position' auth='no' name='Expert in all phases'>
<CompetencyWeight type='skillLevel'><NumericValue minValue='0' maxValue='100'>14</NumericValue></CompetencyWeight>
</Competency>

<Competency oids='25_1 ' description='Held Position' auth='no' name='Expert in SSIS package'>
<CompetencyWeight type='skillLevel'><NumericValue minValue='0' maxValue='100'>14</NumericValue></CompetencyWeight>
</Competency>

<Competency oids='37_1 ' description='Held Position' auth='no' name='Expert'>
<CompetencyWeight type='skillLevel'><NumericValue minValue='0' maxValue='100'>14</NumericValue></CompetencyWeight>
</Competency>

<Competency description='Industry' auth='yes' name='industry~it'>
<CompetencyEvidence name='skillCount' typeDescription='skillCount'><NumericValue>4</NumericValue></CompetencyEvidence>

<CompetencyWeight type='skillLevel'><NumericValue minValue='0' maxValue='100'>100</NumericValue></CompetencyWeight>
</Competency>























<RevisionDate id='1'>2009-04-22</RevisionDate>
</StructuredXMLResume>
<NonXMLResume>

<TextResume>



<span inprof='n' id='1' class='date'>{{DOCUMENT_DATESTAMP}} 2009-4-22 {{END_DOCUMENT_DATESTAMP}}</span>


*  <span inprof='y' id='2_1' class='role'>ETL Developer</span>
<span inprof='y' id='3' class='nominal-mb'>AMBRINA NADIA BUTT</span>
<span inprof='n' id='4' class='objectives-mark'>SUMMARY</span>

*  <span inprof='n' id='5' class='duration'>4+ years</span> of experience in designing, developing and maintaining large <span inprof='y' id='6_1' class='role'>business applications</span> such as <span inprof='y' id='7' class='sofwr'>data migration</span>, integration, conversion, data warehouse and Testing. ; 
*  Professional understanding of <span inprof='y' id='8' class='sofwr'>Software Development Life Cycle</span> <span inprof='y' id='9' class='sofwr'>(SDLC)</span>. ; 
*  Expertise in <span inprof='y' id='10' class='sofwr'>data warehousing</span>, <span inprof='y' id='11' class='sofwr'>ETL</span> architecture, Data Profiling using <span inprof='y' id='12' class='sofwr'>Informatica Powercenter 8.6/8.5/9.0/9.5</span>- Client and Server tools. ; 
*  Experience in integration of various data sources like <span inprof='y' id='13' class='sofwr'>SQL Server</span>, <span inprof='y' id='14' class='sofwr'>Oracle</span>, Tera Data, Flat files, <span inprof='y' id='15' class='sofwr'>DB2</span> Mainframes into the staging area ; 
*  Business Requirements review, assessment, gap identification, defining business process, deliver project roadmap including documentation, initial source data definition, mapping, detailed <span inprof='y' id='16' class='sofwr'>ETL development</span> specifications and operations documentation ; 
*  <span inprof='y' id='17' class='sofwr'>Expert in Installation and configuration of Informatica server</span> with <span inprof='y' id='18' class='sofwr'>sql server</span> , <span inprof='y' id='19' class='sofwr'>oracle</span> and able <span inprof='n' id='20' class='bad-occupation'>to handle the Informatica administrator tasks like</span> Configuring DSN, creating Connection Strings, copying &#38; moving mappings, workflows, creating folders etc,. ; 
*  Strong experience in complex <span inprof='y' id='21' class='sofwr'>SQL</span> packages, functions, cursors, triggers, views, materialized views, <span inprof='y' id='22' class='sofwr'>T-SQL</span>, <span inprof='y' id='23' class='sofwr'>DTS</span>, <span inprof='y' id='24' class='sofwr'>SSIS</span>. ; 
*  <span inprof='y' id='25_1' class='role'>Expert in SSIS package</span> using <span inprof='y' id='26' class='skill'>Import/Export</span> wizard, creating packages, connection <span inprof='y' id='27_1' class='role'>manager</span>, Control Flow, Data Flow, Event Handlers, scheduling and troubleshooting. ; 
*  <span inprof='y' id='28_1' class='role'>Expert in troubleshooting/debugging and improving</span> performance at different stages like database,workflows,mapping ; 
*  Through Knowledge of different OLAP's like DOLAP, MOLAP, ROLAP, HOLAP. ; 
*  <span inprof='y' id='29_1' class='role'>Expert in all phases</span> of <span inprof='y' id='30' class='sofwr'>software development life cycle</span> - <span inprof='y' id='31' class='skill'>Project Analysis</span>, Requirements, Design Documentation, Development, <span inprof='y' id='32' class='skill'>Unit Testing</span>, <span inprof='y' id='33' class='skill'>User Acceptance Testing</span>, Implementation, <span inprof='y' id='34' class='skill'>Post Implementation Support and Maintenance</span> ; 
*  Experience in writing <span inprof='y' id='35' class='sofwr'>UNIX shell scripts</span> and <span inprof='y' id='36' class='sofwr'>Perl</span> scripts ; 
*  <span inprof='y' id='37_1' class='role'>Expert</span> in <span inprof='y' id='38' class='skill'>design and development</span> of <span inprof='y' id='39' class='skill'>Business Intelligence</span> reports using BI tools <span inprof='y' id='40' class='sofwr'>Business Objects</span>, <span inprof='y' id='41' class='sofwr'>Cognos</span> and knowledge in microstrategy ; 
*  Have Got Proven experience leading Team. ; 
*  Experience includes thorough domain knowledge of Business Financial system, Banking, healthcare <span inprof='n' id='42' class='qualif'>information technology, Insurance</span> &#38; Reinsure, Pharmacy claims systems, <span inprof='n' id='43' class='industry-sector'>Telecom Industry</span>. ; 
*  Enthusiastic and goal-oriented <span inprof='y' id='44' class='skill'>team player</span> possessing excellent communication, <span inprof='y' id='45' class='skill'>interpersonal skills</span> and leadership capabilities with high level of adaptability.

<span inprof='n' id='46' class='skills-qualif-mark'>TECHNICAL SKILLS</span>

*  <span inprof='y' id='47' class='skill'>Data warehousing</span> ;             <span inprof='y' id='48' class='sofwr'>Informatica PowerCenter 8.6/8.5/8.1/7.1/6.2/5.1</span>, <span inprof='y' id='49' class='sofwr'>Informatica</span> PowerConnect for <span inprof='y' id='50' class='sofwr'>Siebel</span>/<span inprof='y' id='51' class='sofwr'>SAP</span>/<span inprof='y' id='52' class='sofwr'>Peoplesoft</span>, PowerExchange for <span inprof='y' id='53' class='sofwr'>DB2</span>, Metadata Reporter Data Profiling, Data cleansing, <span inprof='y' id='54' class='sofwr'>OLAP</span>, <span inprof='y' id='55' class='sofwr'>OLTP</span>, Star &#38; Snowflake Schema, FACT &#38; Dimension Tables, Physical &#38; Logical Data Modeling, Data Stage 7.x, <span inprof='y' id='56' class='sofwr'>Erwin 4.0</span>

*  BI Tools ;                     Business Objects XIR2/6.0/5.1/5.0, Microstrategy 8,<span inprof='y' id='57' class='sofwr'>Cognos 8</span>,
Databases                         <span inprof='y' id='58' class='sofwr'>SQL Server</span> <span inprof='y' id='59' class='sofwr'>2005</span>/<span inprof='y' id='60' class='sofwr'>2000</span>/<span inprof='y' id='61' class='sofwr'>7.0</span>/<span inprof='y' id='62' class='sofwr'>6.5</span>, <span inprof='y' id='63' class='sofwr'>DTS</span>,<span inprof='y' id='64' class='sofwr'>SSIS</span>, <span inprof='y' id='65' class='sofwr'>Oracle 10g/9i/8i/8/7.3</span>, <span inprof='y' id='66' class='sofwr'>Sybase</span>, <span inprof='y' id='67' class='sofwr'>TeraData 6</span>,<span inprof='y' id='68' class='sofwr'>My SQL</span>, <span inprof='y' id='69' class='sofwr'>MS-Access</span>, <span inprof='y' id='70' class='sofwr'>DB2 8.0/7.0</span>

Languages
<span inprof='y' id='71' class='sofwr'>SQL</span>, <span inprof='y' id='72' class='sofwr'>T-SQL</span>, <span inprof='y' id='73' class='sofwr'>PL/SQL</span>, <span inprof='y' id='74' class='sofwr'>UNIX Shell Scripting</span>
<span inprof='y' id='75' class='skill'>DB Programming</span> &#38;Tools:        <span inprof='y' id='76' class='sofwr'>RDBMS</span>, Joins, Indexes, Views, Functions, Triggers, Clusters, Procedures, <span inprof='y' id='77' class='sofwr'>SQL*Plus</span>, <span inprof='y' id='78' class='sofwr'>SQL*Loader</span>, <span inprof='y' id='79' class='skill'>Export/Import</span>, <span inprof='y' id='80' class='sofwr'>TOAD</span>, <span inprof='y' id='81' class='sofwr'>SQL</span> Navigator, Explain plan, SQL Trace






<span inprof='n' id='82' class='work-hist-mark'>WORK EXPERIENCE</span>
*
*  <span inprof='y' id='83' class='company'>MetLife INC</span>, <span inprof='y' id='84' class='location'>Jersey City, NJ</span>                                                            <span inprof='y' id='85' class='date'>Feb'13</span>-
*   <span inprof='y' id='86_1' class='role'>Informatica Developer</span>

Description:  <span inprof='n' id='87' class='company'>MetLife, Inc. is a leading provider of insurance and other financial services</span> throughout the world. The primary objective of this project is to <span inprof='y' id='88' class='skill'>develop Tampa DataMart</span> for investment like securities and bonds using existing DWH called <span inprof='y' id='89' class='sofwr'>IDEAS</span>. <span inprof='y' id='90' class='sofwr'>DM</span> is developed in such a way that adjustments are applied directly by users with <span inprof='y' id='91' class='sofwr'>GUI</span>.
Responsibilities:
*  Interacted with business community and <span inprof='y' id='92' class='skill'>gathered requirements</span> based on changing needs. Incorporated identified factors into Informatica mappings to build the DataMart. ; 
*  Developed a standard <span inprof='y' id='93' class='sofwr'>ETL</span> framework to enable the reusability of similar logic across the board. Involved in System Documentation of Dataflow and methodology. ; 
*  Taken the whole responsibility and handled the project with 2 team members. ; 
*  Developed mappings to extract data from <span inprof='y' id='94' class='sofwr'>SQL Server</span>, <span inprof='y' id='95' class='sofwr'>Oracle</span>,<span inprof='y' id='96' class='sofwr'>Teradata</span>, Flat files and load into DataMart using the <span inprof='y' id='97' class='sofwr'>PowerCenter</span>. ; 
*  Developed common routine mappings. Made use of mapping variables, mapping parameters and variable functions. ; 
*  <span inprof='y' id='98_1' class='role'>Used Informatica Designer</span> to create complex mappings using different transformations like Filter, Router, Connected &#38; Unconnected lookups, <span inprof='y' id='99' class='sofwr'>Stored Procedure</span>, <span inprof='y' id='100_1' class='role'>Joiner</span>, Update Strategy, Expressions and Aggregator transformations to pipeline data to DataMart. ; 
*  Written procedures, Queries to retrieve data from DWH and implemented in DM. ; 
*  Data extraction and data Transfer from and to SQL Server Database using utilities / tools like SSIS Package, BCP, and BULK INSERT. ; 
*  Handled Informatica administrative tasks like moving, copying sessions, workflows from DEV to QA. ; 
*  Scheduling SSIS to later execution to import the data, modifying data while pass through using transformation <span inprof='y' id='101_1' class='role'>editor and troubleshooting</span> SSIS. ; 
*  Written shell scripts in <span inprof='y' id='102' class='sofwr'>UNIX</span> to execute the workflow from <span inprof='y' id='103' class='sofwr'>GUI</span>. ; 
*  Written shell scrtips to run the workflows and automated them through maestro job scheduler. ; 
*  Developed <span inprof='y' id='104' class='sofwr'>GUI</span> with upload, download and execute options using <span inprof='y' id='105' class='sofwr'>.NET</span> for users to apply adjustments directly. ; 
*  <span inprof='y' id='106' class='skill'>Responsible for submitting DBA</span> requests using <span inprof='y' id='107' class='sofwr'>LOTUS NOTES</span>, following up with data base <span inprof='y' id='108' class='sofwr'>DBA</span>'s and <span inprof='y' id='109' class='sofwr'>Informatica</span> administrators, creating remedy ticket, handling all the singoff's for the production, updating all changes with new versions using START team, creating test cases using <span inprof='y' id='110' class='sofwr'>Quality Center</span>. ; 
*  Written SQL Queries, <span inprof='y' id='111' class='sofwr'>Triggers</span>, <span inprof='y' id='112' class='sofwr'>PL/SQL</span> Procedures to apply and maintain the Business Rules. ; 
*  Troubleshooting database, workflows, mappings, source, target to find out the bottlenecks and improved the performance. ; 
*  Written Indexes, primary keys and checked other performance tuning at data base level. ; 
*  Conducted Database testing to check Constrains, field size, Indexes, <span inprof='y' id='113' class='sofwr'>Stored Procedures</span>, etc. ; 
*  Created testing metrics using <span inprof='y' id='114' class='sofwr'>MS-Excel</span> ; 
*  Implemented various Performance Tuning techniques on Sources, Targets, Mappings, Workflows and data base tuning. ; 
*  Involved in generating reports with <span inprof='y' id='115' class='sofwr'>cognos</span> and <span inprof='y' id='116' class='sofwr'>SSIS</span>. ; 
*  Defects were tracked, reviewed and analysed. ; 
*  Lead and mentored a team of 2 Members during the course of the project. ; 
*  Used Source Analyzer and <span inprof='y' id='117_1' class='role'>Warehouse designer</span> to import the source and target database schemas, and <span inprof='y' id='118_1' class='role'>the Mapping Designer</span> to map the sources to the target. ; 
*  <span inprof='y' id='119' class='skill'>Performed Configuration Management</span> to Migrate Informatica mappings/sessions /workflows from Development to Test to production environment. ; 
*  Worked closely <span inprof='n' id='120' class='bad-occupation'>with the business analyst</span>'s team in order to solve the Problem Tickets, Service Requests. Helped the 24/7 Production Support team.


Environment: <span inprof='y' id='121' class='sofwr'>Informatica PowerCenter 8.6/8.5</span>, <span inprof='y' id='122' class='sofwr'>SQL Server 2005</span>/<span inprof='y' id='123' class='sofwr'>2000</span>, <span inprof='y' id='124' class='sofwr'>Oracle 10g</span>, <span inprof='y' id='125' class='sofwr'>Teradata 6</span>,<span inprof='y' id='126' class='sofwr'>Microsoft Visual Studio</span> <span inprof='y' id='127' class='sofwr'>2005</span>.
* ; 
*  <span inprof='y' id='128_1' class='company'>AllianceBernstein L.P</span>, <span inprof='y' id='128_2' class='location'>New York, NY</span>                                                            <span inprof='y' id='128_3_1' class='date'>Aug'12</span>-<span inprof='y' id='128_3_2' class='date'>Jan'13</span> ; 
*  <span inprof='y' id='129_1' class='role'>Informatica Developer</span>

Description:  <span inprof='n' id='130' class='company'>AllianceBernstein</span> is one of the largest <span inprof='y' id='131' class='skill'>publicly traded global asset management</span> firms in the world. The primary objective of the project was to construct an aggregated data warehouse (DWH) for analytics and reports used by business, <span inprof='y' id='132' class='skill'>risk management</span>, <span inprof='y' id='133' class='skill'>asset management</span> groups.
Responsibilities:
*  Interacted with business community and <span inprof='y' id='134' class='skill'>gathered requirements</span> based on changing needs. Incorporated identified factors into Informatica mappings to build Data Warehouses. ; 
*  Developed a standard <span inprof='y' id='135' class='sofwr'>ETL</span> framework to enable the reusability of similar logic across the board. Involved in System Documentation of Dataflow and methodology. ; 
*  Identified all the dimensions to be included in the target warehouse design and confirmed the granularity of the facts in the fact tables. ; 
*  Developed mappings to extract data from <span inprof='y' id='136' class='sofwr'>SQL Server</span>, <span inprof='y' id='137' class='sofwr'>Oracle</span>, <span inprof='y' id='138' class='sofwr'>Teradata</span>, Flat files, <span inprof='y' id='139' class='sofwr'>DB2</span>, Mainframes and load into Data warehouse using the <span inprof='y' id='140' class='sofwr'>PowerCenter</span>, power exchange. ; 
*  Developed common routine mappings. Made use of mapping variables, mapping parameters and variable functions. ; 
*  <span inprof='y' id='141' class='skill'>Export/Import</span> data from different data bases, flat files using <span inprof='y' id='142' class='sofwr'>DTS</span> package by defining source and target. ; 
*  Scheduling and troubleshooting DTS. ; 
*  Written SQL Queries, <span inprof='y' id='143' class='sofwr'>Triggers</span>, <span inprof='y' id='144' class='sofwr'>PL/SQL</span> Procedures, Packages and <span inprof='y' id='145' class='sofwr'>UNIX Shell Scripts</span> to apply and maintain the Business Rules. ; 
*  Checked performance tunning/debugging at different levels like workflows, mappings, database etc,. ; 
*  Conducted Database testing to check Constrains, field size, Indexes, <span inprof='y' id='146' class='sofwr'>Stored Procedures</span>, etc. ; 
*  Created testing metrics using <span inprof='y' id='147' class='sofwr'>MS-Excel</span> ; 
*  Implemented various Performance Tuning techniques on Sources, Targets, Mappings, and Workflows. ; 
*  Used Source Analyzer and <span inprof='y' id='148_1' class='role'>Warehouse designer</span> to import the source and target database schemas, and <span inprof='y' id='149_1' class='role'>the Mapping Designer</span> to map the sources to the target. ; 
*  <span inprof='y' id='150' class='skill'>Performed Configuration Management</span> to Migrate Informatica mappings/sessions /workflows from Development to Test to production environment. ; 
*  Collaborated <span inprof='n' id='151' class='bad-occupation'>with Informatica Admin</span> in process of Informatica Upgradation from <span inprof='y' id='152' class='sofwr'>PowerCenter 7.1</span> to <span inprof='y' id='153' class='sofwr'>PowerCenter 8.1</span>. ; 
*  Worked closely <span inprof='n' id='154' class='bad-occupation'>with the business analyst</span>'s team in order to solve the Problem Tickets, Service Requests. Helped the 24/7 Production Support team. ; 
*  Created reports like Master/Detail reports, Cross Tab reports, slice and dice reports, and drill down reports
Environment: <span inprof='y' id='155' class='sofwr'>Informatica PowerCenter 8.1/7.1</span>, <span inprof='y' id='156' class='sofwr'>SQL Server 2000</span>, <span inprof='y' id='157' class='sofwr'>Teradata 6</span>, <span inprof='y' id='158' class='sofwr'>Oracle 9i</span>, <span inprof='y' id='159' class='sofwr'>DB2</span>,<span inprof='y' id='160' class='sofwr'>SQL</span>, <span inprof='y' id='161' class='sofwr'>SQL</span>.
*  <span inprof='y' id='162_1' class='company'>Crown Bank</span>, <span inprof='y' id='162_2' class='location'>Brick, NJ</span>                                       <span inprof='y' id='162_3_1' class='date'>Nov'10</span>-<span inprof='y' id='162_3_2' class='date'>Jun'12</span>
*  <span inprof='y' id='162_4_1' class='role'>ETL Developer</span>

Description: <span inprof='y' id='163' class='company'>Crown Bank</span>'s warehouse is built to load the data of Customers, Loan Plans and Transactions from different sources through <span inprof='y' id='164' class='sofwr'>Informatica server</span> and generating reports on quarterly basis to help the <span inprof='y' id='165' class='skill'>business Analysis</span>'s.
*  Responsibilities: 
*  Interacted with business community and <span inprof='y' id='166' class='skill'>gathered requirements</span> based on changing needs. Incorporated identified factors into Informatica mappings to build Data Warehouse. ; 
*  Assisted in designing Logical/Physical Data Models, forward/reverse engineering using <span inprof='y' id='167' class='sofwr'>Erwin 4.0</span>. ; 
*  Developed mappings to extract data from <span inprof='y' id='168' class='sofwr'>SQL Server</span>, <span inprof='y' id='169' class='sofwr'>Oracle</span>, Flat files, <span inprof='y' id='170' class='sofwr'>XML</span> files, and load into Data warehouse using <span inprof='y' id='171_1' class='role'>the Mapping Designer</span>.

*  Used Source Analyzer and <span inprof='y' id='172_1' class='role'>Warehouse designer</span> to import the source and target database schemas, and <span inprof='y' id='173_1' class='role'>the Mapping Designer</span> to map the sources to the target. ; 
*  Used DTS package to import and export data to from the data base. ; 
*  Written Queries, procedures, created Indexes, primary keys and data bases testing. ; 
*  Defects were tracked, reviewed and analyzed. ; 
*  Implemented various Performance Tuning techniques on Sources, Targets, Mappings, and Workflows. ; 
*  <span inprof='y' id='174' class='skill'>Performed System Testing</span>, <span inprof='y' id='175' class='sofwr'>Regression Testing</span>, <span inprof='y' id='176' class='skill'>Acceptance Testing</span>, <span inprof='y' id='177' class='skill'>Functional Testing</span> and <span inprof='y' id='178' class='skill'>Stress Testing</span>. ; 
*  Used Source Analyzer and <span inprof='y' id='179_1' class='role'>Warehouse designer</span> to import the source and target database schemas, and <span inprof='y' id='180_1' class='role'>the Mapping Designer</span> to map the sources to the target. ; 
*  Identified sources, targets, mappings and sessions and tuned them to improve performance ; 
*  <span inprof='y' id='181_1' class='role'>Used Informatica Designer</span> to create complex mappings using different transformations like Filter, Router, Connected &#38; Unconnected lookups, <span inprof='y' id='182' class='sofwr'>Stored Procedure</span>, <span inprof='y' id='183_1' class='role'>Joiner</span>, Update Strategy, Expressions and Aggregator transformations to pipeline data to Data Warehouse. ; 
*  Actively participated in data base testing like checking the constraints, correctness of the data, stored procedures, field size validation, etc ; 
*  Used command line mode to embed pmcmd commands in to shell scripts and used pmcmd, pmrep commands in Interactive mode to access repository and workflows. ; 
*  Worked closely <span inprof='n' id='184' class='bad-occupation'>with the business analyst</span>'s team in order to solve the Problem Tickets, Service Requests. Helped the 24/7 Production Support team.
Environment:
<span inprof='y' id='185' class='sofwr'>Informatica PowerCenter 7.1</span>, <span inprof='y' id='186' class='sofwr'>Oracle 9i</span>, , <span inprof='y' id='187' class='sofwr'>SQL Server 2000</span>, Flat files, <span inprof='y' id='188' class='sofwr'>Sql loader</span>, <span inprof='y' id='189' class='sofwr'>UNIX Shell Scripts</span>,

*  <span inprof='y' id='190_1' class='company'>Anmera Inc</span>, <span inprof='y' id='190_2' class='location'>Chicago</span>                                                                          <span inprof='y' id='190_3_1' class='date'>Mar'13</span>-<span inprof='y' id='190_3_2' class='date'>May 14</span>
*  <span inprof='y' id='190_4_1' class='role'>ETL Developer</span>

Description:  <span inprof='n' id='191' class='company'>Anmera</span> is a global consulting firm dealing with clients in both private and public sectors.
*  Responsibilities: 
*  Designed technical layout considering Standardization, Reusability, and Scope to improve if need be. ; 
*  Documented the purpose of Data Warehouse (including transformations, mapplets, mappings, sessions, and batches) so as to facilitate the personnel to understand the process and incorporate the changes as when necessary. ; 
*  Developed complex mappings to extract source data from heterogeneous databases Tera Data, SQL Server <span inprof='y' id='192' class='sofwr'>Oracle</span> and flat files, applied proper transformation rules and loaded in to Data Warehouse. ; 
*  Involved in identifying bugs in existing mappings by analyzing data flow, evaluating transformations using Debugger. ; 
*  Implemented various Performance Tuning techniques on Sources, Targets, Mappings, and Workflows. ; 
*  Worked closely with Production Control team to schedule <span inprof='y' id='193' class='sofwr'>shell scripts</span>, <span inprof='y' id='194' class='sofwr'>Informatica</span> workflows and sql code in Autosys. ; 
*  Conducted Database testing to check Constrains, field size, Indexes, <span inprof='y' id='195' class='sofwr'>Stored Procedures</span>, etc. ; 
*  Defects were tracked, reviewed and analyzed.
Environment: <span inprof='y' id='196' class='sofwr'>Informatica PowerCenter 7.1,9.1,9.5</span> <span inprof='y' id='197' class='sofwr'>Oracle9i</span>, <span inprof='y' id='198' class='sofwr'>SQL Server 2000</span>,  <span inprof='y' id='199' class='sofwr'>XML</span>, <span inprof='y' id='200' class='sofwr'>TOAD</span>.

</TextResume>

</NonXMLResume>



<UserArea>
<DaxResumeUserArea>
<AdditionalPersonalData>
<ExperienceSummary>
<TotalMonthsOfWorkExperience>-4</TotalMonthsOfWorkExperience>
<TotalYearsOfWorkExperience>0</TotalYearsOfWorkExperience>
<ExecutiveBrief>Ambrina Nadia Butt has been working in the IT  occupational sector with no real industrical experience. Currently this candidate is employed as an Informatica Developer at MetLife INC. Ambrina has extensive knowledge of Informatica Analytics Package > Informatica PowerCenter, Oracle, Microsoft SQL Server, shell scripting, Teradata, Stored Procedures, Microsoft SQL Server 2000, Informatica, ETL, SQL Server Integration Services, Oracle PL/SQL, Oracle 9i, GUI Applications, Cognos Impromptu, XML, Triggers, TOAD, Microsoft Excel, Logic Works ERwin/ERX, UNIX, SDRC I-Deas, Regression Testing, Microsoft .NET Technology, Mercury Quality Center, Lotus Notes/Domino, Database Administration, DM. So far Ambrina has not gained any managerial experience.</ExecutiveBrief>
</ExperienceSummary>
</AdditionalPersonalData>
<ParserInfo>
<ParserConfiguration>{max_len=50000} {tel_flag=} {send_zip=} {fast_conv=} {DEF_LOCAL=} {sdate=0} {no_email_body=0} {do_clever_zoning=1} {keep_span=1} {complex=1} {accept_langs=} {not_accept_langs=} {prefer_lang_cv=EN} {pers_only=0} {turbo=0} {split_language=0} {picture=0} {picture_inline=0} {name_space=0} {charset=} {hrxml_upgrade_edu_hist=0}{hrxml_add_languages_section=0}{spool=} {docID=} {user=DEFAULT} </ParserConfiguration>
<ParserRelease>0.12.3.32629</ParserRelease>
<ParserReleaseDate>2014-06-18</ParserReleaseDate>
<ParserSchema>2.0.29</ParserSchema>
<ParserSchemaLocation>http://cvx.daxtra.com/cvts/xsd/candidate/2.0.29/Resume.xsd</ParserSchemaLocation>
<ConverterRelease>0.5.2.32629</ConverterRelease>
<ConverterReleaseDate>2014-06-18</ConverterReleaseDate>
</ParserInfo>
<FileStruct filename='/home/izoom/anazarov/grammar/analysis/3rconnect/doc/100_Resume-ApTask/Ambrina_ETL (Sachin).doc'>

<attachment fname='Ambrina_ETL (Sachin).doc' ftype='doc' conv='yes' doc_type='cv' lang='EN'>/home/izoom/anazarov/grammar/analysis/3rconnect/doc/100_Resume-ApTask/Ambrina_ETL (Sachin).doc</attachment>


</FileStruct>
</DaxResumeUserArea>
</UserArea>
</Resume>
