<?xml version='1.0' encoding='ISO-8859-1'?>
<Resume lang='en' src='DAXTRA-CVX schema:2.0.29 release:0.12.3.32629 rdate:2014-06-18'>
<StructuredXMLResume>
<ContactInfo>
<PersonName id='5'>
<FormattedName>Amir Kashipahza</FormattedName>
<GivenName>Amir</GivenName>
<FamilyName>Kashipahza</FamilyName>
<sex>Male</sex>
</PersonName>
<ContactMethod>
<Telephone id='7' type='home'>
<InternationalCountryCode>1</InternationalCountryCode>
<SubscriberNumber>385 244-0936</SubscriberNumber>
<FormattedNumber>+1 385 244-0936</FormattedNumber></Telephone>

<InternetEmailAddress id='6' type='main'>akashipahza@gmail.com</InternetEmailAddress>
<PostalAddress id='8' type='main'>
<CountryCode>US</CountryCode>
<Region>UT</Region>
<Municipality>Salt Lake City</Municipality>
<DeliveryAddress>
<AddressLine>343 S 500 E, #455</AddressLine>
<StreetName>343 S 500 E</StreetName>
<Unit>#455</Unit>
</DeliveryAddress>

</PostalAddress>
</ContactMethod>
</ContactInfo>
<ExecutiveSummary>*  Over 8+ years of IT industry experience in Solaris/Linux-Unix system administration and production support of various applications on Sun Solaris and Windows environment. ; 
*  Worked extensively in planning, designing, installing and configuration and implementing on HP Blade and Dell platform for Red Hat Linux Enterprise (RHEL) 3.0, 4.0, 5.0 and 6.0 ; 
*  Possess good experience using jumpstart servers for the purpose of patching, installing, Live upgrade and configuring Sun Solaris 9, 10, 11 on sun servers. ; 
*  Production support and Data Center Migration experience. ; 
*  Re-platforming and migrating applications and Databases from Solaris to RHEL and vice-versa ; 
*  Proficient in writing shell scripts ; 
*  Highly experienced in implementing Raid's 0/1/5 using LVM, SVM and ZFS. ; 
*  Worked extensively in on different tools like Veritas Volume Manager, Veritas file system, Veritas Cluster, Veritas Net Backup and Disk suite for disk Management. ; 
*  Building new servers using jumpstart, JET, and Kickstart ; 
*  Proven experience in configuring and maintain Zones, containers and LDOMS on Solaris servers. ;</ExecutiveSummary>


<EmploymentHistory>
<EmployerOrg employerOrgType='soleEmployer'>
<EmployerOrgName id='81_1'>Goldman Sachs</EmployerOrgName>
<EmployerContactInfo>
<LocationSummary id='81_2'>
<Municipality>Salt Lake City</Municipality>
<Region>UT</Region>
<CountryCode>US</CountryCode>
</LocationSummary>
</EmployerContactInfo>
<PositionHistory positionType='PERMANENT'>
<Title id='81_4_1'>System Administrator</Title>
<Title id='82_2'>Installation</Title>
<OrgName id='81_1'>Goldman Sachs</OrgName>



<Description>Responsibilities:
    *  Installation and configuration of Sun Solaris-Unix 8/10 and Red Hat Enterprise Linux server 3.0/4.0/5.x/6.x
*  Providing 24/7 support, production support ; 
    *  Building servers including Solaris and Linux servers using jumpstart, JET and kickstart ; 
    *  Data center migration and re-deploying apps to newer platform ; 
    *  Semi annual patching (patch cluster, rolling patches) for SPARC Sun Solaris environment. ; 
    *  PCI compliance and security audit response for Solaris, AIX and Linux environments ; 
    *  Disaster recovery testing and documentation of tier 1 applications. ; 
    *  Jumpstart servers, PCI security analysis, SAS70 audit compliance ; 
    *  Worked with VMware as virtualization for RHEL OS ; 
    *  Built and configured satellite server used for RHEL patching ; 
    *  Patching Linux servers for annual patching and rolling patches for application and security vulnerability. ; 
    *  Managing disk storage using Veritas Volume Manager, Solaris Volume Manager, LVM,ZFS ; 
    *  Upgrading Veritas Volume Manager from 4.1 to 5.0 ; 
    *  Installing HBA drivers, firmware and Powerpath software in Production, Development and QA servers. ; 
    *  Administering of High Availability Veritas Cluster Servers for redundancy purpose. ; 
    *  Managing data backup and recovery operations using Veritas Netbackup. ; 
    *  Configured volume groups and logical volumes, extended logical volumes for file system growth using Logical Volume Manager (LVM) commands. ; 
    *  Creating Resource pools and processor sets for zones. ; 
    *  Installation and configuration of Solaris Zones and LDOMs. ; 
    *  Creating domains on M-series servers using XSCF ; 
    *  Creating flash-archives for building Solaris servers using jumpstart. ; 
    *  Coordinating with Tivoli team for setting automated alerts which include OS related alerts and Application alerts. ; 
    *  Administration and Troubleshooting Solaris servers running business critical application &#38; Websphere 5.1/6.1 applications. ; 
    *  Management of user accounts and groups according to the security needs. ; 
    *  Upgrading Solaris kernel and applying necessary patches. ; 
    *  Performing online addition of LUNS to the servers for provisioning disk space, and resizing file systems. ; 
    *  Upgrading service controller firmware on T2000/T5220 servers. ; 
    *  Installing BMC package for data collection, Tivoli package for monitoring, ESM package for monitoring configuration files and troubleshooting. ; 
    *  Involved in data center migration, SAN switch and SAN storage migration. ; 
    *  Monitoring system resources, disk usage, scheduling backups and restore. ; 
    *  Performed root cause analysis of technical issues. ; 
    *  Configuring and troubleshooting NFS, FTP and SSH for users.

    Environment:
    Sun Enterprise T2000, T5220, T5420, Sun Fire V440, V880, Sun Fire 6800, 6900, T5-2, T5-4, M4K, 5K,HP DL360, HP DL585, IBM WebSphere 5.1/6.1, IBM AIX 5.3,  p Series servers p570, p670, Veritas Volume Manager, Veritas Clusters, Veritas Netbackup, NetApp Filers and Symmetrix DMX3/DMX4/VMAX</Description>
<StartDate id='81_3_1'><YearMonth>2011-02</YearMonth></StartDate>
<EndDate id='81_3_2'><YearMonth>2014-06</YearMonth></EndDate>




<JobCategory>
<TaxonomyName>JOBAREA</TaxonomyName>
<CategoryCode>it</CategoryCode>
</JobCategory>


<UserArea>
<DaxPositionHistoryUserArea>
<TLSPAN first_id='81' last_id='122' border_id='123'></TLSPAN>
<MonthsOfWork>41</MonthsOfWork>
</DaxPositionHistoryUserArea>
</UserArea>
</PositionHistory>
</EmployerOrg>

<EmployerOrg employerOrgType='soleEmployer'>
<EmployerOrgName id='123_1'>CTX Group</EmployerOrgName>
<EmployerContactInfo>
<LocationSummary id='123_2'>
<Municipality>Irving</Municipality>
<Region>TX</Region>
<CountryCode>US</CountryCode>
</LocationSummary>
</EmployerContactInfo>
<PositionHistory positionType='PERMANENT'>
<Title id='123_4_1'>System Administrator</Title>
<Title id='124_2'>Performed server</Title>
<OrgName id='123_1'>CTX Group</OrgName>



<Description>Responsibilities:
                                       *  Performed server upgrades from Solaris-Unix 8 to 10
*  Upgrade of Veritas 3.2/3.5/4.0 to Veritas 4.1 version on  Solaris 8 and 9 servers ; 
    *  Experience in configuring of Sybase and oracle database resources under veritas cluster 4.1 ; 
    *  Experience with handling of resource groups and service groups in the cluster environment ; 
    *  Configuration of virtual IPs as per client's request ; 
    *  Provided 24x7 on call support on rotational basis ; 
    *  Handling CPU panic, memory problems and other hardware failures with coordination of vendors. ; 
    *  Automating server build process in jumpstart and kickstart using Shell scripts ; 
    *  Migration of servers and moving applications from one server to another server ; 
    *  Performed SAN allocation to the Solaris servers depending on the requirements of the client. ; 
    *  Configuring various applications and products on a wide range of Sun Enterprise servers ; 
    *  Experience with Veritas Volume manager and File system ; 
    *  Installation of packages and patches on Solaris, and AIX servers. ; 
    *  Used jumpstart and kickstart for building new servers ; 
    *  Performed firmware upgrade on the pseries AIX servers ; 
    *  Upgraded the AIX systems Maintenance levels ; 
    *  Installation and configuration of Sun Solaris operating systems ; 
    *  Using various monitoring tools like top, sar, vmstat for tuning the systems for maximum efficiency. ; 
    *  Maintained records for hardware, status of backup and also documented procedures.

    Environment:
    Solaris 8,9, 10, AIX 5.2, p series 550, 570, RS/6000 R50, E4500, Autosys, VERITAS Volume Manager, VERITAS    Netbackup, SUN Enterprise 420R, 450, V490, 3500, 4500, 6500, 8800.</Description>
<StartDate id='123_3_1'><YearMonth>2009-05</YearMonth></StartDate>
<EndDate id='123_3_2'><YearMonth>2011-01</YearMonth></EndDate>




<JobCategory>
<TaxonomyName>JOBAREA</TaxonomyName>
<CategoryCode>it</CategoryCode>
</JobCategory>


<UserArea>
<DaxPositionHistoryUserArea>
<TLSPAN first_id='123' last_id='149' border_id='150'></TLSPAN>
<MonthsOfWork>21</MonthsOfWork>
</DaxPositionHistoryUserArea>
</UserArea>
</PositionHistory>
</EmployerOrg>

<EmployerOrg employerOrgType='soleEmployer'>
<EmployerOrgName id='150_1'>Bechtel Corporation</EmployerOrgName>
<EmployerContactInfo>
<LocationSummary id='150_2'>
<Municipality>Fredrick</Municipality>
<Region>MD</Region>
<CountryCode>US</CountryCode>
</LocationSummary>
</EmployerContactInfo>
<PositionHistory positionType='PERMANENT'>
<Title id='150_4_1'>System Administrator</Title>
<Title id='151_2'>Installation</Title>
<OrgName id='150_1'>Bechtel Corporation</OrgName>



<Description>Responsibilities:
    *  Installation, configuration and Operating System upgrade on Sun Solaris -Unix 8,9,10, AIX 5.X and Red Hat Linux AS 3.0/4.0 on sun Servers ; 
    *  Administration for E15k and E25k's. This involves creating domains, adding/deleting system components. ; 
    *  Production support and participating in on-call duties ; 
    *  Scripted in shell (korn and bash) languages ; 
    *  Built new servers using Jumpstart and Kickstart ; 
    *  Migration of servers from one data-center to another for DC consolidation ; 
    *  Patching of servers once a year for all servers using shell scripts for automation and post-patching QA ; 
    *  Involved in the Implementation of Sun Fire 4800/6800, VERITAS Cluster Server 3.5/4.0 and Oracle RAC environment. ; 
    *  Patching of Solaris and RHEL servers by breaking of root mirrors. ; 
    *  Provided support in installation and configuration of Web services, Web Sphere MQ, WBIMB. ; 
    *  Administration and Troubleshooting Solaris servers running business critical application &#38; Web Logic (WAS) applications. ; 
    *  Expert in Installing, configuring and maintaining SNMP, IP, apache/tomcat, samba &#38; send mail, Web Sphere Application Servers. ; 
    *  Expertise in Console management, logfile Administration and disk administration ; 
    *  Storage setups, RAID, Logical Volume Manager, system backup design and disaster recovery. ; 
    *  VERITAS File system and VERITAS Volume Manager 3.2 are used to configure the RAID 1 and RAID 5 Storage Systems and Monitor Storage. ; 
    *  Experienced with SAN and storage administration, with EMC Clarion &#38; DMX storage administration. ; 
    *  Support groups responsible for monitoring datacenter backups and troubleshooting backup errors. ; 
    *  Configuring Sun Multi-Packs, Storage Arrays, T3's and SAN backup for disaster recovery. ; 
    *  Installed and Configured EMC SAN Power path. ; 
    *  Implemented and configured Backup policies and Storage Units. ;</Description>
<StartDate id='150_3_1'><YearMonth>2006-03</YearMonth></StartDate>
<EndDate id='150_3_2'><YearMonth>2009-05</YearMonth></EndDate>




<JobCategory>
<TaxonomyName>JOBAREA</TaxonomyName>
<CategoryCode>it</CategoryCode>
</JobCategory>


<UserArea>
<DaxPositionHistoryUserArea>
<TLSPAN first_id='150' last_id='184' border_id='0'></TLSPAN>
<MonthsOfWork>39</MonthsOfWork>
</DaxPositionHistoryUserArea>
</UserArea>
</PositionHistory>
</EmployerOrg>

</EmploymentHistory>












<Competency oids='11 15 19 22 31 45 76 83 88 92 102 106 107 108 111 125 129 135 138 142 144 152 163 166 185 ' description='Skill > IT' auth='yes' name='Sun Solaris'>
<CompetencyEvidence name='Extent of Experience' typeDescription='Extent of Experience' type='MONTH' lastUsed='2014'><NumericValue description='MONTH'>101</NumericValue></CompetencyEvidence>

<CompetencyEvidence name='Application' typeDescription='Application' type='upgrade'><StringValue>upgrade</StringValue></CompetencyEvidence>

<CompetencyEvidence name='Application' typeDescription='Application' type='configuring'><StringValue>configuring</StringValue></CompetencyEvidence>

<CompetencyEvidence name='Application' typeDescription='Application' type='configuration'><StringValue>configuration</StringValue></CompetencyEvidence>

<CompetencyEvidence name='Application' typeDescription='Application' type='Installation'><StringValue>Installation</StringValue></CompetencyEvidence>

<CompetencyEvidence name='Application' typeDescription='Application' type='Administration'><StringValue>Administration</StringValue></CompetencyEvidence>

<CompetencyEvidence name='Application' typeDescription='Application' type='Troubleshooting'><StringValue>Troubleshooting</StringValue></CompetencyEvidence>

<CompetencyEvidence name='Application' typeDescription='Application' type='Upgrading'><StringValue>Upgrading</StringValue></CompetencyEvidence>

<CompetencyEvidence typeDescription='Alias' name='Alias'><StringValue>Solaris</StringValue></CompetencyEvidence>

<CompetencyEvidence typeDescription='Alias' name='Alias'><StringValue>upgrade and configuring Sun Solaris</StringValue></CompetencyEvidence>

<CompetencyEvidence typeDescription='Alias' name='Alias'><StringValue>configuration of Sun Solaris</StringValue></CompetencyEvidence>

<CompetencyEvidence typeDescription='Alias' name='Alias'><StringValue>Installation and configuration of Solaris</StringValue></CompetencyEvidence>

<CompetencyEvidence typeDescription='Alias' name='Alias'><StringValue>Administration and Troubleshooting Solaris</StringValue></CompetencyEvidence>

<CompetencyEvidence typeDescription='Alias' name='Alias'><StringValue>Upgrading Solaris</StringValue></CompetencyEvidence>

<CompetencyEvidence typeDescription='Alias' name='Alias'><StringValue>Solaris 8 and 9 8 and 9</StringValue></CompetencyEvidence>

<CompetencyEvidence typeDescription='Alias' name='Alias'><StringValue>Installation and configuration of Sun Solaris</StringValue></CompetencyEvidence>

<CompetencyEvidence typeDescription='Alias' name='Alias'><StringValue>Solaris 8,9, 10 8,9, 10</StringValue></CompetencyEvidence>

<CompetencyEvidence typeDescription='Alias' name='Alias'><StringValue>Sun Solaris 8,9,10 8,9,10</StringValue></CompetencyEvidence>

<CompetencyWeight type='skillLevel'><NumericValue minValue='0' maxValue='100'>91</NumericValue></CompetencyWeight>

<CompetencyWeight type='skillProficiency'><StringValue minValue='BASIC' maxValue='EXCELLENT'>EXCELLENT</StringValue></CompetencyWeight>
</Competency>

<Competency oids='25 101 103 119 137 147 179 ' description='Skill > IT' auth='yes' name='Veritas Volume Manager'>
<CompetencyEvidence name='Extent of Experience' typeDescription='Extent of Experience' type='MONTH' lastUsed='2014'><NumericValue description='MONTH'>101</NumericValue></CompetencyEvidence>

<CompetencyEvidence name='Application' typeDescription='Application' type='Upgrading'><StringValue>Upgrading</StringValue></CompetencyEvidence>

<CompetencyEvidence typeDescription='Alias' name='Alias'><StringValue>Upgrading Veritas Volume Manager</StringValue></CompetencyEvidence>

<CompetencyEvidence typeDescription='Alias' name='Alias'><StringValue>VERITAS Volume Manager 3.2 3.2</StringValue></CompetencyEvidence>

<CompetencyWeight type='skillLevel'><NumericValue minValue='0' maxValue='100'>86</NumericValue></CompetencyWeight>

<CompetencyWeight type='skillProficiency'><StringValue minValue='BASIC' maxValue='EXCELLENT'>EXCELLENT</StringValue></CompetencyWeight>
</Competency>

<Competency oids='93 118 139 140 141 145 154 ' description='Skill > IT' auth='yes' name='AIX UNIX'>
<CompetencyEvidence name='Extent of Experience' typeDescription='Extent of Experience' type='MONTH' lastUsed='2014'><NumericValue description='MONTH'>101</NumericValue></CompetencyEvidence>

<CompetencyEvidence name='Application' typeDescription='Application' type='Upgraded'><StringValue>Upgraded</StringValue></CompetencyEvidence>

<CompetencyEvidence typeDescription='Alias' name='Alias'><StringValue>AIX</StringValue></CompetencyEvidence>

<CompetencyEvidence typeDescription='Alias' name='Alias'><StringValue>IBM AIX 5.3 5.3</StringValue></CompetencyEvidence>

<CompetencyEvidence typeDescription='Alias' name='Alias'><StringValue>Upgraded the AIX</StringValue></CompetencyEvidence>

<CompetencyEvidence typeDescription='Alias' name='Alias'><StringValue>AIX 5.2 5.2</StringValue></CompetencyEvidence>

<CompetencyEvidence typeDescription='Alias' name='Alias'><StringValue>AIX 5.X 5.X</StringValue></CompetencyEvidence>

<CompetencyWeight type='skillLevel'><NumericValue minValue='0' maxValue='100'>95</NumericValue></CompetencyWeight>

<CompetencyWeight type='skillProficiency'><StringValue minValue='BASIC' maxValue='EXCELLENT'>EXCELLENT</StringValue></CompetencyWeight>
</Competency>

<Competency oids='13 68 75 84 126 153 ' description='Skill > IT' auth='yes' name='UNIX'>
<CompetencyEvidence name='Extent of Experience' typeDescription='Extent of Experience' type='MONTH' lastUsed='2014'><NumericValue description='MONTH'>101</NumericValue></CompetencyEvidence>

<CompetencyEvidence name='Application' typeDescription='Application' type='system administration'><StringValue>system administration</StringValue></CompetencyEvidence>

<CompetencyEvidence typeDescription='Alias' name='Alias'><StringValue>Unix system administration</StringValue></CompetencyEvidence>

<CompetencyEvidence typeDescription='Alias' name='Alias'><StringValue>Unix 8/10 8/10</StringValue></CompetencyEvidence>

<CompetencyEvidence typeDescription='Alias' name='Alias'><StringValue>Unix 8 to 10 8 to 10</StringValue></CompetencyEvidence>

<CompetencyEvidence typeDescription='Alias' name='Alias'><StringValue>Unix 8,9,10 8,9,10</StringValue></CompetencyEvidence>

<CompetencyWeight type='skillLevel'><NumericValue minValue='0' maxValue='100'>90</NumericValue></CompetencyWeight>

<CompetencyWeight type='skillProficiency'><StringValue minValue='BASIC' maxValue='EXCELLENT'>EXCELLENT</StringValue></CompetencyWeight>
</Competency>

<Competency oids='14 21 87 157 ' description='Skill' auth='no' name='production support'>
<CompetencyEvidence name='Extent of Experience' typeDescription='Extent of Experience' type='MONTH' lastUsed='2014'><NumericValue description='MONTH'>80</NumericValue></CompetencyEvidence>

<CompetencyWeight type='skillLevel'><NumericValue minValue='0' maxValue='100'>88</NumericValue></CompetencyWeight>

<CompetencyWeight type='skillProficiency'><StringValue minValue='BASIC' maxValue='EXCELLENT'>EXCELLENT</StringValue></CompetencyWeight>
</Competency>

<Competency oids='28 105 121 148 ' description='Skill > IT' auth='yes' name='Veritas NetBackup'>
<CompetencyEvidence name='Extent of Experience' typeDescription='Extent of Experience' type='MONTH' lastUsed='2014'><NumericValue description='MONTH'>62</NumericValue></CompetencyEvidence>

<CompetencyWeight type='skillLevel'><NumericValue minValue='0' maxValue='100'>86</NumericValue></CompetencyWeight>

<CompetencyWeight type='skillProficiency'><StringValue minValue='BASIC' maxValue='EXCELLENT'>EXCELLENT</StringValue></CompetencyWeight>
</Competency>

<Competency oids='27 78 132 161 ' description='Skill > IT' auth='yes' name='Veritas Cluster'>
<CompetencyEvidence name='Extent of Experience' typeDescription='Extent of Experience' type='MONTH' lastUsed='2011'><NumericValue description='MONTH'>60</NumericValue></CompetencyEvidence>

<CompetencyEvidence typeDescription='Alias' name='Alias'><StringValue>veritas cluster 4.1 4.1</StringValue></CompetencyEvidence>

<CompetencyEvidence typeDescription='Alias' name='Alias'><StringValue>VERITAS Cluster Server 3.5/4.0 3.5/4.0</StringValue></CompetencyEvidence>

<CompetencyWeight type='skillLevel'><NumericValue minValue='0' maxValue='100'>86</NumericValue></CompetencyWeight>

<CompetencyWeight type='skillProficiency'><StringValue minValue='BASIC' maxValue='EXCELLENT'>EXCELLENT</StringValue></CompetencyWeight>
</Competency>

<Competency oids='12 77 89 94 ' description='Skill > IT' auth='yes' name='Linux'>
<CompetencyEvidence name='Extent of Experience' typeDescription='Extent of Experience' type='MONTH' lastUsed='2014'><NumericValue description='MONTH'>41</NumericValue></CompetencyEvidence>

<CompetencyWeight type='skillLevel'><NumericValue minValue='0' maxValue='100'>86</NumericValue></CompetencyWeight>

<CompetencyWeight type='skillProficiency'><StringValue minValue='BASIC' maxValue='EXCELLENT'>EXCELLENT</StringValue></CompetencyWeight>
</Competency>

<Competency oids='50 136 149 ' description='Skill > IT' auth='yes' name='SUN Hardware > Sun Enterprise Servers'>
<CompetencyEvidence name='Extent of Experience' typeDescription='Extent of Experience' type='MONTH' lastUsed='2011'><NumericValue description='MONTH'>21</NumericValue></CompetencyEvidence>

<CompetencyEvidence typeDescription='Alias' name='Alias'><StringValue>Sun Enterprise</StringValue></CompetencyEvidence>

<CompetencyEvidence typeDescription='Alias' name='Alias'><StringValue>Sun Enterprise servers</StringValue></CompetencyEvidence>

<CompetencyWeight type='skillLevel'><NumericValue minValue='0' maxValue='100'>65</NumericValue></CompetencyWeight>

<CompetencyWeight type='skillProficiency'><StringValue minValue='BASIC' maxValue='EXCELLENT'>GOOD</StringValue></CompetencyWeight>
</Competency>

<Competency oids='41 46 47 ' description='Skill > IT' auth='yes' name='SAN'>
<CompetencyEvidence typeDescription='Alias' name='Alias'><StringValue>Storage Area Network</StringValue></CompetencyEvidence>

<CompetencyEvidence typeDescription='Alias' name='Alias'><StringValue>(SAN)</StringValue></CompetencyEvidence>

<CompetencyWeight type='skillLevel'><NumericValue minValue='0' maxValue='100'>13</NumericValue></CompetencyWeight>
</Competency>

<Competency oids='85 155 186 ' description='Skill > IT' auth='yes' name='Linux Red Hat'>
<CompetencyEvidence name='Extent of Experience' typeDescription='Extent of Experience' type='MONTH' lastUsed='2014'><NumericValue description='MONTH'>80</NumericValue></CompetencyEvidence>

<CompetencyEvidence typeDescription='Alias' name='Alias'><StringValue>Red Hat Enterprise Enterprise</StringValue></CompetencyEvidence>

<CompetencyEvidence typeDescription='Alias' name='Alias'><StringValue>Red Hat Linux</StringValue></CompetencyEvidence>

<CompetencyWeight type='skillLevel'><NumericValue minValue='0' maxValue='100'>98</NumericValue></CompetencyWeight>

<CompetencyWeight type='skillProficiency'><StringValue minValue='BASIC' maxValue='EXCELLENT'>EXCELLENT</StringValue></CompetencyWeight>
</Competency>

<Competency oids='43 182 ' description='Skill' auth='no' name='storage administration'>
<CompetencyEvidence name='Extent of Experience' typeDescription='Extent of Experience' type='MONTH' lastUsed='2009'><NumericValue description='MONTH'>39</NumericValue></CompetencyEvidence>

<CompetencyWeight type='skillLevel'><NumericValue minValue='0' maxValue='100'>51</NumericValue></CompetencyWeight>

<CompetencyWeight type='skillProficiency'><StringValue minValue='BASIC' maxValue='EXCELLENT'>WORKING</StringValue></CompetencyWeight>
</Competency>

<Competency oids='134 160 ' description='Skill > IT' auth='yes' name='shell scripting'>
<CompetencyEvidence name='Extent of Experience' typeDescription='Extent of Experience' type='MONTH' lastUsed='2011'><NumericValue description='MONTH'>60</NumericValue></CompetencyEvidence>

<CompetencyEvidence typeDescription='Alias' name='Alias'><StringValue>Shell scripts</StringValue></CompetencyEvidence>

<CompetencyWeight type='skillLevel'><NumericValue minValue='0' maxValue='100'>68</NumericValue></CompetencyWeight>

<CompetencyWeight type='skillProficiency'><StringValue minValue='BASIC' maxValue='EXCELLENT'>GOOD</StringValue></CompetencyWeight>
</Competency>

<Competency oids='54 167 ' description='Skill > IT' auth='yes' name='WebLogic Enterprise Application Server'>
<CompetencyEvidence name='Extent of Experience' typeDescription='Extent of Experience' type='MONTH' lastUsed='2009'><NumericValue description='MONTH'>39</NumericValue></CompetencyEvidence>

<CompetencyEvidence typeDescription='Alias' name='Alias'><StringValue>WebLogic</StringValue></CompetencyEvidence>

<CompetencyWeight type='skillLevel'><NumericValue minValue='0' maxValue='100'>51</NumericValue></CompetencyWeight>

<CompetencyWeight type='skillProficiency'><StringValue minValue='BASIC' maxValue='EXCELLENT'>WORKING</StringValue></CompetencyWeight>
</Competency>

<Competency oids='26 178 ' description='Skill > IT' auth='yes' name='Veritas File System'>
<CompetencyEvidence name='Extent of Experience' typeDescription='Extent of Experience' type='MONTH' lastUsed='2009'><NumericValue description='MONTH'>39</NumericValue></CompetencyEvidence>

<CompetencyWeight type='skillLevel'><NumericValue minValue='0' maxValue='100'>86</NumericValue></CompetencyWeight>

<CompetencyWeight type='skillProficiency'><StringValue minValue='BASIC' maxValue='EXCELLENT'>EXCELLENT</StringValue></CompetencyWeight>
</Competency>

<Competency oids='127 128 ' description='Skill > IT' auth='yes' name='Veritas'>
<CompetencyEvidence name='Extent of Experience' typeDescription='Extent of Experience' type='MONTH' lastUsed='2011'><NumericValue description='MONTH'>21</NumericValue></CompetencyEvidence>

<CompetencyEvidence name='Application' typeDescription='Application' type='Upgrade'><StringValue>Upgrade</StringValue></CompetencyEvidence>

<CompetencyEvidence typeDescription='Alias' name='Alias'><StringValue>Upgrade of Veritas 3.2/3.5/4.0 3.2/3.5/4.0</StringValue></CompetencyEvidence>

<CompetencyEvidence typeDescription='Alias' name='Alias'><StringValue>Veritas 4.1 4.1</StringValue></CompetencyEvidence>

<CompetencyWeight type='skillLevel'><NumericValue minValue='0' maxValue='100'>68</NumericValue></CompetencyWeight>

<CompetencyWeight type='skillProficiency'><StringValue minValue='BASIC' maxValue='EXCELLENT'>GOOD</StringValue></CompetencyWeight>
</Competency>

<Competency oids='32 99 ' description='Skill > IT' auth='yes' name='VMware'>
<CompetencyEvidence name='Extent of Experience' typeDescription='Extent of Experience' type='MONTH' lastUsed='2014'><NumericValue description='MONTH'>41</NumericValue></CompetencyEvidence>

<CompetencyWeight type='skillLevel'><NumericValue minValue='0' maxValue='100'>95</NumericValue></CompetencyWeight>

<CompetencyWeight type='skillProficiency'><StringValue minValue='BASIC' maxValue='EXCELLENT'>EXCELLENT</StringValue></CompetencyWeight>
</Competency>

<Competency oids='59 130 ' description='Skill > IT' auth='yes' name='Sybase'>
<CompetencyEvidence name='Extent of Experience' typeDescription='Extent of Experience' type='MONTH' lastUsed='2011'><NumericValue description='MONTH'>21</NumericValue></CompetencyEvidence>

<CompetencyEvidence name='Application' typeDescription='Application' type='configuring'><StringValue>configuring</StringValue></CompetencyEvidence>

<CompetencyEvidence typeDescription='Alias' name='Alias'><StringValue>configuring of Sybase</StringValue></CompetencyEvidence>

<CompetencyWeight type='skillLevel'><NumericValue minValue='0' maxValue='100'>66</NumericValue></CompetencyWeight>

<CompetencyWeight type='skillProficiency'><StringValue minValue='BASIC' maxValue='EXCELLENT'>GOOD</StringValue></CompetencyWeight>
</Competency>

<Competency oids='79 187 ' description='Skill > IT' auth='yes' name='SUN Hardware'>
<CompetencyEvidence typeDescription='Alias' name='Alias'><StringValue>Sun</StringValue></CompetencyEvidence>

<CompetencyWeight type='skillLevel'><NumericValue minValue='0' maxValue='100'>13</NumericValue></CompetencyWeight>
</Competency>

<Competency oids='60 65 ' description='Skill > IT' auth='yes' name='SQL'>
<CompetencyWeight type='skillLevel'><NumericValue minValue='0' maxValue='100'>13</NumericValue></CompetencyWeight>
</Competency>

<Competency oids='180 181 ' description='Skill > IT' auth='yes' name='RAID'>
<CompetencyEvidence name='Extent of Experience' typeDescription='Extent of Experience' type='MONTH' lastUsed='2009'><NumericValue description='MONTH'>39</NumericValue></CompetencyEvidence>

<CompetencyEvidence typeDescription='Alias' name='Alias'><StringValue>RAID 1</StringValue></CompetencyEvidence>

<CompetencyEvidence typeDescription='Alias' name='Alias'><StringValue>RAID 5</StringValue></CompetencyEvidence>

<CompetencyWeight type='skillLevel'><NumericValue minValue='0' maxValue='100'>51</NumericValue></CompetencyWeight>

<CompetencyWeight type='skillProficiency'><StringValue minValue='BASIC' maxValue='EXCELLENT'>WORKING</StringValue></CompetencyWeight>
</Competency>

<Competency oids='55 131 ' description='Skill > IT' auth='yes' name='Oracle'>
<CompetencyEvidence name='Extent of Experience' typeDescription='Extent of Experience' type='MONTH' lastUsed='2011'><NumericValue description='MONTH'>21</NumericValue></CompetencyEvidence>

<CompetencyEvidence typeDescription='Alias' name='Alias'><StringValue>oracle database</StringValue></CompetencyEvidence>

<CompetencyWeight type='skillLevel'><NumericValue minValue='0' maxValue='100'>65</NumericValue></CompetencyWeight>

<CompetencyWeight type='skillProficiency'><StringValue minValue='BASIC' maxValue='EXCELLENT'>GOOD</StringValue></CompetencyWeight>
</Competency>

<Competency oids='34 114 ' description='Skill > IT' auth='yes' name='Network File System'>
<CompetencyEvidence name='Extent of Experience' typeDescription='Extent of Experience' type='MONTH' lastUsed='2014'><NumericValue description='MONTH'>41</NumericValue></CompetencyEvidence>

<CompetencyEvidence name='Application' typeDescription='Application' type='configuring'><StringValue>configuring</StringValue></CompetencyEvidence>

<CompetencyEvidence name='Application' typeDescription='Application' type='administering'><StringValue>administering</StringValue></CompetencyEvidence>

<CompetencyEvidence name='Application' typeDescription='Application' type='troubleshooting'><StringValue>troubleshooting</StringValue></CompetencyEvidence>

<CompetencyEvidence typeDescription='Alias' name='Alias'><StringValue>configuring and administering NFS</StringValue></CompetencyEvidence>

<CompetencyEvidence typeDescription='Alias' name='Alias'><StringValue>Configuring and troubleshooting NFS</StringValue></CompetencyEvidence>

<CompetencyWeight type='skillLevel'><NumericValue minValue='0' maxValue='100'>95</NumericValue></CompetencyWeight>

<CompetencyWeight type='skillProficiency'><StringValue minValue='BASIC' maxValue='EXCELLENT'>EXCELLENT</StringValue></CompetencyWeight>
</Competency>

<Competency oids='70 71 ' description='Skill > IT' auth='yes' name='Microsoft Windows 9x'>
<CompetencyEvidence typeDescription='Alias' name='Alias'><StringValue>Windows 95</StringValue></CompetencyEvidence>

<CompetencyEvidence typeDescription='Alias' name='Alias'><StringValue>98</StringValue></CompetencyEvidence>

<CompetencyWeight type='skillLevel'><NumericValue minValue='0' maxValue='100'>13</NumericValue></CompetencyWeight>
</Competency>

<Competency oids='51 172 ' description='Skill > IT' auth='yes' name='Jakarta TOMCAT Servlet Engine'>
<CompetencyEvidence name='Extent of Experience' typeDescription='Extent of Experience' type='MONTH' lastUsed='2009'><NumericValue description='MONTH'>39</NumericValue></CompetencyEvidence>

<CompetencyEvidence typeDescription='Alias' name='Alias'><StringValue>Tomcat</StringValue></CompetencyEvidence>

<CompetencyWeight type='skillLevel'><NumericValue minValue='0' maxValue='100'>51</NumericValue></CompetencyWeight>

<CompetencyWeight type='skillProficiency'><StringValue minValue='BASIC' maxValue='EXCELLENT'>WORKING</StringValue></CompetencyWeight>
</Competency>

<Competency oids='109 117 ' description='Skill > IT' auth='yes' name='IBM WebSphere'>
<CompetencyEvidence name='Extent of Experience' typeDescription='Extent of Experience' type='MONTH' lastUsed='2014'><NumericValue description='MONTH'>41</NumericValue></CompetencyEvidence>

<CompetencyEvidence typeDescription='Alias' name='Alias'><StringValue>Websphere 5.1/6.1 5.1/6.1</StringValue></CompetencyEvidence>

<CompetencyEvidence typeDescription='Alias' name='Alias'><StringValue>IBM WebSphere 5.1/6.1 5.1/6.1</StringValue></CompetencyEvidence>

<CompetencyWeight type='skillLevel'><NumericValue minValue='0' maxValue='100'>95</NumericValue></CompetencyWeight>

<CompetencyWeight type='skillProficiency'><StringValue minValue='BASIC' maxValue='EXCELLENT'>EXCELLENT</StringValue></CompetencyWeight>
</Competency>

<Competency oids='36 115 ' description='Skill > IT' auth='yes' name='FTP'>
<CompetencyEvidence name='Extent of Experience' typeDescription='Extent of Experience' type='MONTH' lastUsed='2014'><NumericValue description='MONTH'>41</NumericValue></CompetencyEvidence>

<CompetencyWeight type='skillLevel'><NumericValue minValue='0' maxValue='100'>95</NumericValue></CompetencyWeight>

<CompetencyWeight type='skillProficiency'><StringValue minValue='BASIC' maxValue='EXCELLENT'>EXCELLENT</StringValue></CompetencyWeight>
</Competency>

<Competency oids='177 184 ' description='Skill' auth='yes' name='Disaster Recovery'>
<CompetencyEvidence name='Extent of Experience' typeDescription='Extent of Experience' type='MONTH' lastUsed='2009'><NumericValue description='MONTH'>39</NumericValue></CompetencyEvidence>

<CompetencyWeight type='skillLevel'><NumericValue minValue='0' maxValue='100'>51</NumericValue></CompetencyWeight>

<CompetencyWeight type='skillProficiency'><StringValue minValue='BASIC' maxValue='EXCELLENT'>WORKING</StringValue></CompetencyWeight>
</Competency>

<Competency oids='56 57 ' description='Skill > IT' auth='yes' name='DB2'>
<CompetencyEvidence typeDescription='Alias' name='Alias'><StringValue>UDB</StringValue></CompetencyEvidence>

<CompetencyWeight type='skillLevel'><NumericValue minValue='0' maxValue='100'>13</NumericValue></CompetencyWeight>
</Competency>

<Competency oids='91 98 ' description='Skill' auth='yes' name='Audit'>
<CompetencyEvidence name='Extent of Experience' typeDescription='Extent of Experience' type='MONTH' lastUsed='2014'><NumericValue description='MONTH'>41</NumericValue></CompetencyEvidence>

<CompetencyWeight type='skillLevel'><NumericValue minValue='0' maxValue='100'>95</NumericValue></CompetencyWeight>

<CompetencyWeight type='skillProficiency'><StringValue minValue='BASIC' maxValue='EXCELLENT'>EXCELLENT</StringValue></CompetencyWeight>
</Competency>

<Competency oids='52 171 ' description='Skill > IT' auth='yes' name='Apache WEB Server'>
<CompetencyEvidence name='Extent of Experience' typeDescription='Extent of Experience' type='MONTH' lastUsed='2009'><NumericValue description='MONTH'>39</NumericValue></CompetencyEvidence>

<CompetencyEvidence typeDescription='Alias' name='Alias'><StringValue>Apache</StringValue></CompetencyEvidence>

<CompetencyWeight type='skillLevel'><NumericValue minValue='0' maxValue='100'>51</NumericValue></CompetencyWeight>

<CompetencyWeight type='skillProficiency'><StringValue minValue='BASIC' maxValue='EXCELLENT'>WORKING</StringValue></CompetencyWeight>
</Competency>

<Competency oids='176 ' description='Skill' auth='no' name='system backup design'>
<CompetencyEvidence name='Extent of Experience' typeDescription='Extent of Experience' type='MONTH' lastUsed='2009'><NumericValue description='MONTH'>39</NumericValue></CompetencyEvidence>

<CompetencyWeight type='skillLevel'><NumericValue minValue='0' maxValue='100'>51</NumericValue></CompetencyWeight>

<CompetencyWeight type='skillProficiency'><StringValue minValue='BASIC' maxValue='EXCELLENT'>WORKING</StringValue></CompetencyWeight>
</Competency>

<Competency oids='86 ' description='Skill' auth='no' name='support'>
<CompetencyEvidence name='Extent of Experience' typeDescription='Extent of Experience' type='MONTH' lastUsed='2014'><NumericValue description='MONTH'>41</NumericValue></CompetencyEvidence>

<CompetencyEvidence typeDescription='Alias' name='Alias'><StringValue>support,</StringValue></CompetencyEvidence>

<CompetencyWeight type='skillLevel'><NumericValue minValue='0' maxValue='100'>97</NumericValue></CompetencyWeight>

<CompetencyWeight type='skillProficiency'><StringValue minValue='BASIC' maxValue='EXCELLENT'>EXCELLENT</StringValue></CompetencyWeight>
</Competency>

<Competency oids='174 ' description='Skill' auth='no' name='logfile Administration'>
<CompetencyEvidence name='Extent of Experience' typeDescription='Extent of Experience' type='MONTH' lastUsed='2009'><NumericValue description='MONTH'>39</NumericValue></CompetencyEvidence>

<CompetencyWeight type='skillLevel'><NumericValue minValue='0' maxValue='100'>51</NumericValue></CompetencyWeight>

<CompetencyWeight type='skillProficiency'><StringValue minValue='BASIC' maxValue='EXCELLENT'>WORKING</StringValue></CompetencyWeight>
</Competency>

<Competency oids='133 ' description='Skill' auth='no' name='handling of resource groups and service groups'>
<CompetencyEvidence name='Extent of Experience' typeDescription='Extent of Experience' type='MONTH' lastUsed='2011'><NumericValue description='MONTH'>21</NumericValue></CompetencyEvidence>

<CompetencyWeight type='skillLevel'><NumericValue minValue='0' maxValue='100'>65</NumericValue></CompetencyWeight>

<CompetencyWeight type='skillProficiency'><StringValue minValue='BASIC' maxValue='EXCELLENT'>GOOD</StringValue></CompetencyWeight>
</Competency>

<Competency oids='18 ' description='Skill' auth='no' name='good experience'>
<CompetencyWeight type='skillLevel'><NumericValue minValue='0' maxValue='100'>84</NumericValue></CompetencyWeight>

<CompetencyWeight type='skillProficiency'><StringValue minValue='BASIC' maxValue='EXCELLENT'>EXCELLENT</StringValue></CompetencyWeight>
</Competency>

<Competency oids='175 ' description='Skill' auth='no' name='disk administration'>
<CompetencyEvidence name='Extent of Experience' typeDescription='Extent of Experience' type='MONTH' lastUsed='2009'><NumericValue description='MONTH'>39</NumericValue></CompetencyEvidence>

<CompetencyWeight type='skillLevel'><NumericValue minValue='0' maxValue='100'>51</NumericValue></CompetencyWeight>

<CompetencyWeight type='skillProficiency'><StringValue minValue='BASIC' maxValue='EXCELLENT'>WORKING</StringValue></CompetencyWeight>
</Competency>

<Competency oids='29 ' description='Skill' auth='no' name='disk Management'>
<CompetencyWeight type='skillLevel'><NumericValue minValue='0' maxValue='100'>84</NumericValue></CompetencyWeight>

<CompetencyWeight type='skillProficiency'><StringValue minValue='BASIC' maxValue='EXCELLENT'>EXCELLENT</StringValue></CompetencyWeight>
</Competency>

<Competency oids='165 ' description='Skill > IT' auth='yes' name='Web Services'>
<CompetencyEvidence name='Extent of Experience' typeDescription='Extent of Experience' type='MONTH' lastUsed='2009'><NumericValue description='MONTH'>39</NumericValue></CompetencyEvidence>

<CompetencyEvidence name='Application' typeDescription='Application' type='support'><StringValue>support</StringValue></CompetencyEvidence>

<CompetencyEvidence name='Application' typeDescription='Application' type='installation'><StringValue>installation</StringValue></CompetencyEvidence>

<CompetencyEvidence name='Application' typeDescription='Application' type='configuration'><StringValue>configuration</StringValue></CompetencyEvidence>

<CompetencyEvidence typeDescription='Alias' name='Alias'><StringValue>support in installation and configuration of Web services</StringValue></CompetencyEvidence>

<CompetencyWeight type='skillLevel'><NumericValue minValue='0' maxValue='100'>51</NumericValue></CompetencyWeight>

<CompetencyWeight type='skillProficiency'><StringValue minValue='BASIC' maxValue='EXCELLENT'>WORKING</StringValue></CompetencyWeight>
</Competency>

<Competency oids='120 ' description='Skill > IT' auth='no' name='Veritas Clusters'>
<CompetencyEvidence name='Extent of Experience' typeDescription='Extent of Experience' type='MONTH' lastUsed='2014'><NumericValue description='MONTH'>41</NumericValue></CompetencyEvidence>

<CompetencyWeight type='skillLevel'><NumericValue minValue='0' maxValue='100'>95</NumericValue></CompetencyWeight>

<CompetencyWeight type='skillProficiency'><StringValue minValue='BASIC' maxValue='EXCELLENT'>EXCELLENT</StringValue></CompetencyWeight>
</Competency>

<Competency oids='143 ' description='Skill' auth='no' name='Using various monitoring'>
<CompetencyEvidence name='Extent of Experience' typeDescription='Extent of Experience' type='MONTH' lastUsed='2011'><NumericValue description='MONTH'>21</NumericValue></CompetencyEvidence>

<CompetencyWeight type='skillLevel'><NumericValue minValue='0' maxValue='100'>65</NumericValue></CompetencyWeight>

<CompetencyWeight type='skillProficiency'><StringValue minValue='BASIC' maxValue='EXCELLENT'>GOOD</StringValue></CompetencyWeight>
</Competency>

<Competency oids='38 ' description='Skill > IT' auth='yes' name='TCP/IP'>
<CompetencyWeight type='skillLevel'><NumericValue minValue='0' maxValue='100'>13</NumericValue></CompetencyWeight>
</Competency>

<Competency oids='189 ' description='Skill > IT' auth='yes' name='Solstice DiskSuite'>
<CompetencyWeight type='skillLevel'><NumericValue minValue='0' maxValue='100'>13</NumericValue></CompetencyWeight>
</Competency>

<Competency oids='67 ' description='Skill > IT' auth='no' name='Shell'>
<CompetencyWeight type='skillLevel'><NumericValue minValue='0' maxValue='100'>13</NumericValue></CompetencyWeight>
</Competency>

<Competency oids='116 ' description='Skill > IT' auth='yes' name='Secure Shell'>
<CompetencyEvidence name='Extent of Experience' typeDescription='Extent of Experience' type='MONTH' lastUsed='2014'><NumericValue description='MONTH'>41</NumericValue></CompetencyEvidence>

<CompetencyEvidence typeDescription='Alias' name='Alias'><StringValue>SSH</StringValue></CompetencyEvidence>

<CompetencyWeight type='skillLevel'><NumericValue minValue='0' maxValue='100'>95</NumericValue></CompetencyWeight>

<CompetencyWeight type='skillProficiency'><StringValue minValue='BASIC' maxValue='EXCELLENT'>EXCELLENT</StringValue></CompetencyWeight>
</Competency>

<Competency oids='188 ' description='Skill > IT' auth='yes' name='SUN Hardware > Sun Fire Servers'>
<CompetencyEvidence typeDescription='Alias' name='Alias'><StringValue>Sun Fire</StringValue></CompetencyEvidence>

<CompetencyWeight type='skillLevel'><NumericValue minValue='0' maxValue='100'>13</NumericValue></CompetencyWeight>
</Competency>

<Competency oids='169 ' description='Skill > IT' auth='yes' name='SNMP'>
<CompetencyEvidence name='Extent of Experience' typeDescription='Extent of Experience' type='MONTH' lastUsed='2009'><NumericValue description='MONTH'>39</NumericValue></CompetencyEvidence>

<CompetencyWeight type='skillLevel'><NumericValue minValue='0' maxValue='100'>51</NumericValue></CompetencyWeight>

<CompetencyWeight type='skillProficiency'><StringValue minValue='BASIC' maxValue='EXCELLENT'>WORKING</StringValue></CompetencyWeight>
</Competency>

<Competency oids='40 ' description='Skill > IT' auth='yes' name='SMTP'>
<CompetencyWeight type='skillLevel'><NumericValue minValue='0' maxValue='100'>13</NumericValue></CompetencyWeight>
</Competency>

<Competency oids='97 ' description='Skill > IT' auth='yes' name='SAS Statistical Package'>
<CompetencyEvidence name='Extent of Experience' typeDescription='Extent of Experience' type='MONTH' lastUsed='2014'><NumericValue description='MONTH'>41</NumericValue></CompetencyEvidence>

<CompetencyEvidence typeDescription='Alias' name='Alias'><StringValue>SAS70 70</StringValue></CompetencyEvidence>

<CompetencyWeight type='skillLevel'><NumericValue minValue='0' maxValue='100'>95</NumericValue></CompetencyWeight>

<CompetencyWeight type='skillProficiency'><StringValue minValue='BASIC' maxValue='EXCELLENT'>EXCELLENT</StringValue></CompetencyWeight>
</Competency>

<Competency oids='30 ' description='Skill' auth='no' name='Proven experience'>
<CompetencyWeight type='skillLevel'><NumericValue minValue='0' maxValue='100'>84</NumericValue></CompetencyWeight>

<CompetencyWeight type='skillProficiency'><StringValue minValue='BASIC' maxValue='EXCELLENT'>EXCELLENT</StringValue></CompetencyWeight>
</Competency>

<Competency oids='113 ' description='Skill' auth='no' name='Performed root cause analysis'>
<CompetencyEvidence name='Extent of Experience' typeDescription='Extent of Experience' type='MONTH' lastUsed='2014'><NumericValue description='MONTH'>41</NumericValue></CompetencyEvidence>

<CompetencyWeight type='skillLevel'><NumericValue minValue='0' maxValue='100'>95</NumericValue></CompetencyWeight>

<CompetencyWeight type='skillProficiency'><StringValue minValue='BASIC' maxValue='EXCELLENT'>EXCELLENT</StringValue></CompetencyWeight>
</Competency>

<Competency oids='96 ' description='Skill' auth='no' name='PCI security analysis'>
<CompetencyEvidence name='Extent of Experience' typeDescription='Extent of Experience' type='MONTH' lastUsed='2014'><NumericValue description='MONTH'>41</NumericValue></CompetencyEvidence>

<CompetencyWeight type='skillLevel'><NumericValue minValue='0' maxValue='100'>95</NumericValue></CompetencyWeight>

<CompetencyWeight type='skillProficiency'><StringValue minValue='BASIC' maxValue='EXCELLENT'>EXCELLENT</StringValue></CompetencyWeight>
</Competency>

<Competency oids='162 ' description='Skill > IT' auth='yes' name='Oracle Real Application Clusters'>
<CompetencyEvidence name='Extent of Experience' typeDescription='Extent of Experience' type='MONTH' lastUsed='2009'><NumericValue description='MONTH'>39</NumericValue></CompetencyEvidence>

<CompetencyEvidence typeDescription='Alias' name='Alias'><StringValue>Oracle RAC</StringValue></CompetencyEvidence>

<CompetencyWeight type='skillLevel'><NumericValue minValue='0' maxValue='100'>51</NumericValue></CompetencyWeight>

<CompetencyWeight type='skillProficiency'><StringValue minValue='BASIC' maxValue='EXCELLENT'>WORKING</StringValue></CompetencyWeight>
</Competency>

<Competency oids='61 ' description='Skill > IT' auth='yes' name='Oracle PL/SQL'>
<CompetencyEvidence typeDescription='Alias' name='Alias'><StringValue>PL SQL</StringValue></CompetencyEvidence>

<CompetencyWeight type='skillLevel'><NumericValue minValue='0' maxValue='100'>13</NumericValue></CompetencyWeight>
</Competency>

<Competency oids='42 ' description='Skill > IT' auth='yes' name='Network Attached Storage'>
<CompetencyEvidence typeDescription='Alias' name='Alias'><StringValue>NAS</StringValue></CompetencyEvidence>

<CompetencyWeight type='skillLevel'><NumericValue minValue='0' maxValue='100'>13</NumericValue></CompetencyWeight>
</Competency>

<Competency oids='122 ' description='Skill > IT' auth='no' name='NetApp Filers'>
<CompetencyEvidence name='Extent of Experience' typeDescription='Extent of Experience' type='MONTH' lastUsed='2014'><NumericValue description='MONTH'>41</NumericValue></CompetencyEvidence>

<CompetencyWeight type='skillLevel'><NumericValue minValue='0' maxValue='100'>95</NumericValue></CompetencyWeight>

<CompetencyWeight type='skillProficiency'><StringValue minValue='BASIC' maxValue='EXCELLENT'>EXCELLENT</StringValue></CompetencyWeight>
</Competency>

<Competency oids='35 ' description='Skill > IT' auth='no' name='NIS'>
<CompetencyWeight type='skillLevel'><NumericValue minValue='0' maxValue='100'>13</NumericValue></CompetencyWeight>
</Competency>

<Competency oids='73 ' description='Skill > IT' auth='yes' name='Microsoft Windows XP'>
<CompetencyEvidence typeDescription='Alias' name='Alias'><StringValue>XP</StringValue></CompetencyEvidence>

<CompetencyWeight type='skillLevel'><NumericValue minValue='0' maxValue='100'>13</NumericValue></CompetencyWeight>
</Competency>

<Competency oids='74 ' description='Skill > IT' auth='yes' name='Microsoft Windows NT'>
<CompetencyEvidence typeDescription='Alias' name='Alias'><StringValue>Windows NT</StringValue></CompetencyEvidence>

<CompetencyWeight type='skillLevel'><NumericValue minValue='0' maxValue='100'>13</NumericValue></CompetencyWeight>
</Competency>

<Competency oids='161 ' description='Skill > IT' auth='yes' name='Microsoft Windows 2000 Server'>
<CompetencyEvidence name='Extent of Experience' typeDescription='Extent of Experience' type='MONTH' lastUsed='2009'><NumericValue description='MONTH'>39</NumericValue></CompetencyEvidence>

<CompetencyEvidence typeDescription='Alias' name='Alias'><StringValue>VERITAS Cluster Server 3.5/4.0 3.5/4.0</StringValue></CompetencyEvidence>

<CompetencyWeight type='skillLevel'><NumericValue minValue='0' maxValue='100'>51</NumericValue></CompetencyWeight>

<CompetencyWeight type='skillProficiency'><StringValue minValue='BASIC' maxValue='EXCELLENT'>WORKING</StringValue></CompetencyWeight>
</Competency>

<Competency oids='72 ' description='Skill > IT' auth='yes' name='Microsoft Windows 2000 Professional'>
<CompetencyEvidence typeDescription='Alias' name='Alias'><StringValue>2000</StringValue></CompetencyEvidence>

<CompetencyWeight type='skillLevel'><NumericValue minValue='0' maxValue='100'>13</NumericValue></CompetencyWeight>
</Competency>

<Competency oids='16 ' description='Skill > IT' auth='yes' name='Microsoft Windows'>
<CompetencyEvidence typeDescription='Alias' name='Alias'><StringValue>Windows environment</StringValue></CompetencyEvidence>

<CompetencyWeight type='skillLevel'><NumericValue minValue='0' maxValue='100'>84</NumericValue></CompetencyWeight>

<CompetencyWeight type='skillProficiency'><StringValue minValue='BASIC' maxValue='EXCELLENT'>EXCELLENT</StringValue></CompetencyWeight>
</Competency>

<Competency oids='110 ' description='Skill' auth='no' name='Management of user accounts and groups'>
<CompetencyEvidence name='Extent of Experience' typeDescription='Extent of Experience' type='MONTH' lastUsed='2014'><NumericValue description='MONTH'>41</NumericValue></CompetencyEvidence>

<CompetencyWeight type='skillLevel'><NumericValue minValue='0' maxValue='100'>95</NumericValue></CompetencyWeight>

<CompetencyWeight type='skillProficiency'><StringValue minValue='BASIC' maxValue='EXCELLENT'>EXCELLENT</StringValue></CompetencyWeight>
</Competency>

<Competency oids='24 ' description='Skill > IT' auth='yes' name='LSI StoreAge > StoreAge SVM'>
<CompetencyEvidence typeDescription='Alias' name='Alias'><StringValue>SVM</StringValue></CompetencyEvidence>

<CompetencyWeight type='skillLevel'><NumericValue minValue='0' maxValue='100'>84</NumericValue></CompetencyWeight>

<CompetencyWeight type='skillProficiency'><StringValue minValue='BASIC' maxValue='EXCELLENT'>EXCELLENT</StringValue></CompetencyWeight>
</Competency>

<Competency oids='37 ' description='Skill > IT' auth='yes' name='LDAP'>
<CompetencyWeight type='skillLevel'><NumericValue minValue='0' maxValue='100'>13</NumericValue></CompetencyWeight>
</Competency>

<Competency oids='66 ' description='Skill > IT' auth='yes' name='JavaScript'>
<CompetencyWeight type='skillLevel'><NumericValue minValue='0' maxValue='100'>13</NumericValue></CompetencyWeight>
</Competency>

<Competency oids='62 ' description='Skill > IT' auth='yes' name='Java'>
<CompetencyWeight type='skillLevel'><NumericValue minValue='0' maxValue='100'>13</NumericValue></CompetencyWeight>
</Competency>

<Competency oids='10 ' description='Skill' auth='no' name='IT industry experience'>
<CompetencyEvidence name='Extent of Experience' typeDescription='Extent of Experience' type='YEAR'><NumericValue description='YEAR'>8</NumericValue></CompetencyEvidence>

<CompetencyEvidence typeDescription='Alias' name='Alias'><StringValue>Over 8+ years of IT industry experience</StringValue></CompetencyEvidence>

<CompetencyWeight type='skillLevel'><NumericValue minValue='0' maxValue='100'>84</NumericValue></CompetencyWeight>

<CompetencyWeight type='skillProficiency'><StringValue minValue='BASIC' maxValue='EXCELLENT'>EXCELLENT</StringValue></CompetencyWeight>
</Competency>

<Competency oids='170 ' description='Skill > IT' auth='yes' name='IP'>
<CompetencyEvidence name='Extent of Experience' typeDescription='Extent of Experience' type='MONTH' lastUsed='2009'><NumericValue description='MONTH'>39</NumericValue></CompetencyEvidence>

<CompetencyWeight type='skillLevel'><NumericValue minValue='0' maxValue='100'>51</NumericValue></CompetencyWeight>

<CompetencyWeight type='skillProficiency'><StringValue minValue='BASIC' maxValue='EXCELLENT'>WORKING</StringValue></CompetencyWeight>
</Competency>

<Competency oids='146 ' description='Skill > IT' auth='yes' name='IBM RS6000 Hardware'>
<CompetencyEvidence name='Extent of Experience' typeDescription='Extent of Experience' type='MONTH' lastUsed='2011'><NumericValue description='MONTH'>21</NumericValue></CompetencyEvidence>

<CompetencyEvidence typeDescription='Alias' name='Alias'><StringValue>RS/6000</StringValue></CompetencyEvidence>

<CompetencyWeight type='skillLevel'><NumericValue minValue='0' maxValue='100'>65</NumericValue></CompetencyWeight>

<CompetencyWeight type='skillProficiency'><StringValue minValue='BASIC' maxValue='EXCELLENT'>GOOD</StringValue></CompetencyWeight>
</Competency>

<Competency oids='69 ' description='Skill > IT' auth='yes' name='IBM OS/2'>
<CompetencyEvidence typeDescription='Alias' name='Alias'><StringValue>Operating System</StringValue></CompetencyEvidence>

<CompetencyWeight type='skillLevel'><NumericValue minValue='0' maxValue='100'>13</NumericValue></CompetencyWeight>
</Competency>

<Competency description='Skill > IT' auth='yes' name='IBM Hardware'>
<CompetencyEvidence typeDescription='Alias' name='Alias'><StringValue>IBM</StringValue></CompetencyEvidence>

<CompetencyWeight type='skillLevel'><NumericValue minValue='0' maxValue='100'>13</NumericValue></CompetencyWeight>
</Competency>

<Competency oids='58 ' description='Skill > IT' auth='yes' name='IBM AS400 Hardware'>
<CompetencyEvidence typeDescription='Alias' name='Alias'><StringValue>AS/400</StringValue></CompetencyEvidence>

<CompetencyWeight type='skillLevel'><NumericValue minValue='0' maxValue='100'>13</NumericValue></CompetencyWeight>
</Competency>

<Competency oids='104 ' description='Skill > IT' auth='yes' name='High Availability'>
<CompetencyEvidence name='Extent of Experience' typeDescription='Extent of Experience' type='MONTH' lastUsed='2014'><NumericValue description='MONTH'>41</NumericValue></CompetencyEvidence>

<CompetencyEvidence name='Application' typeDescription='Application' type='Administering'><StringValue>Administering</StringValue></CompetencyEvidence>

<CompetencyEvidence typeDescription='Alias' name='Alias'><StringValue>Administering of High Availability</StringValue></CompetencyEvidence>

<CompetencyWeight type='skillLevel'><NumericValue minValue='0' maxValue='100'>95</NumericValue></CompetencyWeight>

<CompetencyWeight type='skillProficiency'><StringValue minValue='BASIC' maxValue='EXCELLENT'>EXCELLENT</StringValue></CompetencyWeight>
</Competency>

<Competency oids='48 ' description='Skill' auth='no' name='Excellent skills'>
<CompetencyWeight type='skillLevel'><NumericValue minValue='0' maxValue='100'>13</NumericValue></CompetencyWeight>
</Competency>

<Competency oids='44 ' description='Skill' auth='no' name='EMC Clarion storage administration'>
<CompetencyWeight type='skillLevel'><NumericValue minValue='0' maxValue='100'>13</NumericValue></CompetencyWeight>
</Competency>

<Competency oids='39 ' description='Skill > IT' auth='yes' name='Domain Name Server Protocol'>
<CompetencyEvidence typeDescription='Alias' name='Alias'><StringValue>DNS</StringValue></CompetencyEvidence>

<CompetencyWeight type='skillLevel'><NumericValue minValue='0' maxValue='100'>13</NumericValue></CompetencyWeight>
</Competency>

<Competency oids='95 ' description='Skill' auth='no' name='Disaster recovery testing'>
<CompetencyEvidence name='Extent of Experience' typeDescription='Extent of Experience' type='MONTH' lastUsed='2014'><NumericValue description='MONTH'>41</NumericValue></CompetencyEvidence>

<CompetencyWeight type='skillLevel'><NumericValue minValue='0' maxValue='100'>95</NumericValue></CompetencyWeight>

<CompetencyWeight type='skillProficiency'><StringValue minValue='BASIC' maxValue='EXCELLENT'>EXCELLENT</StringValue></CompetencyWeight>
</Competency>

<Competency oids='90 ' description='Skill > IT' auth='yes' name='Data Centre'>
<CompetencyEvidence name='Extent of Experience' typeDescription='Extent of Experience' type='MONTH' lastUsed='2014'><NumericValue description='MONTH'>41</NumericValue></CompetencyEvidence>

<CompetencyEvidence typeDescription='Alias' name='Alias'><StringValue>Data center</StringValue></CompetencyEvidence>

<CompetencyWeight type='skillLevel'><NumericValue minValue='0' maxValue='100'>95</NumericValue></CompetencyWeight>

<CompetencyWeight type='skillProficiency'><StringValue minValue='BASIC' maxValue='EXCELLENT'>EXCELLENT</StringValue></CompetencyWeight>
</Competency>

<Competency oids='159 ' description='Skill' auth='yes' name='Consolidations'>
<CompetencyEvidence name='Extent of Experience' typeDescription='Extent of Experience' type='MONTH' lastUsed='2009'><NumericValue description='MONTH'>39</NumericValue></CompetencyEvidence>

<CompetencyEvidence typeDescription='Alias' name='Alias'><StringValue>consolidation</StringValue></CompetencyEvidence>

<CompetencyWeight type='skillLevel'><NumericValue minValue='0' maxValue='100'>51</NumericValue></CompetencyWeight>

<CompetencyWeight type='skillProficiency'><StringValue minValue='BASIC' maxValue='EXCELLENT'>WORKING</StringValue></CompetencyWeight>
</Competency>

<Competency oids='173 ' description='Skill' auth='no' name='Console management'>
<CompetencyEvidence name='Extent of Experience' typeDescription='Extent of Experience' type='MONTH' lastUsed='2009'><NumericValue description='MONTH'>39</NumericValue></CompetencyEvidence>

<CompetencyWeight type='skillLevel'><NumericValue minValue='0' maxValue='100'>51</NumericValue></CompetencyWeight>

<CompetencyWeight type='skillProficiency'><StringValue minValue='BASIC' maxValue='EXCELLENT'>WORKING</StringValue></CompetencyWeight>
</Competency>

<Competency oids='64 ' description='Skill > IT' auth='yes' name='C++'>
<CompetencyWeight type='skillLevel'><NumericValue minValue='0' maxValue='100'>13</NumericValue></CompetencyWeight>
</Competency>

<Competency oids='63 ' description='Skill > IT' auth='yes' name='C Programming Language'>
<CompetencyEvidence typeDescription='Alias' name='Alias'><StringValue>C</StringValue></CompetencyEvidence>

<CompetencyWeight type='skillLevel'><NumericValue minValue='0' maxValue='100'>13</NumericValue></CompetencyWeight>
</Competency>

<Competency oids='81_4_1 123_4_1 150_4_1 ' description='Held Position' auth='no' name='System Administrator'>
<CompetencyEvidence name='Extent of Experience' typeDescription='Extent of Experience' type='MONTH' lastUsed='2014'><NumericValue description='MONTH'>101</NumericValue></CompetencyEvidence>

<CompetencyWeight type='skillLevel'><NumericValue minValue='0' maxValue='100'>100</NumericValue></CompetencyWeight>

<CompetencyWeight type='skillProficiency'><StringValue minValue='BASIC' maxValue='EXCELLENT'>EXCELLENT</StringValue></CompetencyWeight>
</Competency>

<Competency oids='82_2 151_2 ' description='Held Position' auth='no' name='Installation'>
<CompetencyEvidence name='Extent of Experience' typeDescription='Extent of Experience' type='MONTH' lastUsed='2014'><NumericValue description='MONTH'>80</NumericValue></CompetencyEvidence>

<CompetencyWeight type='skillLevel'><NumericValue minValue='0' maxValue='100'>99</NumericValue></CompetencyWeight>

<CompetencyWeight type='skillProficiency'><StringValue minValue='BASIC' maxValue='EXCELLENT'>EXCELLENT</StringValue></CompetencyWeight>
</Competency>

<Competency oids='124_2 ' description='Held Position' auth='no' name='Performed server'>
<CompetencyEvidence name='Extent of Experience' typeDescription='Extent of Experience' type='MONTH' lastUsed='2011'><NumericValue description='MONTH'>21</NumericValue></CompetencyEvidence>

<CompetencyWeight type='skillLevel'><NumericValue minValue='0' maxValue='100'>69</NumericValue></CompetencyWeight>

<CompetencyWeight type='skillProficiency'><StringValue minValue='BASIC' maxValue='EXCELLENT'>GOOD</StringValue></CompetencyWeight>
</Competency>

<Competency oids='168_1 ' description='Held Position' auth='no' name='Expert in Installing'>
<CompetencyEvidence name='Extent of Experience' typeDescription='Extent of Experience' type='MONTH' lastUsed='2009'><NumericValue description='MONTH'>39</NumericValue></CompetencyEvidence>

<CompetencyWeight type='skillLevel'><NumericValue minValue='0' maxValue='100'>54</NumericValue></CompetencyWeight>

<CompetencyWeight type='skillProficiency'><StringValue minValue='BASIC' maxValue='EXCELLENT'>WORKING</StringValue></CompetencyWeight>
</Competency>

<Competency oids='53 ' description='Degree/Qualification > Professional' auth='yes' name='Royal Society of Arts'>
<CompetencyEvidence typeDescription='Alias' name='Alias'><StringValue>IBM RSA</StringValue></CompetencyEvidence>

<CompetencyWeight type='skillLevel'><NumericValue minValue='0' maxValue='100'>12</NumericValue></CompetencyWeight>
</Competency>

<Competency description='Industry' auth='yes' name='industry~it'>
<CompetencyEvidence name='skillCount' typeDescription='skillCount'><NumericValue>3</NumericValue></CompetencyEvidence>

<CompetencyWeight type='skillLevel'><NumericValue minValue='0' maxValue='100'>100</NumericValue></CompetencyWeight>
</Competency>























<RevisionDate id='1'>2014-07-01</RevisionDate>
</StructuredXMLResume>
<NonXMLResume>

<TextResume>



<span inprof='n' id='1' class='date'>{{DOCUMENT_DATESTAMP}} 2014-7-1 {{END_DOCUMENT_DATESTAMP}}</span>


*********Available for <span inprof='n' id='2' class='company'>nationwide</span> relocation within <span inprof='n' id='3' class='duration'>2 weeks</span> ***********
********* <span inprof='n' id='4' class='company'>Only corp</span>-to-corp contract positions **********


<span inprof='y' id='5' class='nominal'>Amir Kashipahza</span>
<span inprof='y' id='6' class='email'>akashipahza@gmail.com</span>

<span inprof='y' id='7' class='telephone'>(385) 244-0936</span>
<span inprof='y' id='8' class='location'>343 S 500 E, #455
Salt Lake City, UT</span>


<span inprof='n' id='9' class='title-line'>Summary</span>
*  <span inprof='y' id='10' class='skill'>Over 8+ years of IT industry experience</span> in <span inprof='y' id='11' class='sofwr'>Solaris</span>/<span inprof='y' id='12' class='sofwr'>Linux</span>-<span inprof='y' id='13' class='sofwr'>Unix system administration</span> and <span inprof='y' id='14' class='skill'>production support</span> of various applications on <span inprof='y' id='15' class='sofwr'>Sun Solaris</span> and <span inprof='y' id='16' class='sofwr'>Windows environment</span>. ; 
*  Worked extensively in planning, designing, installing and configuration and implementing on HP Blade and Dell platform for <span inprof='n' id='17' class='company'>Red Hat Linux Enterprise (RHEL)</span> 3.0, 4.0, 5.0 and 6.0 ; 
*  Possess <span inprof='y' id='18' class='skill'>good experience</span> using jumpstart servers for the purpose of patching, installing, Live <span inprof='y' id='19' class='sofwr'>upgrade and configuring Sun Solaris</span> <span inprof='n' id='20' class='date'>9, 10, 11 on sun</span> servers. ; 
*  <span inprof='y' id='21' class='skill'>Production support</span> and Data Center Migration experience. ; 
*  Re-platforming and migrating applications and Databases from <span inprof='y' id='22' class='sofwr'>Solaris</span> to <span inprof='n' id='23' class='company'>RHEL</span> and vice-versa ; 
*  Proficient in writing shell scripts ; 
*  Highly experienced in implementing Raid's 0/1/5 using LVM, <span inprof='y' id='24' class='sofwr'>SVM</span> and ZFS. ; 
*  Worked extensively in on different tools like <span inprof='y' id='25' class='sofwr'>Veritas Volume Manager</span>, <span inprof='y' id='26' class='sofwr'>Veritas file system</span>, <span inprof='y' id='27' class='sofwr'>Veritas Cluster</span>, <span inprof='y' id='28' class='sofwr'>Veritas Net Backup</span> and Disk suite for <span inprof='y' id='29' class='skill'>disk Management</span>. ; 
*  Building new servers using jumpstart, JET, and Kickstart ; 
*  <span inprof='y' id='30' class='skill'>Proven experience</span> in configuring and maintain Zones, containers and LDOMS on <span inprof='y' id='31' class='sofwr'>Solaris</span> servers. ; 
*  Used <span inprof='y' id='32' class='sofwr'>VMware</span> for <span inprof='n' id='33' class='company'>RHEL</span> ; 
*  Experienced in <span inprof='y' id='34' class='sofwr'>configuring and administering NFS</span>, <span inprof='y' id='35' class='sofwr'>NIS</span>, <span inprof='y' id='36' class='sofwr'>FTP</span> and <span inprof='y' id='37' class='sofwr'>LDAP</span> with very good understanding of networking protocols such as <span inprof='y' id='38' class='sofwr'>TCP/IP</span>, <span inprof='y' id='39' class='sofwr'>DNS</span> and <span inprof='y' id='40' class='sofwr'>SMTP</span>. ; 
*  Experienced with <span inprof='y' id='41' class='sofwr'>SAN</span>, <span inprof='y' id='42' class='sofwr'>NAS</span> and <span inprof='y' id='43' class='skill'>storage administration</span>, with <span inprof='y' id='44' class='skill'>EMC Clarion storage administration</span>. Provided support for multi-path Fiber Channel storage systems, as well as <span inprof='y' id='45' class='sofwr'>Solaris</span> servers configured with multiple Fiber Channel (FC), Host Bus Adapters (HBA) on a <span inprof='y' id='46' class='sofwr'>Storage Area Network</span> <span inprof='y' id='47' class='sofwr'>(SAN)</span>. ; 
*  <span inprof='y' id='48' class='skill'>Excellent skills</span> in analyzing, designing, implementing and system integration from server level.

<span inprof='n' id='49' class='skills-qualif-mark'>Technical Skills</span>

Hardware
                              Sun Fire 280R/V480/4800/3800/12K Server, <span inprof='y' id='50' class='sofwr'>Sun Enterprise</span> 4500/6500/450/420R/25,
                              Sun Tseries 5440, 3-4, 5-2 and M series 4k,5k

Web Application Server        <span inprof='y' id='51' class='sofwr'>Tomcat</span>, <span inprof='y' id='52' class='sofwr'>Apache</span>, <span inprof='y' id='53' class='qualif'>IBM RSA</span>/WAS, <span inprof='y' id='54' class='sofwr'>WebLogic</span>.
Database                      <span inprof='y' id='55' class='sofwr'>Oracle</span>, <span inprof='y' id='56' class='sofwr'>DB2</span>/<span inprof='y' id='57' class='sofwr'>UDB</span>, <span inprof='y' id='58' class='sofwr'>AS/400</span>, <span inprof='y' id='59' class='sofwr'>Sybase</span>.
Languages
<span inprof='y' id='60' class='sofwr'>SQL</span>, <span inprof='y' id='61' class='sofwr'>PL SQL</span>, <span inprof='y' id='62' class='sofwr'>Java</span>, <span inprof='y' id='63' class='sofwr'>C</span>, <span inprof='y' id='64' class='sofwr'>C++</span>, <span inprof='y' id='65' class='sofwr'>SQL</span>, <span inprof='y' id='66' class='sofwr'>JavaScript</span>, <span inprof='y' id='67' class='sofwr'>Shell</span>, <span inprof='y' id='68' class='sofwr'>UNIX</span>.
<span inprof='y' id='69' class='sofwr'>Operating System</span>              <span inprof='y' id='70' class='sofwr'>Windows 95</span>/<span inprof='y' id='71' class='sofwr'>98</span>/<span inprof='y' id='72' class='sofwr'>2000</span>/<span inprof='y' id='73' class='sofwr'>XP</span>, <span inprof='y' id='74' class='sofwr'>Windows NT</span>, <span inprof='y' id='75' class='sofwr'>UNIX</span>, <span inprof='y' id='76' class='sofwr'>Sun Solaris</span>, <span inprof='y' id='77' class='sofwr'>LINUX</span>
Clusters                      <span inprof='y' id='78' class='sofwr'>Veritas Cluster</span>, <span inprof='y' id='79' class='sofwr'>Sun</span> cluster.


<span inprof='n' id='80' class='work-hist-mark'>Experience</span>

   <span inprof='y' id='81_1' class='company'>Goldman Sachs</span>
   <span inprof='y' id='81_2' class='location'>Salt Lake City, UT</span>                                                                                                                                          (<span inprof='y' id='81_3_1' class='date'>Feb 2011</span> - <span inprof='y' id='81_3_2' class='date'>June 2014</span>)
   <span inprof='y' id='81_4_1' class='role'>System Administrator</span>
            <span inprof='n' id='82_1' class='some-position'>Responsibilities:
    *</span>  <span inprof='y' id='82_2' class='role'>Installation</span> and <span inprof='y' id='83' class='sofwr'>configuration of Sun Solaris</span>-<span inprof='y' id='84' class='sofwr'>Unix 8/10</span> and <span inprof='y' id='85' class='sofwr'>Red Hat Enterprise</span> Linux server 3.0/4.0/5.x/6.x ; 
    *  Providing 24/7 <span inprof='y' id='86' class='skill'>support,</span> <span inprof='y' id='87' class='skill'>production support</span> ; 
    *  Building servers including <span inprof='y' id='88' class='sofwr'>Solaris</span> and <span inprof='y' id='89' class='sofwr'>Linux</span> servers using jumpstart, JET and kickstart ; 
    *  <span inprof='y' id='90' class='sofwr'>Data center</span> migration and re-deploying apps to newer platform ; 
    *  Semi annual patching (patch cluster, rolling patches) for SPARC Sun Solaris environment. ; 
    *  PCI compliance and security <span inprof='y' id='91' class='skill'>audit</span> response for <span inprof='y' id='92' class='sofwr'>Solaris</span>, <span inprof='y' id='93' class='sofwr'>AIX</span> and <span inprof='y' id='94' class='sofwr'>Linux</span> environments ; 
    *  <span inprof='y' id='95' class='skill'>Disaster recovery testing</span> and documentation of tier 1 applications. ; 
    *  Jumpstart servers, <span inprof='y' id='96' class='skill'>PCI security analysis</span>, <span inprof='y' id='97' class='sofwr'>SAS70</span> <span inprof='y' id='98' class='skill'>audit</span> compliance ; 
    *  Worked with <span inprof='y' id='99' class='sofwr'>VMware</span> as virtualization for RHEL OS ; 
    *  Built and configured satellite server used for <span inprof='n' id='100' class='company'>RHEL</span> patching ; 
    *  Patching Linux servers for annual patching and rolling patches for application and security vulnerability. ; 
    *  Managing disk storage using <span inprof='y' id='101' class='sofwr'>Veritas Volume Manager</span>, <span inprof='y' id='102' class='sofwr'>Solaris</span> Volume Manager, LVM,ZFS ; 
    *  <span inprof='y' id='103' class='sofwr'>Upgrading Veritas Volume Manager</span> from 4.1 to 5.0 ; 
    *  Installing HBA drivers, firmware and Powerpath software in Production, Development and QA servers. ; 
    *  <span inprof='y' id='104' class='sofwr'>Administering of High Availability</span> Veritas Cluster Servers for redundancy purpose. ; 
    *  Managing data backup and recovery operations using <span inprof='y' id='105' class='sofwr'>Veritas Netbackup</span>. ; 
    *  Configured volume groups and logical volumes, extended logical volumes for file system growth using Logical Volume Manager (LVM) commands. ; 
    *  Creating Resource pools and processor sets for zones. ; 
    *  <span inprof='y' id='106' class='sofwr'>Installation and configuration of Solaris</span> Zones and LDOMs. ; 
    *  Creating domains on M-series servers using XSCF ; 
    *  Creating flash-archives for building <span inprof='y' id='107' class='sofwr'>Solaris</span> servers using jumpstart. ; 
    *  Coordinating with Tivoli team for setting automated alerts which include OS related alerts and Application alerts. ; 
    *  <span inprof='y' id='108' class='sofwr'>Administration and Troubleshooting Solaris</span> servers running business critical application &#38; <span inprof='y' id='109' class='sofwr'>Websphere 5.1/6.1</span> applications. ; 
    *  <span inprof='y' id='110' class='skill'>Management of user accounts and groups</span> according to the security needs. ; 
    *  <span inprof='y' id='111' class='sofwr'>Upgrading Solaris</span> kernel and applying necessary patches. ; 
    *  Performing online addition of <span inprof='n' id='112' class='location'>LUNS to</span> the servers for provisioning disk space, and resizing file systems. ; 
    *  Upgrading service controller firmware on T2000/T5220 servers. ; 
    *  Installing BMC package for data collection, Tivoli package for monitoring, ESM package for monitoring configuration files and troubleshooting. ; 
    *  Involved in data center migration, SAN switch and SAN storage migration. ; 
    *  Monitoring system resources, disk usage, scheduling backups and restore. ; 
    *  <span inprof='y' id='113' class='skill'>Performed root cause analysis</span> of technical issues. ; 
    *  <span inprof='y' id='114' class='sofwr'>Configuring and troubleshooting NFS</span>, <span inprof='y' id='115' class='sofwr'>FTP</span> and <span inprof='y' id='116' class='sofwr'>SSH</span> for users.

    Environment:
    Sun Enterprise T2000, T5220, T5420, Sun Fire V440, V880, Sun Fire 6800, 6900, T5-2, T5-4, M4K, 5K,HP DL360, HP DL585, <span inprof='y' id='117' class='sofwr'>IBM WebSphere 5.1/6.1</span>, <span inprof='y' id='118' class='sofwr'>IBM AIX 5.3</span>,  p Series servers p570, p670, <span inprof='y' id='119' class='sofwr'>Veritas Volume Manager</span>, <span inprof='y' id='120' class='sofwr'>Veritas Clusters</span>, <span inprof='y' id='121' class='sofwr'>Veritas Netbackup</span>, <span inprof='y' id='122' class='sofwr'>NetApp Filers</span> and Symmetrix DMX3/DMX4/VMAX


<span inprof='y' id='123_1' class='company'>CTX Group</span>, <span inprof='y' id='123_2' class='location'>Irving TX</span>                   (<span inprof='y' id='123_3_1' class='date'>May 2009</span> - <span inprof='y' id='123_3_2' class='date'>Jan 2011</span>)
<span inprof='y' id='123_4_1' class='role'>System Administrator</span>
<span inprof='n' id='124_1' class='some-position'>Responsibilities:
                                       *</span>  <span inprof='y' id='124_2' class='role'>Performed server</span> upgrades from <span inprof='y' id='125' class='sofwr'>Solaris</span>-<span inprof='y' id='126' class='sofwr'>Unix 8 to 10</span> ; 
                                       *  <span inprof='y' id='127' class='sofwr'>Upgrade of Veritas 3.2/3.5/4.0</span> to <span inprof='y' id='128' class='sofwr'>Veritas 4.1</span> version on  <span inprof='y' id='129' class='sofwr'>Solaris 8 and 9</span> servers ; 
                                       *  Experience in <span inprof='y' id='130' class='sofwr'>configuring of Sybase</span> and <span inprof='y' id='131' class='sofwr'>oracle database</span> resources under <span inprof='y' id='132' class='sofwr'>veritas cluster 4.1</span> ; 
                                       *  Experience with <span inprof='y' id='133' class='skill'>handling of resource groups and service groups</span> in the cluster environment ; 
                                       *  Configuration of virtual IPs as per client's request ; 
                                       *  Provided 24x7 on call support on rotational basis ; 
                                       *  Handling CPU panic, memory problems and other hardware failures with coordination of vendors. ; 
                                       *  Automating server build process in jumpstart and kickstart using <span inprof='y' id='134' class='sofwr'>Shell scripts</span> ; 
                                       *  Migration of servers and moving applications from one server to another server ; 
                                       *  Performed SAN allocation to the <span inprof='y' id='135' class='sofwr'>Solaris</span> servers depending on the requirements of the client. ; 
                                       *  Configuring various applications and products on a wide range of <span inprof='y' id='136' class='sofwr'>Sun Enterprise servers</span> ; 
                                       *  Experience with <span inprof='y' id='137' class='sofwr'>Veritas Volume manager</span> and File system ; 
                                       *  Installation of packages and patches on <span inprof='y' id='138' class='sofwr'>Solaris</span>, and <span inprof='y' id='139' class='sofwr'>AIX</span> servers. ; 
                                       *  Used jumpstart and kickstart for building new servers ; 
                                       *  Performed firmware upgrade on the pseries <span inprof='y' id='140' class='sofwr'>AIX</span> servers ; 
                                       *  <span inprof='y' id='141' class='sofwr'>Upgraded the AIX</span> systems Maintenance levels ; 
                                       *  <span inprof='y' id='142' class='sofwr'>Installation and configuration of Sun Solaris</span> operating systems ; 
                                       *  <span inprof='y' id='143' class='skill'>Using various monitoring</span> tools like top, sar, vmstat for tuning the systems for maximum efficiency. ; 
                                       *  Maintained records for hardware, status of backup and also documented procedures.

    Environment:
    <span inprof='y' id='144' class='sofwr'>Solaris 8,9, 10</span>, <span inprof='y' id='145' class='sofwr'>AIX 5.2</span>, p series 550, 570, <span inprof='y' id='146' class='sofwr'>RS/6000</span> R50, E4500, Autosys, <span inprof='y' id='147' class='sofwr'>VERITAS Volume Manager</span>, <span inprof='y' id='148' class='sofwr'>VERITAS   Netbackup</span>, <span inprof='y' id='149' class='sofwr'>SUN Enterprise</span> 420R, 450, V490, 3500, 4500, 6500, 8800.


<span inprof='y' id='150_1' class='company'>Bechtel Corporation</span>
<span inprof='y' id='150_2' class='location'>Fredrick, Maryland</span>            (<span inprof='y' id='150_3_1' class='date'>Mar 2006</span> - <span inprof='y' id='150_3_2' class='date'>May 2009</span>)
<span inprof='y' id='150_4_1' class='role'>System Administrator</span>
<span inprof='n' id='151_1' class='some-position'>Responsibilities:
    *</span>  <span inprof='y' id='151_2' class='role'>Installation</span>, configuration and Operating System upgrade on <span inprof='y' id='152' class='sofwr'>Sun Solaris</span> -<span inprof='y' id='153' class='sofwr'>Unix 8,9,10</span>, <span inprof='y' id='154' class='sofwr'>AIX 5.X</span> and <span inprof='y' id='155' class='sofwr'>Red Hat Linux</span> AS 3.0/4.0 on <span inprof='n' id='156' class='date'>sun</span> Servers ; 
    *  Administration for E15k and E25k's. This involves creating domains, adding/deleting system components. ; 
    *  <span inprof='y' id='157' class='skill'>Production support</span> and participating in on-call duties ; 
    *  Scripted in shell (korn and bash) languages ; 
    *  Built new servers using <span inprof='n' id='158' class='company'>Jumpstart and Kickstart</span> ; 
    *  Migration of servers from one data-center to another for DC <span inprof='y' id='159' class='skill'>consolidation</span> ; 
    *  Patching of servers once a year for all servers using <span inprof='y' id='160' class='sofwr'>shell scripts</span> for automation and post-patching QA ; 
    *  Involved in the Implementation of Sun Fire 4800/6800, <span inprof='y' id='161' class='sofwr'>VERITAS Cluster Server 3.5/4.0</span> and <span inprof='y' id='162' class='sofwr'>Oracle RAC</span> environment. ; 
    *  Patching of <span inprof='y' id='163' class='sofwr'>Solaris</span> and <span inprof='n' id='164' class='company'>RHEL</span> servers by breaking of root mirrors. ; 
    *  Provided <span inprof='y' id='165' class='sofwr'>support in installation and configuration of Web services</span>, Web Sphere MQ, WBIMB. ; 
    *  <span inprof='y' id='166' class='sofwr'>Administration and Troubleshooting Solaris</span> servers running business critical application &#38; <span inprof='y' id='167' class='sofwr'>Web Logic</span> (WAS) applications. ; 
    *  <span inprof='y' id='168_1' class='role'>Expert in Installing</span>, configuring and maintaining <span inprof='y' id='169' class='sofwr'>SNMP</span>, <span inprof='y' id='170' class='sofwr'>IP</span>, <span inprof='y' id='171' class='sofwr'>apache</span>/<span inprof='y' id='172' class='sofwr'>tomcat</span>, samba &#38; send mail, Web Sphere Application Servers. ; 
    *  Expertise in <span inprof='y' id='173' class='skill'>Console management</span>, <span inprof='y' id='174' class='skill'>logfile Administration</span> and <span inprof='y' id='175' class='skill'>disk administration</span> ; 
    *  Storage setups, RAID, Logical Volume Manager, <span inprof='y' id='176' class='skill'>system backup design</span> and <span inprof='y' id='177' class='skill'>disaster recovery</span>. ; 
    *  <span inprof='y' id='178' class='sofwr'>VERITAS File system</span> and <span inprof='y' id='179' class='sofwr'>VERITAS Volume Manager 3.2</span> are used to configure the <span inprof='y' id='180' class='sofwr'>RAID 1</span> and <span inprof='y' id='181' class='sofwr'>RAID 5</span> Storage Systems and Monitor Storage. ; 
    *  Experienced with SAN and <span inprof='y' id='182' class='skill'>storage administration</span>, with <span inprof='n' id='183' class='company'>EMC Clarion &#38; DMX</span> storage administration. ; 
    *  Support groups responsible for monitoring datacenter backups and troubleshooting backup errors. ; 
    *  Configuring Sun Multi-Packs, Storage Arrays, T3's and SAN backup for <span inprof='y' id='184' class='skill'>disaster recovery</span>. ; 
    *  Installed and Configured EMC SAN Power path. ; 
    *  Implemented and configured Backup policies and Storage Units.

    Environment:
    <span inprof='y' id='185' class='sofwr'>Sun Solaris 8,9,10</span>, <span inprof='y' id='186' class='sofwr'>Red hat Linux</span> AS3.0, <span inprof='y' id='187' class='sofwr'>Sun</span> 15K, 25K, <span inprof='y' id='188' class='sofwr'>Sun Fire</span> 6800, 4800,V890, V880, V490,V480 and V210, Solaris Volume Manager, <span inprof='y' id='189' class='sofwr'>Solstice Disk Suite</span>, EMC SAN.

</TextResume>

</NonXMLResume>



<UserArea>
<DaxResumeUserArea>
<AdditionalPersonalData>
<ExperienceSummary>
<TotalMonthsOfWorkExperience>101</TotalMonthsOfWorkExperience>
<TotalYearsOfWorkExperience>8</TotalYearsOfWorkExperience>
<ExecutiveBrief>Amir Kashipahza is a resident of Salt Lake City, UT, US. He has been working in the IT  occupational sector for more than 8 years. During his last employment he was working as a System Administrator/Installation at Goldman Sachs. Amir has extensive knowledge of Sun Solaris, Veritas Volume Manager, AIX UNIX, UNIX, Veritas NetBackup, Veritas Cluster, Linux, SUN Hardware > Sun Enterprise Servers, Linux Red Hat, shell scripting, WebLogic Enterprise Application Server, Veritas File System, Veritas, VMware, Sybase, RAID, Oracle, Network File System, Jakarta TOMCAT Servlet Engine, IBM WebSphere, FTP, Apache WEB Server, Web Services, Veritas Clusters, Secure Shell, SNMP, SAS Statistical Package, Oracle Real Application Clusters, NetApp Filers, LSI StoreAge > StoreAge SVM, IP, IBM RS6000 Hardware, High Availability, Data Centre. So far Amir has not gained any managerial experience.</ExecutiveBrief>
</ExperienceSummary>
</AdditionalPersonalData>
<ParserInfo>
<ParserConfiguration>{max_len=50000} {tel_flag=} {send_zip=} {fast_conv=} {DEF_LOCAL=} {sdate=0} {no_email_body=0} {do_clever_zoning=1} {keep_span=1} {complex=1} {accept_langs=} {not_accept_langs=} {prefer_lang_cv=EN} {pers_only=0} {turbo=0} {split_language=0} {picture=0} {picture_inline=0} {name_space=0} {charset=} {hrxml_upgrade_edu_hist=0}{hrxml_add_languages_section=0}{spool=} {docID=} {user=DEFAULT} </ParserConfiguration>
<ParserRelease>0.12.3.32629</ParserRelease>
<ParserReleaseDate>2014-06-18</ParserReleaseDate>
<ParserSchema>2.0.29</ParserSchema>
<ParserSchemaLocation>http://cvx.daxtra.com/cvts/xsd/candidate/2.0.29/Resume.xsd</ParserSchemaLocation>
<ConverterRelease>0.5.2.32629</ConverterRelease>
<ConverterReleaseDate>2014-06-18</ConverterReleaseDate>
</ParserInfo>
<FileStruct filename='/home/izoom/anazarov/grammar/analysis/3rconnect/doc/100_Resume-ApTask/Amir Kashipazha - Unix Engineer - 8+ years.doc'>

<attachment fname='Amir Kashipazha - Unix Engineer - 8+ years.doc' ftype='doc' conv='yes' doc_type='cv' lang='EN'>/home/izoom/anazarov/grammar/analysis/3rconnect/doc/100_Resume-ApTask/Amir Kashipazha - Unix Engineer - 8+ years.doc</attachment>


</FileStruct>
</DaxResumeUserArea>
</UserArea>
</Resume>
