<?xml version='1.0' encoding='ISO-8859-1'?>
<Resume lang='en' src='DAXTRA-CVX schema:2.0.29 release:0.12.3.32629 rdate:2014-06-18'>
<StructuredXMLResume>
<ContactInfo>
<PersonName id='2'>
<FormattedName>Anushree Bhattarai</FormattedName>
<GivenName>Anushree</GivenName>
<FamilyName>Bhattarai</FamilyName>
<sex>Female</sex>
</PersonName>
<ContactMethod>
</ContactMethod>
</ContactInfo>
<ExecutiveSummary>*    Over 8 years of extensive experience as a Business Analyst/Business System Analyst, in Banking, Insurance, and Healthcare, using IT Business Analytics, Modeling expertise, and SDLC. ; 
    *    Knowledge of Waterfall Methodology, Spiral/Iterative Methodology, Agile and Rapid Application Development (RAD). ; 
    *    Exposed to all phases of software development life cycle (SDLC) including good knowledge of RUP (Rational Unified Process) methodology. ; 
    *    Excellent business writing skills in writing Business Requirements Document (BRD), Functional Specifications Document (FSD), Non-functional Requirements Document, Use Cases Specifications, Software Requirements Specification (SRS). ; 
    *    Worked with Quality Assurance (QA) during their testing to verify consistency between User Interface (UI) . ; 
    *    Conducted JAD sessions for communicating with the all Project directors and stakeholders. ; 
    *    Experience in conducting GAP analysis, User Acceptance Testing (UAT), Cost Benefit Analysis. ; 
    *    Experience with HIPAA 4010 EDI healthcare transactions like 837, 835, 834, 820, 270, 271, 276, 277, and 278. ; 
    *    Health care Domain experience:  Good knowledge on different modules within health care (membership, billing, enrollment, claims, capitation, providers).  Experience with HIPAA compliance and Healthcare systems. Experience with Medicare Part A, B, C and Medicaid, commercial insurances in HIPAA ANSI X12 4010, 5010 formats including 270, 271, 276, 277, 835, 834, 837, and NPI for interfaces &#38; images to clearinghouses/ trading partners applications. ; 
    *    Assisted project managers with the development of Project schedules, development of requirements, and preliminary design for client applications. ;</ExecutiveSummary>


<EmploymentHistory>
<EmployerOrg employerOrgType='soleEmployer'>
<EmployerOrgName id='69_1'>Queens Healthcare</EmployerOrgName>
<EmployerContactInfo>
<LocationSummary id='69_2'>
<Municipality>Long Island City</Municipality>
<Region>NY</Region>
<CountryCode>US</CountryCode>
</LocationSummary>
</EmployerContactInfo>
<PositionHistory positionType='PERMANENT'>
<Title id='69_4_1'>Business Systems Analyst</Title>
<OrgName id='69_1'>Queens Healthcare</OrgName>



<Description>The project focused on Web portal application which gives all the information of the claim and member information. Customer Care Representatives used this application to serve the customers.

Responsibilities:
    *    Verified various transactions according to HIPAA rules (834) and X12 standards. ; 
    *    Captured and re-engineered transactions with legacy systems; Enrollment-834, Health Plan Premium-820, Eligibility Transaction (270/271), Claims (837), Claim Status Report and Response (276/277), and Remittance (835). ; 
    *    Analyzed and identified issues in claims, encounters and remittance advice process flow. ; 
    *    Rendered X12 Syntax Integrated Testing, Balancing Testing, Code Testing, Specialty Testing and Trading Partner Specific Testing when environment is upgraded. ; 
    *    Interacted with developers and documented the functionality process of all the components. ; 
    *    Performed re-testing in order to verify resolution of defects. ; 
    *    Created Use Case Diagrams. ; 
    *    Responsible for meeting or exceeding all defined target goals and milestone dates for the project in order to ensure its overall success. ; 
    *    Conducted JAD sessions with clients and technical units. ; 
    *    Conducted GAP and SWOT analysis. ; 
    *    Followed RUP software development lifecycle during the project. ; 
    *    Developed functional/technical specifications such as Business Scope Document and High Level Design Document.

Environment: FACET 4.7, NASCO, Rational Unified Process (RUP), UML, MS Office Tools - MS Word, MS Excel, MS Visio, MS PowerPoint, MS Access dB, Oracle, SQL Navigator.</Description>
<StartDate id='69_3_1'><YearMonth>2011-11</YearMonth></StartDate>
<EndDate id='69_3_2'>notApplicable</EndDate>




<JobCategory>
<TaxonomyName>JOBAREA</TaxonomyName>
<CategoryCode>it</CategoryCode>
</JobCategory>


<UserArea>
<DaxPositionHistoryUserArea>
<TLSPAN first_id='69' last_id='91' border_id='92'></TLSPAN>
<MonthsOfWork>22</MonthsOfWork>
</DaxPositionHistoryUserArea>
</UserArea>
</PositionHistory>
</EmployerOrg>

<EmployerOrg employerOrgType='soleEmployer'>
<EmployerOrgName id='92_1'>Cigna</EmployerOrgName>
<EmployerContactInfo>
<LocationSummary id='92_2'>
<Municipality>Denver</Municipality>
<Region>CO</Region>
<CountryCode>US</CountryCode>
</LocationSummary>
</EmployerContactInfo>
<PositionHistory positionType='PERMANENT'>
<Title id='92_4_1'>Business Systems Analyst</Title>
<OrgName id='92_1'>Cigna</OrgName>



<Description>Cigna health care is one of the largest providers of health care benefits and health services in the US. As a Senior System Analyst, I was involved in the implementation and configuration of Enrollment, Billing, and Claim Payments. Worked on various EDI transactions to implement HIPAA 5010. Worked in the configuration of system between trading partners and transaction manager. Also worked in the process of migrating the current EDI Gateway to a new Gateway platform. Worked on EDI transaction's inbound and outbound activities through HIPAA gateway.

Responsibilities:
*    Involved in Business System Analysis for Inbound and Outbound Transactions. ; 
*    Provided day-to-day EDI translator support. Built a business    process model using MS Visio. ; 
*    Created S.R.S (system required specifications) document and analysis document explaining all the aspect of 5010 834. ; 
*    Performed gap analysis between partner specs and internal system requirements by matching HIPAA 4010 to 5010 implementation techniques. ; 
*    Gathered detailed business and technical requirements and participated in the defining of business rules and data standards. ; 
*    Performed technical analysis for 834(EDI file for Enrollment and Benefit Maintenance) 4010A to 5010 version control. ; 
*    Analyzed results and EDI ANSI X12 file mapping and reported on standard analysis spreadsheet ; 
*    Created maps &#38; layouts for HIPAA as imposed during Electronic Data Interchange (EDI): 837 - Claims and Encounters, 834 - Benefit Enrollment and Maintenance, 835 - Claim Payment/Advice, 270/271 - Eligibility Benefit Inquiry and Response, 277/275 - Claim Request for additional Information and Response, 276/277 -Claim Status Request / Response. ; 
*    Analyzed and identified gaps/issues in claims, encounters and remittance advice process flow. ; 
*    Provides hands-on expertise for implementation, configuration and on-going support of Facets to include analysis, system configuration, operational implementation, process documentation and testing for managed care clients. ; 
*    Elicited and documented business requirements, perform data and transaction mapping, complete a GAP analysis and document the impact of the migration from HIPAA 4010A1 to HIPAA 5010 on current business processes and applications. ; 
*    Served as a liaised between business unit and technical team during Risk engineering and high- level session to develop and perform action plan. ; 
*    Interacted with developers and documented the functionality process of all the components. Developed and recommend operational processes and/or process improvements in support Facets clients. ; 
*    Worked on configuration of FACETS with Benefits, Claim processing and Enrollment ; 
*    Worked with the development team to provide remedies and an end-to-end system solution, conducted performance testing with the help of the fault monitoring system. ; 
*    Involved in the Review of Requirements Specification with functional manager and technical specialists of the application. ; 
*    Created Use Case Diagrams, Activity Diagrams, Sequence Diagrams and ER Diagrams in MS Visio. ; 
*    Extensive Analysis of HIPPA rules to incorporate in the Development of Utility application which is not HIPAA compliant.

Environment: Mainframe ,DB2, Rational Rose, Rational Requisite Pro, RUP, Test Director, Win Runner, MSOffice2000, UML, Perl, Java.</Description>
<StartDate id='92_3_1'><YearMonth>2010-01</YearMonth></StartDate>
<EndDate id='92_3_2'><YearMonth>2011-09</YearMonth></EndDate>




<JobCategory>
<TaxonomyName>JOBAREA</TaxonomyName>
<CategoryCode>it</CategoryCode>
</JobCategory>


<UserArea>
<DaxPositionHistoryUserArea>
<TLSPAN first_id='92' last_id='127' border_id='128'></TLSPAN>
<MonthsOfWork>21</MonthsOfWork>
</DaxPositionHistoryUserArea>
</UserArea>
</PositionHistory>
</EmployerOrg>

<EmployerOrg employerOrgType='soleEmployer'>
<EmployerOrgName id='128_1'>Crouse Hospital</EmployerOrgName>
<EmployerContactInfo>
<LocationSummary id='128_2'>
<Municipality>Syracuse</Municipality>
<Region>NY</Region>
<CountryCode>US</CountryCode>
</LocationSummary>
</EmployerContactInfo>
<PositionHistory positionType='PERMANENT'>
<Title id='128_4_1'>Business Analyst</Title>
<OrgName id='128_1'>Crouse Hospital</OrgName>



<Description>The project was to develop a Customer Relationship Management Application, for Sales representatives to provide customer support, handle queries and create health insurance applications as well for the customers. Application connects to an array of databases providing a cost effective tool to validate patient particulars and verify insurance eligibility in real-time conforming to HIPAA standards for claims processing.

Responsibilities:
*    Gathered business requirement through JAD sessions with SMEs and end users and in addition through document analysis, brainstorming, interviews and questionnaires ; 
*    Conducted weekly SCRUM to discuss about the progress of the project. ; 
*    Prepared TRM ensuring the forward and backward traceability of the Business Requirements to the test Case and vice versa ; 
*    Reviewed and provided input to the testing scenarios and test cases. ; 
*    Involved in writing Test Plan, Test Cases and test scenarios. ; 
*    Coordinated on work with claims and benefits configuration set-up involving Inbound/Outbound interfaces and ETL functions. ; 
*    Validated existing workflows written for Member eligibility verification, security access in the portal. ; 
*    Created Use Cases, activity and sequence diagrams. ; 
*    Worked as an Interface between users and the technical teams involved in the application development for the better understanding of Business and IT processes. ; 
*    Provided knowledge and support to the development teams to understand HIPAA and EDI transactions and processes. ; 
*    Coordinated with QA team in creating Test Cases and conducted UAT to test the final application for usability, to verify all the user requirements were satisfied. ; 
*    Communicated with the developers and QA's, and referred to HIPAA guidelines to ensure that the system complies with the HIPAA guidelines ; 
*    Involved in training and rolling out user guide to help end users better navigate the newly developed application.

Environment: Lotus Notes, MS Office, ASP.NET, Rational Requisite Pro, and Oracle 9i/10 g, Waterfall.</Description>
<StartDate id='128_3_1'><YearMonth>2009-02</YearMonth></StartDate>
<EndDate id='128_3_2'><YearMonth>2009-12</YearMonth></EndDate>




<JobCategory>
<TaxonomyName>JOBAREA</TaxonomyName>
<CategoryCode>it</CategoryCode>
</JobCategory>


<UserArea>
<DaxPositionHistoryUserArea>
<TLSPAN first_id='128' last_id='143' border_id='144'></TLSPAN>
<MonthsOfWork>11</MonthsOfWork>
</DaxPositionHistoryUserArea>
</UserArea>
</PositionHistory>
</EmployerOrg>

<EmployerOrg employerOrgType='soleEmployer'>
<EmployerOrgName id='144_1'>American Express</EmployerOrgName>
<EmployerContactInfo>
<LocationSummary id='144_2'>
<Region>AZ</Region>
</LocationSummary>
</EmployerContactInfo>
<PositionHistory positionType='PERMANENT'>
<Title id='144_4_1'>Business Analyst</Title>
<OrgName id='144_1'>American Express</OrgName>



<Description>Assisted in implementing the new web-portal, which was a vital marketing tool to give customers a rich and satisfying experience. Helped integrating the website with the encompass mortgage automation system. The new system enabled the users to view details of current balances, loan history, tax, interest information, and order mortgage documents online.

Responsibilities:
    *    Gathered and documented the requirements that are critical to the business mission and using those requirements to design application software using a Use Case. ; 
    *    Analyzed business lines on a macro level utilizing multiple information sources (primary and secondary) to provide actionable consumer and business insights. ; 
    *    Created Use case and Activity diagrams using MS Visio to give web developers a better idea of the application design. ; 
    *    Conducted JAD Sessions to allow different stakeholders to communicate their perspectives with each other, resolve any issues and come to an agreement quickly. ; 
    *    Liaised with Project Management/development/QA Teams to employ Software Development Life Cycle (SDLC) Methodologies for IT systems requirements. ; 
    *    Liaised with QA team members in developing and executing Test Cases and Test plans, as needed. ; 
    *    Conducted GAP and SWOT analysis.

Environment: Windows 2000/XP, MS SQL Server, VB 6.0, Clear Quest, MS Office, MS Visio</Description>
<StartDate id='144_3_1'><YearMonth>2007-04</YearMonth></StartDate>
<EndDate id='144_3_2'><YearMonth>2009-01</YearMonth></EndDate>




<JobCategory>
<TaxonomyName>JOBAREA</TaxonomyName>
<CategoryCode>it</CategoryCode>
</JobCategory>


<UserArea>
<DaxPositionHistoryUserArea>
<TLSPAN first_id='144' last_id='161' border_id='162'></TLSPAN>
<MonthsOfWork>22</MonthsOfWork>
</DaxPositionHistoryUserArea>
</UserArea>
</PositionHistory>
</EmployerOrg>

<EmployerOrg employerOrgType='soleEmployer'>
<EmployerOrgName id='162_1'>Development Bank Ltd</EmployerOrgName>

<PositionHistory positionType='PERMANENT'>
<Title id='162_4_1'>Business Analyst</Title>
<OrgName id='162_1'>Development Bank Ltd</OrgName>

<OrgIndustry primaryIndicator='true'><IndustryDescription>banking services</IndustryDescription></OrgIndustry>

<Description>I-Banking Project. The project was to upgrade available services so as to provide a comprehensive range of online banking services to their clients. The new services were to provide online functionality like account information and balances bill payments fund transfer deposits and recurring payments and check management. This project was completed with the use of on-line-multi-user banking system PumariPlus .

Responsibilities:
    *    Responsible for gathering requirements and specifications, identifying the resources and implementation of the project. ; 
    *    Implemented and followed the Waterfall Methodology through the SDLC while working with multi-functional teams in gathering and analyzing the business requirements and convert it to the FRD and created business process models from the requirements specification. ; 
    *    Site Survey and prepare site survey report ; 
    *    Involved in system modeling using UML. ; 
    *    Created Use Cases Diagrams, Sequence Diagrams and business process models. ; 
    *    Translated Financial Spreadsheets into process flow diagrams. . ; 
    *    Responsible for defining the application tiers, frameworks, components types and interfaces. ; 
    *    Involved in performance measurement of ongoing data collection to determine if a program is implementing activities and achieving objectives. ; 
    *    Involved in Design of Database and models for the Web Application. ; 
    *    Conducted requirement workshops among all project stakeholders to verify and validate the business requirements in UI designs. ; 
    *    Developed Test Plan, Test Cases, Test Scenario and Expected Test Result and assisted QA test in verifying the implementation of all features.

Environment: UML, Rational Rose, MS-Visio, Microsoft Office suite, Windows 2000</Description>
<StartDate id='162_3_1'><YearMonth>2005-03</YearMonth></StartDate>
<EndDate id='162_3_2'><YearMonth>2007-02</YearMonth></EndDate>




<JobCategory>
<TaxonomyName>JOBAREA</TaxonomyName>
<CategoryCode>it</CategoryCode>
</JobCategory>


<UserArea>
<DaxPositionHistoryUserArea>
<TLSPAN first_id='162' last_id='176' border_id='0'></TLSPAN>
<MonthsOfWork>24</MonthsOfWork>
</DaxPositionHistoryUserArea>
</UserArea>
</PositionHistory>
</EmployerOrg>

</EmploymentHistory>
<EducationHistory>
<SchoolOrInstitution schoolType='university'>
<SchoolName id='67_2'>North Dakota State University</SchoolName>
<LocationSummary id='67_3'>
<CountryCode>US</CountryCode>
</LocationSummary>


<Degree degreeType='bachelors'>
<DegreeName id='67_1'>Bachelor of Science</DegreeName>

</Degree>





</SchoolOrInstitution>

</EducationHistory>











<Competency oids='29 38 40 59 87 101 116 149 161 174 ' description='Skill > IT' auth='yes' name='Microsoft Visio'>
<CompetencyEvidence name='Extent of Experience' typeDescription='Extent of Experience' type='MONTH' lastUsed='2013'><NumericValue description='MONTH'>89</NumericValue></CompetencyEvidence>

<CompetencyEvidence typeDescription='Alias' name='Alias'><StringValue>MS Visio</StringValue></CompetencyEvidence>

<CompetencyWeight type='skillLevel'><NumericValue minValue='0' maxValue='100'>95</NumericValue></CompetencyWeight>

<CompetencyWeight type='skillProficiency'><StringValue minValue='BASIC' maxValue='EXCELLENT'>EXCELLENT</StringValue></CompetencyWeight>
</Competency>

<Competency oids='13 14 50 51 57 62 81 82 121 ' description='Skill > IT' auth='yes' name='RUP'>
<CompetencyEvidence name='Extent of Experience' typeDescription='Extent of Experience' type='MONTH' lastUsed='2013'><NumericValue description='MONTH'>43</NumericValue></CompetencyEvidence>

<CompetencyEvidence typeDescription='Alias' name='Alias'><StringValue>good knowledge of RUP</StringValue></CompetencyEvidence>

<CompetencyEvidence typeDescription='Alias' name='Alias'><StringValue>(Rational Unified Process)</StringValue></CompetencyEvidence>

<CompetencyEvidence typeDescription='Alias' name='Alias'><StringValue>Rational Unified Process</StringValue></CompetencyEvidence>

<CompetencyEvidence typeDescription='Alias' name='Alias'><StringValue>(RUP)</StringValue></CompetencyEvidence>

<CompetencyWeight type='skillLevel'><NumericValue minValue='0' maxValue='100'>68</NumericValue></CompetencyWeight>

<CompetencyWeight type='skillProficiency'><StringValue minValue='BASIC' maxValue='EXCELLENT'>GOOD</StringValue></CompetencyWeight>
</Competency>

<Competency oids='26 49 65 83 125 168 172 ' description='Skill > IT' auth='yes' name='UML/OMT'>
<CompetencyEvidence name='Extent of Experience' typeDescription='Extent of Experience' type='MONTH' lastUsed='2013'><NumericValue description='MONTH'>67</NumericValue></CompetencyEvidence>

<CompetencyEvidence typeDescription='Alias' name='Alias'><StringValue>UML methodology</StringValue></CompetencyEvidence>

<CompetencyEvidence typeDescription='Alias' name='Alias'><StringValue>Unified Modeling Language (UML)</StringValue></CompetencyEvidence>

<CompetencyEvidence typeDescription='Alias' name='Alias'><StringValue>UML</StringValue></CompetencyEvidence>

<CompetencyWeight type='skillLevel'><NumericValue minValue='0' maxValue='100'>95</NumericValue></CompetencyWeight>

<CompetencyWeight type='skillProficiency'><StringValue minValue='BASIC' maxValue='EXCELLENT'>EXCELLENT</StringValue></CompetencyWeight>
</Competency>

<Competency oids='21 96 98 105 107 108 136 ' description='Skill > IT' auth='yes' name='EDI'>
<CompetencyEvidence name='Extent of Experience' typeDescription='Extent of Experience' type='MONTH' lastUsed='2011'><NumericValue description='MONTH'>32</NumericValue></CompetencyEvidence>

<CompetencyEvidence typeDescription='Alias' name='Alias'><StringValue>Electronic Data Interchange</StringValue></CompetencyEvidence>

<CompetencyEvidence typeDescription='Alias' name='Alias'><StringValue>(EDI)</StringValue></CompetencyEvidence>

<CompetencyWeight type='skillLevel'><NumericValue minValue='0' maxValue='100'>71</NumericValue></CompetencyWeight>

<CompetencyWeight type='skillProficiency'><StringValue minValue='BASIC' maxValue='EXCELLENT'>GOOD</StringValue></CompetencyWeight>
</Competency>

<Competency oids='28 41 52 56 119 173 ' description='Skill > IT' auth='yes' name='Rational Rose'>
<CompetencyEvidence name='Extent of Experience' typeDescription='Extent of Experience' type='MONTH' lastUsed='2011'><NumericValue description='MONTH'>45</NumericValue></CompetencyEvidence>

<CompetencyWeight type='skillLevel'><NumericValue minValue='0' maxValue='100'>68</NumericValue></CompetencyWeight>

<CompetencyWeight type='skillProficiency'><StringValue minValue='BASIC' maxValue='EXCELLENT'>GOOD</StringValue></CompetencyWeight>
</Competency>

<Competency oids='6 12 61 153 167 ' description='Skill > IT' auth='yes' name='SDLC'>
<CompetencyEvidence name='Extent of Experience' typeDescription='Extent of Experience' type='MONTH' lastUsed='2009'><NumericValue description='MONTH'>46</NumericValue></CompetencyEvidence>

<CompetencyEvidence typeDescription='Alias' name='Alias'><StringValue>(SDLC)</StringValue></CompetencyEvidence>

<CompetencyWeight type='skillLevel'><NumericValue minValue='0' maxValue='100'>51</NumericValue></CompetencyWeight>

<CompetencyWeight type='skillProficiency'><StringValue minValue='BASIC' maxValue='EXCELLENT'>WORKING</StringValue></CompetencyWeight>
</Competency>

<Competency oids='42 53 55 120 140 ' description='Skill > IT' auth='yes' name='Rational RequisitePro'>
<CompetencyEvidence name='Extent of Experience' typeDescription='Extent of Experience' type='MONTH' lastUsed='2011'><NumericValue description='MONTH'>32</NumericValue></CompetencyEvidence>

<CompetencyEvidence typeDescription='Alias' name='Alias'><StringValue>Requisite Pro</StringValue></CompetencyEvidence>

<CompetencyWeight type='skillLevel'><NumericValue minValue='0' maxValue='100'>67</NumericValue></CompetencyWeight>

<CompetencyWeight type='skillProficiency'><StringValue minValue='BASIC' maxValue='EXCELLENT'>GOOD</StringValue></CompetencyWeight>
</Competency>

<Competency oids='124 138 160 175 ' description='Skill > IT' auth='yes' name='Microsoft Office'>
<CompetencyEvidence name='Extent of Experience' typeDescription='Extent of Experience' type='MONTH' lastUsed='2011'><NumericValue description='MONTH'>78</NumericValue></CompetencyEvidence>

<CompetencyEvidence typeDescription='Alias' name='Alias'><StringValue>MSOffice2000</StringValue></CompetencyEvidence>

<CompetencyEvidence typeDescription='Alias' name='Alias'><StringValue>MS Office</StringValue></CompetencyEvidence>

<CompetencyEvidence typeDescription='Alias' name='Alias'><StringValue>Microsoft Office suite</StringValue></CompetencyEvidence>

<CompetencyWeight type='skillLevel'><NumericValue minValue='0' maxValue='100'>68</NumericValue></CompetencyWeight>

<CompetencyWeight type='skillProficiency'><StringValue minValue='BASIC' maxValue='EXCELLENT'>GOOD</StringValue></CompetencyWeight>
</Competency>

<Competency oids='17 78 133 150 ' description='Skill > IT' auth='yes' name='JAD'>
<CompetencyEvidence name='Extent of Experience' typeDescription='Extent of Experience' type='MONTH' lastUsed='2013'><NumericValue description='MONTH'>55</NumericValue></CompetencyEvidence>

<CompetencyWeight type='skillLevel'><NumericValue minValue='0' maxValue='100'>95</NumericValue></CompetencyWeight>

<CompetencyWeight type='skillProficiency'><StringValue minValue='BASIC' maxValue='EXCELLENT'>EXCELLENT</StringValue></CompetencyWeight>
</Competency>

<Competency oids='11 80 152 ' description='Skill > IT' auth='yes' name='Software Development Life Cycle'>
<CompetencyEvidence name='Extent of Experience' typeDescription='Extent of Experience' type='MONTH' lastUsed='2013'><NumericValue description='MONTH'>44</NumericValue></CompetencyEvidence>

<CompetencyWeight type='skillLevel'><NumericValue minValue='0' maxValue='100'>95</NumericValue></CompetencyWeight>

<CompetencyWeight type='skillProficiency'><StringValue minValue='BASIC' maxValue='EXCELLENT'>EXCELLENT</StringValue></CompetencyWeight>
</Competency>

<Competency oids='36 39 86 ' description='Skill > IT' auth='yes' name='Microsoft Excel'>
<CompetencyEvidence name='Extent of Experience' typeDescription='Extent of Experience' type='MONTH' lastUsed='2013'><NumericValue description='MONTH'>22</NumericValue></CompetencyEvidence>

<CompetencyEvidence typeDescription='Alias' name='Alias'><StringValue>MS-Excel</StringValue></CompetencyEvidence>

<CompetencyEvidence typeDescription='Alias' name='Alias'><StringValue>Excel</StringValue></CompetencyEvidence>

<CompetencyWeight type='skillLevel'><NumericValue minValue='0' maxValue='100'>92</NumericValue></CompetencyWeight>

<CompetencyWeight type='skillProficiency'><StringValue minValue='BASIC' maxValue='EXCELLENT'>EXCELLENT</StringValue></CompetencyWeight>
</Competency>

<Competency oids='25 115 148 ' description='Skill > IT' auth='yes' name='Activity Diagrams'>
<CompetencyEvidence name='Extent of Experience' typeDescription='Extent of Experience' type='MONTH' lastUsed='2011'><NumericValue description='MONTH'>43</NumericValue></CompetencyEvidence>

<CompetencyWeight type='skillLevel'><NumericValue minValue='0' maxValue='100'>68</NumericValue></CompetencyWeight>

<CompetencyWeight type='skillProficiency'><StringValue minValue='BASIC' maxValue='EXCELLENT'>GOOD</StringValue></CompetencyWeight>
</Competency>

<Competency oids='7 166 ' description='Skill > IT' auth='yes' name='Waterfall Methodology'>
<CompetencyEvidence name='Extent of Experience' typeDescription='Extent of Experience' type='MONTH' lastUsed='2007'><NumericValue description='MONTH'>24</NumericValue></CompetencyEvidence>

<CompetencyEvidence typeDescription='Alias' name='Alias'><StringValue>Knowledge of Waterfall Methodology</StringValue></CompetencyEvidence>

<CompetencyWeight type='skillLevel'><NumericValue minValue='0' maxValue='100'>68</NumericValue></CompetencyWeight>

<CompetencyWeight type='skillProficiency'><StringValue minValue='BASIC' maxValue='EXCELLENT'>GOOD</StringValue></CompetencyWeight>
</Competency>

<Competency oids='79 154 ' description='Skill' auth='no' name='SWOT analysis'>
<CompetencyEvidence name='Extent of Experience' typeDescription='Extent of Experience' type='MONTH' lastUsed='2013'><NumericValue description='MONTH'>44</NumericValue></CompetencyEvidence>

<CompetencyWeight type='skillLevel'><NumericValue minValue='0' maxValue='100'>95</NumericValue></CompetencyWeight>

<CompetencyWeight type='skillProficiency'><StringValue minValue='BASIC' maxValue='EXCELLENT'>EXCELLENT</StringValue></CompetencyWeight>
</Competency>

<Competency oids='9 10 ' description='Skill > IT' auth='yes' name='Rapid Application Development RAD'>
<CompetencyEvidence typeDescription='Alias' name='Alias'><StringValue>Rapid Application Development</StringValue></CompetencyEvidence>

<CompetencyEvidence typeDescription='Alias' name='Alias'><StringValue>(RAD)</StringValue></CompetencyEvidence>

<CompetencyWeight type='skillLevel'><NumericValue minValue='0' maxValue='100'>13</NumericValue></CompetencyWeight>
</Competency>

<Competency oids='15 16 ' description='Skill > IT' auth='yes' name='Quality Assurance'>
<CompetencyEvidence typeDescription='Alias' name='Alias'><StringValue>(QA)</StringValue></CompetencyEvidence>

<CompetencyWeight type='skillLevel'><NumericValue minValue='0' maxValue='100'>13</NumericValue></CompetencyWeight>
</Competency>

<Competency oids='30 46 ' description='Skill' auth='yes' name='Project Management'>
<CompetencyWeight type='skillLevel'><NumericValue minValue='0' maxValue='100'>13</NumericValue></CompetencyWeight>
</Competency>

<Competency oids='90 141 ' description='Skill > IT' auth='yes' name='Oracle'>
<CompetencyEvidence name='Extent of Experience' typeDescription='Extent of Experience' type='MONTH' lastUsed='2013'><NumericValue description='MONTH'>33</NumericValue></CompetencyEvidence>

<CompetencyWeight type='skillLevel'><NumericValue minValue='0' maxValue='100'>94</NumericValue></CompetencyWeight>

<CompetencyWeight type='skillProficiency'><StringValue minValue='BASIC' maxValue='EXCELLENT'>EXCELLENT</StringValue></CompetencyWeight>
</Competency>

<Competency oids='47 48 ' description='Skill > IT' auth='yes' name='Object Oriented Analysis/Design'>
<CompetencyEvidence name='Application' typeDescription='Application' type='Design'><StringValue>Design</StringValue></CompetencyEvidence>

<CompetencyEvidence typeDescription='Alias' name='Alias'><StringValue>Object Oriented Analysis</StringValue></CompetencyEvidence>

<CompetencyEvidence typeDescription='Alias' name='Alias'><StringValue>Design (OOAD)</StringValue></CompetencyEvidence>

<CompetencyWeight type='skillLevel'><NumericValue minValue='0' maxValue='100'>13</NumericValue></CompetencyWeight>
</Competency>

<Competency oids='34 85 ' description='Skill > IT' auth='yes' name='Microsoft Word'>
<CompetencyEvidence name='Extent of Experience' typeDescription='Extent of Experience' type='MONTH' lastUsed='2013'><NumericValue description='MONTH'>22</NumericValue></CompetencyEvidence>

<CompetencyEvidence typeDescription='Alias' name='Alias'><StringValue>MS-Word</StringValue></CompetencyEvidence>

<CompetencyWeight type='skillLevel'><NumericValue minValue='0' maxValue='100'>92</NumericValue></CompetencyWeight>

<CompetencyWeight type='skillProficiency'><StringValue minValue='BASIC' maxValue='EXCELLENT'>EXCELLENT</StringValue></CompetencyWeight>
</Competency>

<Competency oids='155 176 ' description='Skill > IT' auth='yes' name='Microsoft Windows 2000 Professional'>
<CompetencyEvidence name='Extent of Experience' typeDescription='Extent of Experience' type='MONTH' lastUsed='2009'><NumericValue description='MONTH'>46</NumericValue></CompetencyEvidence>

<CompetencyEvidence typeDescription='Alias' name='Alias'><StringValue>Windows 2000</StringValue></CompetencyEvidence>

<CompetencyWeight type='skillLevel'><NumericValue minValue='0' maxValue='100'>51</NumericValue></CompetencyWeight>

<CompetencyWeight type='skillProficiency'><StringValue minValue='BASIC' maxValue='EXCELLENT'>WORKING</StringValue></CompetencyWeight>
</Competency>

<Competency oids='35 88 ' description='Skill > IT' auth='yes' name='Microsoft PowerPoint'>
<CompetencyEvidence name='Extent of Experience' typeDescription='Extent of Experience' type='MONTH' lastUsed='2013'><NumericValue description='MONTH'>22</NumericValue></CompetencyEvidence>

<CompetencyEvidence typeDescription='Alias' name='Alias'><StringValue>MS-PowerPoint</StringValue></CompetencyEvidence>

<CompetencyWeight type='skillLevel'><NumericValue minValue='0' maxValue='100'>92</NumericValue></CompetencyWeight>

<CompetencyWeight type='skillProficiency'><StringValue minValue='BASIC' maxValue='EXCELLENT'>EXCELLENT</StringValue></CompetencyWeight>
</Competency>

<Competency oids='31 ' description='Skill' auth='no' name='system analysis'>
<CompetencyWeight type='skillLevel'><NumericValue minValue='0' maxValue='100'>13</NumericValue></CompetencyWeight>
</Competency>

<Competency oids='145 ' description='Skill' auth='no' name='satisfying experience'>
<CompetencyEvidence name='Extent of Experience' typeDescription='Extent of Experience' type='MONTH' lastUsed='2009'><NumericValue description='MONTH'>22</NumericValue></CompetencyEvidence>

<CompetencyWeight type='skillLevel'><NumericValue minValue='0' maxValue='100'>52</NumericValue></CompetencyWeight>

<CompetencyWeight type='skillProficiency'><StringValue minValue='BASIC' maxValue='EXCELLENT'>WORKING</StringValue></CompetencyWeight>
</Competency>

<Competency oids='24 ' description='Skill' auth='no' name='preliminary design'>
<CompetencyWeight type='skillLevel'><NumericValue minValue='0' maxValue='100'>13</NumericValue></CompetencyWeight>
</Competency>

<Competency oids='110 ' description='Skill' auth='no' name='operational implementation'>
<CompetencyEvidence name='Extent of Experience' typeDescription='Extent of Experience' type='MONTH' lastUsed='2011'><NumericValue description='MONTH'>21</NumericValue></CompetencyEvidence>

<CompetencyWeight type='skillLevel'><NumericValue minValue='0' maxValue='100'>65</NumericValue></CompetencyWeight>

<CompetencyWeight type='skillProficiency'><StringValue minValue='BASIC' maxValue='EXCELLENT'>GOOD</StringValue></CompetencyWeight>
</Competency>

<Competency oids='134 ' description='Skill' auth='no' name='document analysis'>
<CompetencyEvidence name='Extent of Experience' typeDescription='Extent of Experience' type='MONTH' lastUsed='2009'><NumericValue description='MONTH'>11</NumericValue></CompetencyEvidence>

<CompetencyWeight type='skillLevel'><NumericValue minValue='0' maxValue='100'>45</NumericValue></CompetencyWeight>

<CompetencyWeight type='skillProficiency'><StringValue minValue='BASIC' maxValue='EXCELLENT'>WORKING</StringValue></CompetencyWeight>
</Competency>

<Competency oids='100 ' description='Skill' auth='no' name='day EDI translator support'>
<CompetencyEvidence name='Extent of Experience' typeDescription='Extent of Experience' type='MONTH' lastUsed='2011'><NumericValue description='MONTH'>21</NumericValue></CompetencyEvidence>

<CompetencyWeight type='skillLevel'><NumericValue minValue='0' maxValue='100'>68</NumericValue></CompetencyWeight>

<CompetencyWeight type='skillProficiency'><StringValue minValue='BASIC' maxValue='EXCELLENT'>GOOD</StringValue></CompetencyWeight>
</Competency>

<Competency oids='130 ' description='Skill' auth='no' name='customer support'>
<CompetencyEvidence name='Extent of Experience' typeDescription='Extent of Experience' type='MONTH' lastUsed='2009'><NumericValue description='MONTH'>11</NumericValue></CompetencyEvidence>

<CompetencyWeight type='skillLevel'><NumericValue minValue='0' maxValue='100'>48</NumericValue></CompetencyWeight>

<CompetencyWeight type='skillProficiency'><StringValue minValue='BASIC' maxValue='EXCELLENT'>WORKING</StringValue></CompetencyWeight>
</Competency>

<Competency oids='109 ' description='Skill' auth='no' name='configuration'>
<CompetencyEvidence name='Extent of Experience' typeDescription='Extent of Experience' type='MONTH' lastUsed='2011'><NumericValue description='MONTH'>21</NumericValue></CompetencyEvidence>

<CompetencyEvidence typeDescription='Alias' name='Alias'><StringValue>configuration,</StringValue></CompetencyEvidence>

<CompetencyWeight type='skillLevel'><NumericValue minValue='0' maxValue='100'>65</NumericValue></CompetencyWeight>

<CompetencyWeight type='skillProficiency'><StringValue minValue='BASIC' maxValue='EXCELLENT'>GOOD</StringValue></CompetencyWeight>
</Competency>

<Competency oids='164 ' description='Skill' auth='no' name='check management'>
<CompetencyEvidence name='Extent of Experience' typeDescription='Extent of Experience' type='MONTH' lastUsed='2007'><NumericValue description='MONTH'>24</NumericValue></CompetencyEvidence>

<CompetencyWeight type='skillLevel'><NumericValue minValue='0' maxValue='100'>25</NumericValue></CompetencyWeight>

<CompetencyWeight type='skillProficiency'><StringValue minValue='BASIC' maxValue='EXCELLENT'>BASIC</StringValue></CompetencyWeight>
</Competency>

<Competency oids='70 ' description='Skill > IT' auth='yes' name='Web Portal Application'>
<CompetencyEvidence name='Extent of Experience' typeDescription='Extent of Experience' type='MONTH' lastUsed='2013'><NumericValue description='MONTH'>22</NumericValue></CompetencyEvidence>

<CompetencyWeight type='skillLevel'><NumericValue minValue='0' maxValue='100'>97</NumericValue></CompetencyWeight>

<CompetencyWeight type='skillProficiency'><StringValue minValue='BASIC' maxValue='EXCELLENT'>EXCELLENT</StringValue></CompetencyWeight>
</Competency>

<Competency oids='158 ' description='Skill > IT' auth='yes' name='Visual Basic'>
<CompetencyEvidence name='Extent of Experience' typeDescription='Extent of Experience' type='MONTH' lastUsed='2009'><NumericValue description='MONTH'>22</NumericValue></CompetencyEvidence>

<CompetencyEvidence typeDescription='Alias' name='Alias'><StringValue>VB 6.0 6.0</StringValue></CompetencyEvidence>

<CompetencyWeight type='skillLevel'><NumericValue minValue='0' maxValue='100'>48</NumericValue></CompetencyWeight>

<CompetencyWeight type='skillProficiency'><StringValue minValue='BASIC' maxValue='EXCELLENT'>WORKING</StringValue></CompetencyWeight>
</Competency>

<Competency oids='19 ' description='Skill' auth='yes' name='User Acceptance Testing'>
<CompetencyWeight type='skillLevel'><NumericValue minValue='0' maxValue='100'>13</NumericValue></CompetencyWeight>
</Competency>

<Competency oids='64 ' description='Skill > IT' auth='no' name='Use Cases'>
<CompetencyWeight type='skillLevel'><NumericValue minValue='0' maxValue='100'>13</NumericValue></CompetencyWeight>
</Competency>

<Competency oids='76 ' description='Skill' auth='no' name='Trading Partner Specific Testing'>
<CompetencyEvidence name='Extent of Experience' typeDescription='Extent of Experience' type='MONTH' lastUsed='2013'><NumericValue description='MONTH'>22</NumericValue></CompetencyEvidence>

<CompetencyWeight type='skillLevel'><NumericValue minValue='0' maxValue='100'>94</NumericValue></CompetencyWeight>

<CompetencyWeight type='skillProficiency'><StringValue minValue='BASIC' maxValue='EXCELLENT'>EXCELLENT</StringValue></CompetencyWeight>
</Competency>

<Competency oids='147 ' description='Skill' auth='yes' name='Taxation'>
<CompetencyEvidence name='Extent of Experience' typeDescription='Extent of Experience' type='MONTH' lastUsed='2009'><NumericValue description='MONTH'>22</NumericValue></CompetencyEvidence>

<CompetencyEvidence typeDescription='Alias' name='Alias'><StringValue>tax</StringValue></CompetencyEvidence>

<CompetencyWeight type='skillLevel'><NumericValue minValue='0' maxValue='100'>51</NumericValue></CompetencyWeight>

<CompetencyWeight type='skillProficiency'><StringValue minValue='BASIC' maxValue='EXCELLENT'>WORKING</StringValue></CompetencyWeight>
</Competency>

<Competency oids='75 ' description='Skill' auth='no' name='Specialty Testing'>
<CompetencyEvidence name='Extent of Experience' typeDescription='Extent of Experience' type='MONTH' lastUsed='2013'><NumericValue description='MONTH'>22</NumericValue></CompetencyEvidence>

<CompetencyWeight type='skillLevel'><NumericValue minValue='0' maxValue='100'>94</NumericValue></CompetencyWeight>

<CompetencyWeight type='skillProficiency'><StringValue minValue='BASIC' maxValue='EXCELLENT'>EXCELLENT</StringValue></CompetencyWeight>
</Competency>

<Competency oids='44 ' description='Skill > IT' auth='yes' name='SnagIt'>
<CompetencyWeight type='skillLevel'><NumericValue minValue='0' maxValue='100'>13</NumericValue></CompetencyWeight>
</Competency>

<Competency oids='63 ' description='Skill > IT' auth='yes' name='Scrum Methodology'>
<CompetencyEvidence typeDescription='Alias' name='Alias'><StringValue>Scrum</StringValue></CompetencyEvidence>

<CompetencyWeight type='skillLevel'><NumericValue minValue='0' maxValue='100'>13</NumericValue></CompetencyWeight>
</Competency>

<Competency oids='91 ' description='Skill > IT' auth='yes' name='SQL'>
<CompetencyEvidence name='Extent of Experience' typeDescription='Extent of Experience' type='MONTH' lastUsed='2013'><NumericValue description='MONTH'>22</NumericValue></CompetencyEvidence>

<CompetencyWeight type='skillLevel'><NumericValue minValue='0' maxValue='100'>92</NumericValue></CompetencyWeight>

<CompetencyWeight type='skillProficiency'><StringValue minValue='BASIC' maxValue='EXCELLENT'>EXCELLENT</StringValue></CompetencyWeight>
</Competency>

<Competency oids='77 ' description='Skill' auth='no' name='Responsible for meeting'>
<CompetencyEvidence name='Extent of Experience' typeDescription='Extent of Experience' type='MONTH' lastUsed='2013'><NumericValue description='MONTH'>22</NumericValue></CompetencyEvidence>

<CompetencyWeight type='skillLevel'><NumericValue minValue='0' maxValue='100'>93</NumericValue></CompetencyWeight>

<CompetencyWeight type='skillProficiency'><StringValue minValue='BASIC' maxValue='EXCELLENT'>EXCELLENT</StringValue></CompetencyWeight>
</Competency>

<Competency oids='165 ' description='Skill' auth='no' name='Responsible for gathering requirements'>
<CompetencyEvidence name='Extent of Experience' typeDescription='Extent of Experience' type='MONTH' lastUsed='2007'><NumericValue description='MONTH'>24</NumericValue></CompetencyEvidence>

<CompetencyWeight type='skillLevel'><NumericValue minValue='0' maxValue='100'>25</NumericValue></CompetencyWeight>

<CompetencyWeight type='skillProficiency'><StringValue minValue='BASIC' maxValue='EXCELLENT'>BASIC</StringValue></CompetencyWeight>
</Competency>

<Competency oids='32 ' description='Skill' auth='yes' name='Requirements Gathering'>
<CompetencyWeight type='skillLevel'><NumericValue minValue='0' maxValue='100'>13</NumericValue></CompetencyWeight>
</Competency>

<Competency oids='54 ' description='Skill > IT' auth='yes' name='Rational Suite'>
<CompetencyWeight type='skillLevel'><NumericValue minValue='0' maxValue='100'>13</NumericValue></CompetencyWeight>
</Competency>

<Competency oids='159 ' description='Skill > IT' auth='yes' name='Rational ClearQuest'>
<CompetencyEvidence name='Extent of Experience' typeDescription='Extent of Experience' type='MONTH' lastUsed='2009'><NumericValue description='MONTH'>22</NumericValue></CompetencyEvidence>

<CompetencyEvidence typeDescription='Alias' name='Alias'><StringValue>Clear Quest</StringValue></CompetencyEvidence>

<CompetencyWeight type='skillLevel'><NumericValue minValue='0' maxValue='100'>48</NumericValue></CompetencyWeight>

<CompetencyWeight type='skillProficiency'><StringValue minValue='BASIC' maxValue='EXCELLENT'>WORKING</StringValue></CompetencyWeight>
</Competency>

<Competency oids='112 ' description='Skill' auth='yes' name='Process Improvement'>
<CompetencyEvidence name='Extent of Experience' typeDescription='Extent of Experience' type='MONTH' lastUsed='2011'><NumericValue description='MONTH'>21</NumericValue></CompetencyEvidence>

<CompetencyEvidence typeDescription='Alias' name='Alias'><StringValue>process improvements</StringValue></CompetencyEvidence>

<CompetencyWeight type='skillLevel'><NumericValue minValue='0' maxValue='100'>65</NumericValue></CompetencyWeight>

<CompetencyWeight type='skillProficiency'><StringValue minValue='BASIC' maxValue='EXCELLENT'>GOOD</StringValue></CompetencyWeight>
</Competency>

<Competency oids='169 ' description='Skill' auth='yes' name='Process Flow Diagrams'>
<CompetencyEvidence name='Extent of Experience' typeDescription='Extent of Experience' type='MONTH' lastUsed='2007'><NumericValue description='MONTH'>24</NumericValue></CompetencyEvidence>

<CompetencyWeight type='skillLevel'><NumericValue minValue='0' maxValue='100'>22</NumericValue></CompetencyWeight>

<CompetencyWeight type='skillProficiency'><StringValue minValue='BASIC' maxValue='EXCELLENT'>BASIC</StringValue></CompetencyWeight>
</Competency>

<Competency oids='126 ' description='Skill > IT' auth='yes' name='Perl Programming'>
<CompetencyEvidence name='Extent of Experience' typeDescription='Extent of Experience' type='MONTH' lastUsed='2011'><NumericValue description='MONTH'>21</NumericValue></CompetencyEvidence>

<CompetencyEvidence typeDescription='Alias' name='Alias'><StringValue>Perl</StringValue></CompetencyEvidence>

<CompetencyWeight type='skillLevel'><NumericValue minValue='0' maxValue='100'>65</NumericValue></CompetencyWeight>

<CompetencyWeight type='skillProficiency'><StringValue minValue='BASIC' maxValue='EXCELLENT'>GOOD</StringValue></CompetencyWeight>
</Competency>

<Competency oids='104 ' description='Skill' auth='no' name='Performed technical analysis'>
<CompetencyEvidence name='Extent of Experience' typeDescription='Extent of Experience' type='MONTH' lastUsed='2011'><NumericValue description='MONTH'>21</NumericValue></CompetencyEvidence>

<CompetencyWeight type='skillLevel'><NumericValue minValue='0' maxValue='100'>65</NumericValue></CompetencyWeight>

<CompetencyWeight type='skillProficiency'><StringValue minValue='BASIC' maxValue='EXCELLENT'>GOOD</StringValue></CompetencyWeight>
</Competency>

<Competency oids='102 ' description='Skill' auth='no' name='Performed gap analysis'>
<CompetencyEvidence name='Extent of Experience' typeDescription='Extent of Experience' type='MONTH' lastUsed='2011'><NumericValue description='MONTH'>21</NumericValue></CompetencyEvidence>

<CompetencyWeight type='skillLevel'><NumericValue minValue='0' maxValue='100'>66</NumericValue></CompetencyWeight>

<CompetencyWeight type='skillProficiency'><StringValue minValue='BASIC' maxValue='EXCELLENT'>GOOD</StringValue></CompetencyWeight>
</Competency>

<Competency oids='142 ' description='Skill > IT' auth='yes' name='Oracle 9i'>
<CompetencyEvidence name='Extent of Experience' typeDescription='Extent of Experience' type='MONTH' lastUsed='2009'><NumericValue description='MONTH'>11</NumericValue></CompetencyEvidence>

<CompetencyEvidence typeDescription='Alias' name='Alias'><StringValue>9i 9i</StringValue></CompetencyEvidence>

<CompetencyWeight type='skillLevel'><NumericValue minValue='0' maxValue='100'>45</NumericValue></CompetencyWeight>

<CompetencyWeight type='skillProficiency'><StringValue minValue='BASIC' maxValue='EXCELLENT'>WORKING</StringValue></CompetencyWeight>
</Competency>

<Competency oids='143 ' description='Skill > IT' auth='yes' name='Oracle 10G'>
<CompetencyEvidence name='Extent of Experience' typeDescription='Extent of Experience' type='MONTH' lastUsed='2009'><NumericValue description='MONTH'>11</NumericValue></CompetencyEvidence>

<CompetencyEvidence typeDescription='Alias' name='Alias'><StringValue>10 g 10 g</StringValue></CompetencyEvidence>

<CompetencyWeight type='skillLevel'><NumericValue minValue='0' maxValue='100'>45</NumericValue></CompetencyWeight>

<CompetencyWeight type='skillProficiency'><StringValue minValue='BASIC' maxValue='EXCELLENT'>WORKING</StringValue></CompetencyWeight>
</Competency>

<Competency oids='156 ' description='Skill > IT' auth='yes' name='Microsoft Windows XP'>
<CompetencyEvidence name='Extent of Experience' typeDescription='Extent of Experience' type='MONTH' lastUsed='2009'><NumericValue description='MONTH'>22</NumericValue></CompetencyEvidence>

<CompetencyEvidence typeDescription='Alias' name='Alias'><StringValue>XP</StringValue></CompetencyEvidence>

<CompetencyWeight type='skillLevel'><NumericValue minValue='0' maxValue='100'>48</NumericValue></CompetencyWeight>

<CompetencyWeight type='skillProficiency'><StringValue minValue='BASIC' maxValue='EXCELLENT'>WORKING</StringValue></CompetencyWeight>
</Competency>

<Competency oids='157 ' description='Skill > IT' auth='yes' name='Microsoft SQL Server'>
<CompetencyEvidence name='Extent of Experience' typeDescription='Extent of Experience' type='MONTH' lastUsed='2009'><NumericValue description='MONTH'>22</NumericValue></CompetencyEvidence>

<CompetencyEvidence typeDescription='Alias' name='Alias'><StringValue>MS SQL Server</StringValue></CompetencyEvidence>

<CompetencyWeight type='skillLevel'><NumericValue minValue='0' maxValue='100'>48</NumericValue></CompetencyWeight>

<CompetencyWeight type='skillProficiency'><StringValue minValue='BASIC' maxValue='EXCELLENT'>WORKING</StringValue></CompetencyWeight>
</Competency>

<Competency oids='37 ' description='Skill > IT' auth='yes' name='Microsoft Project'>
<CompetencyEvidence typeDescription='Alias' name='Alias'><StringValue>MS Project</StringValue></CompetencyEvidence>

<CompetencyWeight type='skillLevel'><NumericValue minValue='0' maxValue='100'>13</NumericValue></CompetencyWeight>
</Competency>

<Competency oids='89 ' description='Skill > IT' auth='yes' name='Microsoft Access'>
<CompetencyEvidence name='Extent of Experience' typeDescription='Extent of Experience' type='MONTH' lastUsed='2013'><NumericValue description='MONTH'>22</NumericValue></CompetencyEvidence>

<CompetencyEvidence typeDescription='Alias' name='Alias'><StringValue>MS Access</StringValue></CompetencyEvidence>

<CompetencyWeight type='skillLevel'><NumericValue minValue='0' maxValue='100'>92</NumericValue></CompetencyWeight>

<CompetencyWeight type='skillProficiency'><StringValue minValue='BASIC' maxValue='EXCELLENT'>EXCELLENT</StringValue></CompetencyWeight>
</Competency>

<Competency oids='139 ' description='Skill > IT' auth='yes' name='Microsoft ASP.NET'>
<CompetencyEvidence name='Extent of Experience' typeDescription='Extent of Experience' type='MONTH' lastUsed='2009'><NumericValue description='MONTH'>11</NumericValue></CompetencyEvidence>

<CompetencyEvidence typeDescription='Alias' name='Alias'><StringValue>ASP.NET</StringValue></CompetencyEvidence>

<CompetencyWeight type='skillLevel'><NumericValue minValue='0' maxValue='100'>45</NumericValue></CompetencyWeight>

<CompetencyWeight type='skillProficiency'><StringValue minValue='BASIC' maxValue='EXCELLENT'>WORKING</StringValue></CompetencyWeight>
</Competency>

<Competency oids='123 ' description='Skill > IT' auth='yes' name='Mercury Interactive WinRunner'>
<CompetencyEvidence name='Extent of Experience' typeDescription='Extent of Experience' type='MONTH' lastUsed='2011'><NumericValue description='MONTH'>21</NumericValue></CompetencyEvidence>

<CompetencyEvidence typeDescription='Alias' name='Alias'><StringValue>Win Runner</StringValue></CompetencyEvidence>

<CompetencyWeight type='skillLevel'><NumericValue minValue='0' maxValue='100'>65</NumericValue></CompetencyWeight>

<CompetencyWeight type='skillProficiency'><StringValue minValue='BASIC' maxValue='EXCELLENT'>GOOD</StringValue></CompetencyWeight>
</Competency>

<Competency oids='122 ' description='Skill > IT' auth='yes' name='Mercury Interactive TestDirector'>
<CompetencyEvidence name='Extent of Experience' typeDescription='Extent of Experience' type='MONTH' lastUsed='2011'><NumericValue description='MONTH'>21</NumericValue></CompetencyEvidence>

<CompetencyEvidence typeDescription='Alias' name='Alias'><StringValue>Test Director</StringValue></CompetencyEvidence>

<CompetencyWeight type='skillLevel'><NumericValue minValue='0' maxValue='100'>65</NumericValue></CompetencyWeight>

<CompetencyWeight type='skillProficiency'><StringValue minValue='BASIC' maxValue='EXCELLENT'>GOOD</StringValue></CompetencyWeight>
</Competency>

<Competency oids='84 ' description='Skill > IT' auth='no' name='MS Office Tools'>
<CompetencyEvidence name='Extent of Experience' typeDescription='Extent of Experience' type='MONTH' lastUsed='2013'><NumericValue description='MONTH'>22</NumericValue></CompetencyEvidence>

<CompetencyWeight type='skillLevel'><NumericValue minValue='0' maxValue='100'>92</NumericValue></CompetencyWeight>

<CompetencyWeight type='skillProficiency'><StringValue minValue='BASIC' maxValue='EXCELLENT'>EXCELLENT</StringValue></CompetencyWeight>
</Competency>

<Competency oids='137 ' description='Skill > IT' auth='yes' name='Lotus Notes/Domino'>
<CompetencyEvidence name='Extent of Experience' typeDescription='Extent of Experience' type='MONTH' lastUsed='2009'><NumericValue description='MONTH'>11</NumericValue></CompetencyEvidence>

<CompetencyEvidence typeDescription='Alias' name='Alias'><StringValue>Lotus Notes</StringValue></CompetencyEvidence>

<CompetencyWeight type='skillLevel'><NumericValue minValue='0' maxValue='100'>45</NumericValue></CompetencyWeight>

<CompetencyWeight type='skillProficiency'><StringValue minValue='BASIC' maxValue='EXCELLENT'>WORKING</StringValue></CompetencyWeight>
</Competency>

<Competency oids='127 ' description='Skill > IT' auth='yes' name='Java'>
<CompetencyEvidence name='Extent of Experience' typeDescription='Extent of Experience' type='MONTH' lastUsed='2011'><NumericValue description='MONTH'>21</NumericValue></CompetencyEvidence>

<CompetencyWeight type='skillLevel'><NumericValue minValue='0' maxValue='100'>65</NumericValue></CompetencyWeight>

<CompetencyWeight type='skillProficiency'><StringValue minValue='BASIC' maxValue='EXCELLENT'>GOOD</StringValue></CompetencyWeight>
</Competency>

<Competency oids='132 ' description='Skill' auth='yes' name='Insurance Claims > Claims Administration'>
<CompetencyEvidence name='Extent of Experience' typeDescription='Extent of Experience' type='MONTH' lastUsed='2009'><NumericValue description='MONTH'>11</NumericValue></CompetencyEvidence>

<CompetencyEvidence typeDescription='Alias' name='Alias'><StringValue>claims processing</StringValue></CompetencyEvidence>

<CompetencyWeight type='skillLevel'><NumericValue minValue='0' maxValue='100'>47</NumericValue></CompetencyWeight>

<CompetencyWeight type='skillProficiency'><StringValue minValue='BASIC' maxValue='EXCELLENT'>WORKING</StringValue></CompetencyWeight>
</Competency>

<Competency oids='45 ' description='Skill > IT' auth='yes' name='Informatica'>
<CompetencyWeight type='skillLevel'><NumericValue minValue='0' maxValue='100'>13</NumericValue></CompetencyWeight>
</Competency>

<Competency oids='27 ' description='Skill > IT' auth='yes' name='IBM Hardware'>
<CompetencyEvidence typeDescription='Alias' name='Alias'><StringValue>IBM</StringValue></CompetencyEvidence>

<CompetencyWeight type='skillLevel'><NumericValue minValue='0' maxValue='100'>13</NumericValue></CompetencyWeight>
</Competency>

<Competency oids='131 ' description='Skill' auth='yes' name='Health insurance'>
<CompetencyEvidence name='Extent of Experience' typeDescription='Extent of Experience' type='MONTH' lastUsed='2009'><NumericValue description='MONTH'>11</NumericValue></CompetencyEvidence>

<CompetencyWeight type='skillLevel'><NumericValue minValue='0' maxValue='100'>48</NumericValue></CompetencyWeight>

<CompetencyWeight type='skillProficiency'><StringValue minValue='BASIC' maxValue='EXCELLENT'>WORKING</StringValue></CompetencyWeight>
</Competency>

<Competency oids='18 ' description='Skill' auth='no' name='GAP analysis'>
<CompetencyWeight type='skillLevel'><NumericValue minValue='0' maxValue='100'>13</NumericValue></CompetencyWeight>
</Competency>

<Competency oids='117 ' description='Skill' auth='no' name='Extensive Analysis'>
<CompetencyEvidence name='Extent of Experience' typeDescription='Extent of Experience' type='MONTH' lastUsed='2011'><NumericValue description='MONTH'>21</NumericValue></CompetencyEvidence>

<CompetencyWeight type='skillLevel'><NumericValue minValue='0' maxValue='100'>65</NumericValue></CompetencyWeight>

<CompetencyWeight type='skillProficiency'><StringValue minValue='BASIC' maxValue='EXCELLENT'>GOOD</StringValue></CompetencyWeight>
</Competency>

<Competency oids='135 ' description='Skill > IT' auth='yes' name='ETL'>
<CompetencyEvidence name='Extent of Experience' typeDescription='Extent of Experience' type='MONTH' lastUsed='2009'><NumericValue description='MONTH'>11</NumericValue></CompetencyEvidence>

<CompetencyWeight type='skillLevel'><NumericValue minValue='0' maxValue='100'>45</NumericValue></CompetencyWeight>

<CompetencyWeight type='skillProficiency'><StringValue minValue='BASIC' maxValue='EXCELLENT'>WORKING</StringValue></CompetencyWeight>
</Competency>

<Competency oids='22 ' description='Skill' auth='no' name='Domain experience'>
<CompetencyWeight type='skillLevel'><NumericValue minValue='0' maxValue='100'>13</NumericValue></CompetencyWeight>
</Competency>

<Competency oids='171 ' description='Skill' auth='no' name='Design of Database and models'>
<CompetencyEvidence name='Extent of Experience' typeDescription='Extent of Experience' type='MONTH' lastUsed='2007'><NumericValue description='MONTH'>24</NumericValue></CompetencyEvidence>

<CompetencyWeight type='skillLevel'><NumericValue minValue='0' maxValue='100'>21</NumericValue></CompetencyWeight>

<CompetencyWeight type='skillProficiency'><StringValue minValue='BASIC' maxValue='EXCELLENT'>BASIC</StringValue></CompetencyWeight>
</Competency>

<Competency oids='118 ' description='Skill > IT' auth='yes' name='DB2'>
<CompetencyEvidence name='Extent of Experience' typeDescription='Extent of Experience' type='MONTH' lastUsed='2011'><NumericValue description='MONTH'>21</NumericValue></CompetencyEvidence>

<CompetencyWeight type='skillLevel'><NumericValue minValue='0' maxValue='100'>65</NumericValue></CompetencyWeight>

<CompetencyWeight type='skillProficiency'><StringValue minValue='BASIC' maxValue='EXCELLENT'>GOOD</StringValue></CompetencyWeight>
</Competency>

<Competency oids='129 ' description='Skill' auth='yes' name='Customer Relationship Management'>
<CompetencyEvidence name='Extent of Experience' typeDescription='Extent of Experience' type='MONTH' lastUsed='2009'><NumericValue description='MONTH'>11</NumericValue></CompetencyEvidence>

<CompetencyWeight type='skillLevel'><NumericValue minValue='0' maxValue='100'>49</NumericValue></CompetencyWeight>

<CompetencyWeight type='skillProficiency'><StringValue minValue='BASIC' maxValue='EXCELLENT'>WORKING</StringValue></CompetencyWeight>
</Competency>

<Competency oids='20 ' description='Skill' auth='no' name='Cost Benefit Analysis'>
<CompetencyWeight type='skillLevel'><NumericValue minValue='0' maxValue='100'>13</NumericValue></CompetencyWeight>
</Competency>

<Competency oids='74 ' description='Skill' auth='no' name='Code Testing'>
<CompetencyEvidence name='Extent of Experience' typeDescription='Extent of Experience' type='MONTH' lastUsed='2013'><NumericValue description='MONTH'>22</NumericValue></CompetencyEvidence>

<CompetencyWeight type='skillLevel'><NumericValue minValue='0' maxValue='100'>95</NumericValue></CompetencyWeight>

<CompetencyWeight type='skillProficiency'><StringValue minValue='BASIC' maxValue='EXCELLENT'>EXCELLENT</StringValue></CompetencyWeight>
</Competency>

<Competency oids='113 ' description='Skill' auth='no' name='Claim processing'>
<CompetencyEvidence name='Extent of Experience' typeDescription='Extent of Experience' type='MONTH' lastUsed='2011'><NumericValue description='MONTH'>21</NumericValue></CompetencyEvidence>

<CompetencyWeight type='skillLevel'><NumericValue minValue='0' maxValue='100'>65</NumericValue></CompetencyWeight>

<CompetencyWeight type='skillProficiency'><StringValue minValue='BASIC' maxValue='EXCELLENT'>GOOD</StringValue></CompetencyWeight>
</Competency>

<Competency oids='99 ' description='Skill' auth='no' name='Business System Analysis'>
<CompetencyEvidence name='Extent of Experience' typeDescription='Extent of Experience' type='MONTH' lastUsed='2011'><NumericValue description='MONTH'>21</NumericValue></CompetencyEvidence>

<CompetencyWeight type='skillLevel'><NumericValue minValue='0' maxValue='100'>68</NumericValue></CompetencyWeight>

<CompetencyWeight type='skillProficiency'><StringValue minValue='BASIC' maxValue='EXCELLENT'>GOOD</StringValue></CompetencyWeight>
</Competency>

<Competency oids='106 ' description='Skill' auth='no' name='Benefit Maintenance'>
<CompetencyEvidence name='Extent of Experience' typeDescription='Extent of Experience' type='MONTH' lastUsed='2011'><NumericValue description='MONTH'>21</NumericValue></CompetencyEvidence>

<CompetencyWeight type='skillLevel'><NumericValue minValue='0' maxValue='100'>65</NumericValue></CompetencyWeight>

<CompetencyWeight type='skillProficiency'><StringValue minValue='BASIC' maxValue='EXCELLENT'>GOOD</StringValue></CompetencyWeight>
</Competency>

<Competency oids='73 ' description='Skill' auth='no' name='Balancing Testing'>
<CompetencyEvidence name='Extent of Experience' typeDescription='Extent of Experience' type='MONTH' lastUsed='2013'><NumericValue description='MONTH'>22</NumericValue></CompetencyEvidence>

<CompetencyWeight type='skillLevel'><NumericValue minValue='0' maxValue='100'>96</NumericValue></CompetencyWeight>

<CompetencyWeight type='skillProficiency'><StringValue minValue='BASIC' maxValue='EXCELLENT'>EXCELLENT</StringValue></CompetencyWeight>
</Competency>

<Competency oids='60 ' description='Skill > IT' auth='yes' name='Adobe Photoshop'>
<CompetencyWeight type='skillLevel'><NumericValue minValue='0' maxValue='100'>13</NumericValue></CompetencyWeight>
</Competency>

<Competency oids='4_2 128_4_1 144_4_1 162_4_1 ' description='Held Position' auth='no' name='Business Analyst'>
<CompetencyEvidence name='Extent of Experience' typeDescription='Extent of Experience' type='MONTH' lastUsed='2009'><NumericValue description='MONTH'>57</NumericValue></CompetencyEvidence>

<CompetencyWeight type='skillLevel'><NumericValue minValue='0' maxValue='100'>55</NumericValue></CompetencyWeight>

<CompetencyWeight type='skillProficiency'><StringValue minValue='BASIC' maxValue='EXCELLENT'>WORKING</StringValue></CompetencyWeight>
</Competency>

<Competency oids='4_3 69_4_1 92_4_1 ' description='Held Position' auth='no' name='Business System Analyst'>
<CompetencyEvidence name='Extent of Experience' typeDescription='Extent of Experience' type='MONTH' lastUsed='2013'><NumericValue description='MONTH'>43</NumericValue></CompetencyEvidence>

<CompetencyEvidence typeDescription='Alias' name='Alias'><StringValue>Business Systems Analyst</StringValue></CompetencyEvidence>

<CompetencyWeight type='skillLevel'><NumericValue minValue='0' maxValue='100'>100</NumericValue></CompetencyWeight>

<CompetencyWeight type='skillProficiency'><StringValue minValue='BASIC' maxValue='EXCELLENT'>EXCELLENT</StringValue></CompetencyWeight>
</Competency>

<Competency oids='97_1 114_1 ' description='Held Position' auth='no' name='Manager'>
<CompetencyEvidence name='Extent of Experience' typeDescription='Extent of Experience' type='MONTH' lastUsed='2011'><NumericValue description='MONTH'>21</NumericValue></CompetencyEvidence>

<CompetencyWeight type='skillLevel'><NumericValue minValue='0' maxValue='100'>68</NumericValue></CompetencyWeight>

<CompetencyWeight type='skillProficiency'><StringValue minValue='BASIC' maxValue='EXCELLENT'>GOOD</StringValue></CompetencyWeight>
</Competency>

<Competency oids='43_1 58_1 ' description='Held Position' auth='no' name='Enterprise architect'>
<CompetencyWeight type='skillLevel'><NumericValue minValue='0' maxValue='100'>13</NumericValue></CompetencyWeight>
</Competency>

<Competency oids='170_1 ' description='Held Position' auth='no' name='performance measurement'>
<CompetencyEvidence name='Extent of Experience' typeDescription='Extent of Experience' type='MONTH' lastUsed='2007'><NumericValue description='MONTH'>24</NumericValue></CompetencyEvidence>

<CompetencyWeight type='skillLevel'><NumericValue minValue='0' maxValue='100'>25</NumericValue></CompetencyWeight>

<CompetencyWeight type='skillProficiency'><StringValue minValue='BASIC' maxValue='EXCELLENT'>BASIC</StringValue></CompetencyWeight>
</Competency>

<Competency oids='23_1 ' description='Held Position' auth='no' name='managers'>
<CompetencyWeight type='skillLevel'><NumericValue minValue='0' maxValue='100'>13</NumericValue></CompetencyWeight>
</Competency>

<Competency oids='95_2 ' description='Held Position' auth='no' name='a Senior System Analyst'>
<CompetencyEvidence name='Extent of Experience' typeDescription='Extent of Experience' type='MONTH' lastUsed='2011'><NumericValue description='MONTH'>21</NumericValue></CompetencyEvidence>

<CompetencyWeight type='skillLevel'><NumericValue minValue='0' maxValue='100'>69</NumericValue></CompetencyWeight>

<CompetencyWeight type='skillProficiency'><StringValue minValue='BASIC' maxValue='EXCELLENT'>GOOD</StringValue></CompetencyWeight>
</Competency>

<Competency oids='72_2 ' description='Held Position' auth='no' name='Verified various'>
<CompetencyEvidence name='Extent of Experience' typeDescription='Extent of Experience' type='MONTH' lastUsed='2013'><NumericValue description='MONTH'>22</NumericValue></CompetencyEvidence>

<CompetencyWeight type='skillLevel'><NumericValue minValue='0' maxValue='100'>95</NumericValue></CompetencyWeight>

<CompetencyWeight type='skillProficiency'><StringValue minValue='BASIC' maxValue='EXCELLENT'>EXCELLENT</StringValue></CompetencyWeight>
</Competency>

<Competency oids='71_1 ' description='Held Position' auth='no' name='Customer Care'>
<CompetencyEvidence name='Extent of Experience' typeDescription='Extent of Experience' type='MONTH' lastUsed='2013'><NumericValue description='MONTH'>22</NumericValue></CompetencyEvidence>

<CompetencyWeight type='skillLevel'><NumericValue minValue='0' maxValue='100'>96</NumericValue></CompetencyWeight>

<CompetencyWeight type='skillProficiency'><StringValue minValue='BASIC' maxValue='EXCELLENT'>EXCELLENT</StringValue></CompetencyWeight>
</Competency>

<Competency oids='67_1 ' description='Degree/Qualification' auth='yes' name='Bachelors Degree > Bachelor of Science'>
<CompetencyEvidence typeDescription='Alias' name='Alias'><StringValue>Bachelor of Science</StringValue></CompetencyEvidence>

<CompetencyWeight type='skillLevel'><NumericValue minValue='0' maxValue='100'>12</NumericValue></CompetencyWeight>
</Competency>

<Competency description='Industry' auth='yes' name='industry~it'>
<CompetencyEvidence name='skillCount' typeDescription='skillCount'><NumericValue>5</NumericValue></CompetencyEvidence>

<CompetencyWeight type='skillLevel'><NumericValue minValue='0' maxValue='100'>100</NumericValue></CompetencyWeight>
</Competency>























<RevisionDate id='1'>2013-08-06</RevisionDate>
</StructuredXMLResume>
<NonXMLResume>

<TextResume>



<span inprof='n' id='1' class='date'>{{DOCUMENT_DATESTAMP}} 2013-08-06 {{END_DOCUMENT_DATESTAMP}}</span> 

<span inprof='y' id='2' class='nominal'>ANUSHREE BHATTARAI</span>

    <span inprof='n' id='3' class='work-hist-mark'>Professional Summary</span>
    *    <span inprof='n' id='4_1' class='duration'>Over 8 years</span> of extensive experience as a <span inprof='y' id='4_2' class='role'>Business Analyst</span>/<span inprof='y' id='4_3' class='role'>Business System Analyst</span>, in <span inprof='n' id='5' class='qualif'>Banking, Insurance, and Healthcare</span>, using IT Business Analytics, Modeling expertise, and <span inprof='y' id='6' class='sofwr'>SDLC</span>. ; 
    *    <span inprof='y' id='7' class='sofwr'>Knowledge of Waterfall Methodology</span>, Spiral/Iterative <span inprof='n' id='8' class='qualif'>Methodology</span>, Agile and <span inprof='y' id='9' class='sofwr'>Rapid Application Development</span> <span inprof='y' id='10' class='sofwr'>(RAD)</span>. ; 
    *    Exposed to all phases of <span inprof='y' id='11' class='sofwr'>software development life cycle</span> (<span inprof='y' id='12' class='sofwr'>SDLC</span>) including <span inprof='y' id='13' class='sofwr'>good knowledge of RUP</span> <span inprof='y' id='14' class='sofwr'>(Rational Unified Process)</span> methodology. ; 
    *    Excellent business writing skills in writing Business Requirements Document (BRD), Functional Specifications Document (FSD), Non-functional Requirements Document, Use Cases Specifications, Software Requirements Specification (SRS). ; 
    *    Worked with <span inprof='y' id='15' class='skill'>Quality Assurance</span> <span inprof='y' id='16' class='sofwr'>(QA)</span> during their testing to verify consistency between User Interface (UI) . ; 
    *    Conducted <span inprof='y' id='17' class='sofwr'>JAD</span> sessions for communicating with the all Project directors and stakeholders. ; 
    *    Experience in conducting <span inprof='y' id='18' class='skill'>GAP analysis</span>, <span inprof='y' id='19' class='skill'>User Acceptance Testing</span> (UAT), <span inprof='y' id='20' class='skill'>Cost Benefit Analysis</span>. ; 
    *    Experience with HIPAA 4010 <span inprof='y' id='21' class='sofwr'>EDI</span> healthcare transactions like 837, 835, 834, 820, 270, 271, 276, 277, and 278. ; 
    *    Health care <span inprof='y' id='22' class='skill'>Domain experience</span>:  Good knowledge on different modules within health care (membership, billing, enrollment, claims, capitation, providers).  Experience with HIPAA compliance and Healthcare systems. Experience with Medicare Part A, B, C and Medicaid, commercial insurances in HIPAA ANSI X12 4010, 5010 formats including 270, 271, 276, 277, 835, 834, 837, and NPI for interfaces &#38; images to clearinghouses/ trading partners applications. ; 
    *    Assisted project <span inprof='y' id='23_1' class='role'>managers</span> with the development of Project schedules, development of requirements, and <span inprof='y' id='24' class='skill'>preliminary design</span> for client applications. ; 
    *    Designed Use Cases, Use Case diagrams, <span inprof='y' id='25' class='sofwr'>Activity diagrams</span>, Sequence diagrams in <span inprof='y' id='26' class='sofwr'>UML methodology</span> using <span inprof='y' id='27' class='sofwr'>IBM</span> <span inprof='y' id='28' class='sofwr'>Rational Rose</span> and <span inprof='y' id='29' class='sofwr'>Microsoft Visio</span>. ; 
    *    Exceptional ability to build productive relationships with colleagues, clients, and vendors across all functional and technical disciplines, providing focused <span inprof='y' id='30' class='skill'>project management</span>, accurate and detailed business and <span inprof='y' id='31' class='skill'>system analysis</span>. ; 
    *    Determined the approach using Process Modeling and Structured walkthrough and Planned the activities through Estimation and Analyzing the Risks. ; 
    *    <span inprof='y' id='32' class='skill'>Requirements gathering</span> was planned and managed via brainstorming, interviews, observation, prototyping, requirement workshops and survey/ questionnaire.

<span inprof='n' id='33' class='skills-qualif-mark'>Technical Skills</span>


Office product                      <span inprof='y' id='34' class='sofwr'>MS-Word</span>, <span inprof='y' id='35' class='sofwr'>MS-PowerPoint</span>, <span inprof='y' id='36' class='sofwr'>MS-Excel</span>, <span inprof='y' id='37' class='sofwr'>MS Project</span> and <span inprof='y' id='38' class='sofwr'>MS Visio</span>
Tools                               <span inprof='y' id='39' class='sofwr'>Excel</span>, <span inprof='y' id='40' class='sofwr'>MS Visio</span>, <span inprof='y' id='41' class='sofwr'>Rational Rose</span>, <span inprof='y' id='42' class='sofwr'>Requisite Pro</span>, (Tractability Matrix), <span inprof='y' id='43_1' class='role'>Enterprise architect</span>, <span inprof='y' id='44' class='sofwr'>Snagit</span>, Edifecs, UltraEdit, <span inprof='y' id='45' class='sofwr'>Informatica</span>

<span inprof='y' id='46' class='skill'>Project management</span> and tools        <span inprof='y' id='47' class='sofwr'>Object Oriented Analysis</span> and <span inprof='y' id='48' class='sofwr'>Design (OOAD)</span> using <span inprof='y' id='49' class='sofwr'>Unified Modeling Language (UML)</span>,<span inprof='y' id='50' class='sofwr'>Rational Unified Process</span> <span inprof='y' id='51' class='sofwr'>(RUP)</span>,<span inprof='y' id='52' class='sofwr'>Rational Rose</span>, <span inprof='y' id='53' class='sofwr'>Rational Requisite Pro</span>

Modelling tools and process         <span inprof='y' id='54' class='sofwr'>Rational Suite</span> (<span inprof='y' id='55' class='sofwr'>Requisite Pro</span>, <span inprof='y' id='56' class='sofwr'>Rational rose</span>, <span inprof='y' id='57' class='sofwr'>RUP</span>), <span inprof='y' id='58_1' class='role'>Enterprise architect</span>, <span inprof='y' id='59' class='sofwr'>MS Visio</span>, <span inprof='y' id='60' class='sofwr'>Adobe Photoshop</span>.

Methodologies                       <span inprof='y' id='61' class='sofwr'>SDLC</span> ,<span inprof='y' id='62' class='sofwr'>RUP</span>, Water fall, Agile/<span inprof='y' id='63' class='sofwr'>Scrum</span>,<span inprof='y' id='64' class='sofwr'>Use Cases</span>, <span inprof='y' id='65' class='sofwr'>UML</span>



<span inprof='n' id='66' class='edu-hist-mark'>Education</span>

<span inprof='y' id='67_1' class='qualif'>Bachelor of Science</span>,  <span inprof='y' id='67_2' class='educational'>North Dakota State University</span>, <span inprof='y' id='67_3' class='location'>USA</span>




<span inprof='n' id='68' class='work-hist-mark'>Professional Experience</span>

<span inprof='y' id='69_1' class='company'>Queens Healthcare</span>, <span inprof='y' id='69_2' class='location'>Long Island City, NY</span>                      <span inprof='y' id='69_3_1' class='date'>November 2011</span> - <span inprof='y' id='69_3_2' class='date'>Present</span>
<span inprof='y' id='69_4_1' class='role'>Business Systems Analyst</span>

The project focused on <span inprof='y' id='70' class='sofwr'>Web portal application</span> which gives all the information of the claim and member information. <span inprof='y' id='71_1' class='role'>Customer Care</span> Representatives used this application to serve the customers.

<span inprof='n' id='72_1' class='some-position'>Responsibilities:
    *</span>    <span inprof='y' id='72_2' class='role'>Verified various</span> transactions according to HIPAA rules (834) and X12 standards. ; 
    *    Captured and re-engineered transactions with legacy systems; Enrollment-834, Health Plan Premium-820, Eligibility Transaction (270/271), Claims (837), Claim Status Report and Response (276/277), and Remittance (835). ; 
    *    Analyzed and identified issues in claims, encounters and remittance advice process flow. ; 
    *    Rendered X12 Syntax Integrated Testing, <span inprof='y' id='73' class='skill'>Balancing Testing</span>, <span inprof='y' id='74' class='skill'>Code Testing</span>, <span inprof='y' id='75' class='skill'>Specialty Testing</span> and <span inprof='y' id='76' class='skill'>Trading Partner Specific Testing</span> when environment is upgraded. ; 
    *    Interacted with developers and documented the functionality process of all the components. ; 
    *    Performed re-testing in order to verify resolution of defects. ; 
    *    Created Use Case Diagrams. ; 
    *    <span inprof='y' id='77' class='skill'>Responsible for meeting</span> or exceeding all defined target goals and milestone dates for the project in order to ensure its overall success. ; 
    *    Conducted <span inprof='y' id='78' class='sofwr'>JAD</span> sessions with clients and technical units. ; 
    *    Conducted GAP and <span inprof='y' id='79' class='skill'>SWOT analysis</span>. ; 
    *    Followed RUP <span inprof='y' id='80' class='sofwr'>software development lifecycle</span> during the project. ; 
    *    Developed functional/technical specifications such as Business Scope Document and High Level Design Document.

Environment: FACET 4.7, NASCO, <span inprof='y' id='81' class='sofwr'>Rational Unified Process</span> <span inprof='y' id='82' class='sofwr'>(RUP)</span>, <span inprof='y' id='83' class='sofwr'>UML</span>, <span inprof='y' id='84' class='sofwr'>MS Office Tools</span> - <span inprof='y' id='85' class='sofwr'>MS Word</span>, <span inprof='y' id='86' class='sofwr'>MS Excel</span>, <span inprof='y' id='87' class='sofwr'>MS Visio</span>, <span inprof='y' id='88' class='sofwr'>MS PowerPoint</span>, <span inprof='y' id='89' class='sofwr'>MS Access</span> dB, <span inprof='y' id='90' class='sofwr'>Oracle</span>, <span inprof='y' id='91' class='sofwr'>SQL</span> Navigator.

<span inprof='y' id='92_1' class='company'>Cigna</span>, <span inprof='y' id='92_2' class='location'>Denver, CO</span>                                                <span inprof='y' id='92_3_1' class='date'>January 2010</span> - <span inprof='y' id='92_3_2' class='date'>September 2011</span>
<span inprof='y' id='92_4_1' class='role'>Business Systems Analyst</span>

<span inprof='y' id='93' class='company'>Cigna</span> health care is one of the largest providers of health care benefits and health services in <span inprof='n' id='94' class='location'>the US</span>. <span inprof='n' id='95_1' class='some-position'>As</span> <span inprof='y' id='95_2' class='role'>a Senior System Analyst</span>, I was involved in the implementation and configuration of Enrollment, Billing, and Claim Payments. Worked on various <span inprof='y' id='96' class='sofwr'>EDI</span> transactions to implement HIPAA 5010. Worked in the configuration of system between trading partners and transaction <span inprof='y' id='97_1' class='role'>manager</span>. Also worked in the process of migrating the current EDI Gateway to a new Gateway platform. Worked on <span inprof='y' id='98' class='sofwr'>EDI</span> transaction's inbound and outbound activities through HIPAA gateway.

Responsibilities:
*    Involved in <span inprof='y' id='99' class='skill'>Business System Analysis</span> for Inbound and Outbound Transactions. ; 
*    Provided day-to-<span inprof='y' id='100' class='skill'>day EDI translator support</span>. Built a business   process model using <span inprof='y' id='101' class='sofwr'>MS Visio</span>. ; 
*    Created S.R.S (system required specifications) document and analysis document explaining all the aspect of 5010 834. ; 
*    <span inprof='y' id='102' class='skill'>Performed gap analysis</span> <span inprof='n' id='103' class='bad-occupation'>between partner</span> specs and internal system requirements by matching HIPAA 4010 to 5010 implementation techniques. ; 
*    Gathered detailed business and technical requirements and participated in the defining of business rules and data standards. ; 
*    <span inprof='y' id='104' class='skill'>Performed technical analysis</span> for 834(<span inprof='y' id='105' class='sofwr'>EDI</span> file for Enrollment and <span inprof='y' id='106' class='skill'>Benefit Maintenance</span>) 4010A to 5010 version control. ; 
*    Analyzed results and EDI ANSI X12 file mapping and reported on standard analysis spreadsheet ; 
*    Created maps &#38; layouts for HIPAA as imposed during <span inprof='y' id='107' class='sofwr'>Electronic Data Interchange</span> <span inprof='y' id='108' class='sofwr'>(EDI)</span>: 837 - Claims and Encounters, 834 - Benefit Enrollment and Maintenance, 835 - Claim Payment/Advice, 270/271 - Eligibility Benefit Inquiry and Response, 277/275 - Claim Request for additional Information and Response, 276/277 -Claim Status Request / Response. ; 
*    Analyzed and identified gaps/issues in claims, encounters and remittance advice process flow. ; 
*    Provides hands-on expertise for implementation, configuration and on-going support of Facets to include analysis, system <span inprof='y' id='109' class='skill'>configuration,</span> <span inprof='y' id='110' class='skill'>operational implementation</span>, process documentation and testing for managed care clients. ; 
*    Elicited and documented business requirements, perform data and transaction mapping, complete a <span inprof='n' id='111' class='company'>GAP</span> analysis and document the impact of the migration from HIPAA 4010A1 to HIPAA 5010 on current business processes and applications. ; 
*    Served as a liaised between business unit and technical team during Risk engineering and high- level session to develop and perform action plan. ; 
*    Interacted with developers and documented the functionality process of all the components. Developed and recommend operational processes and/or <span inprof='y' id='112' class='skill'>process improvements</span> in support Facets clients. ; 
*    Worked on configuration of FACETS with Benefits, <span inprof='y' id='113' class='skill'>Claim processing</span> and Enrollment ; 
*    Worked with the development team to provide remedies and an end-to-end system solution, conducted performance testing with the help of the fault monitoring system. ; 
*    Involved in the Review of Requirements Specification with functional <span inprof='y' id='114_1' class='role'>manager</span> and technical specialists of the application. ; 
*    Created Use Case Diagrams, <span inprof='y' id='115' class='sofwr'>Activity Diagrams</span>, Sequence Diagrams and ER Diagrams in <span inprof='y' id='116' class='sofwr'>MS Visio</span>. ; 
*    <span inprof='y' id='117' class='skill'>Extensive Analysis</span> of HIPPA rules to incorporate in the Development of Utility application which is not HIPAA compliant.

Environment: Mainframe ,<span inprof='y' id='118' class='sofwr'>DB2</span>, <span inprof='y' id='119' class='sofwr'>Rational Rose</span>, <span inprof='y' id='120' class='sofwr'>Rational Requisite Pro</span>, <span inprof='y' id='121' class='sofwr'>RUP</span>, <span inprof='y' id='122' class='sofwr'>Test Director</span>, <span inprof='y' id='123' class='sofwr'>Win Runner</span>, <span inprof='y' id='124' class='sofwr'>MSOffice2000</span>, <span inprof='y' id='125' class='sofwr'>UML</span>, <span inprof='y' id='126' class='sofwr'>Perl</span>, <span inprof='y' id='127' class='sofwr'>Java</span>.

<span inprof='y' id='128_1' class='company'>Crouse Hospital</span>, <span inprof='y' id='128_2' class='location'>Syracuse, NY</span>                                <span inprof='y' id='128_3_1' class='date'>February 2009</span> - <span inprof='y' id='128_3_2' class='date'>December 2009</span>
<span inprof='y' id='128_4_1' class='role'>Business Analyst</span>

The project was to develop a <span inprof='y' id='129' class='skill'>Customer Relationship Management</span> Application, for Sales representatives to provide <span inprof='y' id='130' class='skill'>customer support</span>, handle queries and create <span inprof='y' id='131' class='skill'>health insurance</span> applications as well for the customers. Application connects to an array of databases providing a cost effective tool to validate patient particulars and verify insurance eligibility in real-time conforming to HIPAA standards for <span inprof='y' id='132' class='skill'>claims processing</span>.

Responsibilities:
*    Gathered business requirement through <span inprof='y' id='133' class='sofwr'>JAD</span> sessions with SMEs and end users and in addition through <span inprof='y' id='134' class='skill'>document analysis</span>, brainstorming, interviews and questionnaires ; 
*    Conducted weekly SCRUM to discuss about the progress of the project. ; 
*    Prepared TRM ensuring the forward and backward traceability of the Business Requirements to the test Case and vice versa ; 
*    Reviewed and provided input to the testing scenarios and test cases. ; 
*    Involved in writing Test Plan, Test Cases and test scenarios. ; 
*    Coordinated on work with claims and benefits configuration set-up involving Inbound/Outbound interfaces and <span inprof='y' id='135' class='sofwr'>ETL</span> functions. ; 
*    Validated existing workflows written for Member eligibility verification, security access in the portal. ; 
*    Created Use Cases, activity and sequence diagrams. ; 
*    Worked as an Interface between users and the technical teams involved in the application development for the better understanding of Business and IT processes. ; 
*    Provided knowledge and support to the development teams to understand HIPAA and <span inprof='y' id='136' class='sofwr'>EDI</span> transactions and processes. ; 
*    Coordinated with QA team in creating Test Cases and conducted UAT to test the final application for usability, to verify all the user requirements were satisfied. ; 
*    Communicated with the developers and QA's, and referred to HIPAA guidelines to ensure that the system complies with the HIPAA guidelines ; 
*    Involved in training and rolling out user guide to help end users better navigate the newly developed application.

Environment: <span inprof='y' id='137' class='sofwr'>Lotus Notes</span>, <span inprof='y' id='138' class='sofwr'>MS Office</span>, <span inprof='y' id='139' class='sofwr'>ASP.NET</span>, <span inprof='y' id='140' class='sofwr'>Rational Requisite Pro</span>, and <span inprof='y' id='141' class='sofwr'>Oracle</span> <span inprof='y' id='142' class='sofwr'>9i</span>/<span inprof='y' id='143' class='sofwr'>10 g</span>, Waterfall.




<span inprof='y' id='144_1' class='company'>American Express</span>, <span inprof='y' id='144_2' class='location'>AZ</span>                                                   <span inprof='y' id='144_3_1' class='date'>April 2007</span> - <span inprof='y' id='144_3_2' class='date'>January 2009</span>
<span inprof='y' id='144_4_1' class='role'>Business Analyst</span>

Assisted in implementing the new web-portal, which was a vital marketing tool to give customers a rich and <span inprof='y' id='145' class='skill'>satisfying experience</span>. Helped integrating the website with the encompass mortgage automation system. The <span inprof='n' id='146' class='company'>new system</span> enabled the users to view details of current balances, loan history, <span inprof='y' id='147' class='skill'>tax</span>, interest information, and order mortgage documents online.

Responsibilities:
    *    Gathered and documented the requirements that are critical to the business mission and using those requirements to design application software using a Use Case. ; 
    *    Analyzed business lines on a macro level utilizing multiple information sources (primary and secondary) to provide actionable consumer and business insights. ; 
    *    Created Use case and <span inprof='y' id='148' class='sofwr'>Activity diagrams</span> using <span inprof='y' id='149' class='sofwr'>MS Visio</span> to give web developers a better idea of the application design. ; 
    *    Conducted <span inprof='y' id='150' class='sofwr'>JAD</span> Sessions to allow different stakeholders to communicate their perspectives with each other, resolve any issues and come to an agreement quickly. ; 
    *    Liaised <span inprof='n' id='151' class='bad-occupation'>with Project Management/development</span>/QA Teams to employ <span inprof='y' id='152' class='sofwr'>Software Development Life Cycle</span> <span inprof='y' id='153' class='sofwr'>(SDLC)</span> Methodologies for IT systems requirements. ; 
    *    Liaised with QA team members in developing and executing Test Cases and Test plans, as needed. ; 
    *    Conducted GAP and <span inprof='y' id='154' class='skill'>SWOT analysis</span>.

Environment: <span inprof='y' id='155' class='sofwr'>Windows 2000</span>/<span inprof='y' id='156' class='sofwr'>XP</span>, <span inprof='y' id='157' class='sofwr'>MS SQL Server</span>, <span inprof='y' id='158' class='sofwr'>VB 6.0</span>, <span inprof='y' id='159' class='sofwr'>Clear Quest</span>, <span inprof='y' id='160' class='sofwr'>MS Office</span>, <span inprof='y' id='161' class='sofwr'>MS Visio</span>

<span inprof='y' id='162_1' class='company'>Business Development Bank Ltd</span>, <span inprof='y' id='162_2' class='location'>Nepal</span>                                                         <span inprof='y' id='162_3_1' class='date'>March 2005</span> - <span inprof='y' id='162_3_2' class='date'>February 2007</span>
<span inprof='y' id='162_4_1' class='role'>Business Analyst</span>

I-Banking Project. The project was to upgrade available services so as to provide a comprehensive range of online <span inprof='n' id='163' class='industry-sector'>banking services</span> to their clients. The new services were to provide online functionality like account information and balances bill payments fund transfer deposits and recurring payments and <span inprof='y' id='164' class='skill'>check management</span>. This project was completed with the use of on-line-multi-user banking system PumariPlus .

Responsibilities:
    *    <span inprof='y' id='165' class='skill'>Responsible for gathering requirements</span> and specifications, identifying the resources and implementation of the project. ; 
    *    Implemented and followed the <span inprof='y' id='166' class='sofwr'>Waterfall Methodology</span> through the <span inprof='y' id='167' class='sofwr'>SDLC</span> while working with multi-functional teams in gathering and analyzing the business requirements and convert it to the FRD and created business process models from the requirements specification. ; 
    *    Site Survey and prepare site survey report ; 
    *    Involved in system modeling using <span inprof='y' id='168' class='sofwr'>UML</span>. ; 
    *    Created Use Cases Diagrams, Sequence Diagrams and business process models. ; 
    *    Translated Financial Spreadsheets into <span inprof='y' id='169' class='skill'>process flow diagrams</span>. . ; 
    *    Responsible for defining the application tiers, frameworks, components types and interfaces. ; 
    *    Involved in <span inprof='y' id='170_1' class='role'>performance measurement</span> of ongoing data collection to determine if a program is implementing activities and achieving objectives. ; 
    *    Involved in <span inprof='y' id='171' class='skill'>Design of Database and models</span> for the Web Application. ; 
    *    Conducted requirement workshops among all project stakeholders to verify and validate the business requirements in UI designs. ; 
    *    Developed Test Plan, Test Cases, Test Scenario and Expected Test Result and assisted QA test in verifying the implementation of all features.

Environment: <span inprof='y' id='172' class='sofwr'>UML</span>, <span inprof='y' id='173' class='sofwr'>Rational Rose</span>, <span inprof='y' id='174' class='sofwr'>MS-Visio</span>, <span inprof='y' id='175' class='sofwr'>Microsoft Office suite</span>, <span inprof='y' id='176' class='sofwr'>Windows 2000</span>

</TextResume>

</NonXMLResume>



<UserArea>
<DaxResumeUserArea>
<AdditionalPersonalData>
<ExperienceSummary>
<TotalMonthsOfWorkExperience>100</TotalMonthsOfWorkExperience>
<TotalYearsOfWorkExperience>8</TotalYearsOfWorkExperience>
<ExecutiveBrief>Anushree Bhattarai has been working in the IT  occupational sector for more than 8 years. Currently she is employed as a Business Systems Analyst at Queens Healthcare. Anushree has extensive knowledge of Microsoft Visio, RUP, UML/OMT, EDI, Rational Rose, SDLC, Rational RequisitePro, Microsoft Office, JAD, Software Development Life Cycle, Microsoft Excel, Activity Diagrams, Waterfall Methodology, Oracle, Microsoft Word, Microsoft PowerPoint, Web Portal Application, Visual Basic, SQL, Rational ClearQuest, Perl Programming, Oracle 9i, Oracle 10G, Microsoft SQL Server, Microsoft Access, Microsoft ASP.NET, Mercury Interactive WinRunner, Mercury Interactive TestDirector, MS Office Tools, Lotus Notes/Domino, Java, ETL, DB2. So far Anushree has not gained any managerial experience.</ExecutiveBrief>
</ExperienceSummary>
</AdditionalPersonalData>
<ParserInfo>
<ParserConfiguration>{max_len=50000} {tel_flag=} {send_zip=} {fast_conv=} {DEF_LOCAL=} {sdate=0} {no_email_body=0} {do_clever_zoning=1} {keep_span=1} {complex=1} {accept_langs=} {not_accept_langs=} {prefer_lang_cv=EN} {pers_only=0} {turbo=0} {split_language=0} {picture=0} {picture_inline=0} {name_space=0} {charset=} {hrxml_upgrade_edu_hist=0}{hrxml_add_languages_section=0}{spool=} {docID=} {user=DEFAULT} </ParserConfiguration>
<ParserRelease>0.12.3.32629</ParserRelease>
<ParserReleaseDate>2014-06-18</ParserReleaseDate>
<ParserSchema>2.0.29</ParserSchema>
<ParserSchemaLocation>http://cvx.daxtra.com/cvts/xsd/candidate/2.0.29/Resume.xsd</ParserSchemaLocation>
<ConverterRelease>0.5.2.32629</ConverterRelease>
<ConverterReleaseDate>2014-06-18</ConverterReleaseDate>
</ParserInfo>
<FileStruct filename='/home/izoom/anazarov/grammar/analysis/3rconnect/doc/100_Resume-ApTask/Anushree_Bhattarai_BSA.docx'>

<attachment fname='Anushree_Bhattarai_BSA.docx' ftype='docx' conv='yes' doc_type='cv' lang='EN'>/home/izoom/anazarov/grammar/analysis/3rconnect/doc/100_Resume-ApTask/Anushree_Bhattarai_BSA.docx</attachment>


</FileStruct>
</DaxResumeUserArea>
</UserArea>
</Resume>
