<?xml version='1.0' encoding='ISO-8859-1'?>
<Resume lang='en' src='DAXTRA-CVX schema:2.0.29 release:0.12.3.32629 rdate:2014-06-18'>
<StructuredXMLResume>
<ContactInfo>
<PersonName id='2'>
<FormattedName>Balaji T </FormattedName>
<GivenName>Balaji</GivenName>
<MiddleName>T</MiddleName>
<FamilyName>Unknown-Balaji</FamilyName>
<sex>Male</sex>
</PersonName>
<ContactMethod>
</ContactMethod>
</ContactInfo>


<EmploymentHistory>
<EmployerOrg employerOrgType='soleEmployer'>
<EmployerOrgName id='42_1'>Health Net Inc</EmployerOrgName>

<PositionHistory>
<Title id='42_3_2'>Senior Associate</Title>
<Title id='42_3_3'>Test Coordinator</Title>
<OrgName id='42_1'>Health Net Inc</OrgName>



<Description>Responsibilities:

    *  Execute and guide QA Team involved in System/Integration system testing with multiple data sources and
    Interfaces.
    *  Develop/Review Test strategies / approaches for large scale data projects. ; 
    *    Define testing scope. ; 
    *    Requirement gathering along with functional and architecture team ; 
    *    Preparing understanding document
    *    Walkthrough the test deliverables to client ; 
    *    Conducting working sessions with the integration teams to resolve the issues for quick turn around * ; 
    *  Presenting the status to clients on daily and weekly basis ; 
    *    Presenting defect triage meeting with all the vendors and all other integration partners. ; 
    *    Prepare and manage estimates and deliverables. ; 
    *    Review supplier deliverables and provide feedback and direction. ; 
    *    Assessing risk to schedule, cost or quality on project and testing engagement. ; 
    *    Prepare and manage project testing schedule. ; 
    *    Prepare and facilitate implementation of test plans. ; 
    *    Manage, prioritize defects and coordinate with relevant team on issues.
Environment:  SQL Server, Informatica</Description>
<StartDate id='42_2_1'><YearMonth>2013-11</YearMonth></StartDate>
<EndDate id='42_2_2'>notApplicable</EndDate>




<JobCategory>
<TaxonomyName>JOBAREA</TaxonomyName>
<CategoryCode>it</CategoryCode>
</JobCategory>


<UserArea>
<DaxPositionHistoryUserArea>
<TLSPAN first_id='42' last_id='49' border_id='50'></TLSPAN>
<MonthsOfWork>8</MonthsOfWork>
</DaxPositionHistoryUserArea>
</UserArea>
</PositionHistory>
</EmployerOrg>

<EmployerOrg employerOrgType='soleEmployer'>
<EmployerOrgName id='50_1'>Equinix</EmployerOrgName>

<PositionHistory positionType='PERMANENT'>
<Title id='50_3_2'>Project Lead</Title>
<OrgName id='50_1'>Equinix</OrgName>



<Description>Responsibilities:

    *  Responsible for all test deliverables ; 
    *  Analyse the testable requirements and come up with the estimation and submit back to Client stakeholders ; 
    *  Establish &#38; monitor the processes for Quality Management ; 
    *  Prepare and review system test plan, system test cases ; 
    *  Work with client to set-up the test environment configuration ; 
    *  Identify changes (with respect to original scope of work) and estimate for cost &#38; schedule, submit to client  for approval ; 
    *  Coordinate with the development team to ensure that all the identified bugs / issues have been fixed/addressed ; 
    *  Work with the client Managers for scoping and planning of projects and enhancements ; 
    *  Works with the project team and participates in operational readiness review ; 
    *  Gathers and documents test requirements; recommends appropriate testing methods for a given project and makes recommendations during document reviews to prevent defects
    Environment:  Oracle 10g, ODI, OBIEE, Windows XP</Description>
<StartDate id='50_2_1'><YearMonth>2012-08</YearMonth></StartDate>
<EndDate id='50_2_2'><YearMonth>2013-09</YearMonth></EndDate>



<JobLevelInfo>
<JobGrade>joblevel-management-low</JobGrade>
</JobLevelInfo>

<JobCategory>
<TaxonomyName>JOBAREA</TaxonomyName>
<CategoryCode>it</CategoryCode>
</JobCategory>


<UserArea>
<DaxPositionHistoryUserArea>
<TLSPAN first_id='50' last_id='58' border_id='59'></TLSPAN>
<MonthsOfWork>14</MonthsOfWork>
</DaxPositionHistoryUserArea>
</UserArea>
</PositionHistory>
</EmployerOrg>

<EmployerOrg employerOrgType='soleEmployer'>
<EmployerOrgName id='59_1'>Cricket Communications Inc</EmployerOrgName>
<EmployerContactInfo>
<LocationSummary id='59_2'>
<CountryCode>US</CountryCode>
</LocationSummary>
</EmployerContactInfo>
<PositionHistory positionType='PERMANENT'>
<Title id='59_4_2'>Test Lead</Title>
<OrgName id='59_1'>Cricket Communications Inc</OrgName>



<Description>Responsibilities:

    *  Involved in full STLC, Coordination with Onshore team, Reporting updates to management on Testing status, Test metrics &#38; Defect Metrics making test Strategy/plan. ; 
    *  Leading a testing team of 20 members that are divided between 10 tracks i.e. ETL and BI Report Testing ; 
    *  Managing testing activities like ETL Testing, BI Testing according to the testing schedules and scope. ; 
    *  Expertise in Analysis of Requirement documents, Design documents &#38; Business Rules. ; 
    *  Worked along with Automation Testing team and its Framework using SQL scripts for the regression testing and actively involved in review of manual test scripts &#38; SQL scripts. ; 
    *  Actively Involved in hiring test professionals for own internal testing team as well as global testing Team. ; 
    *  Extensive knowledge of working on Data warehouse and OBIEE reports
Environment:  Oracle 10g, ODI, OBIEE, Windows XP, TOAD</Description>
<StartDate id='59_3_1'><YearMonth>2010-08</YearMonth></StartDate>
<EndDate id='59_3_2'><YearMonth>2012-07</YearMonth></EndDate>



<JobLevelInfo>
<JobGrade>joblevel-management-low</JobGrade>
</JobLevelInfo>

<JobCategory>
<TaxonomyName>JOBAREA</TaxonomyName>
<CategoryCode>it</CategoryCode>
</JobCategory>


<UserArea>
<DaxPositionHistoryUserArea>
<TLSPAN first_id='59' last_id='74' border_id='75'></TLSPAN>
<MonthsOfWork>24</MonthsOfWork>
</DaxPositionHistoryUserArea>
</UserArea>
</PositionHistory>
</EmployerOrg>

<EmployerOrg employerOrgType='soleEmployer'>
<EmployerOrgName id='75_1'>Oracle Corp</EmployerOrgName>
<EmployerContactInfo>
<LocationSummary id='75_2'>
<CountryCode>US</CountryCode>
</LocationSummary>
</EmployerContactInfo>
<PositionHistory positionType='CONTRACT'>
<Title id='75_4_2'>Testing Consultant</Title>
<OrgName id='75_1'>Oracle Corp</OrgName>



<Description>Responsibilities:

    *  Responsible for developing strategic testing plans to achieve performance quality by coordinating with the project manager ; 
    *  Handle the tasks of reviewing testing documentation to ensure that it meets the software development and testing standards ; 
    *  Perform responsibilities of evaluating defect metrics data and update the finding report to the appropriate management ; 
    *  Responsible for examining the level of testing process to ensure product quality ; 
    *  Handle the tasks of providing recommendations to improve testing process for supporting quality assurance initiatives ; 
    *  Escalate unresolved problems to senior staff and provide guidance to less experienced testers ; 
    *  Managing testing activities like DW/BI Testing, Manual Testing according to the testing schedules and scope. ; 
    *  Validated the OBIEE reports for its data accuracy and functionally validate them with the SAP BW reports ; 
    *  Validated OBIEE reports based on test scenario which is provided by client using Oracle BI Dashboard and Answers. ; 
    *  Validated fields and its values present in the reports are same as in SAP BW standard reports. ; 
    *  Validated reports using Drill-down and filter features.
    Environment:  SAP ECC 6.0, Oracle 10g, ODI, OBIEE, Windows XP, TOAD</Description>
<StartDate id='75_3_1'><YearMonth>2010-04</YearMonth></StartDate>
<EndDate id='75_3_2'><YearMonth>2010-08</YearMonth></EndDate>



<JobLevelInfo>
<JobGrade>joblevel-nonmanager-low</JobGrade>
</JobLevelInfo>

<JobCategory>
<TaxonomyName>JOBAREA</TaxonomyName>
<CategoryCode>it</CategoryCode>
</JobCategory>


<UserArea>
<DaxPositionHistoryUserArea>
<TLSPAN first_id='75' last_id='89' border_id='92'></TLSPAN>
<MonthsOfWork>5</MonthsOfWork>
</DaxPositionHistoryUserArea>
</UserArea>
</PositionHistory>
</EmployerOrg>

<EmployerOrg employerOrgType='soleEmployer'>
<EmployerOrgName id='90'>Verizon Telecom</EmployerOrgName>

<PositionHistory positionType='CONTRACT'>
<Title id='93_2'>Testing Consultant</Title>
<OrgName id='90'>Verizon Telecom</OrgName>



<Description>Description: The scope of this project is to provide implementation services to Verizon to migrate the reporting functionality in the existing SAP BW reports (99 Release 4 reports) into OBIEE (Oracle Business Intelligence Reporting tool). The content of the SAP BW reports considered for the scope is from SAP R/3 versions ECC 6.0 and SAP BW version 3.5. The OBIEE reports would be developed on top of the OBIA (Oracle Business Intelligence Application) covering the Supply Chain and Order Management Analytics &#38; Procurement and Spend Analytics modules)

Responsibilities:

    *  Analyze the Technical Requirements Document &#38; Technical Requirement Specifications ; 
    *  Understand different transform logic/business rules according to requirement. ; 
    *  Design and develop Test cases as per the requirements and Mapping document. ; 
    *  Performed  ETL and OBIEE Report Testing ; 
    *  Validated OBIEE reports based on test scenario which is provided by client using Oracle BI Answers. ; 
    *  Validated fields and its values present in the reports are same as in SAP R/3 standard reports. ; 
    *  Validated OBIEE adhoc reports against SAP R/3 data ; 
    *  Validated reports using Drill-down and filter features.
Environment:  SAP R/3, Oracle 10g, ODI, OBIEE, Windows XP, TOAD</Description>
<StartDate id='92_1'><YearMonth>2009-11</YearMonth></StartDate>
<EndDate id='92_2'><YearMonth>2010-03</YearMonth></EndDate>



<JobLevelInfo>
<JobGrade>joblevel-nonmanager-low</JobGrade>
</JobLevelInfo>

<JobCategory>
<TaxonomyName>JOBAREA</TaxonomyName>
<CategoryCode>it</CategoryCode>
</JobCategory>


<UserArea>
<DaxPositionHistoryUserArea>
<TLSPAN first_id='90' last_id='122' border_id='128'></TLSPAN>
<MonthsOfWork>5</MonthsOfWork>
</DaxPositionHistoryUserArea>
</UserArea>
</PositionHistory>
</EmployerOrg>

<EmployerOrg employerOrgType='soleEmployer'>

<PositionHistory positionType='PERMANENT'>
<Title id='144_2'>Testing Consultant</Title>




<Description>Client: Oracle
Description: The main purpose of this project is to enhance the ODI - Oracle Data Integrator to support SAP R/3 and SAP BW data extraction. To enable ODI to support SAP ERP and BW/BI data extraction the following ODI Knowledge Modules have been implemented:

    *  SAP BW Reverse - engineering Knowledge Module (SAP RKM) ; 
    *  SAP BW Loading Knowledge Module (SAP LKM)
Environment: ODI, TOAD, SAPR/3, SAP BW/BI, Oracle10g,

Role: Testing Consultant
Responsibilities:</Description>
<StartDate id='128_1'><YearMonth>2007-07</YearMonth></StartDate>
<EndDate id='128_2'><YearMonth>2009-10</YearMonth></EndDate>



<JobLevelInfo>
<JobGrade>joblevel-nonmanager-low</JobGrade>
</JobLevelInfo>

<JobCategory>
<TaxonomyName>JOBAREA</TaxonomyName>
<CategoryCode>it</CategoryCode>
</JobCategory>


<UserArea>
<DaxPositionHistoryUserArea>
<TLSPAN first_id='123' last_id='144' border_id='151'></TLSPAN>
<MonthsOfWork>28</MonthsOfWork>
</DaxPositionHistoryUserArea>
</UserArea>
</PositionHistory>
</EmployerOrg>

<EmployerOrg employerOrgType='soleEmployer'>

<PositionHistory positionType='PERMANENT'>
<Title id='164_2'>Testing Consultant</Title>




<Description>Project: Oracle Hyperion BI Tools and SAP BW Integration            
Client: Oracle
Description: Web Analysis, workspace and Interactive Reporting are the reporting tools of Oracle Hyperion Business Intelligence Suite. These reporting tools deliver powerful, intuitive, Web-based interactive analytics to all corners of the enterprise. A highly graphical and easy-to-use interactive interface, it enables users to view their data in a way that makes sense to them. The objective of this project is to enhance the above mentioned reporting tools to support SAP BW data extraction.

Environment: SAP BW3.5/BI 7.0, Web Analysis, Workspace, Interactive Reporting tool, UNIX

Role: Testing Consultant

Responsibilities:</Description>
<StartDate id='151_1'><YearMonth>2006-07</YearMonth></StartDate>
<EndDate id='151_2'><YearMonth>2007-06</YearMonth></EndDate>



<JobLevelInfo>
<JobGrade>joblevel-nonmanager-low</JobGrade>
</JobLevelInfo>

<JobCategory>
<TaxonomyName>JOBAREA</TaxonomyName>
<CategoryCode>it</CategoryCode>
</JobCategory>


<UserArea>
<DaxPositionHistoryUserArea>
<TLSPAN first_id='148' last_id='164' border_id='178'></TLSPAN>
<MonthsOfWork>12</MonthsOfWork>
</DaxPositionHistoryUserArea>
</UserArea>
</PositionHistory>
</EmployerOrg>

<EmployerOrg employerOrgType='soleEmployer'>

<PositionHistory positionType='PERMANENT'>





<Description>Client: AC Nielsen
Description: The objective of this project is to create a framework which makes it possible to create and maintain client product specifications. This will reduce operational costs while improving quality, timeliness of delivery and client satisfaction. A spec is nothing but a set of criteria based on which the client needs the information. For example, if in the Market M, a client needs information A , B about a product P, during the period T then these details will be provided in the spec. The data about product P is called Product Dimensions (PD) and the period, market and information (or fact) is termed as the Non Product Dimensions (NPD).
Responsibilities:

    *  Coordinating with Manager on assignments and planning out the task schedules ; 
    *    Planning and Coordinating the Testing and QA activities ; 
    *    Managing QA deliveries to the client on a daily basis ; 
    *    Responsible for mentoring junior testers in the team ; 
    *    Creation of Test cases according to the functional spec. ; 
    *    Preparation of test Data for respective reports and Execution of test cases. ; 
    *    Preparation of test results
    *    Defect Tracking Report. ; 
    *    Functional Testing, Regression testing and System Testing. ; 
    *    Coordinate and Communicate with the Offshore &#38; Onsite team ;</Description>
<StartDate id='178_1'><YearMonth>2004-07</YearMonth></StartDate>
<EndDate id='178_2'><YearMonth>2006-04</YearMonth></EndDate>




<JobCategory>
<TaxonomyName>JOBAREA</TaxonomyName>
<CategoryCode>it</CategoryCode>
</JobCategory>


<UserArea>
<DaxPositionHistoryUserArea>
<TLSPAN first_id='178' last_id='182' border_id='0'></TLSPAN>
<MonthsOfWork>22</MonthsOfWork>
</DaxPositionHistoryUserArea>
</UserArea>
</PositionHistory>
</EmployerOrg>

</EmploymentHistory>
<EducationHistory>
<SchoolOrInstitution schoolType='university'>
<SchoolName id='37'>Madras University</SchoolName>
<LocationSummary id='38'>
<Municipality>Chennai</Municipality>
<Region>Tamil Nadu</Region>
<CountryCode>IN</CountryCode>
</LocationSummary>






<DatesOfAttendance>
<StartDate><AnyDate>notKnown</AnyDate></StartDate>
<EndDate id='39'><YearMonth>2003-04</YearMonth></EndDate>
</DatesOfAttendance>
<Comments>*  B.Sc (Comp) from Madras University, Chennai, Completed on April on 2000. ;</Comments>
</SchoolOrInstitution>

<SchoolOrInstitution schoolType='university'>
<SchoolName id='40_2'>Madras University</SchoolName>
<LocationSummary id='40_3'>
<Municipality>Chennai</Municipality>
<Region>Tamil Nadu</Region>
<CountryCode>IN</CountryCode>
</LocationSummary>


<Degree degreeType='some post-graduate'>
<DegreeName id='40_1'>B.Sc (Comp)</DegreeName>

</Degree>





</SchoolOrInstitution>

</EducationHistory>











<Competency oids='23 27 81 83 95 98 100 102 105 125 126 133 136 137 138 139 141 142 149 155 158 159 160 168 170 ' description='Skill > IT' auth='yes' name='SAP Netweaver > SAP BW'>
<CompetencyEvidence name='Extent of Experience' typeDescription='Extent of Experience' type='MONTH' lastUsed='2010'><NumericValue description='MONTH'>50</NumericValue></CompetencyEvidence>

<CompetencyEvidence typeDescription='Alias' name='Alias'><StringValue>BI</StringValue></CompetencyEvidence>

<CompetencyEvidence typeDescription='Alias' name='Alias'><StringValue>SAP BW</StringValue></CompetencyEvidence>

<CompetencyEvidence typeDescription='Alias' name='Alias'><StringValue>Business Intelligence</StringValue></CompetencyEvidence>

<CompetencyEvidence typeDescription='Alias' name='Alias'><StringValue>BW</StringValue></CompetencyEvidence>

<CompetencyEvidence typeDescription='Alias' name='Alias'><StringValue>SAP BW3.5</StringValue></CompetencyEvidence>

<CompetencyWeight type='skillLevel'><NumericValue minValue='0' maxValue='100'>53</NumericValue></CompetencyWeight>

<CompetencyWeight type='skillProficiency'><StringValue minValue='BASIC' maxValue='EXCELLENT'>WORKING</StringValue></CompetencyWeight>
</Competency>

<Competency oids='24 57 69 72 80 87 96 103 120 ' description='Skill > IT' auth='yes' name='Oracle BI EE'>
<CompetencyEvidence name='Extent of Experience' typeDescription='Extent of Experience' type='MONTH' lastUsed='2013'><NumericValue description='MONTH'>48</NumericValue></CompetencyEvidence>

<CompetencyEvidence typeDescription='Alias' name='Alias'><StringValue>OBIEE</StringValue></CompetencyEvidence>

<CompetencyWeight type='skillLevel'><NumericValue minValue='0' maxValue='100'>88</NumericValue></CompetencyWeight>

<CompetencyWeight type='skillProficiency'><StringValue minValue='BASIC' maxValue='EXCELLENT'>EXCELLENT</StringValue></CompetencyWeight>
</Competency>

<Competency oids='97 104 129 130 148 152 154 ' description='Skill > IT' auth='yes' name='Oracle'>
<CompetencyEvidence name='Extent of Experience' typeDescription='Extent of Experience' type='MONTH' lastUsed='2010'><NumericValue description='MONTH'>45</NumericValue></CompetencyEvidence>

<CompetencyWeight type='skillLevel'><NumericValue minValue='0' maxValue='100'>54</NumericValue></CompetencyWeight>

<CompetencyWeight type='skillProficiency'><StringValue minValue='BASIC' maxValue='EXCELLENT'>WORKING</StringValue></CompetencyWeight>
</Competency>

<Competency oids='26 101 115 116 117 132 ' description='Skill > IT' auth='yes' name='SAP R/3'>
<CompetencyEvidence name='Extent of Experience' typeDescription='Extent of Experience' type='MONTH' lastUsed='2010'><NumericValue description='MONTH'>33</NumericValue></CompetencyEvidence>

<CompetencyWeight type='skillLevel'><NumericValue minValue='0' maxValue='100'>50</NumericValue></CompetencyWeight>

<CompetencyWeight type='skillProficiency'><StringValue minValue='BASIC' maxValue='EXCELLENT'>WORKING</StringValue></CompetencyWeight>
</Competency>

<Competency oids='30 55 70 85 118 143 ' description='Skill > IT' auth='yes' name='Oracle 10G'>
<CompetencyEvidence name='Extent of Experience' typeDescription='Extent of Experience' type='MONTH' lastUsed='2013'><NumericValue description='MONTH'>76</NumericValue></CompetencyEvidence>

<CompetencyWeight type='skillLevel'><NumericValue minValue='0' maxValue='100'>90</NumericValue></CompetencyWeight>

<CompetencyWeight type='skillProficiency'><StringValue minValue='BASIC' maxValue='EXCELLENT'>EXCELLENT</StringValue></CompetencyWeight>
</Competency>

<Competency oids='74 89 122 140 ' description='Skill > IT' auth='yes' name='TOAD'>
<CompetencyEvidence name='Extent of Experience' typeDescription='Extent of Experience' type='MONTH' lastUsed='2012'><NumericValue description='MONTH'>62</NumericValue></CompetencyEvidence>

<CompetencyWeight type='skillLevel'><NumericValue minValue='0' maxValue='100'>69</NumericValue></CompetencyWeight>

<CompetencyWeight type='skillProficiency'><StringValue minValue='BASIC' maxValue='EXCELLENT'>GOOD</StringValue></CompetencyWeight>
</Competency>

<Competency oids='66 145 165 181 ' description='Skill > IT' auth='yes' name='Regression Testing'>
<CompetencyEvidence name='Extent of Experience' typeDescription='Extent of Experience' type='MONTH' lastUsed='2012'><NumericValue description='MONTH'>46</NumericValue></CompetencyEvidence>

<CompetencyWeight type='skillLevel'><NumericValue minValue='0' maxValue='100'>69</NumericValue></CompetencyWeight>

<CompetencyWeight type='skillProficiency'><StringValue minValue='BASIC' maxValue='EXCELLENT'>GOOD</StringValue></CompetencyWeight>
</Competency>

<Competency oids='56 71 86 119 ' description='Skill > IT' auth='no' name='ODI'>
<CompetencyEvidence name='Extent of Experience' typeDescription='Extent of Experience' type='MONTH' lastUsed='2013'><NumericValue description='MONTH'>48</NumericValue></CompetencyEvidence>

<CompetencyWeight type='skillLevel'><NumericValue minValue='0' maxValue='100'>89</NumericValue></CompetencyWeight>

<CompetencyWeight type='skillProficiency'><StringValue minValue='BASIC' maxValue='EXCELLENT'>EXCELLENT</StringValue></CompetencyWeight>
</Competency>

<Competency oids='58 73 88 121 ' description='Skill > IT' auth='yes' name='Microsoft Windows XP'>
<CompetencyEvidence name='Extent of Experience' typeDescription='Extent of Experience' type='MONTH' lastUsed='2013'><NumericValue description='MONTH'>48</NumericValue></CompetencyEvidence>

<CompetencyEvidence typeDescription='Alias' name='Alias'><StringValue>Windows XP</StringValue></CompetencyEvidence>

<CompetencyWeight type='skillLevel'><NumericValue minValue='0' maxValue='100'>87</NumericValue></CompetencyWeight>

<CompetencyWeight type='skillProficiency'><StringValue minValue='BASIC' maxValue='EXCELLENT'>EXCELLENT</StringValue></CompetencyWeight>
</Competency>

<Competency oids='19 21 61 112 ' description='Skill > IT' auth='yes' name='ETL'>
<CompetencyEvidence name='Extent of Experience' typeDescription='Extent of Experience' type='MONTH' lastUsed='2012'><NumericValue description='MONTH'>29</NumericValue></CompetencyEvidence>

<CompetencyEvidence typeDescription='Alias' name='Alias'><StringValue>ETL Tool</StringValue></CompetencyEvidence>

<CompetencyWeight type='skillLevel'><NumericValue minValue='0' maxValue='100'>72</NumericValue></CompetencyWeight>

<CompetencyWeight type='skillProficiency'><StringValue minValue='BASIC' maxValue='EXCELLENT'>GOOD</StringValue></CompetencyWeight>
</Competency>

<Competency oids='99 153 162 ' description='Skill > IT' auth='no' name='SAP-FI- Reporting'>
<CompetencyEvidence name='Extent of Experience' typeDescription='Extent of Experience' type='MONTH' lastUsed='2010'><NumericValue description='MONTH'>17</NumericValue></CompetencyEvidence>

<CompetencyEvidence typeDescription='Alias' name='Alias'><StringValue>Reporting</StringValue></CompetencyEvidence>

<CompetencyWeight type='skillLevel'><NumericValue minValue='0' maxValue='100'>48</NumericValue></CompetencyWeight>

<CompetencyWeight type='skillProficiency'><StringValue minValue='BASIC' maxValue='EXCELLENT'>WORKING</StringValue></CompetencyWeight>
</Competency>

<Competency oids='15 180 ' description='Skill' auth='no' name='functional testing'>
<CompetencyEvidence name='Extent of Experience' typeDescription='Extent of Experience' type='MONTH' lastUsed='2006'><NumericValue description='MONTH'>22</NumericValue></CompetencyEvidence>

<CompetencyWeight type='skillLevel'><NumericValue minValue='0' maxValue='100'>26</NumericValue></CompetencyWeight>

<CompetencyWeight type='skillProficiency'><StringValue minValue='BASIC' maxValue='EXCELLENT'>BASIC</StringValue></CompetencyWeight>
</Competency>

<Competency oids='161 167 ' description='Skill' auth='no' name='Web Analysis'>
<CompetencyEvidence name='Extent of Experience' typeDescription='Extent of Experience' type='MONTH' lastUsed='2007'><NumericValue description='MONTH'>12</NumericValue></CompetencyEvidence>

<CompetencyWeight type='skillLevel'><NumericValue minValue='0' maxValue='100'>18</NumericValue></CompetencyWeight>

<CompetencyWeight type='skillProficiency'><StringValue minValue='BASIC' maxValue='EXCELLENT'>BASIC</StringValue></CompetencyWeight>
</Competency>

<Competency oids='43 182 ' description='Skill' auth='yes' name='System Testing'>
<CompetencyEvidence name='Extent of Experience' typeDescription='Extent of Experience' type='MONTH' lastUsed='2014'><NumericValue description='MONTH'>30</NumericValue></CompetencyEvidence>

<CompetencyWeight type='skillLevel'><NumericValue minValue='0' maxValue='100'>100</NumericValue></CompetencyWeight>

<CompetencyWeight type='skillProficiency'><StringValue minValue='BASIC' maxValue='EXCELLENT'>EXCELLENT</StringValue></CompetencyWeight>
</Competency>

<Competency oids='65 68 ' description='Skill > IT' auth='yes' name='SQL'>
<CompetencyEvidence name='Extent of Experience' typeDescription='Extent of Experience' type='MONTH' lastUsed='2012'><NumericValue description='MONTH'>24</NumericValue></CompetencyEvidence>

<CompetencyWeight type='skillLevel'><NumericValue minValue='0' maxValue='100'>67</NumericValue></CompetencyWeight>

<CompetencyWeight type='skillProficiency'><StringValue minValue='BASIC' maxValue='EXCELLENT'>GOOD</StringValue></CompetencyWeight>
</Competency>

<Competency oids='17 28 ' description='Skill > IT' auth='yes' name='SAP HR TM'>
<CompetencyEvidence typeDescription='Alias' name='Alias'><StringValue>SAP TM</StringValue></CompetencyEvidence>

<CompetencyEvidence typeDescription='Alias' name='Alias'><StringValue>TM</StringValue></CompetencyEvidence>

<CompetencyWeight type='skillLevel'><NumericValue minValue='0' maxValue='100'>13</NumericValue></CompetencyWeight>
</Competency>

<Competency oids='124 135 ' description='Skill > IT' auth='yes' name='SAP ERP'>
<CompetencyEvidence name='Extent of Experience' typeDescription='Extent of Experience' type='MONTH' lastUsed='2009'><NumericValue description='MONTH'>28</NumericValue></CompetencyEvidence>

<CompetencyWeight type='skillLevel'><NumericValue minValue='0' maxValue='100'>54</NumericValue></CompetencyWeight>

<CompetencyWeight type='skillProficiency'><StringValue minValue='BASIC' maxValue='EXCELLENT'>WORKING</StringValue></CompetencyWeight>
</Competency>

<Competency oids='12 77 ' description='Skill > IT' auth='yes' name='Quality Assurance'>
<CompetencyEvidence name='Extent of Experience' typeDescription='Extent of Experience' type='MONTH' lastUsed='2010'><NumericValue description='MONTH'>5</NumericValue></CompetencyEvidence>

<CompetencyEvidence name='Application' typeDescription='Application' type='supporting'><StringValue>supporting</StringValue></CompetencyEvidence>

<CompetencyEvidence typeDescription='Alias' name='Alias'><StringValue>supporting quality assurance</StringValue></CompetencyEvidence>

<CompetencyWeight type='skillLevel'><NumericValue minValue='0' maxValue='100'>48</NumericValue></CompetencyWeight>

<CompetencyWeight type='skillProficiency'><StringValue minValue='BASIC' maxValue='EXCELLENT'>WORKING</StringValue></CompetencyWeight>
</Competency>

<Competency oids='82 114 ' description='Skill > IT' auth='yes' name='Oracle BI'>
<CompetencyEvidence name='Extent of Experience' typeDescription='Extent of Experience' type='MONTH' lastUsed='2010'><NumericValue description='MONTH'>10</NumericValue></CompetencyEvidence>

<CompetencyWeight type='skillLevel'><NumericValue minValue='0' maxValue='100'>46</NumericValue></CompetencyWeight>

<CompetencyWeight type='skillProficiency'><StringValue minValue='BASIC' maxValue='EXCELLENT'>WORKING</StringValue></CompetencyWeight>
</Competency>

<Competency oids='3 60 ' description='Skill' auth='yes' name='Onshore Oil &#38; Gas'>
<CompetencyEvidence name='Extent of Experience' typeDescription='Extent of Experience' type='YEAR' lastUsed='2012'><NumericValue description='YEAR'>9</NumericValue></CompetencyEvidence>

<CompetencyEvidence typeDescription='Alias' name='Alias'><StringValue>9+ years of experience of onshore</StringValue></CompetencyEvidence>

<CompetencyEvidence typeDescription='Alias' name='Alias'><StringValue>Onshore</StringValue></CompetencyEvidence>

<CompetencyWeight type='skillLevel'><NumericValue minValue='0' maxValue='100'>71</NumericValue></CompetencyWeight>

<CompetencyWeight type='skillProficiency'><StringValue minValue='BASIC' maxValue='EXCELLENT'>GOOD</StringValue></CompetencyWeight>
</Competency>

<Competency oids='67 79 ' description='Skill > IT' auth='yes' name='Manual Testing'>
<CompetencyEvidence name='Extent of Experience' typeDescription='Extent of Experience' type='MONTH' lastUsed='2012'><NumericValue description='MONTH'>29</NumericValue></CompetencyEvidence>

<CompetencyEvidence typeDescription='Alias' name='Alias'><StringValue>manual test</StringValue></CompetencyEvidence>

<CompetencyWeight type='skillLevel'><NumericValue minValue='0' maxValue='100'>68</NumericValue></CompetencyWeight>

<CompetencyWeight type='skillProficiency'><StringValue minValue='BASIC' maxValue='EXCELLENT'>GOOD</StringValue></CompetencyWeight>
</Competency>

<Competency oids='10 78 ' description='Skill' auth='no' name='DWBI Testing'>
<CompetencyEvidence name='Extent of Experience' typeDescription='Extent of Experience' type='MONTH' lastUsed='2010'><NumericValue description='MONTH'>5</NumericValue></CompetencyEvidence>

<CompetencyEvidence typeDescription='Alias' name='Alias'><StringValue>DW/BI Testing</StringValue></CompetencyEvidence>

<CompetencyWeight type='skillLevel'><NumericValue minValue='0' maxValue='100'>48</NumericValue></CompetencyWeight>

<CompetencyWeight type='skillProficiency'><StringValue minValue='BASIC' maxValue='EXCELLENT'>WORKING</StringValue></CompetencyWeight>
</Competency>

<Competency oids='54 ' description='Skill' auth='no' name='planning of projects and enhancements'>
<CompetencyEvidence name='Extent of Experience' typeDescription='Extent of Experience' type='MONTH' lastUsed='2013'><NumericValue description='MONTH'>14</NumericValue></CompetencyEvidence>

<CompetencyWeight type='skillLevel'><NumericValue minValue='0' maxValue='100'>86</NumericValue></CompetencyWeight>

<CompetencyWeight type='skillProficiency'><StringValue minValue='BASIC' maxValue='EXCELLENT'>EXCELLENT</StringValue></CompetencyWeight>
</Competency>

<Competency oids='4 ' description='Skill' auth='no' name='offshore extensive experience'>
<CompetencyWeight type='skillLevel'><NumericValue minValue='0' maxValue='100'>13</NumericValue></CompetencyWeight>
</Competency>

<Competency oids='47 ' description='Skill' auth='no' name='manage project testing schedule'>
<CompetencyEvidence name='Extent of Experience' typeDescription='Extent of Experience' type='MONTH' lastUsed='2014'><NumericValue description='MONTH'>8</NumericValue></CompetencyEvidence>

<CompetencyWeight type='skillLevel'><NumericValue minValue='0' maxValue='100'>92</NumericValue></CompetencyWeight>

<CompetencyWeight type='skillProficiency'><StringValue minValue='BASIC' maxValue='EXCELLENT'>EXCELLENT</StringValue></CompetencyWeight>
</Competency>

<Competency oids='46 ' description='Skill' auth='no' name='manage estimates'>
<CompetencyEvidence name='Extent of Experience' typeDescription='Extent of Experience' type='MONTH' lastUsed='2014'><NumericValue description='MONTH'>8</NumericValue></CompetencyEvidence>

<CompetencyWeight type='skillLevel'><NumericValue minValue='0' maxValue='100'>93</NumericValue></CompetencyWeight>

<CompetencyWeight type='skillProficiency'><StringValue minValue='BASIC' maxValue='EXCELLENT'>EXCELLENT</StringValue></CompetencyWeight>
</Competency>

<Competency oids='111 ' description='Skill' auth='no' name='develop Test cases'>
<CompetencyEvidence name='Extent of Experience' typeDescription='Extent of Experience' type='MONTH' lastUsed='2010'><NumericValue description='MONTH'>5</NumericValue></CompetencyEvidence>

<CompetencyWeight type='skillLevel'><NumericValue minValue='0' maxValue='100'>44</NumericValue></CompetencyWeight>

<CompetencyWeight type='skillProficiency'><StringValue minValue='BASIC' maxValue='EXCELLENT'>WORKING</StringValue></CompetencyWeight>
</Competency>

<Competency oids='163 ' description='Skill > IT' auth='yes' name='UNIX'>
<CompetencyEvidence name='Extent of Experience' typeDescription='Extent of Experience' type='MONTH' lastUsed='2007'><NumericValue description='MONTH'>12</NumericValue></CompetencyEvidence>

<CompetencyWeight type='skillLevel'><NumericValue minValue='0' maxValue='100'>18</NumericValue></CompetencyWeight>

<CompetencyWeight type='skillProficiency'><StringValue minValue='BASIC' maxValue='EXCELLENT'>BASIC</StringValue></CompetencyWeight>
</Competency>

<Competency oids='45 ' description='Skill' auth='yes' name='Triage'>
<CompetencyEvidence name='Extent of Experience' typeDescription='Extent of Experience' type='MONTH' lastUsed='2014'><NumericValue description='MONTH'>8</NumericValue></CompetencyEvidence>

<CompetencyWeight type='skillLevel'><NumericValue minValue='0' maxValue='100'>93</NumericValue></CompetencyWeight>

<CompetencyWeight type='skillProficiency'><StringValue minValue='BASIC' maxValue='EXCELLENT'>EXCELLENT</StringValue></CompetencyWeight>
</Competency>

<Competency oids='35 ' description='Skill' auth='no' name='Test Management'>
<CompetencyWeight type='skillLevel'><NumericValue minValue='0' maxValue='100'>13</NumericValue></CompetencyWeight>
</Competency>

<Competency oids='18 ' description='Skill' auth='no' name='Technology Skills'>
<CompetencyWeight type='skillLevel'><NumericValue minValue='0' maxValue='100'>13</NumericValue></CompetencyWeight>
</Competency>

<Competency oids='107 ' description='Skill' auth='yes' name='Supply Chain'>
<CompetencyEvidence name='Extent of Experience' typeDescription='Extent of Experience' type='MONTH' lastUsed='2010'><NumericValue description='MONTH'>5</NumericValue></CompetencyEvidence>

<CompetencyWeight type='skillLevel'><NumericValue minValue='0' maxValue='100'>44</NumericValue></CompetencyWeight>

<CompetencyWeight type='skillProficiency'><StringValue minValue='BASIC' maxValue='EXCELLENT'>WORKING</StringValue></CompetencyWeight>
</Competency>

<Competency oids='9 ' description='Skill > IT' auth='yes' name='SDLC'>
<CompetencyWeight type='skillLevel'><NumericValue minValue='0' maxValue='100'>13</NumericValue></CompetencyWeight>
</Competency>

<Competency oids='91 ' description='Skill > IT' auth='yes' name='SCM'>
<CompetencyEvidence name='Extent of Experience' typeDescription='Extent of Experience' type='MONTH' lastUsed='2010'><NumericValue description='MONTH'>5</NumericValue></CompetencyEvidence>

<CompetencyEvidence typeDescription='Alias' name='Alias'><StringValue>SCM Release 4 Release 4</StringValue></CompetencyEvidence>

<CompetencyWeight type='skillLevel'><NumericValue minValue='0' maxValue='100'>48</NumericValue></CompetencyWeight>

<CompetencyWeight type='skillProficiency'><StringValue minValue='BASIC' maxValue='EXCELLENT'>WORKING</StringValue></CompetencyWeight>
</Competency>

<Competency oids='171 ' description='Skill > IT' auth='no' name='SAP-ABAP- Query'>
<CompetencyEvidence typeDescription='Alias' name='Alias'><StringValue>Query</StringValue></CompetencyEvidence>

<CompetencyWeight type='skillLevel'><NumericValue minValue='0' maxValue='100'>13</NumericValue></CompetencyWeight>
</Competency>

<Competency oids='16 ' description='Skill' auth='no' name='SAP MM Testing'>
<CompetencyWeight type='skillLevel'><NumericValue minValue='0' maxValue='100'>13</NumericValue></CompetencyWeight>
</Competency>

<Competency oids='109 ' description='Skill > IT' auth='yes' name='SAP IS Procurement'>
<CompetencyEvidence name='Extent of Experience' typeDescription='Extent of Experience' type='MONTH' lastUsed='2010'><NumericValue description='MONTH'>5</NumericValue></CompetencyEvidence>

<CompetencyEvidence typeDescription='Alias' name='Alias'><StringValue>Procurement</StringValue></CompetencyEvidence>

<CompetencyWeight type='skillLevel'><NumericValue minValue='0' maxValue='100'>44</NumericValue></CompetencyWeight>

<CompetencyWeight type='skillProficiency'><StringValue minValue='BASIC' maxValue='EXCELLENT'>WORKING</StringValue></CompetencyWeight>
</Competency>

<Competency oids='84 ' description='Skill > IT' auth='yes' name='SAP ECC'>
<CompetencyEvidence name='Extent of Experience' typeDescription='Extent of Experience' type='MONTH' lastUsed='2010'><NumericValue description='MONTH'>5</NumericValue></CompetencyEvidence>

<CompetencyEvidence typeDescription='Alias' name='Alias'><StringValue>SAP ECC 6.0 6.0</StringValue></CompetencyEvidence>

<CompetencyWeight type='skillLevel'><NumericValue minValue='0' maxValue='100'>44</NumericValue></CompetencyWeight>

<CompetencyWeight type='skillProficiency'><StringValue minValue='BASIC' maxValue='EXCELLENT'>WORKING</StringValue></CompetencyWeight>
</Competency>

<Competency oids='169 ' description='Skill > IT' auth='yes' name='SAP BW InfoCube'>
<CompetencyEvidence typeDescription='Alias' name='Alias'><StringValue>Infocube</StringValue></CompetencyEvidence>

<CompetencyWeight type='skillLevel'><NumericValue minValue='0' maxValue='100'>13</NumericValue></CompetencyWeight>
</Competency>

<Competency oids='173 ' description='Skill > IT' auth='yes' name='SAP BW BEx'>
<CompetencyEvidence typeDescription='Alias' name='Alias'><StringValue>SAP BEx</StringValue></CompetencyEvidence>

<CompetencyWeight type='skillLevel'><NumericValue minValue='0' maxValue='100'>13</NumericValue></CompetencyWeight>
</Competency>

<Competency oids='157 ' description='Skill > IT' auth='yes' name='SAP'>
<CompetencyEvidence name='Extent of Experience' typeDescription='Extent of Experience' type='MONTH' lastUsed='2007'><NumericValue description='MONTH'>12</NumericValue></CompetencyEvidence>

<CompetencyWeight type='skillLevel'><NumericValue minValue='0' maxValue='100'>18</NumericValue></CompetencyWeight>

<CompetencyWeight type='skillProficiency'><StringValue minValue='BASIC' maxValue='EXCELLENT'>BASIC</StringValue></CompetencyWeight>
</Competency>

<Competency oids='51 ' description='Skill' auth='no' name='Responsible for all test deliverables'>
<CompetencyEvidence name='Extent of Experience' typeDescription='Extent of Experience' type='MONTH' lastUsed='2013'><NumericValue description='MONTH'>14</NumericValue></CompetencyEvidence>

<CompetencyWeight type='skillLevel'><NumericValue minValue='0' maxValue='100'>87</NumericValue></CompetencyWeight>

<CompetencyWeight type='skillProficiency'><StringValue minValue='BASIC' maxValue='EXCELLENT'>EXCELLENT</StringValue></CompetencyWeight>
</Competency>

<Competency oids='44 ' description='Skill' auth='yes' name='Requirements Gathering'>
<CompetencyEvidence name='Extent of Experience' typeDescription='Extent of Experience' type='MONTH' lastUsed='2014'><NumericValue description='MONTH'>8</NumericValue></CompetencyEvidence>

<CompetencyEvidence typeDescription='Alias' name='Alias'><StringValue>Requirement gathering</StringValue></CompetencyEvidence>

<CompetencyWeight type='skillLevel'><NumericValue minValue='0' maxValue='100'>94</NumericValue></CompetencyWeight>

<CompetencyWeight type='skillProficiency'><StringValue minValue='BASIC' maxValue='EXCELLENT'>EXCELLENT</StringValue></CompetencyWeight>
</Competency>

<Competency oids='29 ' description='Skill > IT' auth='yes' name='RDBMS'>
<CompetencyWeight type='skillLevel'><NumericValue minValue='0' maxValue='100'>13</NumericValue></CompetencyWeight>
</Competency>

<Competency oids='52 ' description='Skill' auth='no' name='Quality Management'>
<CompetencyEvidence name='Extent of Experience' typeDescription='Extent of Experience' type='MONTH' lastUsed='2013'><NumericValue description='MONTH'>14</NumericValue></CompetencyEvidence>

<CompetencyWeight type='skillLevel'><NumericValue minValue='0' maxValue='100'>87</NumericValue></CompetencyWeight>

<CompetencyWeight type='skillProficiency'><StringValue minValue='BASIC' maxValue='EXCELLENT'>EXCELLENT</StringValue></CompetencyWeight>
</Competency>

<Competency oids='106 ' description='Skill > IT' auth='yes' name='Oracle Applications'>
<CompetencyEvidence name='Extent of Experience' typeDescription='Extent of Experience' type='MONTH' lastUsed='2010'><NumericValue description='MONTH'>5</NumericValue></CompetencyEvidence>

<CompetencyEvidence typeDescription='Alias' name='Alias'><StringValue>Application</StringValue></CompetencyEvidence>

<CompetencyWeight type='skillLevel'><NumericValue minValue='0' maxValue='100'>44</NumericValue></CompetencyWeight>

<CompetencyWeight type='skillProficiency'><StringValue minValue='BASIC' maxValue='EXCELLENT'>WORKING</StringValue></CompetencyWeight>
</Competency>

<Competency oids='108 ' description='Skill > IT' auth='no' name='ORACLE Order Management'>
<CompetencyEvidence name='Extent of Experience' typeDescription='Extent of Experience' type='MONTH' lastUsed='2010'><NumericValue description='MONTH'>5</NumericValue></CompetencyEvidence>

<CompetencyEvidence typeDescription='Alias' name='Alias'><StringValue>Order Management</StringValue></CompetencyEvidence>

<CompetencyWeight type='skillLevel'><NumericValue minValue='0' maxValue='100'>44</NumericValue></CompetencyWeight>

<CompetencyWeight type='skillProficiency'><StringValue minValue='BASIC' maxValue='EXCELLENT'>WORKING</StringValue></CompetencyWeight>
</Competency>

<Competency oids='113 ' description='Skill' auth='no' name='OBIEE Report Testing'>
<CompetencyEvidence name='Extent of Experience' typeDescription='Extent of Experience' type='MONTH' lastUsed='2010'><NumericValue description='MONTH'>5</NumericValue></CompetencyEvidence>

<CompetencyWeight type='skillLevel'><NumericValue minValue='0' maxValue='100'>44</NumericValue></CompetencyWeight>

<CompetencyWeight type='skillProficiency'><StringValue minValue='BASIC' maxValue='EXCELLENT'>WORKING</StringValue></CompetencyWeight>
</Competency>

<Competency oids='20 ' description='Skill' auth='no' name='OBI Testing'>
<CompetencyWeight type='skillLevel'><NumericValue minValue='0' maxValue='100'>13</NumericValue></CompetencyWeight>
</Competency>

<Competency oids='32 ' description='Skill > IT' auth='yes' name='Microsoft Windows'>
<CompetencyEvidence typeDescription='Alias' name='Alias'><StringValue>Windows</StringValue></CompetencyEvidence>

<CompetencyWeight type='skillLevel'><NumericValue minValue='0' maxValue='100'>13</NumericValue></CompetencyWeight>
</Competency>

<Competency oids='48 ' description='Skill > IT' auth='yes' name='Microsoft SQL Server'>
<CompetencyEvidence name='Extent of Experience' typeDescription='Extent of Experience' type='MONTH' lastUsed='2014'><NumericValue description='MONTH'>8</NumericValue></CompetencyEvidence>

<CompetencyEvidence typeDescription='Alias' name='Alias'><StringValue>SQL Server</StringValue></CompetencyEvidence>

<CompetencyWeight type='skillLevel'><NumericValue minValue='0' maxValue='100'>91</NumericValue></CompetencyWeight>

<CompetencyWeight type='skillProficiency'><StringValue minValue='BASIC' maxValue='EXCELLENT'>EXCELLENT</StringValue></CompetencyWeight>
</Competency>

<Competency oids='175 ' description='Skill > IT' auth='yes' name='Microsoft Excel'>
<CompetencyEvidence typeDescription='Alias' name='Alias'><StringValue>MS-Excel</StringValue></CompetencyEvidence>

<CompetencyWeight type='skillLevel'><NumericValue minValue='0' maxValue='100'>13</NumericValue></CompetencyWeight>
</Competency>

<Competency oids='11 ' description='Skill > IT' auth='yes' name='Mercury Quality Center'>
<CompetencyWeight type='skillLevel'><NumericValue minValue='0' maxValue='100'>13</NumericValue></CompetencyWeight>
</Competency>

<Competency oids='34 ' description='Skill > IT' auth='yes' name='Mercury Interactive LoadRunner'>
<CompetencyEvidence typeDescription='Alias' name='Alias'><StringValue>Load Runner</StringValue></CompetencyEvidence>

<CompetencyWeight type='skillLevel'><NumericValue minValue='0' maxValue='100'>13</NumericValue></CompetencyWeight>
</Competency>

<Competency oids='49 ' description='Skill > IT' auth='yes' name='Informatica'>
<CompetencyEvidence name='Extent of Experience' typeDescription='Extent of Experience' type='MONTH' lastUsed='2014'><NumericValue description='MONTH'>8</NumericValue></CompetencyEvidence>

<CompetencyWeight type='skillLevel'><NumericValue minValue='0' maxValue='100'>90</NumericValue></CompetencyWeight>

<CompetencyWeight type='skillProficiency'><StringValue minValue='BASIC' maxValue='EXCELLENT'>EXCELLENT</StringValue></CompetencyWeight>
</Competency>

<Competency oids='25 ' description='Skill' auth='no' name='Hyperion Web Analysis'>
<CompetencyWeight type='skillLevel'><NumericValue minValue='0' maxValue='100'>13</NumericValue></CompetencyWeight>
</Competency>

<Competency oids='166 ' description='Skill' auth='no' name='GUI testing'>
<CompetencyWeight type='skillLevel'><NumericValue minValue='0' maxValue='100'>13</NumericValue></CompetencyWeight>
</Competency>

<Competency oids='63 ' description='Skill' auth='no' name='ETL Testing'>
<CompetencyEvidence name='Extent of Experience' typeDescription='Extent of Experience' type='MONTH' lastUsed='2012'><NumericValue description='MONTH'>24</NumericValue></CompetencyEvidence>

<CompetencyWeight type='skillLevel'><NumericValue minValue='0' maxValue='100'>69</NumericValue></CompetencyWeight>

<CompetencyWeight type='skillProficiency'><StringValue minValue='BASIC' maxValue='EXCELLENT'>GOOD</StringValue></CompetencyWeight>
</Competency>

<Competency oids='5 ' description='Skill' auth='no' name='ERP testing'>
<CompetencyWeight type='skillLevel'><NumericValue minValue='0' maxValue='100'>13</NumericValue></CompetencyWeight>
</Competency>

<Competency oids='110 ' description='Skill' auth='no' name='Design'>
<CompetencyEvidence name='Extent of Experience' typeDescription='Extent of Experience' type='MONTH' lastUsed='2010'><NumericValue description='MONTH'>5</NumericValue></CompetencyEvidence>

<CompetencyEvidence typeDescription='Alias' name='Alias'><StringValue>Design and</StringValue></CompetencyEvidence>

<CompetencyWeight type='skillLevel'><NumericValue minValue='0' maxValue='100'>44</NumericValue></CompetencyWeight>

<CompetencyWeight type='skillProficiency'><StringValue minValue='BASIC' maxValue='EXCELLENT'>WORKING</StringValue></CompetencyWeight>
</Competency>

<Competency oids='6 ' description='Skill' auth='yes' name='Database Administration'>
<CompetencyEvidence typeDescription='Alias' name='Alias'><StringValue>DBA</StringValue></CompetencyEvidence>

<CompetencyWeight type='skillLevel'><NumericValue minValue='0' maxValue='100'>13</NumericValue></CompetencyWeight>
</Competency>

<Competency oids='7 ' description='Skill' auth='yes' name='Continuous Improvement'>
<CompetencyWeight type='skillLevel'><NumericValue minValue='0' maxValue='100'>13</NumericValue></CompetencyWeight>
</Competency>

<Competency oids='64 ' description='Skill' auth='no' name='BI Testing'>
<CompetencyEvidence name='Extent of Experience' typeDescription='Extent of Experience' type='MONTH' lastUsed='2012'><NumericValue description='MONTH'>24</NumericValue></CompetencyEvidence>

<CompetencyWeight type='skillLevel'><NumericValue minValue='0' maxValue='100'>68</NumericValue></CompetencyWeight>

<CompetencyWeight type='skillProficiency'><StringValue minValue='BASIC' maxValue='EXCELLENT'>GOOD</StringValue></CompetencyWeight>
</Competency>

<Competency oids='62 ' description='Skill' auth='no' name='BI Report Testing'>
<CompetencyEvidence name='Extent of Experience' typeDescription='Extent of Experience' type='MONTH' lastUsed='2012'><NumericValue description='MONTH'>24</NumericValue></CompetencyEvidence>

<CompetencyWeight type='skillLevel'><NumericValue minValue='0' maxValue='100'>69</NumericValue></CompetencyWeight>

<CompetencyWeight type='skillProficiency'><StringValue minValue='BASIC' maxValue='EXCELLENT'>GOOD</StringValue></CompetencyWeight>
</Competency>

<Competency oids='33 ' description='Skill' auth='no' name='Automation Testing'>
<CompetencyWeight type='skillLevel'><NumericValue minValue='0' maxValue='100'>13</NumericValue></CompetencyWeight>
</Competency>

<Competency oids='8 ' description='Skill' auth='yes' name='Audit'>
<CompetencyEvidence typeDescription='Alias' name='Alias'><StringValue>auditing</StringValue></CompetencyEvidence>

<CompetencyWeight type='skillLevel'><NumericValue minValue='0' maxValue='100'>13</NumericValue></CompetencyWeight>
</Competency>

<Competency oids='75_4_2 93_2 144_2 164_2 ' description='Held Position' auth='no' name='Testing Consultant'>
<CompetencyEvidence name='Extent of Experience' typeDescription='Extent of Experience' type='MONTH' lastUsed='2010'><NumericValue description='MONTH'>50</NumericValue></CompetencyEvidence>

<CompetencyWeight type='skillLevel'><NumericValue minValue='0' maxValue='100'>56</NumericValue></CompetencyWeight>

<CompetencyWeight type='skillProficiency'><StringValue minValue='BASIC' maxValue='EXCELLENT'>WORKING</StringValue></CompetencyWeight>
</Competency>

<Competency oids='176_1 ' description='Held Position' auth='no' name='project manager'>
<CompetencyWeight type='skillLevel'><NumericValue minValue='0' maxValue='100'>13</NumericValue></CompetencyWeight>
</Competency>

<Competency oids='13_2 ' description='Held Position' auth='no' name='a DWBI resource recruiter'>
<CompetencyWeight type='skillLevel'><NumericValue minValue='0' maxValue='100'>13</NumericValue></CompetencyWeight>
</Competency>

<Competency oids='59_4_2 ' description='Held Position' auth='no' name='Test Lead'>
<CompetencyEvidence name='Extent of Experience' typeDescription='Extent of Experience' type='MONTH' lastUsed='2012'><NumericValue description='MONTH'>24</NumericValue></CompetencyEvidence>

<CompetencyWeight type='skillLevel'><NumericValue minValue='0' maxValue='100'>71</NumericValue></CompetencyWeight>

<CompetencyWeight type='skillProficiency'><StringValue minValue='BASIC' maxValue='EXCELLENT'>GOOD</StringValue></CompetencyWeight>
</Competency>

<Competency oids='42_3_3 ' description='Held Position' auth='no' name='Test Coordinator'>
<CompetencyEvidence name='Extent of Experience' typeDescription='Extent of Experience' type='MONTH' lastUsed='2014'><NumericValue description='MONTH'>8</NumericValue></CompetencyEvidence>

<CompetencyWeight type='skillLevel'><NumericValue minValue='0' maxValue='100'>95</NumericValue></CompetencyWeight>

<CompetencyWeight type='skillProficiency'><StringValue minValue='BASIC' maxValue='EXCELLENT'>EXCELLENT</StringValue></CompetencyWeight>
</Competency>

<Competency oids='42_3_2 ' description='Held Position' auth='no' name='Senior Associate'>
<CompetencyEvidence name='Extent of Experience' typeDescription='Extent of Experience' type='MONTH' lastUsed='2014'><NumericValue description='MONTH'>8</NumericValue></CompetencyEvidence>

<CompetencyWeight type='skillLevel'><NumericValue minValue='0' maxValue='100'>95</NumericValue></CompetencyWeight>

<CompetencyWeight type='skillProficiency'><StringValue minValue='BASIC' maxValue='EXCELLENT'>EXCELLENT</StringValue></CompetencyWeight>
</Competency>

<Competency oids='50_3_2 ' description='Held Position' auth='no' name='Project Lead'>
<CompetencyEvidence name='Extent of Experience' typeDescription='Extent of Experience' type='MONTH' lastUsed='2013'><NumericValue description='MONTH'>14</NumericValue></CompetencyEvidence>

<CompetencyWeight type='skillLevel'><NumericValue minValue='0' maxValue='100'>87</NumericValue></CompetencyWeight>

<CompetencyWeight type='skillProficiency'><StringValue minValue='BASIC' maxValue='EXCELLENT'>EXCELLENT</StringValue></CompetencyWeight>
</Competency>

<Competency oids='146_1 ' description='Held Position' auth='no' name='ODI Designer'>
<CompetencyWeight type='skillLevel'><NumericValue minValue='0' maxValue='100'>13</NumericValue></CompetencyWeight>
</Competency>

<Competency oids='53_1 ' description='Held Position' auth='no' name='Managers'>
<CompetencyEvidence name='Extent of Experience' typeDescription='Extent of Experience' type='MONTH' lastUsed='2013'><NumericValue description='MONTH'>14</NumericValue></CompetencyEvidence>

<CompetencyWeight type='skillLevel'><NumericValue minValue='0' maxValue='100'>87</NumericValue></CompetencyWeight>

<CompetencyWeight type='skillProficiency'><StringValue minValue='BASIC' maxValue='EXCELLENT'>EXCELLENT</StringValue></CompetencyWeight>
</Competency>

<Competency oids='174_1 ' description='Held Position' auth='no' name='Created Load runner'>
<CompetencyWeight type='skillLevel'><NumericValue minValue='0' maxValue='100'>13</NumericValue></CompetencyWeight>
</Competency>

<Competency oids='172_1 ' description='Held Position' auth='no' name='BEx designer'>
<CompetencyWeight type='skillLevel'><NumericValue minValue='0' maxValue='100'>13</NumericValue></CompetencyWeight>
</Competency>

<Competency oids='40_1 ' description='Degree/Qualification' auth='no' name='B.Sc (Comp)'>
<CompetencyWeight type='skillLevel'><NumericValue minValue='0' maxValue='100'>12</NumericValue></CompetencyWeight>
</Competency>

<Competency description='Industry' auth='yes' name='industry~it'>
<CompetencyEvidence name='skillCount' typeDescription='skillCount'><NumericValue>8</NumericValue></CompetencyEvidence>

<CompetencyWeight type='skillLevel'><NumericValue minValue='0' maxValue='100'>100</NumericValue></CompetencyWeight>
</Competency>























<RevisionDate id='1'>2014-06-24</RevisionDate>
</StructuredXMLResume>
<NonXMLResume>

<TextResume>



{{HEADER}}



1







{{END_HEADER}}

<span inprof='n' id='1' class='date'>{{DOCUMENT_DATESTAMP}} 2014-6-24 {{END_DOCUMENT_DATESTAMP}}</span>


<span inprof='y' id='2' class='nominal'>Balaji T</span>


   *  Having <span inprof='y' id='3' class='skill'>9+ years of experience of onshore</span>-<span inprof='y' id='4' class='skill'>offshore extensive experience</span> with strong concentration and enormous success in different testing practices such as Functional, DWBI, <span inprof='y' id='5' class='skill'>ERP testing</span> projects management with client-focused delivery and maintaining a track record of releasing high quality products within proposed schedule and budget. ; 
   *  Perform team monitoring across all phases of assigned projects. Work with the team of testers on testing strategies, testing plan, effort and testing estimates. ; 
   *  Well Communicated with Business &#38; Development teams and getting the clear understanding of the
      Requirements in the given time and prepare the same as document of understanding.
   *  Work with SME's, Architects, <span inprof='y' id='6' class='skill'>DBA</span> team frequently on scope of optimization and on <span inprof='y' id='7' class='skill'>continuous improvement</span> of the Test process. ; 
   *  Track and report overall effort and schedule variance on <span inprof='y' id='8' class='skill'>auditing</span> aspects and taking necessary steps to avoid
      adverse impacts. Facilitate, implement, and optimize PMO processes. 
   *  Good understanding of software testing life cycle, <span inprof='y' id='9' class='sofwr'>SDLC</span> and project life cycle. ; 
   *  Managed and Involved in  Adhoc, Functional, Regression, <span inprof='y' id='10' class='skill'>DWBI Testing</span> using ODI and Informatica &#38; Web based
      applications. 
   *  Experienced in software test management tools like <span inprof='y' id='11' class='sofwr'>Mercury Quality center</span> ; 
   *  Worked along with <span inprof='y' id='12' class='sofwr'>Quality Assurance</span> Pre-Sales team to provide necessary information on DWBI. ; 
   <span inprof='n' id='13_1' class='some-position'>*  Worked as</span> <span inprof='y' id='13_2' class='role'>a DWBI resource recruiter</span> in <span inprof='n' id='14' class='company'>QA Resource management group</span>. ; 
   *  Have  knowledge on Telecom, Health care and Insurance domain ; 
   *  Ability to learn new Subject Areas and tools quickly. ; 
   *  Worked on <span inprof='y' id='15' class='skill'>functional testing</span> on <span inprof='y' id='16' class='skill'>SAP MM Testing</span> and knowledge on <span inprof='y' id='17' class='sofwr'>SAP TM</span> 9.0

*  <span inprof='y' id='18' class='skill'>Technology Skills</span>
       *
       *  Testing	:         <span inprof='y' id='19' class='sofwr'>ETL</span> and <span inprof='y' id='20' class='skill'>OBI Testing</span>
       *  <span inprof='y' id='21' class='sofwr'>ETL Tool</span>	:        <span inprof='n' id='22' class='postcode-standalone'>ODI 10g</span>, ; 
       *  <span inprof='y' id='23' class='sofwr'>BI</span> Tools	:        <span inprof='y' id='24' class='sofwr'>OBIEE</span>, <span inprof='y' id='25' class='skill'>Hyperion Web Analysis</span>, Workspace, IR, BO ; 
       *  ERP	:              <span inprof='y' id='26' class='sofwr'>SAP R/3</span>, <span inprof='y' id='27' class='sofwr'>BI</span>, <span inprof='y' id='28' class='sofwr'>TM</span> 8.0
       *  <span inprof='y' id='29' class='sofwr'>RDBMS</span>	:     <span inprof='y' id='30' class='sofwr'>Oracle 10g</span>
       <span inprof='n' id='31' class='title-line'>*  Operating Systems</span>      	:      <span inprof='y' id='32' class='sofwr'>Windows</span> Family,
       *  <span inprof='y' id='33' class='skill'>Automation Testing</span> Tools	:           <span inprof='y' id='34' class='sofwr'>Load Runner</span> ; 
       *  <span inprof='y' id='35' class='skill'>Test Management</span> &#38; Defect Tracking Tools	:           HP QC


<span inprof='n' id='36' class='title-line'>Education Qualification</span>

         *  MCA from <span inprof='y' id='37' class='educational'>Madras University</span>, <span inprof='y' id='38' class='location'>Chennai</span>, Completed on <span inprof='y' id='39' class='date'>April 2003</span>. ; 
         *  <span inprof='y' id='40_1' class='qualif'>B.Sc (Comp)</span> from <span inprof='y' id='40_2' class='educational'>Madras University</span>, <span inprof='y' id='40_3' class='location'>Chennai</span>, Completed on April on 2000.


<span inprof='n' id='41' class='work-hist-mark'>Professional Experience</span>

<span inprof='y' id='42_1' class='company'>Client: Health Net Inc</span>,          <span inprof='y' id='42_2_1' class='date'>Nov-2013</span> to <span inprof='y' id='42_2_2' class='date'>Till Date</span>
<span inprof='n' id='42_3_1' class='some-position'>Designation</span>:  <span inprof='y' id='42_3_2' class='role'>Senior Associate</span>/<span inprof='y' id='42_3_3' class='role'>Test Coordinator</span>
Responsibilities:

   *  Execute and guide QA Team involved in System/Integration <span inprof='y' id='43' class='skill'>system testing</span> with multiple data sources and
      Interfaces.
   *  Develop/Review Test strategies / approaches for large scale data projects. ; 
   *   Define testing scope. ; 
   *   <span inprof='y' id='44' class='skill'>Requirement gathering</span> along with functional and architecture team ; 
   *   Preparing understanding document
   *   Walkthrough the test deliverables to client ; 
   *   Conducting working sessions with the integration teams to resolve the issues for quick turn around * ; 
   *  Presenting the status to clients on daily and weekly basis ; 
   *   Presenting defect <span inprof='y' id='45' class='skill'>triage</span> meeting with all the vendors and all other integration partners. ; 
   *   Prepare and <span inprof='y' id='46' class='skill'>manage estimates</span> and deliverables. ; 
   *   Review supplier deliverables and provide feedback and direction. ; 
   *   Assessing risk to schedule, cost or quality on project and testing engagement. ; 
   *   Prepare and <span inprof='y' id='47' class='skill'>manage project testing schedule</span>. ; 
   *   Prepare and facilitate implementation of test plans. ; 
   *   Manage, prioritize defects and coordinate with relevant team on issues.
Environment:  <span inprof='y' id='48' class='sofwr'>SQL Server</span>, <span inprof='y' id='49' class='sofwr'>Informatica</span>

<span inprof='y' id='50_1' class='company'>Client: Equinix</span>                     <span inprof='y' id='50_2_1' class='date'>Aug 2012</span> to <span inprof='y' id='50_2_2' class='date'>Sep-2013</span>
<span inprof='n' id='50_3_1' class='some-position'>Designation</span>:  <span inprof='y' id='50_3_2' class='role'>Project Lead</span>
Responsibilities:

   *  <span inprof='y' id='51' class='skill'>Responsible for all test deliverables</span> ; 
   *  Analyse the testable requirements and come up with the estimation and submit back to Client stakeholders ; 
   *  Establish &#38; monitor the processes for <span inprof='y' id='52' class='skill'>Quality Management</span> ; 
   *  Prepare and review system test plan, system test cases ; 
   *  Work with client to set-up the test environment configuration ; 
   *  Identify changes (with respect to original scope of work) and estimate for cost &#38; schedule, submit to client  for approval ; 
   *  Coordinate with the development team to ensure that all the identified bugs / issues have been fixed/addressed ; 
   *  Work with the client <span inprof='y' id='53_1' class='role'>Managers</span> for scoping and <span inprof='y' id='54' class='skill'>planning of projects and enhancements</span> ; 
   *  Works with the project team and participates in operational readiness review ; 
   *  Gathers and documents test requirements; recommends appropriate testing methods for a given project and makes recommendations during document reviews to prevent defects
   Environment:  <span inprof='y' id='55' class='sofwr'>Oracle 10g</span>, <span inprof='y' id='56' class='sofwr'>ODI</span>, <span inprof='y' id='57' class='sofwr'>OBIEE</span>, <span inprof='y' id='58' class='sofwr'>Windows XP</span>

<span inprof='y' id='59_1' class='company'>Client: Cricket Communications Inc</span>, <span inprof='y' id='59_2' class='location'>US</span>          <span inprof='y' id='59_3_1' class='date'>Aug 2010</span> to <span inprof='y' id='59_3_2' class='date'>July-2012</span>
<span inprof='n' id='59_4_1' class='some-position'>Designation</span>: <span inprof='y' id='59_4_2' class='role'>Test Lead</span>
Responsibilities:

   *  Involved in full STLC, Coordination with <span inprof='y' id='60' class='skill'>Onshore</span> team, Reporting updates to management on Testing status, Test metrics &#38; Defect Metrics making test Strategy/plan. ; 
   *  Leading a testing team of 20 members that are divided between 10 tracks i.e. <span inprof='y' id='61' class='sofwr'>ETL</span> and <span inprof='y' id='62' class='skill'>BI Report Testing</span> ; 
   *  Managing testing activities like <span inprof='y' id='63' class='skill'>ETL Testing</span>, <span inprof='y' id='64' class='skill'>BI Testing</span> according to the testing schedules and scope. ; 
   *  Expertise in Analysis of Requirement documents, Design documents &#38; Business Rules. ; 
   *  Worked along with Automation Testing team and its Framework using <span inprof='y' id='65' class='sofwr'>SQL</span> scripts for the <span inprof='y' id='66' class='sofwr'>regression testing</span> and actively involved in review of <span inprof='y' id='67' class='sofwr'>manual test</span> scripts &#38; <span inprof='y' id='68' class='sofwr'>SQL</span> scripts. ; 
   *  Actively Involved in hiring test professionals for own internal testing team as well as global testing Team. ; 
   *  Extensive knowledge of working on Data warehouse and <span inprof='y' id='69' class='sofwr'>OBIEE</span> reports
Environment:  <span inprof='y' id='70' class='sofwr'>Oracle 10g</span>, <span inprof='y' id='71' class='sofwr'>ODI</span>, <span inprof='y' id='72' class='sofwr'>OBIEE</span>, <span inprof='y' id='73' class='sofwr'>Windows XP</span>, <span inprof='y' id='74' class='sofwr'>TOAD</span>

<span inprof='y' id='75_1' class='company'>Client: Oracle Corp</span>, <span inprof='y' id='75_2' class='location'>US</span>                  <span inprof='y' id='75_3_1' class='date'>Apr- 2010</span> to <span inprof='y' id='75_3_2' class='date'>Aug-2010</span>
<span inprof='n' id='75_4_1' class='some-position'>Designation</span>: <span inprof='y' id='75_4_2' class='role'>Testing Consultant</span>
Responsibilities:


    *  Responsible for developing strategic testing plans to achieve performance quality by coordinating <span inprof='n' id='76' class='bad-occupation'>with the project manager</span> ; 
    *  Handle the tasks of reviewing testing documentation to ensure that it meets the software development and testing standards ; 
    *  Perform responsibilities of evaluating defect metrics data and update the finding report to the appropriate management ; 
    *  Responsible for examining the level of testing process to ensure product quality ; 
    *  Handle the tasks of providing recommendations to improve testing process for <span inprof='y' id='77' class='sofwr'>supporting quality assurance</span> initiatives ; 
    *  Escalate unresolved problems to senior staff and provide guidance to less experienced testers ; 
    *  Managing testing activities like <span inprof='y' id='78' class='skill'>DW/BI Testing</span>, <span inprof='y' id='79' class='sofwr'>Manual Testing</span> according to the testing schedules and scope. ; 
    *  Validated the <span inprof='y' id='80' class='sofwr'>OBIEE</span> reports for its data accuracy and functionally validate them with the <span inprof='y' id='81' class='sofwr'>SAP BW</span> reports ; 
    *  Validated OBIEE reports based on test scenario which is provided by client using <span inprof='y' id='82' class='sofwr'>Oracle BI</span> Dashboard and Answers. ; 
    *  Validated fields and its values present in the reports are same as in <span inprof='y' id='83' class='sofwr'>SAP BW</span> standard reports. ; 
    *  Validated reports using Drill-down and filter features.
    Environment:  <span inprof='y' id='84' class='sofwr'>SAP ECC 6.0</span>, <span inprof='y' id='85' class='sofwr'>Oracle 10g</span>, <span inprof='y' id='86' class='sofwr'>ODI</span>, <span inprof='y' id='87' class='sofwr'>OBIEE</span>, <span inprof='y' id='88' class='sofwr'>Windows XP</span>, <span inprof='y' id='89' class='sofwr'>TOAD</span>

<span inprof='y' id='90' class='company'>Client: Verizon Telecom</span>-<span inprof='y' id='91' class='sofwr'>SCM Release 4</span>, TX          <span inprof='y' id='92_1' class='date'>Nov 2009</span> to <span inprof='y' id='92_2' class='date'>Mar-2010</span>
<span inprof='n' id='93_1' class='some-position'>Designation</span>: <span inprof='y' id='93_2' class='role'>Testing Consultant</span>
Description: The scope of this project is to provide implementation services to <span inprof='n' id='94' class='company'>Verizon</span> to migrate the reporting functionality in the existing <span inprof='y' id='95' class='sofwr'>SAP BW</span> reports (99 Release 4 reports) into <span inprof='y' id='96' class='sofwr'>OBIEE</span> (<span inprof='y' id='97' class='sofwr'>Oracle</span> <span inprof='y' id='98' class='sofwr'>Business Intelligence</span> <span inprof='y' id='99' class='sofwr'>Reporting</span> tool). The content of the <span inprof='y' id='100' class='sofwr'>SAP BW</span> reports considered for the scope is from <span inprof='y' id='101' class='sofwr'>SAP R/3</span> versions ECC 6.0 and <span inprof='y' id='102' class='sofwr'>SAP BW</span> version 3.5. The <span inprof='y' id='103' class='sofwr'>OBIEE</span> reports would be developed on top of the OBIA (<span inprof='y' id='104' class='sofwr'>Oracle</span> <span inprof='y' id='105' class='sofwr'>Business Intelligence</span> <span inprof='y' id='106' class='sofwr'>Application</span>) covering the <span inprof='y' id='107' class='skill'>Supply Chain</span> and <span inprof='y' id='108' class='sofwr'>Order Management</span> Analytics &#38; <span inprof='y' id='109' class='sofwr'>Procurement</span> and Spend Analytics modules)

Responsibilities:


    *  Analyze the Technical Requirements Document &#38; Technical Requirement Specifications ; 
    *  Understand different transform logic/business rules according to requirement. ; 
    *  <span inprof='y' id='110' class='skill'>Design and</span> <span inprof='y' id='111' class='skill'>develop Test cases</span> as per the requirements and Mapping document. ; 
    *  Performed  <span inprof='y' id='112' class='sofwr'>ETL</span> and <span inprof='y' id='113' class='skill'>OBIEE Report Testing</span> ; 
    *  Validated OBIEE reports based on test scenario which is provided by client using <span inprof='y' id='114' class='sofwr'>Oracle BI</span> Answers. ; 
    *  Validated fields and its values present in the reports are same as in <span inprof='y' id='115' class='sofwr'>SAP R/3</span> standard reports. ; 
    *  Validated OBIEE adhoc reports against <span inprof='y' id='116' class='sofwr'>SAP R/3</span> data ; 
    *  Validated reports using Drill-down and filter features.
Environment:  <span inprof='y' id='117' class='sofwr'>SAP R/3</span>, <span inprof='y' id='118' class='sofwr'>Oracle 10g</span>, <span inprof='y' id='119' class='sofwr'>ODI</span>, <span inprof='y' id='120' class='sofwr'>OBIEE</span>, <span inprof='y' id='121' class='sofwr'>Windows XP</span>, <span inprof='y' id='122' class='sofwr'>TOAD</span>



<span inprof='n' id='123' class='sofwr'>Project</span>: ODI-<span inprof='y' id='124' class='sofwr'>SAP ERP</span> &#38; <span inprof='y' id='125' class='sofwr'>BW</span>/<span inprof='y' id='126' class='sofwr'>BI</span> <span inprof='n' id='127' class='sap-appl'>Integration</span>           <span inprof='y' id='128_1' class='date'>Jul-2007</span> to <span inprof='y' id='128_2' class='date'>Oct-2009</span>
Client: <span inprof='y' id='129' class='sofwr'>Oracle</span>
Description: The main purpose of this project is to enhance the ODI - <span inprof='y' id='130' class='sofwr'>Oracle</span> Data Integrator to <span inprof='n' id='131' class='sap-appl'>support</span> <span inprof='y' id='132' class='sofwr'>SAP R/3</span> and <span inprof='y' id='133' class='sofwr'>SAP BW</span> data extraction. To enable ODI to <span inprof='n' id='134' class='sap-appl'>support</span> <span inprof='y' id='135' class='sofwr'>SAP ERP</span> and <span inprof='y' id='136' class='sofwr'>BW</span>/<span inprof='y' id='137' class='sofwr'>BI</span> data extraction the following ODI Knowledge Modules have been implemented:

    *  <span inprof='y' id='138' class='sofwr'>SAP BW</span> Reverse - engineering Knowledge Module (SAP RKM) ; 
    *  <span inprof='y' id='139' class='sofwr'>SAP BW</span> Loading Knowledge Module (SAP LKM)
Environment: ODI, <span inprof='y' id='140' class='sofwr'>TOAD</span>, SAPR/3, <span inprof='y' id='141' class='sofwr'>SAP BW</span>/<span inprof='y' id='142' class='sofwr'>BI</span>, <span inprof='y' id='143' class='sofwr'>Oracle10g</span>,

<span inprof='n' id='144_1' class='some-position'>Role</span>: <span inprof='y' id='144_2' class='role'>Testing Consultant</span>
Responsibilities:

    *  Understanding the Test Environment and Project Requirement from SRS Document. ; 
    *  Participated in Identifying test scenarios with client. ; 
    *  Participated in Identifying test data. ; 
    *  Developing the Test cases based on the Design document. ; 
    *  Executing the test cases and identifying the bugs. ; 
    *  Posting and tracking the bugs through BugDB.
    *  <span inprof='y' id='145' class='sofwr'>Regression testing</span> for new releases. ; 
    *  Involved in installation of ODI, Creation of master repository, Creation of Work repository ; 
    *  Involved in creation of ODI security settings (User creation, assigning of necessary scenarios    and other objects to respective users). ; 
    *  ODI Topology settings (Creation of Data servers, Physical servers, Logical schema) ; 
    *  <span inprof='y' id='146_1' class='role'>ODI Designer</span> (Creation of Models, Projects, Packages ,Interfaces , Procedures ,scenarios ; 
    *  Deploying of scenarios in the execution Repository. ; 
    *  Involved in preparing performance comparison report between ODI and Informatica. ; 
    *  Involved in Trouble shooting and setting up Lib and JCO files in <span inprof='n' id='147' class='location'>Oracle Home</span> (Oracaldi) folder.
Project: <span inprof='y' id='148' class='sofwr'>Oracle</span> Hyperion BI Tools and <span inprof='y' id='149' class='sofwr'>SAP BW</span> <span inprof='n' id='150' class='sap-appl'>Integration</span>           <span inprof='y' id='151_1' class='date'>Jul-2006</span> to <span inprof='y' id='151_2' class='date'>Jun-2007</span>
Client: <span inprof='y' id='152' class='sofwr'>Oracle</span>
Description: Web Analysis, workspace and Interactive <span inprof='y' id='153' class='sofwr'>Reporting</span> are the reporting tools of <span inprof='y' id='154' class='sofwr'>Oracle</span> Hyperion <span inprof='y' id='155' class='sofwr'>Business Intelligence</span> Suite. These reporting tools deliver powerful, intuitive, Web-based interactive analytics to all corners of the enterprise. A highly graphical and easy-to-use interactive interface, it enables users to view their data in a way that makes sense to them. The objective of this project is to enhance the above mentioned reporting tools to <span inprof='n' id='156' class='sap-appl'>support</span> <span inprof='y' id='157' class='sofwr'>SAP</span> <span inprof='y' id='158' class='sofwr'>BW</span> data extraction.

Environment: <span inprof='y' id='159' class='sofwr'>SAP BW3.5</span>/<span inprof='y' id='160' class='sofwr'>BI</span> 7.0, <span inprof='y' id='161' class='skill'>Web Analysis</span>, Workspace, Interactive <span inprof='y' id='162' class='sofwr'>Reporting</span> tool, <span inprof='y' id='163' class='sofwr'>UNIX</span>

<span inprof='n' id='164_1' class='some-position'>Role</span>: <span inprof='y' id='164_2' class='role'>Testing Consultant</span>

Responsibilities:


    *  Understanding the Test Environment and Project Requirement from SRS Document. ; 
    *  Developing the Test cases based on the Design document. ; 
    *  Posting and tracking the bugs through BugDB. ; 
    *  Participated in Identifying test scenarios with client. ; 
    *  Prepared test scripts.
    *  <span inprof='y' id='165' class='sofwr'>Regression testing</span> for new releases. ; 
    *  Performed Hyperion Web application and <span inprof='y' id='166' class='skill'>GUI testing</span> on <span inprof='y' id='167' class='skill'>Web Analysis</span>, Work space. ; 
    *  Validating accessibility of different <span inprof='y' id='168' class='sofwr'>SAP BW</span> data sources i, e.<span inprof='y' id='169' class='sofwr'>Infocube</span>, Infosets, ODS, Multiprovider, Virtual providers in to the reports. ; 
    *  Validating accessibility of <span inprof='y' id='170' class='sofwr'>SAP BW</span> <span inprof='y' id='171' class='sofwr'>Query</span> cubes and structures created using <span inprof='y' id='172_1' class='role'>BEx designer</span> in to the reports. ; 
    *  Validating fields and field values present in the reports are same as in ; 
    *  <span inprof='y' id='173' class='sofwr'>SAP BEx</span> reports.i, e. Text, Hierarchy and Attributes. ; 
    *  Validating reports for Drill-down features. ; 
    *  <span inprof='y' id='174_1' class='role'>Created Load runner</span> scripts and correlated them. ; 
    *  Executed scripts and identified response time for different users and prepared detailed comparison report using <span inprof='y' id='175' class='sofwr'>MS-Excel</span>. ; 
    *  Prepared performance test report and send the status reports to the client and <span inprof='y' id='176_1' class='role'>project manager</span>. ; 
    *  Involved in Trouble shooting and setting up JCO files in <span inprof='n' id='177' class='location'>Hyperion home</span>
Project: Nielsen - eSpec - Reports          <span inprof='y' id='178_1' class='date'>Jul-2004</span> to <span inprof='y' id='178_2' class='date'>Apr-2006</span>
Client: AC Nielsen
Description: The objective of this project is to create a framework which makes it possible to create and maintain client product specifications. This will reduce operational costs while improving quality, timeliness of delivery and client satisfaction. A spec is nothing but a set of criteria based on which the client needs the information. For example, if in the Market M, a client needs information A , B about a product P, during the period T then these details will be provided in the spec. The data about product P is called Product Dimensions (PD) and the period, market and information (or fact) is termed as the Non Product Dimensions (NPD).
Responsibilities:

    *  Coordinating <span inprof='n' id='179' class='bad-occupation'>with Manager</span> on assignments and planning out the task schedules ; 
    *   Planning and Coordinating the Testing and QA activities ; 
    *   Managing QA deliveries to the client on a daily basis ; 
    *   Responsible for mentoring junior testers in the team ; 
    *   Creation of Test cases according to the functional spec. ; 
    *   Preparation of test Data for respective reports and Execution of test cases. ; 
    *   Preparation of test results
    *   Defect Tracking Report. ; 
    *   <span inprof='y' id='180' class='skill'>Functional Testing</span>, <span inprof='y' id='181' class='sofwr'>Regression testing</span> and <span inprof='y' id='182' class='skill'>System Testing</span>. ; 
    *   Coordinate and Communicate with the Offshore &#38; Onsite team



<span inprof='n' id='183' class='title-line'>Additional Information</span>

       *

</TextResume>

</NonXMLResume>



<UserArea>
<DaxResumeUserArea>
<AdditionalPersonalData>
<ExperienceSummary>
<TotalMonthsOfWorkExperience>118</TotalMonthsOfWorkExperience>
<TotalYearsOfWorkExperience>10</TotalYearsOfWorkExperience>
<TotalMonthsOfManagementWorkExperience>38</TotalMonthsOfManagementWorkExperience>
<TotalYearsOfManagementWorkExperience>3.1</TotalYearsOfManagementWorkExperience>
<TotalMonthsOfLowLevelManagementWorkExperience>38</TotalMonthsOfLowLevelManagementWorkExperience>
<TotalYearsOfLowLevelManagementWorkExperience>3.1</TotalYearsOfLowLevelManagementWorkExperience>
<ExecutiveBrief>Balaji T  has been working in the IT  occupational sector for more than 10 years. Currently he is employed as a Senior Associate/Test Coordinator at Health Net Inc. Balaji has extensive knowledge of SAP Netweaver > SAP BW, Oracle BI EE, Oracle, SAP R/3, Oracle 10G, TOAD, Regression Testing, ODI, ETL, SAP-FI- Reporting, SQL, SAP ERP, Quality Assurance, Oracle BI, Manual Testing, UNIX, SCM, SAP IS Procurement, SAP ECC, SAP, Oracle Applications, ORACLE Order Management, Microsoft SQL Server, Informatica. Balaji has an extensive management experience (3.1 years).</ExecutiveBrief>
<ManagementRecord>Since 2012-08 for 14 months the candidate had experience at a lower grade management level working as a Project Lead/Test Coordinator at Equinix.
Since 2010-08 for 24 months the candidate had experience at a lower grade management level working as a Test Lead/Test Coordinator at Cricket Communications Inc.
</ManagementRecord>
</ExperienceSummary>
</AdditionalPersonalData>
<ParserInfo>
<ParserConfiguration>{max_len=50000} {tel_flag=} {send_zip=} {fast_conv=} {DEF_LOCAL=} {sdate=0} {no_email_body=0} {do_clever_zoning=1} {keep_span=1} {complex=1} {accept_langs=} {not_accept_langs=} {prefer_lang_cv=EN} {pers_only=0} {turbo=0} {split_language=0} {picture=0} {picture_inline=0} {name_space=0} {charset=} {hrxml_upgrade_edu_hist=0}{hrxml_add_languages_section=0}{spool=} {docID=} {user=DEFAULT} </ParserConfiguration>
<ParserRelease>0.12.3.32629</ParserRelease>
<ParserReleaseDate>2014-06-18</ParserReleaseDate>
<ParserSchema>2.0.29</ParserSchema>
<ParserSchemaLocation>http://cvx.daxtra.com/cvts/xsd/candidate/2.0.29/Resume.xsd</ParserSchemaLocation>
<ConverterRelease>0.5.2.32629</ConverterRelease>
<ConverterReleaseDate>2014-06-18</ConverterReleaseDate>
</ParserInfo>
<FileStruct filename='/home/izoom/anazarov/grammar/analysis/3rconnect/doc/100_Resume-ApTask/Balaji-ETL Tester.doc'>

<attachment fname='Balaji-ETL Tester.doc' ftype='doc' conv='yes' doc_type='cv' lang='EN'>/home/izoom/anazarov/grammar/analysis/3rconnect/doc/100_Resume-ApTask/Balaji-ETL Tester.doc</attachment>


</FileStruct>
</DaxResumeUserArea>
</UserArea>
</Resume>
