<?xml version='1.0' encoding='ISO-8859-1'?>
<Resume lang='en' src='DAXTRA-CVX schema:2.0.29 release:0.12.3.32629 rdate:2014-06-18'>
<StructuredXMLResume>
<ContactInfo>
<PersonName id='1'>
<FormattedName>Baljinder Singh</FormattedName>
<GivenName>Baljinder</GivenName>
<FamilyName>Singh</FamilyName>
<sex>Male</sex>
</PersonName>
<ContactMethod>
</ContactMethod>
</ContactInfo>
<ExecutiveSummary>Over 5years of professional experience as anApplication developer including3+years of experience in Salesforce.com CRM platform. Experienced in using Visual force, Apex classes with substantial experience in Salesforce.com Developer, operational analytics and quality assurance with emphasis on process improvement. Experience in scope, design, testing, training, deployment and follow up on a multitude of strategic projects within Salesforce.com as the Salesforce.com Developer and Administrator.

    *  Possess knowledge of CRM processes like Sales, Marketing, Customer Service and Customer Support, Business processes and recommended solutions to improve their processes using salesforce.com. ; 
    *  Proficiency in SFDC Administrative tasks like creating Profiles, Roles, Users, Page Layouts, Email Services, Approvals, Workflows, Validation rules, Reports, Dashboards, Tasks,actions,Apex Classes and force.com platform. ; 
    *  Experience in data migration using Import wizard, Apex Data Loader and other integration tools like Informatica, and Cast Iron. ; 
    *  Developed SFDC Customized Reports, Dashboards and Processes to continuously monitor data quality and integrity. ; 
    *  In Depth knowledge of the cloud computing stack which includes SAAS, PAAS and IAAS ; 
    *  Experience of using declarative features like validation rules, workflows, approval processes, dynamic approval process, Escalation Rules, sharing rules and assignment rules for successful deployment of complex business process automations. ; 
    *  Defining role based page layouts, search layouts to organize fields, custom links, related lists, and other components on a record detail and edit pages. ; 
    *  Implemented picklists, field dependencies, lookups, junction objects, master detail relationships and formula fields to the custom objects. ;</ExecutiveSummary>


<EmploymentHistory>
<EmployerOrg employerOrgType='soleEmployer'>
<EmployerOrgName id='72_1'>DHL</EmployerOrgName>
<EmployerContactInfo>
<LocationSummary id='72_3'>
<Municipality>Atlanta</Municipality>
<Region>GA</Region>
<CountryCode>US</CountryCode>
</LocationSummary>
</EmployerContactInfo>
<PositionHistory positionType='CONTRACT'>
<Title id='72_4_1'>Salesforce Developer</Title>
<OrgName id='72_1'>DHL</OrgName>



<Description>DHL is a world's premier global delivery network by trailblazing express shipping in one country after another. It needed an application to load the data to the data loader, and develop the web services which can interact the external world satisfying the users for tracking the shipments and to handle the day by day activities of the administration.

Responsibilities:

    *  Managed the technical delivery of integrations and custom extensions. ; 
    *  Configured users, roles, permissions and profiles as per business requirement ; 
    *  Created custom objects, custom VF page layouts, triggers, validation rules by using Apex as per Customer requirement ; 
    *  Configured Salesforce.com security profiles and custom object supporting integration and quote featured enhancement ; 
    *  Created custom controllers implementing complex code for retrieval from Sales Force to VF pages ; 
    *  Developed workflow rules and triggers using Apex for updating Users based on Location records ; 
    *  Developed Apex class and trigger to format phone/fax/zip code in account object ; 
    *  Developed and maintained SFDC analytical reports and dashboards for management review ; 
    *  Developed mapping in multiples schema databases to load the incremental data load into dimensions ; 
    *  Integrated Apex with External services by making callouts that used SOAP and WSDL ; 
    *  Worked with Apex Scheduler to invoke Apex classes at regular intervals ; 
    *  Wrote SOQL and SOSL statements within custom controllers, extension controllers ; 
    *  Analyzed and imported thousands of account and contact records using Data Loader ; 
    *  Data Validation for the data that arrives from different data sources and generating the reports in the Salesforce.com for the next day portfolio ; 
    *  Used error handling techniques to handle the errors and send emails upon the severity of the error ; 
    *  Assisted in deployment from sandbox to production. ;</Description>
<StartDate id='72_2_1'><YearMonth>2013-10</YearMonth></StartDate>
<EndDate id='72_2_2'><YearMonth>2014-05</YearMonth></EndDate>




<JobCategory>
<TaxonomyName>JOBAREA</TaxonomyName>
<CategoryCode>it</CategoryCode>
</JobCategory>


<UserArea>
<DaxPositionHistoryUserArea>
<TLSPAN first_id='72' last_id='83' border_id='84'></TLSPAN>
<MonthsOfWork>8</MonthsOfWork>
</DaxPositionHistoryUserArea>
</UserArea>
</PositionHistory>
</EmployerOrg>

<EmployerOrg employerOrgType='soleEmployer'>
<EmployerOrgName id='84_1'>Keenan and Associates InsuranceNov</EmployerOrgName>
<EmployerContactInfo>
<LocationSummary id='84_3'>
<Municipality>Torrance</Municipality>
<CountryCode>CA</CountryCode>
</LocationSummary>
</EmployerContactInfo>
<PositionHistory positionType='PERMANENT'>
<Title id='84_4_1'>Salesforce Developer</Title>
<OrgName id='84_1'>Keenan and Associates InsuranceNov</OrgName>



<Description>Keenan is the largest privately held insurance brokerage firm in California. Keenan's innovative solutions provide high quality and cost-effective insurance, employee benefits, and financial services to public agencies and health care organizations.  Keenan &#38; Associates ensures unified customer data and pipeline visibility with Salesforce.com for their Marketing, Sales and Customer Service business process.

Responsibilities:</Description>
<StartDate id='84_2_1'><YearMonth>2012-09</YearMonth></StartDate>
<EndDate id='84_2_2'><Year>2013</Year></EndDate>




<JobCategory>
<TaxonomyName>JOBAREA</TaxonomyName>
<CategoryCode>customer-service</CategoryCode>
</JobCategory>


<UserArea>
<DaxPositionHistoryUserArea>
<TLSPAN first_id='84' last_id='91' border_id='110'></TLSPAN>
<MonthsOfWork>12</MonthsOfWork>
</DaxPositionHistoryUserArea>
</UserArea>
</PositionHistory>
</EmployerOrg>

<EmployerOrg employerOrgType='soleEmployer'>
<EmployerOrgName id='110_1'>Auxilium Pharmaceuticals</EmployerOrgName>
<EmployerContactInfo>
<LocationSummary id='110_3'>
<Municipality>Malvern</Municipality>
<Region>PA</Region>
<CountryCode>US</CountryCode>
</LocationSummary>
</EmployerContactInfo>
<PositionHistory positionType='PERMANENT'>
<Title id='112_1'>Administrator</Title>
<OrgName id='111'>SalesForce.com</OrgName>



<Description>SalesForce.com Administrator

Auxilium is a Pharmaceutical company which implemented Salesforce CRM Enterprise Edition for sales processes, for the products divisions and for their sales team for better customer management

Responsibilities:

*Interacted with various business user groups for gathering the requirements for Salesforce implementation and documented the Business and Software Requirements
* Configured the SalesForce.com environment ; 
* Developed VisualForce page using the extension controller according to the clients requirement ; 
* Developed Apex Classes &#38; Triggers to support the custom functionality and update and insert data ; 
* Developed SOQL and SOSL queries to get data from different related objects ; 
* Worked on various SalesForce.com standard objects like Accounts, Contacts, Cases, Opportunities, Products, Opportunity Line Items, Leads, Campaigns, Reports and Dashboards ; 
* Maintained and developed custom objects to build new application functionality and tabs in the SalesForce.com ; 
* Created workflow rules and defined related tasks, time triggered tasks, email alerts, field updates to implement business logic ; 
* Created email templates, approval processes, approval page layouts and defined approvalactions on them to automate the processes ; 
* Created new user accounts and configure Sales force.com to fit security needs at the user and organization levels ; 
* Created Custom Profiles, Public Groups and Roles to distribute user rights and functionality ; 
* Loaded data into SFDC using Data loader and migrated several legacy applications to the Force.com Platform ; 
* Provided custom reports and dashboards to support the needs of the users and executives ; 
* Worked on enhancing and supporting the application</Description>
<StartDate id='110_2_1'><YearMonth>2012-01</YearMonth></StartDate>
<EndDate id='110_2_2'><YearMonth>2012-09</YearMonth></EndDate>




<JobCategory>
<TaxonomyName>JOBAREA</TaxonomyName>
<CategoryCode>it</CategoryCode>
</JobCategory>


<UserArea>
<DaxPositionHistoryUserArea>
<TLSPAN first_id='110' last_id='122' border_id='123'></TLSPAN>
<MonthsOfWork>9</MonthsOfWork>
</DaxPositionHistoryUserArea>
</UserArea>
</PositionHistory>
</EmployerOrg>

<EmployerOrg employerOrgType='soleEmployer'>
<EmployerOrgName id='123_1'>Egencia</EmployerOrgName>
<EmployerContactInfo>
<LocationSummary id='123_3'>
<Municipality>Bellevue</Municipality>
<Region>WA</Region>
<CountryCode>AU</CountryCode>
</LocationSummary>
</EmployerContactInfo>
<PositionHistory positionType='PERMANENT'>
<Title id='123_4_1'>Salesforce Developer</Title>
<Title id='123_4_2'>Administrator</Title>
<OrgName id='123_1'>Egencia</OrgName>



<Description>Egencia is an Expedia, Inc. company - the world's travel leader providing shared traveler friendly, familiar booking experience, Egencia leverages technology and content with Expedia Inc's extensive brand portfolio. Salesforce and custom apps help Egencia's business soar increasing the productivity through streamlined sales processes, elimination of spreadsheets, and easy access to materials.

Responsibilities:</Description>
<StartDate id='123_2_1'><YearMonth>2011-02</YearMonth></StartDate>
<EndDate id='123_2_2'><YearMonth>2011-12</YearMonth></EndDate>




<JobCategory>
<TaxonomyName>JOBAREA</TaxonomyName>
<CategoryCode>it</CategoryCode>
</JobCategory>


<UserArea>
<DaxPositionHistoryUserArea>
<TLSPAN first_id='123' last_id='129' border_id='146'></TLSPAN>
<MonthsOfWork>11</MonthsOfWork>
</DaxPositionHistoryUserArea>
</UserArea>
</PositionHistory>
</EmployerOrg>

<EmployerOrg employerOrgType='soleEmployer'>
<EmployerOrgName id='146_1'>Acculogix</EmployerOrgName>
<EmployerContactInfo>
<LocationSummary id='146_3'>
<Municipality>Bangalore</Municipality>
<Region>Karnataka</Region>
<CountryCode>IN</CountryCode>
</LocationSummary>
</EmployerContactInfo>
<PositionHistory positionType='PERMANENT'>
<Title id='146_4_1'>Developer</Title>
<OrgName id='146_1'>Acculogix</OrgName>




<StartDate id='146_2_1'><YearMonth>2009-03</YearMonth></StartDate>
<EndDate id='146_2_2'><YearMonth>2010-11</YearMonth></EndDate>




<JobCategory>
<TaxonomyName>JOBAREA</TaxonomyName>
<CategoryCode>it</CategoryCode>
</JobCategory>


<UserArea>
<DaxPositionHistoryUserArea>
<TLSPAN first_id='146' last_id='146' border_id='0'></TLSPAN>
<MonthsOfWork>21</MonthsOfWork>
</DaxPositionHistoryUserArea>
</UserArea>
</PositionHistory>
</EmployerOrg>

</EmploymentHistory>












<Competency oids='16 21 76 95 120 131 ' description='Skill' auth='yes' name='Graphic Layout'>
<CompetencyEvidence name='Extent of Experience' typeDescription='Extent of Experience' type='MONTH' lastUsed='2014'><NumericValue description='MONTH'>17</NumericValue></CompetencyEvidence>

<CompetencyEvidence typeDescription='Alias' name='Alias'><StringValue>Page Layouts</StringValue></CompetencyEvidence>

<CompetencyWeight type='skillLevel'><NumericValue minValue='0' maxValue='100'>95</NumericValue></CompetencyWeight>

<CompetencyWeight type='skillProficiency'><StringValue minValue='BASIC' maxValue='EXCELLENT'>EXCELLENT</StringValue></CompetencyWeight>
</Competency>

<Competency oids='36 64 78 104 140 ' description='Skill > IT' auth='yes' name='SOAP'>
<CompetencyEvidence name='Extent of Experience' typeDescription='Extent of Experience' type='MONTH' lastUsed='2014'><NumericValue description='MONTH'>8</NumericValue></CompetencyEvidence>

<CompetencyWeight type='skillLevel'><NumericValue minValue='0' maxValue='100'>93</NumericValue></CompetencyWeight>

<CompetencyWeight type='skillProficiency'><StringValue minValue='BASIC' maxValue='EXCELLENT'>EXCELLENT</StringValue></CompetencyWeight>
</Competency>

<Competency oids='65 79 105 141 ' description='Skill > IT' auth='yes' name='WSDL'>
<CompetencyEvidence name='Extent of Experience' typeDescription='Extent of Experience' type='MONTH' lastUsed='2014'><NumericValue description='MONTH'>8</NumericValue></CompetencyEvidence>

<CompetencyWeight type='skillLevel'><NumericValue minValue='0' maxValue='100'>92</NumericValue></CompetencyWeight>

<CompetencyWeight type='skillProficiency'><StringValue minValue='BASIC' maxValue='EXCELLENT'>EXCELLENT</StringValue></CompetencyWeight>
</Competency>

<Competency oids='39 56 168 169 ' description='Skill > IT' auth='yes' name='Microsoft SQL Server'>
<CompetencyEvidence typeDescription='Alias' name='Alias'><StringValue>SQL Server</StringValue></CompetencyEvidence>

<CompetencyWeight type='skillLevel'><NumericValue minValue='0' maxValue='100'>13</NumericValue></CompetencyWeight>
</Competency>

<Competency oids='27 30 70 167 ' description='Skill > IT' auth='yes' name='Java'>
<CompetencyWeight type='skillLevel'><NumericValue minValue='0' maxValue='100'>13</NumericValue></CompetencyWeight>
</Competency>

<Competency oids='26 69 161 166 ' description='Skill > IT' auth='yes' name='C++'>
<CompetencyWeight type='skillLevel'><NumericValue minValue='0' maxValue='100'>13</NumericValue></CompetencyWeight>
</Competency>

<Competency oids='32 66 106 ' description='Skill > IT' auth='yes' name='XML'>
<CompetencyWeight type='skillLevel'><NumericValue minValue='0' maxValue='100'>13</NumericValue></CompetencyWeight>
</Competency>

<Competency oids='28 34 63 ' description='Skill > IT' auth='yes' name='Java Server Pages'>
<CompetencyEvidence typeDescription='Alias' name='Alias'><StringValue>JSP</StringValue></CompetencyEvidence>

<CompetencyWeight type='skillLevel'><NumericValue minValue='0' maxValue='100'>13</NumericValue></CompetencyWeight>
</Competency>

<Competency oids='31 61 100 ' description='Skill > IT' auth='yes' name='HTML'>
<CompetencyWeight type='skillLevel'><NumericValue minValue='0' maxValue='100'>13</NumericValue></CompetencyWeight>
</Competency>

<Competency oids='163 171 ' description='Skill > IT' auth='yes' name='UNIX'>
<CompetencyWeight type='skillLevel'><NumericValue minValue='0' maxValue='100'>13</NumericValue></CompetencyWeight>
</Competency>

<Competency oids='164 172 ' description='Skill > IT' auth='yes' name='Microsoft Windows'>
<CompetencyEvidence typeDescription='Alias' name='Alias'><StringValue>Windows Environment</StringValue></CompetencyEvidence>

<CompetencyWeight type='skillLevel'><NumericValue minValue='0' maxValue='100'>13</NumericValue></CompetencyWeight>
</Competency>

<Competency oids='99 136 ' description='Skill > IT' auth='yes' name='Microsoft Excel'>
<CompetencyEvidence typeDescription='Alias' name='Alias'><StringValue>Excel</StringValue></CompetencyEvidence>

<CompetencyWeight type='skillLevel'><NumericValue minValue='0' maxValue='100'>13</NumericValue></CompetencyWeight>
</Competency>

<Competency oids='33 62 ' description='Skill > IT' auth='yes' name='Cascading Style Sheets'>
<CompetencyEvidence typeDescription='Alias' name='Alias'><StringValue>CSS</StringValue></CompetencyEvidence>

<CompetencyWeight type='skillLevel'><NumericValue minValue='0' maxValue='100'>13</NumericValue></CompetencyWeight>
</Competency>

<Competency oids='68 165 ' description='Skill > IT' auth='yes' name='C Programming Language'>
<CompetencyEvidence typeDescription='Alias' name='Alias'><StringValue>C</StringValue></CompetencyEvidence>

<CompetencyWeight type='skillLevel'><NumericValue minValue='0' maxValue='100'>13</NumericValue></CompetencyWeight>
</Competency>

<Competency oids='20 ' description='Skill' auth='no' name='successful deployment'>
<CompetencyWeight type='skillLevel'><NumericValue minValue='0' maxValue='100'>13</NumericValue></CompetencyWeight>
</Competency>

<Competency oids='6 ' description='Skill' auth='no' name='substantial experience'>
<CompetencyWeight type='skillLevel'><NumericValue minValue='0' maxValue='100'>13</NumericValue></CompetencyWeight>
</Competency>

<Competency oids='74 ' description='Skill' auth='no' name='develop the web'>
<CompetencyEvidence name='Extent of Experience' typeDescription='Extent of Experience' type='MONTH' lastUsed='2014'><NumericValue description='MONTH'>8</NumericValue></CompetencyEvidence>

<CompetencyWeight type='skillLevel'><NumericValue minValue='0' maxValue='100'>95</NumericValue></CompetencyWeight>

<CompetencyWeight type='skillProficiency'><StringValue minValue='BASIC' maxValue='EXCELLENT'>EXCELLENT</StringValue></CompetencyWeight>
</Competency>

<Competency oids='139 ' description='Skill' auth='no' name='develop custom business logic'>
<CompetencyWeight type='skillLevel'><NumericValue minValue='0' maxValue='100'>13</NumericValue></CompetencyWeight>
</Competency>

<Competency oids='160 ' description='Skill' auth='no' name='component development'>
<CompetencyWeight type='skillLevel'><NumericValue minValue='0' maxValue='100'>13</NumericValue></CompetencyWeight>
</Competency>

<Competency oids='22 ' description='Skill' auth='no' name='case management'>
<CompetencyWeight type='skillLevel'><NumericValue minValue='0' maxValue='100'>13</NumericValue></CompetencyWeight>
</Competency>

<Competency oids='157 ' description='Skill > IT' auth='yes' name='VMS'>
<CompetencyWeight type='skillLevel'><NumericValue minValue='0' maxValue='100'>13</NumericValue></CompetencyWeight>
</Competency>

<Competency oids='48 ' description='Skill' auth='no' name='Sandbox testing'>
<CompetencyWeight type='skillLevel'><NumericValue minValue='0' maxValue='100'>13</NumericValue></CompetencyWeight>
</Competency>

<Competency oids='115 ' description='Skill' auth='no' name='Salesforce implementation'>
<CompetencyEvidence name='Extent of Experience' typeDescription='Extent of Experience' type='MONTH' lastUsed='2012'><NumericValue description='MONTH'>9</NumericValue></CompetencyEvidence>

<CompetencyWeight type='skillLevel'><NumericValue minValue='0' maxValue='100'>68</NumericValue></CompetencyWeight>

<CompetencyWeight type='skillProficiency'><StringValue minValue='BASIC' maxValue='EXCELLENT'>GOOD</StringValue></CompetencyWeight>
</Competency>

<Competency oids='144 ' description='Skill' auth='no' name='Responsible for creation'>
<CompetencyWeight type='skillLevel'><NumericValue minValue='0' maxValue='100'>13</NumericValue></CompetencyWeight>
</Competency>

<Competency oids='159 ' description='Skill' auth='yes' name='Requirements Gathering'>
<CompetencyWeight type='skillLevel'><NumericValue minValue='0' maxValue='100'>13</NumericValue></CompetencyWeight>
</Competency>

<Competency oids='41 ' description='Skill > IT' auth='yes' name='RDBMS'>
<CompetencyWeight type='skillLevel'><NumericValue minValue='0' maxValue='100'>13</NumericValue></CompetencyWeight>
</Competency>

<Competency oids='135 ' description='Skill > IT' auth='yes' name='QuickBooks'>
<CompetencyWeight type='skillLevel'><NumericValue minValue='0' maxValue='100'>13</NumericValue></CompetencyWeight>
</Competency>

<Competency oids='8 ' description='Skill' auth='yes' name='Quality Assurance'>
<CompetencyWeight type='skillLevel'><NumericValue minValue='0' maxValue='100'>13</NumericValue></CompetencyWeight>
</Competency>

<Competency oids='9 ' description='Skill' auth='yes' name='Process Improvement'>
<CompetencyWeight type='skillLevel'><NumericValue minValue='0' maxValue='100'>13</NumericValue></CompetencyWeight>
</Competency>

<Competency oids='23 ' description='Skill' auth='no' name='Partner Relationship Management'>
<CompetencyWeight type='skillLevel'><NumericValue minValue='0' maxValue='100'>13</NumericValue></CompetencyWeight>
</Competency>

<Competency oids='170 ' description='Skill > IT' auth='yes' name='Oracle'>
<CompetencyWeight type='skillLevel'><NumericValue minValue='0' maxValue='100'>13</NumericValue></CompetencyWeight>
</Competency>

<Competency oids='57 ' description='Skill > IT' auth='no' name='Operating Systems: Vista'>
<CompetencyWeight type='skillLevel'><NumericValue minValue='0' maxValue='100'>13</NumericValue></CompetencyWeight>
</Competency>

<Competency oids='25 ' description='Skill > IT' auth='yes' name='Object Oriented Analysis/Design'>
<CompetencyEvidence typeDescription='Alias' name='Alias'><StringValue>Object Oriented</StringValue></CompetencyEvidence>

<CompetencyWeight type='skillLevel'><NumericValue minValue='0' maxValue='100'>13</NumericValue></CompetencyWeight>
</Competency>

<Competency oids='98 ' description='Skill > IT' auth='yes' name='Microsoft Word'>
<CompetencyEvidence typeDescription='Alias' name='Alias'><StringValue>MS Word</StringValue></CompetencyEvidence>

<CompetencyWeight type='skillLevel'><NumericValue minValue='0' maxValue='100'>13</NumericValue></CompetencyWeight>
</Competency>

<Competency oids='60 ' description='Skill > IT' auth='yes' name='Microsoft Windows 8'>
<CompetencyEvidence typeDescription='Alias' name='Alias'><StringValue>Windows 8</StringValue></CompetencyEvidence>

<CompetencyWeight type='skillLevel'><NumericValue minValue='0' maxValue='100'>13</NumericValue></CompetencyWeight>
</Competency>

<Competency oids='59 ' description='Skill > IT' auth='yes' name='Microsoft Windows 7'>
<CompetencyEvidence typeDescription='Alias' name='Alias'><StringValue>Windows 7</StringValue></CompetencyEvidence>

<CompetencyWeight type='skillLevel'><NumericValue minValue='0' maxValue='100'>13</NumericValue></CompetencyWeight>
</Competency>

<Competency oids='109 ' description='Skill > IT' auth='yes' name='Microsoft Outlook'>
<CompetencyWeight type='skillLevel'><NumericValue minValue='0' maxValue='100'>13</NumericValue></CompetencyWeight>
</Competency>

<Competency oids='54 ' description='Skill > IT' auth='yes' name='Microsoft Internet Explorer'>
<CompetencyEvidence typeDescription='Alias' name='Alias'><StringValue>Explorer</StringValue></CompetencyEvidence>

<CompetencyWeight type='skillLevel'><NumericValue minValue='0' maxValue='100'>13</NumericValue></CompetencyWeight>
</Competency>

<Competency oids='75 ' description='Skill' auth='no' name='Managed the technical delivery of integrations and custom extensions'>
<CompetencyEvidence name='Extent of Experience' typeDescription='Extent of Experience' type='MONTH' lastUsed='2014'><NumericValue description='MONTH'>8</NumericValue></CompetencyEvidence>

<CompetencyWeight type='skillLevel'><NumericValue minValue='0' maxValue='100'>94</NumericValue></CompetencyWeight>

<CompetencyWeight type='skillProficiency'><StringValue minValue='BASIC' maxValue='EXCELLENT'>EXCELLENT</StringValue></CompetencyWeight>
</Competency>

<Competency oids='58 ' description='Skill > IT' auth='yes' name='Linux'>
<CompetencyWeight type='skillLevel'><NumericValue minValue='0' maxValue='100'>13</NumericValue></CompetencyWeight>
</Competency>

<Competency oids='94 ' description='Skill' auth='no' name='Lead Management'>
<CompetencyWeight type='skillLevel'><NumericValue minValue='0' maxValue='100'>13</NumericValue></CompetencyWeight>
</Competency>

<Competency oids='35 ' description='Skill > IT' auth='yes' name='JavaScript'>
<CompetencyWeight type='skillLevel'><NumericValue minValue='0' maxValue='100'>13</NumericValue></CompetencyWeight>
</Competency>

<Competency oids='29 ' description='Skill > IT' auth='yes' name='Java Servlets'>
<CompetencyEvidence typeDescription='Alias' name='Alias'><StringValue>Servlets</StringValue></CompetencyEvidence>

<CompetencyWeight type='skillLevel'><NumericValue minValue='0' maxValue='100'>13</NumericValue></CompetencyWeight>
</Competency>

<Competency oids='55 ' description='Skill > IT' auth='yes' name='Informatica'>
<CompetencyWeight type='skillLevel'><NumericValue minValue='0' maxValue='100'>13</NumericValue></CompetencyWeight>
</Competency>

<Competency oids='151 ' description='Skill > IT' auth='yes' name='ISO 900X Standard'>
<CompetencyEvidence typeDescription='Alias' name='Alias'><StringValue>ISO 9001</StringValue></CompetencyEvidence>

<CompetencyWeight type='skillLevel'><NumericValue minValue='0' maxValue='100'>13</NumericValue></CompetencyWeight>
</Competency>

<Competency oids='145 ' description='Skill' auth='yes' name='Foreign Exchange'>
<CompetencyEvidence typeDescription='Alias' name='Alias'><StringValue>currencies</StringValue></CompetencyEvidence>

<CompetencyWeight type='skillLevel'><NumericValue minValue='0' maxValue='100'>13</NumericValue></CompetencyWeight>
</Competency>

<Competency oids='89 ' description='Skill' auth='yes' name='Financial Services'>
<CompetencyEvidence name='Extent of Experience' typeDescription='Extent of Experience' type='MONTH' lastUsed='2013'><NumericValue description='MONTH'>12</NumericValue></CompetencyEvidence>

<CompetencyWeight type='skillLevel'><NumericValue minValue='0' maxValue='100'>85</NumericValue></CompetencyWeight>

<CompetencyWeight type='skillProficiency'><StringValue minValue='BASIC' maxValue='EXCELLENT'>EXCELLENT</StringValue></CompetencyWeight>
</Competency>

<Competency oids='44 ' description='Skill > IT' auth='yes' name='ECLiPSe'>
<CompetencyEvidence typeDescription='Alias' name='Alias'><StringValue>Eclipse 3.4 3.4</StringValue></CompetencyEvidence>

<CompetencyWeight type='skillLevel'><NumericValue minValue='0' maxValue='100'>13</NumericValue></CompetencyWeight>
</Competency>

<Competency oids='40 ' description='Skill > IT' auth='no' name='Data Modeling'>
<CompetencyWeight type='skillLevel'><NumericValue minValue='0' maxValue='100'>13</NumericValue></CompetencyWeight>
</Competency>

<Competency oids='18 ' description='Skill > IT' auth='yes' name='Data Migration'>
<CompetencyWeight type='skillLevel'><NumericValue minValue='0' maxValue='100'>13</NumericValue></CompetencyWeight>
</Competency>

<Competency oids='13 ' description='Skill' auth='yes' name='Customer Relationship Management'>
<CompetencyEvidence typeDescription='Alias' name='Alias'><StringValue>CRM</StringValue></CompetencyEvidence>

<CompetencyWeight type='skillLevel'><NumericValue minValue='0' maxValue='100'>13</NumericValue></CompetencyWeight>
</Competency>

<Competency oids='88 ' description='Skill' auth='yes' name='Compensation and Benefits'>
<CompetencyEvidence name='Extent of Experience' typeDescription='Extent of Experience' type='MONTH' lastUsed='2013'><NumericValue description='MONTH'>12</NumericValue></CompetencyEvidence>

<CompetencyEvidence typeDescription='Alias' name='Alias'><StringValue>employee benefits</StringValue></CompetencyEvidence>

<CompetencyWeight type='skillLevel'><NumericValue minValue='0' maxValue='100'>86</NumericValue></CompetencyWeight>

<CompetencyWeight type='skillProficiency'><StringValue minValue='BASIC' maxValue='EXCELLENT'>EXCELLENT</StringValue></CompetencyWeight>
</Competency>

<Competency oids='72_4_1 84_4_1 123_4_1 ' description='Held Position' auth='no' name='Salesforce Developer'>
<CompetencyEvidence name='Extent of Experience' typeDescription='Extent of Experience' type='MONTH' lastUsed='2014'><NumericValue description='MONTH'>31</NumericValue></CompetencyEvidence>

<CompetencyWeight type='skillLevel'><NumericValue minValue='0' maxValue='100'>100</NumericValue></CompetencyWeight>

<CompetencyWeight type='skillProficiency'><StringValue minValue='BASIC' maxValue='EXCELLENT'>EXCELLENT</StringValue></CompetencyWeight>
</Competency>

<Competency oids='12_1 112_1 123_4_2 ' description='Held Position' auth='no' name='Administrator'>
<CompetencyEvidence name='Extent of Experience' typeDescription='Extent of Experience' type='MONTH' lastUsed='2012'><NumericValue description='MONTH'>20</NumericValue></CompetencyEvidence>

<CompetencyWeight type='skillLevel'><NumericValue minValue='0' maxValue='100'>71</NumericValue></CompetencyWeight>

<CompetencyWeight type='skillProficiency'><StringValue minValue='BASIC' maxValue='EXCELLENT'>GOOD</StringValue></CompetencyWeight>
</Competency>

<Competency oids='138_1 146_4_1 ' description='Held Position' auth='no' name='developer'>
<CompetencyEvidence name='Extent of Experience' typeDescription='Extent of Experience' type='MONTH' lastUsed='2010'><NumericValue description='MONTH'>21</NumericValue></CompetencyEvidence>

<CompetencyWeight type='skillLevel'><NumericValue minValue='0' maxValue='100'>53</NumericValue></CompetencyWeight>

<CompetencyWeight type='skillProficiency'><StringValue minValue='BASIC' maxValue='EXCELLENT'>WORKING</StringValue></CompetencyWeight>
</Competency>

<Competency oids='24_1 149_1 ' description='Held Position' auth='no' name='Partner'>
<CompetencyWeight type='skillLevel'><NumericValue minValue='0' maxValue='100'>13</NumericValue></CompetencyWeight>
</Competency>

<Competency oids='158_1 ' description='Held Position' auth='no' name='web development consultant'>
<CompetencyWeight type='skillLevel'><NumericValue minValue='0' maxValue='100'>13</NumericValue></CompetencyWeight>
</Competency>

<Competency oids='4_2 ' description='Held Position' auth='no' name='anApplication developer'>
<CompetencyWeight type='skillLevel'><NumericValue minValue='0' maxValue='100'>13</NumericValue></CompetencyWeight>
</Competency>

<Competency oids='14_2 ' description='Held Position' auth='no' name='Customer Support'>
<CompetencyWeight type='skillLevel'><NumericValue minValue='0' maxValue='100'>13</NumericValue></CompetencyWeight>
</Competency>

<Competency oids='14_1 ' description='Held Position' auth='no' name='Customer Service'>
<CompetencyWeight type='skillLevel'><NumericValue minValue='0' maxValue='100'>13</NumericValue></CompetencyWeight>
</Competency>

<Competency oids='153 ' description='Degree/Qualification > Professional' auth='no' name='certified HR'>
<CompetencyWeight type='skillLevel'><NumericValue minValue='0' maxValue='100'>12</NumericValue></CompetencyWeight>
</Competency>

<Competency oids='148 ' description='Degree/Qualification > Professional' auth='no' name='Microsoft Certified'>
<CompetencyWeight type='skillLevel'><NumericValue minValue='0' maxValue='100'>12</NumericValue></CompetencyWeight>
</Competency>

<Competency oids='174 ' description='Degree/Qualification > Professional' auth='no' name='Certified Salesforce Developer'>
<CompetencyWeight type='skillLevel'><NumericValue minValue='0' maxValue='100'>12</NumericValue></CompetencyWeight>
</Competency>

<Competency oids='173 ' description='Degree/Qualification' auth='yes' name='Bachelors Degree > Bachelor of Technology > Bachelor of Technology Computer Science'>
<CompetencyEvidence name='Application' typeDescription='Application' type='Computer Science'><StringValue>Computer Science</StringValue></CompetencyEvidence>

<CompetencyEvidence typeDescription='Alias' name='Alias'><StringValue>Education: Bachelor of Technology in Computer Science</StringValue></CompetencyEvidence>

<CompetencyWeight type='skillLevel'><NumericValue minValue='0' maxValue='100'>12</NumericValue></CompetencyWeight>
</Competency>

<Competency description='Industry' auth='yes' name='industry~it'>
<CompetencyEvidence name='skillCount' typeDescription='skillCount'><NumericValue>4</NumericValue></CompetencyEvidence>

<CompetencyWeight type='skillLevel'><NumericValue minValue='0' maxValue='100'>100</NumericValue></CompetencyWeight>
</Competency>























<RevisionDate id='2'>2014-07-01</RevisionDate>
</StructuredXMLResume>
<NonXMLResume>

<TextResume>



{{HEADER}}




<span inprof='y' id='1' class='nominal'>Baljinder Singh</span>





{{END_HEADER}}

<span inprof='n' id='2' class='date'>{{DOCUMENT_DATESTAMP}} 2014-7-1 {{END_DOCUMENT_DATESTAMP}}</span>


<span inprof='n' id='3' class='work-hist-mark'>Professional Summary:</span>
<span inprof='n' id='4_1' class='duration'>Over 5years</span> of professional experience as <span inprof='y' id='4_2' class='role'>anApplication developer</span> including3+years of experience in <span inprof='n' id='5' class='internet-web-address'>Salesforce.com</span> CRM platform. Experienced in using Visual force, Apex classes with <span inprof='y' id='6' class='skill'>substantial experience</span> in <span inprof='n' id='7' class='internet-web-address'>Salesforce.com</span> Developer, operational analytics and <span inprof='y' id='8' class='skill'>quality assurance</span> with emphasis on <span inprof='y' id='9' class='skill'>process improvement</span>. Experience in scope, design, testing, training, deployment and follow up on a multitude of strategic projects within <span inprof='n' id='10' class='internet-web-address'>Salesforce.com</span> as the <span inprof='n' id='11' class='internet-web-address'>Salesforce.com</span> Developer and <span inprof='y' id='12_1' class='role'>Administrator</span>.

    *  Possess knowledge of <span inprof='y' id='13' class='skill'>CRM</span> processes like Sales, Marketing, <span inprof='y' id='14_1' class='role'>Customer Service</span> and <span inprof='y' id='14_2' class='role'>Customer Support</span>, Business processes and recommended solutions to improve their processes using <span inprof='n' id='15' class='internet-web-address'>salesforce.com</span>. ; 
    *  Proficiency in SFDC Administrative tasks like creating Profiles, Roles, Users, <span inprof='y' id='16' class='skill'>Page Layouts</span>, Email Services, Approvals, Workflows, Validation rules, Reports, Dashboards, Tasks,actions,Apex Classes and <span inprof='n' id='17' class='internet-web-address'>force.com</span> platform. ; 
    *  Experience in <span inprof='y' id='18' class='sofwr'>data migration</span> using Import wizard, Apex Data Loader and other integration tools like Informatica, and Cast Iron. ; 
    *  Developed SFDC Customized Reports, Dashboards and Processes to continuously monitor data quality and integrity. ; 
    *  In Depth knowledge of the cloud computing stack which includes <span inprof='n' id='19' class='company'>SAAS, PAAS and IAAS</span> ; 
    *  Experience of using declarative features like validation rules, workflows, approval processes, dynamic approval process, Escalation Rules, sharing rules and assignment rules for <span inprof='y' id='20' class='skill'>successful deployment</span> of complex business process automations. ; 
    *  Defining role based <span inprof='y' id='21' class='skill'>page layouts</span>, search layouts to organize fields, custom links, related lists, and other components on a record detail and edit pages. ; 
    *  Implemented picklists, field dependencies, lookups, junction objects, master detail relationships and formula fields to the custom objects. ; 
    *  Knowledge of Web-to-lead, Web-to-case, Email-to-case in Lead and <span inprof='y' id='22' class='skill'>case management</span>. ; 
    *  Designed and worked on <span inprof='y' id='23' class='skill'>Partner Relationship Management</span> (<span inprof='y' id='24_1' class='role'>Partner</span> portal) and Customer portal. ; 
    *  Proficiency in <span inprof='y' id='25' class='sofwr'>Object Oriented</span> Languages like <span inprof='y' id='26' class='sofwr'>C++</span>, <span inprof='y' id='27' class='sofwr'>Java</span>, <span inprof='y' id='28' class='sofwr'>JSP</span>, <span inprof='y' id='29' class='sofwr'>Servlets</span> and other <span inprof='y' id='30' class='sofwr'>Java</span> technologies. ; 
    *  Experience in evaluating AppExchange packages and installing and configuring the applications. ; 
    *  Experience in web technologies like <span inprof='y' id='31' class='sofwr'>HTML</span>, <span inprof='y' id='32' class='sofwr'>XML</span>, <span inprof='y' id='33' class='sofwr'>CSS</span>, <span inprof='y' id='34' class='sofwr'>JSP</span>, <span inprof='y' id='35' class='sofwr'>JavaScript</span> and <span inprof='y' id='36' class='sofwr'>SOAP</span>. ; 
    *  Have good working knowledge in querying databases such <span inprof='n' id='37' class='company'>asSQL, SOQL&#38;SOSL</span> queries using <span inprof='n' id='38' class='internet-web-address'>Force.com</span> Explorer. ; 
    *  Excellent communication and inter-personal skills,accustomed to working in both large and small team environments. ; 
    *  Implemented and delivered projects under Agile Development Environment and Test Driven Environments with large and small Team Projects. ; 
    *  Experience working with databases such as <span inprof='y' id='39' class='sofwr'>SQL Server</span>, <span inprof='y' id='40' class='sofwr'>Data Modeling</span> and <span inprof='y' id='41' class='sofwr'>RDBMS</span>.

<span inprof='n' id='42' class='skills-qualif-mark'>Technical Skills:</span>
<span inprof='n' id='43' class='internet-web-address'>Force.com</span>: Salesforce CRM, Salesforce SFA, Apex Custom Controllers, Apex triggers, Apex classes, Apex web services, Visual force Pages, <span inprof='y' id='44' class='sofwr'>Eclipse 3.4</span>, <span inprof='n' id='45' class='internet-web-address'>Force.com</span> IDE, Apex Data Loader, <span inprof='n' id='46' class='company'>SOQL</span>, <span inprof='n' id='47' class='company'>SOSL</span>, Analytical snapshots, Workflows and Approvals, Case management Automation, <span inprof='y' id='48' class='skill'>Sandbox testing</span>.
SalesforceTools: <span inprof='n' id='49' class='company'>Eclipse, Force.com</span> Eclipse IDE Plug-in, <span inprof='n' id='50' class='internet-web-address'>Force.com</span> Explorer, <span inprof='n' id='51' class='internet-web-address'>Force.com</span> Data Loader, <span inprof='n' id='52' class='internet-web-address'>Force.com</span> Excel Connector, <span inprof='n' id='53' class='internet-web-address'>Force.com</span> Platform, SalesForce-to-SalesForce Integration, Apex <span inprof='y' id='54' class='sofwr'>Explorer</span>, <span inprof='y' id='55' class='sofwr'>Informatica</span> cloud

Database: <span inprof='y' id='56' class='sofwr'>SQL Server</span>
<span inprof='y' id='57' class='sofwr'>Operating Systems:  Vista</span>, <span inprof='y' id='58' class='sofwr'>Linux</span>, <span inprof='y' id='59' class='sofwr'>Windows 7</span>, <span inprof='y' id='60' class='sofwr'>Windows 8</span>
Web: <span inprof='y' id='61' class='sofwr'>HTML</span>, <span inprof='y' id='62' class='sofwr'>CSS</span>, <span inprof='y' id='63' class='sofwr'>JSP</span>, <span inprof='y' id='64' class='sofwr'>SOAP</span>, <span inprof='y' id='65' class='sofwr'>WSDL</span>, <span inprof='y' id='66' class='sofwr'>XML</span>
<span inprof='n' id='67' class='skills-qualif-mark'>Languages:</span>
Apex, <span inprof='y' id='68' class='sofwr'>C</span>, <span inprof='y' id='69' class='sofwr'>C++</span>, <span inprof='y' id='70' class='sofwr'>JAVA</span>
<span inprof='n' id='71' class='title-line'>Professional Skills:</span>

<span inprof='y' id='72_1' class='company'>DHL</span>                             <span inprof='y' id='72_2_1' class='date'>Oct2013</span>-<span inprof='y' id='72_2_2' class='date'>May2014</span>
<span inprof='y' id='72_3' class='location'>Atlanta,GA</span>
<span inprof='y' id='72_4_1' class='role'>Salesforce Developer</span>

<span inprof='y' id='73' class='company'>DHL</span> is a world's premier global delivery network by trailblazing express shipping in one country after another. It needed an application to load the data to the data loader, and <span inprof='y' id='74' class='skill'>develop the web</span> services which can interact the external world satisfying the users for tracking the shipments and to handle the day by day activities of the administration.

Responsibilities:

    *  <span inprof='y' id='75' class='skill'>Managed the technical delivery of integrations and custom extensions</span>. ; 
    *  Configured users, roles, permissions and profiles as per business requirement ; 
    *  Created custom objects, custom VF <span inprof='y' id='76' class='skill'>page layouts</span>, triggers, validation rules by using Apex as per Customer requirement ; 
    *  Configured <span inprof='n' id='77' class='internet-web-address'>Salesforce.com</span> security profiles and custom object supporting integration and quote featured enhancement ; 
    *  Created custom controllers implementing complex code for retrieval from Sales Force to VF pages ; 
    *  Developed workflow rules and triggers using Apex for updating Users based on Location records ; 
    *  Developed Apex class and trigger to format phone/fax/zip code in account object ; 
    *  Developed and maintained SFDC analytical reports and dashboards for management review ; 
    *  Developed mapping in multiples schema databases to load the incremental data load into dimensions ; 
    *  Integrated Apex with External services by making callouts that used <span inprof='y' id='78' class='sofwr'>SOAP</span> and <span inprof='y' id='79' class='sofwr'>WSDL</span> ; 
    *  Worked <span inprof='n' id='80' class='bad-occupation'>with Apex Scheduler</span> to invoke Apex classes at regular intervals ; 
    *  Wrote <span inprof='n' id='81' class='company'>SOQL and SOSL</span> statements within custom controllers, extension controllers ; 
    *  Analyzed and imported thousands of account and contact records using Data Loader ; 
    *  Data Validation for the data that arrives from different data sources and generating the reports in the <span inprof='n' id='82' class='internet-web-address'>Salesforce.com</span> for <span inprof='n' id='83' class='date'>the next day</span> portfolio ; 
    *  Used error handling techniques to handle the errors and send emails upon the severity of the error ; 
    *  Assisted in deployment from sandbox to production.

<span inprof='y' id='84_1' class='company'>Keenan and Associates InsuranceNov</span><span inprof='y' id='84_2_1' class='date'>2012-Sep</span><span inprof='y' id='84_2_2' class='date'>2013</span>
<span inprof='y' id='84_3' class='location'>Torrance, CA</span>
 <span inprof='y' id='84_4_1' class='role'>Salesforce Developer</span>

<span inprof='n' id='85' class='company'>Keenan is the largest privately held insurance brokerage firm</span> in <span inprof='n' id='86' class='location'>California</span>. <span inprof='n' id='87' class='company'>Keenan</span>'s innovative solutions provide high quality and cost-effective insurance, <span inprof='y' id='88' class='skill'>employee benefits</span>, and <span inprof='y' id='89' class='skill'>financial services</span> to public agencies and health care organizations.  <span inprof='n' id='90' class='company'>Keenan &#38; Associates</span> ensures unified customer data and pipeline visibility with <span inprof='n' id='91' class='internet-web-address'>Salesforce.com</span> for their Marketing, Sales and Customer Service business process.

Responsibilities:

    *  Involved in identifying, planning and implementing new <span inprof='n' id='92' class='internet-web-address'>salesforce.com</span> features and functions (new screens, workflow, <span inprof='n' id='93' class='internet-web-address'>force.com</span> objects, reports and apex code) to meet business requirements. ; 
    *  Interacted with various business team members to gather the requirements and documented the Business and Software Requirements. ; 
    *  Implemented Web based <span inprof='y' id='94' class='skill'>Lead Management</span> - web-to-lead for capturing data on prospective donors and franchise partners. ; 
    *  Customized customer portal using custom controllers and extensions and Visual Force Page. ; 
    *  Developed Apex classes and customized Custom Objects, Tabs and <span inprof='y' id='95' class='skill'>Page Layouts</span>. ; 
    *  Worked on various <span inprof='n' id='96' class='internet-web-address'>salesforce.com</span> standard objects and added custom fields to them. ; 
    *  Implemented Reports on Pipeline, Opportunity created, Leads to Opportunity conversion, Views of Sales Cycle, cases generated. ; 
    *  Installed S-Docs from AppExchange to easily merge <span inprof='n' id='97' class='internet-web-address'>Salesforce.com</span> data into PDF, <span inprof='y' id='98' class='sofwr'>MS Word</span>, <span inprof='y' id='99' class='sofwr'>Excel</span> and <span inprof='y' id='100' class='sofwr'>HTML</span> files to produce high-quality documents like quotes, contracts, newsletters, account statements, invoices and proposals. ; 
    *  Configure <span inprof='n' id='101' class='company'>SalesForce.com Mobile</span> Lite for users so they can work on their leads and opportunities while on road. ; 
    *  Deployed Apex using <span inprof='n' id='102' class='internet-web-address'>Force.com</span> IDE, <span inprof='n' id='103' class='internet-web-address'>Force.com</span> Migration Tool and Web Services API ; 
    *  Deployed web to case and email to case on self-service portal and email to case as case creation channels. ; 
    *  Implemented Workflows, validation rules, assignment rules, Approval Process to ensure proper authorization. ; 
    *  Configured and performed integration between multiple systems using web-services <span inprof='y' id='104' class='sofwr'>SOAP</span> and <span inprof='y' id='105' class='sofwr'>WSDL</span> ; 
    *  Implemented web based case management automation - Web to Case and Email-to-Case using <span inprof='y' id='106' class='sofwr'>XML</span> ; 
    *  Designed various HTML Email templates for Auto-Response to customers. ; 
    *  Assigning profiles and roles to users as per the organizational requirements. ; 
    *  Configured <span inprof='n' id='107' class='internet-web-address'>Force.com's</span> connect offline to give the employees the option to work when internet is not available. ; 
    *  Configured <span inprof='n' id='108' class='internet-web-address'>Force.com's</span> connect for <span inprof='y' id='109' class='sofwr'>Microsoft Outlook</span> to help track Account and Contact and keep them in sync. ; 
    *  Implemented Chatter in Salesforce CRM. ; 
    *  Used analytic snapshots for bi-weekly reports.
<span inprof='y' id='110_1' class='company'>Auxilium Pharmaceuticals</span> <span inprof='y' id='110_2_1' class='date'>Jan2012</span>-<span inprof='y' id='110_2_2' class='date'>Sept2012</span>
<span inprof='y' id='110_3' class='location'>Malvern, PA</span>
<span inprof='y' id='111' class='company'>SalesForce.com</span> <span inprof='y' id='112_1' class='role'>Administrator</span>

<span inprof='n' id='113' class='company'>Auxilium is a Pharmaceutical company</span> which implemented <span inprof='n' id='114' class='company'>Salesforce CRM Enterprise</span> Edition for sales processes, for the products divisions and for their sales team for better customer management

Responsibilities:

*Interacted with various business user groups for gathering the requirements for <span inprof='y' id='115' class='skill'>Salesforce implementation</span> and documented the Business and Software Requirements
* Configured the <span inprof='y' id='116' class='company'>SalesForce.com</span> environment ; 
* Developed VisualForce page using the extension controller according to the clients requirement ; 
* Developed Apex Classes &#38; Triggers to support the custom functionality and update and insert data ; 
* Developed <span inprof='n' id='117' class='company'>SOQL and SOSL</span> queries to get data from different related objects ; 
* Worked on various <span inprof='y' id='118' class='company'>SalesForce.com</span> standard objects like Accounts, Contacts, Cases, Opportunities, Products, Opportunity Line Items, Leads, Campaigns, Reports and Dashboards ; 
* Maintained and developed custom objects to build new application functionality and tabs in the <span inprof='y' id='119' class='company'>SalesForce.com</span> ; 
* Created workflow rules and defined related tasks, time triggered tasks, email alerts, field updates to implement business logic ; 
* Created email templates, approval processes, approval <span inprof='y' id='120' class='skill'>page layouts</span> and defined approvalactions on them to automate the processes ; 
* Created new user accounts and configure Sales <span inprof='n' id='121' class='internet-web-address'>force.com</span> to fit security needs at the user and organization levels ; 
* Created Custom Profiles, Public Groups and Roles to distribute user rights and functionality ; 
* Loaded data into SFDC using Data loader and migrated several legacy applications to the <span inprof='n' id='122' class='internet-web-address'>Force.com</span> Platform ; 
* Provided custom reports and dashboards to support the needs of the users and executives ; 
* Worked on enhancing and supporting the application

<span inprof='y' id='123_1' class='company'>Egencia</span> <span inprof='y' id='123_2_1' class='date'>Feb2011</span>- <span inprof='y' id='123_2_2' class='date'>Dec 2011</span>                                                                                                                  <span inprof='y' id='123_3' class='location'>Bellevue, WA</span>
<span inprof='y' id='123_4_1' class='role'>Salesforce Developer</span>/ <span inprof='y' id='123_4_2' class='role'>Administrator</span>

<span inprof='y' id='124' class='company'>Egencia</span> is an <span inprof='n' id='125' class='company'>Expedia, Inc. company</span> - the world's travel leader providing shared traveler friendly, familiar booking experience, <span inprof='y' id='126' class='company'>Egencia</span> leverages technology and content with <span inprof='n' id='127' class='company'>Expedia Inc's extensive brand portfolio</span>. <span inprof='n' id='128' class='company'>Salesforce</span> and custom apps help <span inprof='y' id='129' class='company'>Egencia</span>'s business soar increasing the productivity through streamlined sales processes, elimination of spreadsheets, and easy access to materials.

Responsibilities:

    *  Performed the roles <span inprof='n' id='130' class='bad-occupation'>of Salesforce.com Developer and Administrator</span> during the project implementation ; 
    *  Customized <span inprof='y' id='131' class='skill'>page layouts</span> for Campaigns, Leads, Opportunity, Contacts, Cases and Accounts depending upon user roles and groups. ; 
    *  Implemented new enhancements, including creation of custom objects, custom fields, custom tabs. ; 
    *  Involved in identifying, planning and implementing <span inprof='y' id='132' class='company'>SalesForce.com</span> features and functions (new screens, workflow, <span inprof='n' id='133' class='internet-web-address'>force.com</span> objects, and reports, apex code) to meet business requirements. ; 
    *  Customized customer portal using Apex Classes and Visual Force Page. ; 
    *  Wrote validation rule to check the length of the case subject field. ; 
    *  Worked on various <span inprof='y' id='134' class='company'>SalesForce.com</span> standard objects like Accounts, Contacts, Leads, Opportunities, Dashboards and Reports. ; 
    *  Added custom fields and validations to new and existing objects and added custom functionality using custom controllers and custom extensions. ; 
    *  Installed DocuSign form AppExchange to provide easiest, fastest, most secure way to send, sign, track and store documents in the cloud. ; 
    *  Integrated Salesforce data using CAST IRON with existing <span inprof='y' id='135' class='sofwr'>QuickBooks</span> and <span inprof='y' id='136' class='sofwr'>Microsoft Excel</span>. ; 
    *  Designed and developed VisualForce Pages for various functional needs in the application. ; 
    *  Created workflow rules and defined related tasks, validation rules, Auto-Response Rules, Approval process, email alerts and templates, and field updates. ; 
    *  Used <span inprof='n' id='137' class='company'>Force.com</span> <span inprof='y' id='138_1' class='role'>developer</span> toolkit including Apex Classes, Apex Controllers and Apex Triggers to <span inprof='y' id='139' class='skill'>develop custom business logic</span>. ; 
    *  Debug Apex scripts using Debug Logs and System Log Console to catch Exceptions and execute Governors and Limits ; 
    *  After using sandbox for testing and configuration, assisted in migration to the full production. ; 
    *  Implemented Classes, Interfaces, Keywords and Annotations ; 
    *  Integrated Apex with External services by making callouts that used <span inprof='y' id='140' class='sofwr'>SOAP</span> and <span inprof='y' id='141' class='sofwr'>WSDL</span> ; 
    *  Worked <span inprof='n' id='142' class='bad-occupation'>with Apex Scheduler</span> to invoke Apex classes at regular intervals ; 
    *  Add methods that can be called from Visualforce pages <span inprof='n' id='143' class='bad-occupation'>to Controller</span> Extensions ; 
    *  Created Custom Controllers to make external web service callouts, validate and insert data ; 
    *  Created Custom Visualforce components and attributes to override the look and feel of standard Visualforce components ; 
    *  Created Visualforce pages that could be rendered as PDF's, build dashboard components and define email templates ; 
    *  <span inprof='y' id='144' class='skill'>Responsible for creation</span> of users, roles, profiles and customization of reports and dashboards as per the client requirement. ; 
    *  Used SOQL for creating Apex custom controllers and extensions. ; 
    *  Performed data import and export using Import Wizard and Data Loader. ; 
    *  Defined object and field level security to make sure the security and sharing model effectively work within the system. ; 
    *  Implemented multiple <span inprof='y' id='145' class='skill'>currencies</span> for the global employees.
<span inprof='y' id='146_1' class='company'>Acculogix</span>                                                                                              <span inprof='y' id='146_2_1' class='date'>Mar2009</span>-<span inprof='y' id='146_2_2' class='date'>Nov2010</span>
<span inprof='y' id='146_3' class='location'>Bangalore, India</span>
<span inprof='y' id='146_4_1' class='role'>Developer</span>

<span inprof='y' id='147' class='company'>Acculogix</span>, a <span inprof='y' id='148' class='qualif'>Microsoft Certified</span> <span inprof='y' id='149_1' class='role'>Partner</span> for <span inprof='n' id='150' class='company'>Dynamics ERP</span> solutions, is an US based <span inprof='y' id='151' class='sofwr'>ISO 9001</span>:<span inprof='n' id='152' class='date'>2008</span> <span inprof='y' id='153' class='qualif'>certified HR</span> Services and Solutions Company has <span inprof='n' id='154' class='location'>India</span> headquarters in <span inprof='n' id='155' class='location'>Bangalore</span>. <span inprof='y' id='156' class='company'>Acculogix</span> provides some specialized services and solutions in RPO-Recruitment Process Outsourcing, executive Search and WMS/<span inprof='y' id='157' class='sofwr'>VMS</span>.

Responsibilities:

      *  Handled and developed client-focused software and <span inprof='y' id='158_1' class='role'>web development consultant</span> with strong problem domain definition ; 
      *  An extensive experience with all phases of development from problem definition and <span inprof='y' id='159' class='skill'>requirements gathering</span>, to design and architecture specification, <span inprof='y' id='160' class='skill'>component development</span>, system integration, QA, staging, deployment and documentation. ; 
      *  Worked on memory leaks on the project. ; 
      *  Worked on <span inprof='y' id='161' class='sofwr'>C++</span> classes to implement quotes and news from Fidelity Market Data (FMD) using reuters API (RFA, RV). ; 
      *  Worked on perl templates which delivers content to <span inprof='n' id='162' class='internet-web-address'>fidelity.com</span> site for customers to view quotes and accounts information. ; 
      *  Working On initiatives which would require the changes in various components of the system in <span inprof='y' id='163' class='sofwr'>Unix</span>/<span inprof='y' id='164' class='sofwr'>Windows Environment</span>. ; 
      *  Involved in projects involving <span inprof='y' id='165' class='sofwr'>C</span>, <span inprof='y' id='166' class='sofwr'>C++</span>, <span inprof='y' id='167' class='sofwr'>Java</span> and <span inprof='y' id='168' class='sofwr'>SQL-Server</span>. ; 
      *  Analyzing Data in <span inprof='y' id='169' class='sofwr'>SQL-Server</span>/<span inprof='y' id='170' class='sofwr'>Oracle</span>. ; 
      *  Working On initiatives which would require the changes in various components of the system in <span inprof='y' id='171' class='sofwr'>Unix</span>/<span inprof='y' id='172' class='sofwr'>Windows Environment</span>. ; 
      *  Interacting with other development teams for resolutions. ; 
      *  Maintaining a good cycle time for closing of the problems by the worldwide clients.

          <span inprof='y' id='173' class='qualif'>Education:
          Bachelor of Technology in Computer Science</span>
          <span inprof='y' id='174' class='qualif'>Certified Salesforce Developer</span>(Dev 401) Certificate# 1882638

</TextResume>

</NonXMLResume>



<UserArea>
<DaxResumeUserArea>
<AdditionalPersonalData>
<ExperienceSummary>
<TotalMonthsOfWorkExperience>61</TotalMonthsOfWorkExperience>
<TotalYearsOfWorkExperience>5</TotalYearsOfWorkExperience>
<ExecutiveBrief>Baljinder Singh has been working in the IT  occupational sector for more than 5 years. During his last employment he was working as a Salesforce Developer at DHL. Baljinder has extensive knowledge of SOAP, WSDL. So far Baljinder has not gained any managerial experience.</ExecutiveBrief>
</ExperienceSummary>
</AdditionalPersonalData>
<ParserInfo>
<ParserConfiguration>{max_len=50000} {tel_flag=} {send_zip=} {fast_conv=} {DEF_LOCAL=} {sdate=0} {no_email_body=0} {do_clever_zoning=1} {keep_span=1} {complex=1} {accept_langs=} {not_accept_langs=} {prefer_lang_cv=EN} {pers_only=0} {turbo=0} {split_language=0} {picture=0} {picture_inline=0} {name_space=0} {charset=} {hrxml_upgrade_edu_hist=0}{hrxml_add_languages_section=0}{spool=} {docID=} {user=DEFAULT} </ParserConfiguration>
<ParserRelease>0.12.3.32629</ParserRelease>
<ParserReleaseDate>2014-06-18</ParserReleaseDate>
<ParserSchema>2.0.29</ParserSchema>
<ParserSchemaLocation>http://cvx.daxtra.com/cvts/xsd/candidate/2.0.29/Resume.xsd</ParserSchemaLocation>
<ConverterRelease>0.5.2.32629</ConverterRelease>
<ConverterReleaseDate>2014-06-18</ConverterReleaseDate>
</ParserInfo>
<FileStruct filename='/home/izoom/anazarov/grammar/analysis/3rconnect/doc/100_Resume-ApTask/Baljinder_Singh.doc'>

<attachment fname='Baljinder_Singh.doc' ftype='doc' conv='yes' doc_type='cv' lang='EN'>/home/izoom/anazarov/grammar/analysis/3rconnect/doc/100_Resume-ApTask/Baljinder_Singh.doc</attachment>


</FileStruct>
</DaxResumeUserArea>
</UserArea>
</Resume>
