<?xml version='1.0' encoding='ISO-8859-1'?>
<Resume lang='en' src='DAXTRA-CVX schema:2.0.29 release:0.12.3.32629 rdate:2014-06-18'>
<StructuredXMLResume>
<ContactInfo>
<PersonName id='2'>
<FormattedName>Eugene B. Mccain</FormattedName>
<GivenName>Eugene</GivenName>
<MiddleName>B.</MiddleName>
<FamilyName>Mccain</FamilyName>
<sex>Male</sex>
</PersonName>
<ContactMethod>
<Telephone id='6' type='home'>
<InternationalCountryCode>1</InternationalCountryCode>
<SubscriberNumber>586 323-0043</SubscriberNumber>
<FormattedNumber>+1 586 323-0043</FormattedNumber></Telephone>

<InternetEmailAddress id='7' type='main'>eugenemccain@gmail.com</InternetEmailAddress>
<PostalAddress id='5' type='main'>
<CountryCode>US</CountryCode>
<PostalCode>48314</PostalCode>
<Region>MI</Region>
<Municipality>Sterling Heights</Municipality>
<DeliveryAddress>
<AddressLine>42805 North Hampton Drive</AddressLine>
<StreetName>North Hampton Drive</StreetName>
<BuildingNumber>42805</BuildingNumber>
</DeliveryAddress>

</PostalAddress>
</ContactMethod>
</ContactInfo>
<ExecutiveSummary>Sales and operations leader with comprehensive experience spanning multiple industries and geographic regions, including: Europe, Latin America, Far East, and former Soviet Union. Record of driving organizations to surpass revenue generation, profitability, and performance goals. Adept at identifying and developing new opportunities. Resourceful problem solver looking to transition skills into new and exciting career in Program / Project Management</ExecutiveSummary>



<EducationHistory>
<SchoolOrInstitution schoolType='university'>
<SchoolName id='79_1'>UNIVERSITY OF PENNSYLVANIA</SchoolName>
<LocationSummary id='79_2'>
<Municipality>Philadelphia</Municipality>
<Region>PA</Region>
<CountryCode>BR</CountryCode>
</LocationSummary>

<OrganizationUnit organizationType='unit'>THE WHARTON SCHOOL OF BUSINESS</OrganizationUnit>
<Degree degreeType='masters'>
<DegreeName id='79_3'>Master of Business Administration</DegreeName>

</Degree>
<Major id='79_3'>Strategic Management</Major>



<Comments>LOUISIANA STATE UNIVERSITY, Baton Rouge, LA
Bachelor of Science: Business Finance,

ADDITIONAL DETAILS
Certified Public Accountant, State of Texas, Since Member, Detroit Downtown
Member, United States Olympic Track Team (Long Jump: 27' 5)''
Volunteer, Special Olympics, Executive Advisor, Junior Achievement

Key Word Summary and Subject Matter Expertise - Business Development, Business Analysis, Contract Negotiation, Strategy, Creative Solutions, Project Management, Team Building, Management Consulting, Risk Management, Business Modeling, SAP, Oracle, Peoplesoft, Financial Analysis, Activity Based Costing, Management, Integration, Planning,
Client Implementations, Coordinate / Prioritize Resources, Produce Financial Statements, Process Flows, Improved Business Requirements, Quality, Upstream / Downstream Operations, Deregulated Markets, Improved ROI,  Variance Analysis, Operational Reports, Time and Motion Studies, Manage Program Costs, Financial / Operational Audits, GAAP, Status / Logistics Reporting, Assess Risk, Acquisition Planning, Security, Change Management, LinkedIn, Social Media, Improved Metrics, Demand Planning, Inventory Control, DOD, DAU</Comments>
</SchoolOrInstitution>

<SchoolOrInstitution schoolType='university'>
<SchoolName id='80_1'>LOUISIANA STATE UNIVERSITY</SchoolName>
<LocationSummary id='80_2'>
<Municipality>Baton Rouge</Municipality>
<Region>LA</Region>
<CountryCode>US</CountryCode>
</LocationSummary>


<Degree degreeType='bachelors'>
<DegreeName id='80_3'>Bachelor of Science</DegreeName>

</Degree>
<Major id='80_3'>Business Finance</Major>



<Comments>ADDITIONAL DETAILS
Certified Public Accountant, State of Texas, Since Member, Detroit Downtown
Member, United States Olympic Track Team (Long Jump: 27' 5)''
Volunteer, Special Olympics, Executive Advisor, Junior Achievement

Key Word Summary and Subject Matter Expertise - Business Development, Business Analysis, Contract Negotiation, Strategy, Creative Solutions, Project Management, Team Building, Management Consulting, Risk Management, Business Modeling, SAP, Oracle, Peoplesoft, Financial Analysis, Activity Based Costing, Management, Integration, Planning,
Client Implementations, Coordinate / Prioritize Resources, Produce Financial Statements, Process Flows, Improved Business Requirements, Quality, Upstream / Downstream Operations, Deregulated Markets, Improved ROI,  Variance Analysis, Operational Reports, Time and Motion Studies, Manage Program Costs, Financial / Operational Audits, GAAP, Status / Logistics Reporting, Assess Risk, Acquisition Planning, Security, Change Management, LinkedIn, Social Media, Improved Metrics, Demand Planning, Inventory Control, DOD, DAU</Comments>
</SchoolOrInstitution>

</EducationHistory>











<Competency oids='44 50 51 ' description='Skill' auth='yes' name='Supply Chain'>
<CompetencyWeight type='skillLevel'><NumericValue minValue='0' maxValue='100'>15</NumericValue></CompetencyWeight>
</Competency>

<Competency oids='49 68 109 ' description='Skill' auth='yes' name='Inventory Management'>
<CompetencyEvidence typeDescription='Alias' name='Alias'><StringValue>inventory control</StringValue></CompetencyEvidence>

<CompetencyWeight type='skillLevel'><NumericValue minValue='0' maxValue='100'>15</NumericValue></CompetencyWeight>
</Competency>

<Competency oids='33 91 ' description='Skill' auth='yes' name='Project Management'>
<CompetencyWeight type='skillLevel'><NumericValue minValue='0' maxValue='100'>15</NumericValue></CompetencyWeight>
</Competency>

<Competency oids='45 66 ' description='Skill' auth='yes' name='Procurement'>
<CompetencyWeight type='skillLevel'><NumericValue minValue='0' maxValue='100'>15</NumericValue></CompetencyWeight>
</Competency>

<Competency oids='48 108 ' description='Skill' auth='yes' name='Demand Planning'>
<CompetencyWeight type='skillLevel'><NumericValue minValue='0' maxValue='100'>15</NumericValue></CompetencyWeight>
</Competency>

<Competency oids='74 105 ' description='Skill' auth='yes' name='Audit'>
<CompetencyEvidence typeDescription='Alias' name='Alias'><StringValue>audits</StringValue></CompetencyEvidence>

<CompetencyWeight type='skillLevel'><NumericValue minValue='0' maxValue='100'>15</NumericValue></CompetencyWeight>
</Competency>

<Competency oids='67 ' description='Skill' auth='no' name='use tax audits management'>
<CompetencyWeight type='skillLevel'><NumericValue minValue='0' maxValue='100'>15</NumericValue></CompetencyWeight>
</Competency>

<Competency oids='13 ' description='Skill' auth='no' name='transition skills'>
<CompetencyWeight type='skillLevel'><NumericValue minValue='0' maxValue='100'>100</NumericValue></CompetencyWeight>

<CompetencyWeight type='skillProficiency'><StringValue minValue='BASIC' maxValue='EXCELLENT'>EXCELLENT</StringValue></CompetencyWeight>
</Competency>

<Competency oids='47 ' description='Skill' auth='yes' name='eProcurement'>
<CompetencyWeight type='skillLevel'><NumericValue minValue='0' maxValue='100'>15</NumericValue></CompetencyWeight>
</Competency>

<Competency oids='46 ' description='Skill' auth='yes' name='eCommerce'>
<CompetencyWeight type='skillLevel'><NumericValue minValue='0' maxValue='100'>15</NumericValue></CompetencyWeight>
</Competency>

<Competency oids='8 ' description='Skill' auth='no' name='comprehensive experience'>
<CompetencyWeight type='skillLevel'><NumericValue minValue='0' maxValue='100'>100</NumericValue></CompetencyWeight>

<CompetencyWeight type='skillProficiency'><StringValue minValue='BASIC' maxValue='EXCELLENT'>EXCELLENT</StringValue></CompetencyWeight>
</Competency>

<Competency oids='34 ' description='Skill' auth='no' name='account management'>
<CompetencyWeight type='skillLevel'><NumericValue minValue='0' maxValue='100'>15</NumericValue></CompetencyWeight>
</Competency>

<Competency oids='104 ' description='Skill' auth='yes' name='Variance Analysis'>
<CompetencyWeight type='skillLevel'><NumericValue minValue='0' maxValue='100'>15</NumericValue></CompetencyWeight>
</Competency>

<Competency oids='92 ' description='Skill' auth='no' name='Team Building'>
<CompetencyWeight type='skillLevel'><NumericValue minValue='0' maxValue='100'>15</NumericValue></CompetencyWeight>
</Competency>

<Competency oids='18 ' description='Skill > IT' auth='yes' name='Six Sigma'>
<CompetencyWeight type='skillLevel'><NumericValue minValue='0' maxValue='100'>15</NumericValue></CompetencyWeight>
</Competency>

<Competency oids='100 ' description='Skill > IT' auth='no' name='SAP-netweaver- Business'>
<CompetencyEvidence typeDescription='Alias' name='Alias'><StringValue>Business</StringValue></CompetencyEvidence>

<CompetencyWeight type='skillLevel'><NumericValue minValue='0' maxValue='100'>15</NumericValue></CompetencyWeight>
</Competency>

<Competency oids='102 ' description='Skill > IT' auth='yes' name='SAP IS Oil Upstream'>
<CompetencyEvidence typeDescription='Alias' name='Alias'><StringValue>Upstream</StringValue></CompetencyEvidence>

<CompetencyWeight type='skillLevel'><NumericValue minValue='0' maxValue='100'>15</NumericValue></CompetencyWeight>
</Competency>

<Competency oids='103 ' description='Skill > IT' auth='yes' name='SAP IS Oil Downstream'>
<CompetencyEvidence typeDescription='Alias' name='Alias'><StringValue>Downstream</StringValue></CompetencyEvidence>

<CompetencyWeight type='skillLevel'><NumericValue minValue='0' maxValue='100'>15</NumericValue></CompetencyWeight>
</Competency>

<Competency oids='94 ' description='Skill > IT' auth='yes' name='SAP'>
<CompetencyWeight type='skillLevel'><NumericValue minValue='0' maxValue='100'>15</NumericValue></CompetencyWeight>
</Competency>

<Competency oids='93 ' description='Skill' auth='yes' name='Risk Management'>
<CompetencyWeight type='skillLevel'><NumericValue minValue='0' maxValue='100'>15</NumericValue></CompetencyWeight>
</Competency>

<Competency oids='30 ' description='Skill' auth='no' name='Program Management'>
<CompetencyWeight type='skillLevel'><NumericValue minValue='0' maxValue='100'>15</NumericValue></CompetencyWeight>
</Competency>

<Competency oids='14 ' description='Skill' auth='no' name='Program / Project Management'>
<CompetencyWeight type='skillLevel'><NumericValue minValue='0' maxValue='100'>100</NumericValue></CompetencyWeight>

<CompetencyWeight type='skillProficiency'><StringValue minValue='BASIC' maxValue='EXCELLENT'>EXCELLENT</StringValue></CompetencyWeight>
</Competency>

<Competency oids='28 ' description='Skill' auth='yes' name='Profit and Loss Accounts'>
<CompetencyEvidence typeDescription='Alias' name='Alias'><StringValue>profit and loss</StringValue></CompetencyEvidence>

<CompetencyWeight type='skillLevel'><NumericValue minValue='0' maxValue='100'>15</NumericValue></CompetencyWeight>
</Competency>

<Competency oids='96 ' description='Skill > IT' auth='yes' name='PeopleSoft'>
<CompetencyWeight type='skillLevel'><NumericValue minValue='0' maxValue='100'>15</NumericValue></CompetencyWeight>
</Competency>

<Competency oids='95 ' description='Skill > IT' auth='yes' name='Oracle'>
<CompetencyWeight type='skillLevel'><NumericValue minValue='0' maxValue='100'>15</NumericValue></CompetencyWeight>
</Competency>

<Competency oids='101 ' description='Skill > IT' auth='no' name='ORACLE Quality'>
<CompetencyEvidence typeDescription='Alias' name='Alias'><StringValue>Quality</StringValue></CompetencyEvidence>

<CompetencyWeight type='skillLevel'><NumericValue minValue='0' maxValue='100'>15</NumericValue></CompetencyWeight>
</Competency>

<Competency oids='19 ' description='Skill > IT' auth='yes' name='Microsoft Office'>
<CompetencyEvidence typeDescription='Alias' name='Alias'><StringValue>MS Office</StringValue></CompetencyEvidence>

<CompetencyWeight type='skillLevel'><NumericValue minValue='0' maxValue='100'>15</NumericValue></CompetencyWeight>
</Competency>

<Competency oids='64 ' description='Skill' auth='no' name='Managed oil exploration'>
<CompetencyWeight type='skillLevel'><NumericValue minValue='0' maxValue='100'>15</NumericValue></CompetencyWeight>
</Competency>

<Competency oids='54 ' description='Skill' auth='no' name='Managed large teams'>
<CompetencyWeight type='skillLevel'><NumericValue minValue='0' maxValue='100'>15</NumericValue></CompetencyWeight>
</Competency>

<Competency oids='17 ' description='Skill' auth='yes' name='Forecasting'>
<CompetencyWeight type='skillLevel'><NumericValue minValue='0' maxValue='100'>15</NumericValue></CompetencyWeight>
</Competency>

<Competency oids='99 ' description='Skill' auth='no' name='Financial Statements'>
<CompetencyWeight type='skillLevel'><NumericValue minValue='0' maxValue='100'>15</NumericValue></CompetencyWeight>
</Competency>

<Competency oids='31 ' description='Skill' auth='yes' name='Financial Services'>
<CompetencyWeight type='skillLevel'><NumericValue minValue='0' maxValue='100'>15</NumericValue></CompetencyWeight>
</Competency>

<Competency oids='97 ' description='Skill' auth='yes' name='Financial Analysis'>
<CompetencyWeight type='skillLevel'><NumericValue minValue='0' maxValue='100'>15</NumericValue></CompetencyWeight>
</Competency>

<Competency oids='16 ' description='Skill' auth='yes' name='Cost Analysis'>
<CompetencyWeight type='skillLevel'><NumericValue minValue='0' maxValue='100'>15</NumericValue></CompetencyWeight>
</Competency>

<Competency oids='90 ' description='Skill' auth='no' name='Contract Negotiation'>
<CompetencyWeight type='skillLevel'><NumericValue minValue='0' maxValue='100'>15</NumericValue></CompetencyWeight>
</Competency>

<Competency oids='107 ' description='Skill' auth='yes' name='Change Management'>
<CompetencyWeight type='skillLevel'><NumericValue minValue='0' maxValue='100'>15</NumericValue></CompetencyWeight>
</Competency>

<Competency oids='88 ' description='Skill' auth='yes' name='Business Development'>
<CompetencyWeight type='skillLevel'><NumericValue minValue='0' maxValue='100'>15</NumericValue></CompetencyWeight>
</Competency>

<Competency oids='89 ' description='Skill' auth='yes' name='Business Analysis'>
<CompetencyWeight type='skillLevel'><NumericValue minValue='0' maxValue='100'>15</NumericValue></CompetencyWeight>
</Competency>

<Competency oids='98 ' description='Skill' auth='yes' name='Activity Based Costing'>
<CompetencyWeight type='skillLevel'><NumericValue minValue='0' maxValue='100'>15</NumericValue></CompetencyWeight>
</Competency>

<Competency oids='106 ' description='Skill' auth='no' name='Acquisition Planning'>
<CompetencyWeight type='skillLevel'><NumericValue minValue='0' maxValue='100'>15</NumericValue></CompetencyWeight>
</Competency>

<Competency oids='86_1 ' description='Held Position' auth='no' name='Volunteer'>
<CompetencyWeight type='skillLevel'><NumericValue minValue='0' maxValue='100'>15</NumericValue></CompetencyWeight>
</Competency>

<Competency oids='77_1 ' description='Held Position' auth='no' name='Summer Intern'>
<CompetencyWeight type='skillLevel'><NumericValue minValue='0' maxValue='100'>15</NumericValue></CompetencyWeight>
</Competency>

<Competency oids='60_1 ' description='Held Position' auth='no' name='Strategic Management Intern'>
<CompetencyWeight type='skillLevel'><NumericValue minValue='0' maxValue='100'>15</NumericValue></CompetencyWeight>
</Competency>

<Competency oids='27_1 ' description='Held Position' auth='no' name='Senior Project Director, Risk Management Services Group'>
<CompetencyWeight type='skillLevel'><NumericValue minValue='0' maxValue='100'>15</NumericValue></CompetencyWeight>
</Competency>

<Competency oids='38_1 ' description='Held Position' auth='no' name='Senior Manager, DTE Supply Chain'>
<CompetencyWeight type='skillLevel'><NumericValue minValue='0' maxValue='100'>15</NumericValue></CompetencyWeight>
</Competency>

<Competency oids='62_1 ' description='Held Position' auth='no' name='Senior Financial Analyst'>
<CompetencyWeight type='skillLevel'><NumericValue minValue='0' maxValue='100'>15</NumericValue></CompetencyWeight>
</Competency>

<Competency oids='73_1 ' description='Held Position' auth='no' name='Senior Auditor'>
<CompetencyWeight type='skillLevel'><NumericValue minValue='0' maxValue='100'>15</NumericValue></CompetencyWeight>
</Competency>

<Competency oids='25_2 ' description='Held Position' auth='no' name='Risk Management Services Regional Director, Sales'>
<CompetencyWeight type='skillLevel'><NumericValue minValue='0' maxValue='100'>15</NumericValue></CompetencyWeight>
</Competency>

<Competency oids='26_1 ' description='Held Position' auth='no' name='Project Management'>
<CompetencyWeight type='skillLevel'><NumericValue minValue='0' maxValue='100'>15</NumericValue></CompetencyWeight>
</Competency>

<Competency oids='25_1 ' description='Held Position' auth='no' name='Managing Director, Strategic'>
<CompetencyWeight type='skillLevel'><NumericValue minValue='0' maxValue='100'>15</NumericValue></CompetencyWeight>
</Competency>

<Competency oids='39_1 ' description='Held Position' auth='no' name='Manager'>
<CompetencyWeight type='skillLevel'><NumericValue minValue='0' maxValue='100'>15</NumericValue></CompetencyWeight>
</Competency>

<Competency oids='42_1 ' description='Held Position' auth='no' name='Financial Consultant'>
<CompetencyWeight type='skillLevel'><NumericValue minValue='0' maxValue='100'>15</NumericValue></CompetencyWeight>
</Competency>

<Competency oids='63_1 ' description='Held Position' auth='no' name='Financial Analyst'>
<CompetencyWeight type='skillLevel'><NumericValue minValue='0' maxValue='100'>15</NumericValue></CompetencyWeight>
</Competency>

<Competency oids='87_1 ' description='Held Position' auth='no' name='Executive Advisor, Junior'>
<CompetencyWeight type='skillLevel'><NumericValue minValue='0' maxValue='100'>15</NumericValue></CompetencyWeight>
</Competency>

<Competency oids='84_1 ' description='Held Position' auth='no' name='Detroit Downtown Member'>
<CompetencyWeight type='skillLevel'><NumericValue minValue='0' maxValue='100'>15</NumericValue></CompetencyWeight>
</Competency>

<Competency oids='59_1 ' description='Held Position' auth='no' name='Business Unit Manager'>
<CompetencyWeight type='skillLevel'><NumericValue minValue='0' maxValue='100'>15</NumericValue></CompetencyWeight>
</Competency>

<Competency oids='3 79_3 ' description='Degree/Qualification' auth='yes' name='Masters Degree > Master of Business Administration > Master of Business Administration Strategic Management'>
<CompetencyEvidence name='Application' typeDescription='Application' type='Strategic Management'><StringValue>Strategic Management</StringValue></CompetencyEvidence>

<CompetencyEvidence typeDescription='Alias' name='Alias'><StringValue>MBA</StringValue></CompetencyEvidence>

<CompetencyEvidence typeDescription='Alias' name='Alias'><StringValue>Master of Business Administration: Strategic Management, Concentration: Finance</StringValue></CompetencyEvidence>

<CompetencyWeight type='skillLevel'><NumericValue minValue='0' maxValue='100'>24</NumericValue></CompetencyWeight>
</Competency>

<Competency oids='3 79_3 ' description='Degree/Qualification' auth='yes' name='Masters Degree > Master of Business Administration > Master of Business Administration Finance'>
<CompetencyEvidence name='Application' typeDescription='Application' type='Finance'><StringValue>Finance</StringValue></CompetencyEvidence>

<CompetencyEvidence typeDescription='Alias' name='Alias'><StringValue>MBA</StringValue></CompetencyEvidence>

<CompetencyEvidence typeDescription='Alias' name='Alias'><StringValue>Master of Business Administration: Strategic Management, Concentration: Finance</StringValue></CompetencyEvidence>

<CompetencyWeight type='skillLevel'><NumericValue minValue='0' maxValue='100'>24</NumericValue></CompetencyWeight>
</Competency>

<Competency oids='4 81 ' description='Degree/Qualification > Professional' auth='yes' name='Certified Public Accountant Qualification'>
<CompetencyEvidence typeDescription='Alias' name='Alias'><StringValue>CPA</StringValue></CompetencyEvidence>

<CompetencyEvidence typeDescription='Alias' name='Alias'><StringValue>Certified Public Accountant</StringValue></CompetencyEvidence>

<CompetencyWeight type='skillLevel'><NumericValue minValue='0' maxValue='100'>24</NumericValue></CompetencyWeight>
</Competency>

<Competency oids='20 ' description='Degree/Qualification > Professional' auth='no' name='PMP Certification Course'>
<CompetencyWeight type='skillLevel'><NumericValue minValue='0' maxValue='100'>12</NumericValue></CompetencyWeight>
</Competency>

<Competency oids='15 ' description='Degree/Qualification > Professional' auth='no' name='DAU CERTIFICATIONS AND COMPLETED COURSES'>
<CompetencyWeight type='skillLevel'><NumericValue minValue='0' maxValue='100'>12</NumericValue></CompetencyWeight>
</Competency>

<Competency oids='80_3 ' description='Degree/Qualification' auth='yes' name='Bachelors Degree > Bachelor of Science > Bachelor of Science Business Finance'>
<CompetencyEvidence name='Application' typeDescription='Application' type='Business Finance'><StringValue>Business Finance</StringValue></CompetencyEvidence>

<CompetencyEvidence typeDescription='Alias' name='Alias'><StringValue>Bachelor of Science: Business Finance</StringValue></CompetencyEvidence>

<CompetencyWeight type='skillLevel'><NumericValue minValue='0' maxValue='100'>12</NumericValue></CompetencyWeight>
</Competency>

<Competency description='Industry' auth='yes' name='industry~accountancy'>
<CompetencyEvidence name='skillCount' typeDescription='skillCount'><NumericValue>1</NumericValue></CompetencyEvidence>

<CompetencyWeight type='skillLevel'><NumericValue minValue='0' maxValue='100'>10</NumericValue></CompetencyWeight>
</Competency>






















<RevisionDate id='1'>2012-05-01</RevisionDate>
</StructuredXMLResume>
<NonXMLResume>

<TextResume>



<span inprof='n' id='1' class='date'>{{DOCUMENT_DATESTAMP}} 2012-5-1 {{END_DOCUMENT_DATESTAMP}}</span>


<span inprof='y' id='2' class='nominal'>EUGENE B. MCCAIN</span>, <span inprof='y' id='3' class='qualif'>MBA</span>, <span inprof='y' id='4' class='qualif'>CPA</span>
<span inprof='y' id='5' class='location'>42805 North Hampton Drive Sterling Heights, MI 48314</span> <span inprof='y' id='6' class='telephone'>1 (586) 323-0043</span> <span inprof='y' id='7' class='email'>eugenemccain@gmail.com</span>

EXECUTIVE PROFILE
Sales and operations leader with <span inprof='y' id='8' class='skill'>comprehensive experience</span> spanning multiple industries and geographic regions, including: <span inprof='n' id='9' class='location'>Europe</span>, <span inprof='n' id='10' class='location'>Latin America</span>, <span inprof='n' id='11' class='location'>Far East</span>, and <span inprof='n' id='12' class='location'>former Soviet Union</span>. Record of driving organizations to surpass revenue generation, profitability, and performance goals. Adept at identifying and developing new opportunities. Resourceful problem solver looking to <span inprof='y' id='13' class='skill'>transition skills</span> into new and exciting career in <span inprof='y' id='14' class='skill'>Program / Project Management</span>

<span inprof='y' id='15' class='qualif'>DAU CERTIFICATIONS AND COMPLETED COURSES</span>

  Earned Value Mgt                  Budget Policy                    <span inprof='y' id='16' class='skill'>Cost Analysis</span>
  <span inprof='y' id='17' class='skill'>Forecasting</span>                       Systems Engineering              Acquisition
  <span inprof='y' id='18' class='sofwr'>Six Sigma</span> - Black Belt            Information Assurance            <span inprof='y' id='19' class='sofwr'>MS Office</span>
  <span inprof='y' id='20' class='qualif'>PMP Certification Course</span>          MI Employability Skills          Dale <span inprof='n' id='21' class='qualif'>Carnegie Courses</span>


<span inprof='n' id='22' class='work-hist-mark'>PROFESSIONAL EXPERIENCE</span>
<span inprof='n' id='23' class='company'>COMPUTER SCIENCES CORPORATION</span>, <span inprof='n' id='24' class='location'>Livonia, MI</span>
<span inprof='y' id='25_1' class='role'>Managing Director, Strategic</span> and <span inprof='y' id='25_2' class='role'>Risk Management Services Regional Director, Sales</span>/Customer Acquisition / <span inprof='y' id='26_1' class='role'>Project Management</span>
<span inprof='y' id='27_1' class='role'>Senior Project Director, Risk Management Services Group</span>
Hold full <span inprof='y' id='28' class='skill'>profit and loss</span> responsibility for up to $<span inprof='n' id='29' class='money'>150 million dollars</span>. 
    *  Maintain oversight, status, and purpose of all projects within <span inprof='y' id='30' class='skill'>Program Management</span> ; 
    *  Manage several related projects with the intention of improving organization performance to exceed clearly defined metrics ; 
    *  Lead client implementations in diverse industries, including: Energy, Oil and Gas, Utilities, Government, Municipalities, <span inprof='y' id='31' class='skill'>Financial Services</span>, Automotive, Communications, Recruited <span inprof='n' id='32' class='bad-occupation'>by CFO</span> to plan, direct, and administer complete redesign and reorganization of all sales, <span inprof='y' id='33' class='skill'>project management</span>, and <span inprof='y' id='34' class='skill'>account management</span> functions for Risk <span inprof='n' id='35' class='company'>Management Services Group</span>.
<span inprof='n' id='36' class='company'>DTE ENERGY (formerly The Detroit Edison Company)</span> Strategic Services, <span inprof='n' id='37' class='location'>Detroit, MI</span>
<span inprof='y' id='38_1' class='role'>Senior Manager, DTE Supply Chain</span>
<span inprof='y' id='39_1' class='role'>Manager</span>, <span inprof='n' id='40' class='company'>DTE Edison America</span>, <span inprof='n' id='41' class='company'>DTE Energy Technologies</span>
<span inprof='y' id='42_1' class='role'>Financial Consultant</span>, <span inprof='n' id='43' class='company'>DTE Controllers Organization</span>
    *  Led 12+ different <span inprof='y' id='44' class='skill'>supply chain</span>-related initiatives over 2-year period; specialized in Sourcing and <span inprof='y' id='45' class='skill'>Procurement</span>, Manufacturing Operations, <span inprof='y' id='46' class='skill'>e-Commerce</span>, and Financial Consulting. ; 
    *  Devised strategies for <span inprof='y' id='47' class='skill'>eProcurement</span>, manufacturing operations, <span inprof='y' id='48' class='skill'>demand planning</span>, transportation, and <span inprof='y' id='49' class='skill'>inventory management</span>. ; 
    *  Reorganized DTE <span inprof='y' id='50' class='skill'>supply chain</span> initiative by developing business models which maximized customer/vendor relationships by seamlessly integrating new technology into current and updated business process flows, resulting in improved <span inprof='y' id='51' class='skill'>supply chain</span> economies of scale and efficiency <span inprof='n' id='52' class='percent'>32%</span> in <span inprof='n' id='53' class='duration'>6 months</span>. ; 
    *  <span inprof='y' id='54' class='skill'>Managed large teams</span> of consultants; interacted regularly <span inprof='n' id='55' class='bad-occupation'>with Vice President</span> and ``C'' level leaders.

CHEVRON/<span inprof='n' id='56' class='company'>TEXACO INC.</span>, <span inprof='n' id='57' class='location'>Houston, TX</span> &#38; <span inprof='n' id='58' class='location'>Philadelphia, PA</span>
<span inprof='y' id='59_1' class='role'>Business Unit Manager</span>
<span inprof='y' id='60_1' class='role'>Strategic Management Intern</span>; <span inprof='n' id='61' class='location'>Paris, France</span>
<span inprof='y' id='62_1' class='role'>Senior Financial Analyst</span>
<span inprof='y' id='63_1' class='role'>Financial Analyst</span>
    *  <span inprof='y' id='64' class='skill'>Managed oil exploration</span> and refinery subsidiary business unit with annual sales of <span inprof='n' id='65' class='money-range'>$20-30 million</span>. ; 
    *  Oversaw manufacture, distribution, <span inprof='y' id='66' class='skill'>procurement</span>, sales / <span inprof='y' id='67' class='skill'>use tax audits management</span>, and <span inprof='y' id='68' class='skill'>inventory control</span>. ; 
    *  Initiated and directed improvement efforts that led to <span inprof='n' id='69' class='percent'>135%</span> year-over-year productivity growth with <span inprof='n' id='70' class='percent'>70%</span> quality improvement. ; 
    *  Consulted Exploration and Refinery Plant Managers on capacity, utilization rates, and ROI special projects. ; 
    *  Planned and led initiatives, resulting in first Texaco Stars' Award for Excellence in business unit financial and consulting performance.

<span inprof='n' id='71' class='company'>ERNST AND YOUNG</span> CPAS, <span inprof='n' id='72' class='location'>New Orleans, LA</span>
<span inprof='y' id='73_1' class='role'>Senior Auditor</span>
    *  Supervised financial and operational <span inprof='y' id='74' class='skill'>audits</span> for clients in various industries.

<span inprof='n' id='75' class='company'>PRICE WATERHOUSE COOPERS</span>, <span inprof='n' id='76' class='location'>New York City, NY</span>
<span inprof='y' id='77_1' class='role'>Summer Intern</span>

<span inprof='n' id='78' class='edu-hist-mark'>EDUCATION</span>
<span inprof='y' id='79_1' class='educational'>THE WHARTON SCHOOL OF BUSINESS, UNIVERSITY OF PENNSYLVANIA</span>, <span inprof='y' id='79_2' class='location'>Philadelphia, PA</span>
<span inprof='y' id='79_3' class='qualif'>Master of Business Administration: Strategic Management,
Concentration: Finance</span>
<span inprof='y' id='80_1' class='educational'>LOUISIANA STATE UNIVERSITY</span>, <span inprof='y' id='80_2' class='location'>Baton Rouge, LA</span>
<span inprof='y' id='80_3' class='qualif'>Bachelor of Science: Business Finance</span>,

ADDITIONAL DETAILS
<span inprof='y' id='81' class='qualif'>Certified Public Accountant</span>, <span inprof='n' id='82' class='location'>State of Texas</span>, <span inprof='n' id='83' class='location'>Since Member</span>, <span inprof='y' id='84_1' class='role'>Detroit Downtown
Member</span>, <span inprof='n' id='85' class='location'>United States</span> Olympic Track Team (Long Jump: 27' 5)''
<span inprof='y' id='86_1' class='role'>Volunteer</span>, Special Olympics, <span inprof='y' id='87_1' class='role'>Executive Advisor, Junior</span> Achievement

Key Word Summary and Subject Matter Expertise - <span inprof='y' id='88' class='skill'>Business Development</span>, <span inprof='y' id='89' class='skill'>Business Analysis</span>, <span inprof='y' id='90' class='skill'>Contract Negotiation</span>, Strategy, Creative Solutions, <span inprof='y' id='91' class='skill'>Project Management</span>, <span inprof='y' id='92' class='skill'>Team Building</span>, Management Consulting, <span inprof='y' id='93' class='skill'>Risk Management</span>, Business Modeling, <span inprof='y' id='94' class='sofwr'>SAP</span>, <span inprof='y' id='95' class='sofwr'>Oracle</span>, <span inprof='y' id='96' class='sofwr'>Peoplesoft</span>, <span inprof='y' id='97' class='skill'>Financial Analysis</span>, <span inprof='y' id='98' class='skill'>Activity Based Costing</span>, Management, Integration, Planning,
Client Implementations, Coordinate / Prioritize Resources, Produce <span inprof='y' id='99' class='skill'>Financial Statements</span>, Process Flows, Improved <span inprof='y' id='100' class='sofwr'>Business</span> Requirements, <span inprof='y' id='101' class='sofwr'>Quality</span>, <span inprof='y' id='102' class='sofwr'>Upstream</span> / <span inprof='y' id='103' class='sofwr'>Downstream</span> Operations, Deregulated Markets, Improved ROI,  <span inprof='y' id='104' class='skill'>Variance Analysis</span>, Operational Reports, Time and Motion Studies, Manage Program Costs, Financial / Operational <span inprof='y' id='105' class='skill'>Audits</span>, GAAP, Status / Logistics Reporting, Assess Risk, <span inprof='y' id='106' class='skill'>Acquisition Planning</span>, Security, <span inprof='y' id='107' class='skill'>Change Management</span>, LinkedIn, Social Media, Improved Metrics, <span inprof='y' id='108' class='skill'>Demand Planning</span>, <span inprof='y' id='109' class='skill'>Inventory Control</span>, DOD, DAU

</TextResume>

</NonXMLResume>



<UserArea>
<DaxResumeUserArea>
<ParserInfo>
<ParserConfiguration>{max_len=50000} {tel_flag=} {send_zip=} {fast_conv=} {DEF_LOCAL=} {sdate=0} {no_email_body=0} {do_clever_zoning=1} {keep_span=1} {complex=1} {accept_langs=} {not_accept_langs=} {prefer_lang_cv=EN} {pers_only=0} {turbo=0} {split_language=0} {picture=0} {picture_inline=0} {name_space=0} {charset=} {hrxml_upgrade_edu_hist=0}{hrxml_add_languages_section=0}{spool=} {docID=} {user=DEFAULT} </ParserConfiguration>
<ParserRelease>0.12.3.32629</ParserRelease>
<ParserReleaseDate>2014-06-18</ParserReleaseDate>
<ParserSchema>2.0.29</ParserSchema>
<ParserSchemaLocation>http://cvx.daxtra.com/cvts/xsd/candidate/2.0.29/Resume.xsd</ParserSchemaLocation>
<ConverterRelease>0.5.2.32629</ConverterRelease>
<ConverterReleaseDate>2014-06-18</ConverterReleaseDate>
</ParserInfo>
<FileStruct filename='/home/izoom/anazarov/grammar/analysis/3rconnect/doc/100_Resume-ApTask/EBM Resume.doc'>

<attachment fname='EBM Resume.doc' ftype='doc' conv='yes' doc_type='cv' lang='EN'>/home/izoom/anazarov/grammar/analysis/3rconnect/doc/100_Resume-ApTask/EBM Resume.doc</attachment>


</FileStruct>
</DaxResumeUserArea>
</UserArea>
</Resume>
