<?xml version='1.0' encoding='ISO-8859-1'?>
<Resume lang='en' src='DAXTRA-CVX schema:2.0.29 release:0.12.3.32629 rdate:2014-06-18'>
<StructuredXMLResume>
<ContactInfo>
<PersonName id='2'>
<FormattedName>Eric Michael Sr</FormattedName>
<GivenName>Eric</GivenName>
<FamilyName>Michael</FamilyName>
<Affix type='generation'>Sr</Affix>
<sex>Male</sex>
</PersonName>
<ContactMethod>
<Telephone id='4' type='home'>
<InternationalCountryCode>1</InternationalCountryCode>
<SubscriberNumber>617 963-8407</SubscriberNumber>
<Extension>8507</Extension>
<FormattedNumber>+1 617 963-8407 ext. 8507</FormattedNumber></Telephone>

<InternetEmailAddress id='5' type='main'>ram@tanishasystems.com</InternetEmailAddress>
</ContactMethod>
</ContactInfo>
<Objective id='3'>Business/Technical Analyst</Objective>


<EmploymentHistory>
<EmployerOrg employerOrgType='soleEmployer'>
<EmployerOrgName id='66_3'>Green Tree Servicing</EmployerOrgName>
<EmployerContactInfo>
<LocationSummary id='66_4'>
<Municipality>St. Paul</Municipality>
<Region>MN</Region>
<CountryCode>US</CountryCode>
</LocationSummary>
</EmployerContactInfo>
<PositionHistory>
<Title id='66_1_1'>Business Analyst</Title>
<Title id='66_1_2'>Technical Analyst</Title>
<OrgName id='66_3'>Green Tree Servicing</OrgName>



<Description>*    Gathered requirements for a database driven enterprise level application to allow different mortgage applications to access Green Tree and MSP data through a single point of access. ; 
    *    Created Enterprise Data Services Catalog and data mapping documents. ; 
    *    Performed Gap analysis on data elements of existing stored procedure/web service and worked with the development team to update/create the stored procedure to be consumed by the enterprise level web service. ; 
    *    Conducted JAD sessions with the business, SMEs and stakeholders to gather/validate requirements. ; 
    *    Served as a liaison between business users and technical team. ; 
    *    Participated in data verification exercise to validate the data conversion and mapping. ; 
    *    Worked with QA to design test plan and test scripts.</Description>
<StartDate id='66_2_1'><YearMonth>2014-01</YearMonth></StartDate>
<EndDate id='66_2_2'>notApplicable</EndDate>




<JobCategory>
<TaxonomyName>JOBAREA</TaxonomyName>
<CategoryCode>it</CategoryCode>
</JobCategory>


<UserArea>
<DaxPositionHistoryUserArea>
<TLSPAN first_id='66' last_id='73' border_id='74'></TLSPAN>
<MonthsOfWork>7</MonthsOfWork>
</DaxPositionHistoryUserArea>
</UserArea>
</PositionHistory>
</EmployerOrg>

<EmployerOrg employerOrgType='soleEmployer'>
<EmployerOrgName id='74_3'>Minnesota Department of Transportation</EmployerOrgName>
<EmployerContactInfo>
<LocationSummary id='74_4'>
<Municipality>St. Paul</Municipality>
<Region>MN</Region>
<CountryCode>US</CountryCode>
</LocationSummary>
</EmployerContactInfo>
<PositionHistory positionType='PERMANENT'>
<Title id='74_1_1'>Project Lead</Title>
<Title id='74_1_2'>Senior Business Analyst</Title>
<OrgName id='74_3'>Minnesota Department of Transportation</OrgName>



<Description>*    Led the BA team to translate business requirements into functional specifications and detailed test plans. ; 
    *    Led development of project work plans, proactively identifying, logging, communicating and addressing issues &#38; risks. ; 
    *    Participated in requirement gathering sessions with the business, SMEs and communicated requirements for the development of web application that analyzes the needs and distribution process of State Aid funds for the Minnesota State Department of Transportation. ; 
    *    Conducted meetings/JAD sessions with business users and stakeholders to gather requirements. ; 
    *    Served as a liaison between business team/ users and project team in identifying, understanding and documenting the business needs while adapting the agile methodology. ; 
    *    Prepared Use Case document, created Activity diagrams and Wireframes using MS Visio. ; 
    *    Business Process Modeling using MS Visio and documenting the business process. ; 
    *    Developed test plans, test scripts and conducted UAT testing with the business users. ; 
    *    Created User training manual and provided training to the business/end users ; 
    *    Communicate project status to management through effective presentation. ; 
    *    Provide input to project managers in defining project plans and estimates, identifying issues and risks, including report status and updating project management tool sets for senior leadership team.</Description>
<StartDate id='74_2_1'><YearMonth>2012-08</YearMonth></StartDate>
<EndDate id='74_2_2'><YearMonth>2013-12</YearMonth></EndDate>



<JobLevelInfo>
<JobGrade>joblevel-nonmanager-mid</JobGrade>
</JobLevelInfo>

<JobCategory>
<TaxonomyName>JOBAREA</TaxonomyName>
<CategoryCode>it</CategoryCode>
</JobCategory>


<UserArea>
<DaxPositionHistoryUserArea>
<TLSPAN first_id='74' last_id='86' border_id='87'></TLSPAN>
<MonthsOfWork>17</MonthsOfWork>
</DaxPositionHistoryUserArea>
</UserArea>
</PositionHistory>
</EmployerOrg>

<EmployerOrg employerOrgType='soleEmployer'>
<EmployerOrgName id='87_3'>Citibank</EmployerOrgName>
<EmployerContactInfo>
<LocationSummary id='87_4'>
<Municipality>Tampa</Municipality>
<Region>FL</Region>
<CountryCode>US</CountryCode>
</LocationSummary>
</EmployerContactInfo>
<PositionHistory positionType='PERMANENT'>
<Title id='87_1_1'>Business Process Consultant</Title>
<OrgName id='87_3'>Citibank</OrgName>




<StartDate id='87_2_1'><YearMonth>2010-04</YearMonth></StartDate>
<EndDate id='87_2_2'><YearMonth>2012-07</YearMonth></EndDate>



<JobLevelInfo>
<JobGrade>joblevel-nonmanager-low</JobGrade>
</JobLevelInfo>

<JobCategory>
<TaxonomyName>JOBAREA</TaxonomyName>
<CategoryCode>it</CategoryCode>
</JobCategory>


<UserArea>
<DaxPositionHistoryUserArea>
<TLSPAN first_id='87' last_id='87' border_id='103'></TLSPAN>
<MonthsOfWork>28</MonthsOfWork>
</DaxPositionHistoryUserArea>
</UserArea>
</PositionHistory>
</EmployerOrg>

<EmployerOrg employerOrgType='soleEmployer'>
<EmployerOrgName id='103_3'>CitiMortgage</EmployerOrgName>
<EmployerContactInfo>
<LocationSummary id='103_4'>
<Municipality>St. Louis</Municipality>
<Region>MO</Region>
<CountryCode>US</CountryCode>
</LocationSummary>
</EmployerContactInfo>
<PositionHistory positionType='PERMANENT'>
<Title id='103_1_1'>Business Analyst</Title>
<OrgName id='103_3'>CitiMortgage</OrgName>



<Description>*    Gathered business requirements by conducting JAD sessions with business users, stakeholders and Subject Matter Experts (SMEs) for the online banking project for CitiMortgage. ; 
    *    Prepared Business Requirement Document and used Rational RequisitePro to analyze and convert business requirements into functional requirements and specification document. ; 
    *    Developed use cases for various requirements and created diagrams such as use case diagrams, activity diagrams and sequence diagrams using Rational Rose and MS Visio. ; 
    *    Analyzed, decomposed and documented the business processes. ; 
    *    Assisted in modeling and documenting the AS-IS workflow and TO-BE business process using Metastorm Provision. ; 
    *    Communicated and interacted on a regular basis with the project manager and development team during different stages of the project. ; 
    *    Worked with QA team to design test plan and test cases for User Acceptance Testing (UAT). ; 
    *    Created documentation for training and helpdesk teams.</Description>
<StartDate id='103_2_1'><YearMonth>2008-01</YearMonth></StartDate>
<EndDate id='103_2_2'><YearMonth>2010-03</YearMonth></EndDate>




<JobCategory>
<TaxonomyName>JOBAREA</TaxonomyName>
<CategoryCode>it</CategoryCode>
</JobCategory>


<UserArea>
<DaxPositionHistoryUserArea>
<TLSPAN first_id='103' last_id='112' border_id='113'></TLSPAN>
<MonthsOfWork>27</MonthsOfWork>
</DaxPositionHistoryUserArea>
</UserArea>
</PositionHistory>
</EmployerOrg>

<EmployerOrg employerOrgType='soleEmployer'>
<EmployerOrgName id='113_3'>CitiMortgage</EmployerOrgName>

<PositionHistory positionType='PERMANENT'>
<Title id='113_1_1'>Operations Manager</Title>
<Title id='113_1_2'>Project Co-ordinator</Title>
<OrgName id='113_3'>CitiMortgage</OrgName>



<Description>*    Managed a team of 70 associates including 4 Team Leaders in Mortgage originations and servicing domain across multi-offshore location. ; 
*    Hands on experience in US mortgage operations within Originations (Telesales, Processing, Underwriting and Closing) and Servicing (Customer service, Foreclosure, Bankruptcy and Loss Mitigation). ; 
*    Responsible for Preparation of Compliance, Invoice, SLA / SOW, Migration and COB documents for CitiMortgage customer service operations. ; 
*    Ensured SLA/Targets/TAT managed service delivery and monitored team performance. ; 
*    Continuity of business (COB) coordinator for CitiMortgage operations. ; 
*    Managed a workforce team for staffing, scheduling &#38; rostering the entire work force (200 associates) in the process. ; 
*    Front-ended and Back-ended all major organization audits for the unit. (ARR, RCSA, COPC, IQMS). ; 
*    Control Tester for Risk Control Self-Assessment Audits (RCSA). ; 
*    Part of the interviewing panel to recruit new hires. ; 
*    Member of the `Innovation Council' engaged in the Business Process Reengineering opportunities for the Consumer Assets Division. ; 
*    Responsible for employee development activities viz. coaching, counseling, team building and motivation. ; 
*    Designed cross training initiatives to meet business and operational needs. ; 
*    Single point of contact/escalation for the Business Unit. ; 
*    Prepared Client MIS.</Description>
<StartDate id='113_2_1'><YearMonth>2002-10</YearMonth></StartDate>
<EndDate id='113_2_2'><YearMonth>2007-12</YearMonth></EndDate>



<JobLevelInfo>
<JobGrade>joblevel-management-mid</JobGrade>
</JobLevelInfo>

<JobCategory>
<TaxonomyName>JOBAREA</TaxonomyName>
<CategoryCode>customer-service</CategoryCode>
</JobCategory>


<UserArea>
<DaxPositionHistoryUserArea>
<TLSPAN first_id='113' last_id='132' border_id='0'></TLSPAN>
<MonthsOfWork>63</MonthsOfWork>
</DaxPositionHistoryUserArea>
</UserArea>
</PositionHistory>
</EmployerOrg>

</EmploymentHistory>












<Competency oids='24 33 82 83 109 ' description='Skill > IT' auth='yes' name='Microsoft Visio'>
<CompetencyEvidence name='Extent of Experience' typeDescription='Extent of Experience' type='MONTH' lastUsed='2013'><NumericValue description='MONTH'>44</NumericValue></CompetencyEvidence>

<CompetencyEvidence typeDescription='Alias' name='Alias'><StringValue>MS Visio</StringValue></CompetencyEvidence>

<CompetencyWeight type='skillLevel'><NumericValue minValue='0' maxValue='100'>84</NumericValue></CompetencyWeight>

<CompetencyWeight type='skillProficiency'><StringValue minValue='BASIC' maxValue='EXCELLENT'>EXCELLENT</StringValue></CompetencyWeight>
</Competency>

<Competency oids='22 73 78 94 104 ' description='Skill > IT' auth='yes' name='JAD'>
<CompetencyEvidence name='Extent of Experience' typeDescription='Extent of Experience' type='MONTH' lastUsed='2014'><NumericValue description='MONTH'>51</NumericValue></CompetencyEvidence>

<CompetencyEvidence typeDescription='Alias' name='Alias'><StringValue>(JAD)</StringValue></CompetencyEvidence>

<CompetencyWeight type='skillLevel'><NumericValue minValue='0' maxValue='100'>94</NumericValue></CompetencyWeight>

<CompetencyWeight type='skillProficiency'><StringValue minValue='BASIC' maxValue='EXCELLENT'>EXCELLENT</StringValue></CompetencyWeight>
</Competency>

<Competency oids='67 76 79 ' description='Skill' auth='yes' name='Requirements Gathering'>
<CompetencyEvidence name='Extent of Experience' typeDescription='Extent of Experience' type='MONTH' lastUsed='2014'><NumericValue description='MONTH'>24</NumericValue></CompetencyEvidence>

<CompetencyEvidence typeDescription='Alias' name='Alias'><StringValue>Gathered requirements</StringValue></CompetencyEvidence>

<CompetencyEvidence typeDescription='Alias' name='Alias'><StringValue>requirement gathering</StringValue></CompetencyEvidence>

<CompetencyEvidence typeDescription='Alias' name='Alias'><StringValue>gather requirements</StringValue></CompetencyEvidence>

<CompetencyWeight type='skillLevel'><NumericValue minValue='0' maxValue='100'>94</NumericValue></CompetencyWeight>

<CompetencyWeight type='skillProficiency'><StringValue minValue='BASIC' maxValue='EXCELLENT'>EXCELLENT</StringValue></CompetencyWeight>
</Competency>

<Competency oids='17 111 ' description='Skill' auth='yes' name='User Acceptance Testing'>
<CompetencyEvidence name='Extent of Experience' typeDescription='Extent of Experience' type='MONTH' lastUsed='2010'><NumericValue description='MONTH'>27</NumericValue></CompetencyEvidence>

<CompetencyWeight type='skillLevel'><NumericValue minValue='0' maxValue='100'>49</NumericValue></CompetencyWeight>

<CompetencyWeight type='skillProficiency'><StringValue minValue='BASIC' maxValue='EXCELLENT'>WORKING</StringValue></CompetencyWeight>
</Competency>

<Competency oids='23 48 ' description='Skill > IT' auth='yes' name='UML/OMT'>
<CompetencyEvidence typeDescription='Alias' name='Alias'><StringValue>UML</StringValue></CompetencyEvidence>

<CompetencyWeight type='skillLevel'><NumericValue minValue='0' maxValue='100'>13</NumericValue></CompetencyWeight>
</Competency>

<Competency oids='88 114 ' description='Skill' auth='yes' name='Team Management'>
<CompetencyEvidence name='Extent of Experience' typeDescription='Extent of Experience' type='MONTH' lastUsed='2007'><NumericValue description='MONTH'>63</NumericValue></CompetencyEvidence>

<CompetencyEvidence typeDescription='Alias' name='Alias'><StringValue>Managed a team</StringValue></CompetencyEvidence>

<CompetencyWeight type='skillLevel'><NumericValue minValue='0' maxValue='100'>28</NumericValue></CompetencyWeight>

<CompetencyWeight type='skillProficiency'><StringValue minValue='BASIC' maxValue='EXCELLENT'>BASIC</StringValue></CompetencyWeight>
</Competency>

<Competency oids='93 133 ' description='Skill > IT' auth='yes' name='Six Sigma'>
<CompetencyWeight type='skillLevel'><NumericValue minValue='0' maxValue='100'>13</NumericValue></CompetencyWeight>
</Competency>

<Competency oids='51 106 ' description='Skill > IT' auth='yes' name='Rational RequisitePro'>
<CompetencyEvidence name='Extent of Experience' typeDescription='Extent of Experience' type='MONTH' lastUsed='2010'><NumericValue description='MONTH'>27</NumericValue></CompetencyEvidence>

<CompetencyEvidence typeDescription='Alias' name='Alias'><StringValue>RequisitePro</StringValue></CompetencyEvidence>

<CompetencyWeight type='skillLevel'><NumericValue minValue='0' maxValue='100'>52</NumericValue></CompetencyWeight>

<CompetencyWeight type='skillProficiency'><StringValue minValue='BASIC' maxValue='EXCELLENT'>WORKING</StringValue></CompetencyWeight>
</Competency>

<Competency oids='12 86 ' description='Skill' auth='yes' name='Project Management'>
<CompetencyEvidence name='Extent of Experience' typeDescription='Extent of Experience' type='MONTH' lastUsed='2013'><NumericValue description='MONTH'>17</NumericValue></CompetencyEvidence>

<CompetencyEvidence typeDescription='Alias' name='Alias'><StringValue>Project</StringValue></CompetencyEvidence>

<CompetencyWeight type='skillLevel'><NumericValue minValue='0' maxValue='100'>80</NumericValue></CompetencyWeight>

<CompetencyWeight type='skillProficiency'><StringValue minValue='BASIC' maxValue='EXCELLENT'>EXCELLENT</StringValue></CompetencyWeight>
</Competency>

<Competency oids='92 97 ' description='Skill' auth='yes' name='Process Improvement'>
<CompetencyEvidence typeDescription='Alias' name='Alias'><StringValue>process improvements</StringValue></CompetencyEvidence>

<CompetencyWeight type='skillLevel'><NumericValue minValue='0' maxValue='100'>13</NumericValue></CompetencyWeight>
</Competency>

<Competency oids='70 98 ' description='Skill' auth='no' name='Performed Gap analysis'>
<CompetencyEvidence name='Extent of Experience' typeDescription='Extent of Experience' type='MONTH' lastUsed='2014'><NumericValue description='MONTH'>7</NumericValue></CompetencyEvidence>

<CompetencyWeight type='skillLevel'><NumericValue minValue='0' maxValue='100'>91</NumericValue></CompetencyWeight>

<CompetencyWeight type='skillProficiency'><StringValue minValue='BASIC' maxValue='EXCELLENT'>EXCELLENT</StringValue></CompetencyWeight>
</Competency>

<Competency oids='81 107 ' description='Skill > IT' auth='yes' name='Activity Diagrams'>
<CompetencyEvidence name='Extent of Experience' typeDescription='Extent of Experience' type='MONTH' lastUsed='2013'><NumericValue description='MONTH'>44</NumericValue></CompetencyEvidence>

<CompetencyWeight type='skillLevel'><NumericValue minValue='0' maxValue='100'>85</NumericValue></CompetencyWeight>

<CompetencyWeight type='skillProficiency'><StringValue minValue='BASIC' maxValue='EXCELLENT'>EXCELLENT</StringValue></CompetencyWeight>
</Competency>

<Competency oids='99 ' description='Skill' auth='no' name='user administration'>
<CompetencyWeight type='skillLevel'><NumericValue minValue='0' maxValue='100'>13</NumericValue></CompetencyWeight>
</Competency>

<Competency oids='29 ' description='Skill' auth='no' name='team player'>
<CompetencyWeight type='skillLevel'><NumericValue minValue='0' maxValue='100'>13</NumericValue></CompetencyWeight>
</Competency>

<Competency oids='132 ' description='Skill' auth='no' name='team building'>
<CompetencyEvidence name='Extent of Experience' typeDescription='Extent of Experience' type='MONTH' lastUsed='2007'><NumericValue description='MONTH'>63</NumericValue></CompetencyEvidence>

<CompetencyWeight type='skillLevel'><NumericValue minValue='0' maxValue='100'>23</NumericValue></CompetencyWeight>

<CompetencyWeight type='skillProficiency'><StringValue minValue='BASIC' maxValue='EXCELLENT'>BASIC</StringValue></CompetencyWeight>
</Competency>

<Competency oids='100 ' description='Skill' auth='no' name='process mapping'>
<CompetencyWeight type='skillLevel'><NumericValue minValue='0' maxValue='100'>13</NumericValue></CompetencyWeight>
</Competency>

<Competency oids='27 ' description='Skill' auth='no' name='performing Gap analysis'>
<CompetencyWeight type='skillLevel'><NumericValue minValue='0' maxValue='100'>13</NumericValue></CompetencyWeight>
</Competency>

<Competency oids='84 ' description='Skill' auth='no' name='manual and provided training'>
<CompetencyEvidence name='Extent of Experience' typeDescription='Extent of Experience' type='MONTH' lastUsed='2013'><NumericValue description='MONTH'>17</NumericValue></CompetencyEvidence>

<CompetencyWeight type='skillLevel'><NumericValue minValue='0' maxValue='100'>80</NumericValue></CompetencyWeight>

<CompetencyWeight type='skillProficiency'><StringValue minValue='BASIC' maxValue='EXCELLENT'>EXCELLENT</StringValue></CompetencyWeight>
</Competency>

<Competency oids='123 ' description='Skill' auth='no' name='managed service delivery'>
<CompetencyEvidence name='Extent of Experience' typeDescription='Extent of Experience' type='MONTH' lastUsed='2007'><NumericValue description='MONTH'>63</NumericValue></CompetencyEvidence>

<CompetencyWeight type='skillLevel'><NumericValue minValue='0' maxValue='100'>23</NumericValue></CompetencyWeight>

<CompetencyWeight type='skillProficiency'><StringValue minValue='BASIC' maxValue='EXCELLENT'>BASIC</StringValue></CompetencyWeight>
</Competency>

<Competency oids='112 ' description='Skill' auth='no' name='helpdesk'>
<CompetencyEvidence name='Extent of Experience' typeDescription='Extent of Experience' type='MONTH' lastUsed='2010'><NumericValue description='MONTH'>27</NumericValue></CompetencyEvidence>

<CompetencyWeight type='skillLevel'><NumericValue minValue='0' maxValue='100'>48</NumericValue></CompetencyWeight>

<CompetencyWeight type='skillProficiency'><StringValue minValue='BASIC' maxValue='EXCELLENT'>WORKING</StringValue></CompetencyWeight>
</Competency>

<Competency oids='21 ' description='Skill' auth='no' name='facilitating Joint Application Development'>
<CompetencyWeight type='skillLevel'><NumericValue minValue='0' maxValue='100'>13</NumericValue></CompetencyWeight>
</Competency>

<Competency oids='95 ' description='Skill' auth='no' name='develop solutions'>
<CompetencyWeight type='skillLevel'><NumericValue minValue='0' maxValue='100'>13</NumericValue></CompetencyWeight>
</Competency>

<Competency oids='102 ' description='Skill' auth='no' name='change requests'>
<CompetencyWeight type='skillLevel'><NumericValue minValue='0' maxValue='100'>13</NumericValue></CompetencyWeight>
</Competency>

<Competency oids='96 ' description='Skill' auth='no' name='analysis of current processes/procedures'>
<CompetencyWeight type='skillLevel'><NumericValue minValue='0' maxValue='100'>13</NumericValue></CompetencyWeight>
</Competency>

<Competency oids='62 ' description='Skill > IT' auth='yes' name='XML'>
<CompetencyWeight type='skillLevel'><NumericValue minValue='0' maxValue='100'>13</NumericValue></CompetencyWeight>
</Competency>

<Competency oids='72 ' description='Skill > IT' auth='yes' name='Web Services'>
<CompetencyEvidence name='Extent of Experience' typeDescription='Extent of Experience' type='MONTH' lastUsed='2014'><NumericValue description='MONTH'>7</NumericValue></CompetencyEvidence>

<CompetencyEvidence typeDescription='Alias' name='Alias'><StringValue>web service</StringValue></CompetencyEvidence>

<CompetencyWeight type='skillLevel'><NumericValue minValue='0' maxValue='100'>89</NumericValue></CompetencyWeight>

<CompetencyWeight type='skillProficiency'><StringValue minValue='BASIC' maxValue='EXCELLENT'>EXCELLENT</StringValue></CompetencyWeight>
</Competency>

<Competency oids='117 ' description='Skill' auth='yes' name='Underwriting'>
<CompetencyEvidence name='Extent of Experience' typeDescription='Extent of Experience' type='MONTH' lastUsed='2007'><NumericValue description='MONTH'>63</NumericValue></CompetencyEvidence>

<CompetencyWeight type='skillLevel'><NumericValue minValue='0' maxValue='100'>26</NumericValue></CompetencyWeight>

<CompetencyWeight type='skillProficiency'><StringValue minValue='BASIC' maxValue='EXCELLENT'>BASIC</StringValue></CompetencyWeight>
</Competency>

<Competency oids='42 ' description='Skill > IT' auth='yes' name='UNIX'>
<CompetencyWeight type='skillLevel'><NumericValue minValue='0' maxValue='100'>13</NumericValue></CompetencyWeight>
</Competency>

<Competency oids='71 ' description='Skill > IT' auth='yes' name='Stored Procedures'>
<CompetencyEvidence name='Extent of Experience' typeDescription='Extent of Experience' type='MONTH' lastUsed='2014'><NumericValue description='MONTH'>7</NumericValue></CompetencyEvidence>

<CompetencyEvidence typeDescription='Alias' name='Alias'><StringValue>stored procedure</StringValue></CompetencyEvidence>

<CompetencyWeight type='skillLevel'><NumericValue minValue='0' maxValue='100'>90</NumericValue></CompetencyWeight>

<CompetencyWeight type='skillProficiency'><StringValue minValue='BASIC' maxValue='EXCELLENT'>EXCELLENT</StringValue></CompetencyWeight>
</Competency>

<Competency oids='18 ' description='Skill > IT' auth='yes' name='Software Development Life Cycle'>
<CompetencyEvidence typeDescription='Alias' name='Alias'><StringValue>Excellent knowledge of Software Development Life Cycle</StringValue></CompetencyEvidence>

<CompetencyWeight type='skillLevel'><NumericValue minValue='0' maxValue='100'>82</NumericValue></CompetencyWeight>

<CompetencyWeight type='skillProficiency'><StringValue minValue='BASIC' maxValue='EXCELLENT'>EXCELLENT</StringValue></CompetencyWeight>
</Competency>

<Competency oids='61 ' description='Skill > IT' auth='yes' name='SQL'>
<CompetencyWeight type='skillLevel'><NumericValue minValue='0' maxValue='100'>13</NumericValue></CompetencyWeight>
</Competency>

<Competency oids='121 ' description='Skill' auth='yes' name='SLA'>
<CompetencyEvidence name='Extent of Experience' typeDescription='Extent of Experience' type='MONTH' lastUsed='2007'><NumericValue description='MONTH'>63</NumericValue></CompetencyEvidence>

<CompetencyEvidence typeDescription='Alias' name='Alias'><StringValue>, SLA</StringValue></CompetencyEvidence>

<CompetencyWeight type='skillLevel'><NumericValue minValue='0' maxValue='100'>23</NumericValue></CompetencyWeight>

<CompetencyWeight type='skillProficiency'><StringValue minValue='BASIC' maxValue='EXCELLENT'>BASIC</StringValue></CompetencyWeight>
</Competency>

<Competency oids='19 ' description='Skill > IT' auth='yes' name='SDLC'>
<CompetencyEvidence typeDescription='Alias' name='Alias'><StringValue>(SDLC)</StringValue></CompetencyEvidence>

<CompetencyWeight type='skillLevel'><NumericValue minValue='0' maxValue='100'>65</NumericValue></CompetencyWeight>

<CompetencyWeight type='skillProficiency'><StringValue minValue='BASIC' maxValue='EXCELLENT'>GOOD</StringValue></CompetencyWeight>
</Competency>

<Competency oids='28 ' description='Skill' auth='yes' name='Risk Analysis'>
<CompetencyWeight type='skillLevel'><NumericValue minValue='0' maxValue='100'>13</NumericValue></CompetencyWeight>
</Competency>

<Competency oids='101 ' description='Skill' auth='no' name='Responsible for reporting'>
<CompetencyWeight type='skillLevel'><NumericValue minValue='0' maxValue='100'>13</NumericValue></CompetencyWeight>
</Competency>

<Competency oids='119 ' description='Skill' auth='no' name='Responsible for Preparation'>
<CompetencyEvidence name='Extent of Experience' typeDescription='Extent of Experience' type='MONTH' lastUsed='2007'><NumericValue description='MONTH'>63</NumericValue></CompetencyEvidence>

<CompetencyWeight type='skillLevel'><NumericValue minValue='0' maxValue='100'>25</NumericValue></CompetencyWeight>

<CompetencyWeight type='skillProficiency'><StringValue minValue='BASIC' maxValue='EXCELLENT'>BASIC</StringValue></CompetencyWeight>
</Competency>

<Competency oids='14 ' description='Skill' auth='no' name='Rendered support'>
<CompetencyWeight type='skillLevel'><NumericValue minValue='0' maxValue='100'>13</NumericValue></CompetencyWeight>
</Competency>

<Competency oids='50 ' description='Skill > IT' auth='yes' name='Rational Suite'>
<CompetencyWeight type='skillLevel'><NumericValue minValue='0' maxValue='100'>13</NumericValue></CompetencyWeight>
</Competency>

<Competency oids='108 ' description='Skill > IT' auth='yes' name='Rational Rose'>
<CompetencyEvidence name='Extent of Experience' typeDescription='Extent of Experience' type='MONTH' lastUsed='2010'><NumericValue description='MONTH'>27</NumericValue></CompetencyEvidence>

<CompetencyWeight type='skillLevel'><NumericValue minValue='0' maxValue='100'>50</NumericValue></CompetencyWeight>

<CompetencyWeight type='skillProficiency'><StringValue minValue='BASIC' maxValue='EXCELLENT'>WORKING</StringValue></CompetencyWeight>
</Competency>

<Competency oids='60 ' description='Skill > IT' auth='yes' name='Rational ClearQuest'>
<CompetencyWeight type='skillLevel'><NumericValue minValue='0' maxValue='100'>13</NumericValue></CompetencyWeight>
</Competency>

<Competency oids='52 ' description='Skill > IT' auth='yes' name='Rational ClearCase'>
<CompetencyEvidence typeDescription='Alias' name='Alias'><StringValue>ClearCase</StringValue></CompetencyEvidence>

<CompetencyWeight type='skillLevel'><NumericValue minValue='0' maxValue='100'>13</NumericValue></CompetencyWeight>
</Competency>

<Competency oids='20 ' description='Skill > IT' auth='no' name='RUP methodology'>
<CompetencyWeight type='skillLevel'><NumericValue minValue='0' maxValue='100'>65</NumericValue></CompetencyWeight>

<CompetencyWeight type='skillProficiency'><StringValue minValue='BASIC' maxValue='EXCELLENT'>GOOD</StringValue></CompetencyWeight>
</Competency>

<Competency oids='49 ' description='Skill > IT' auth='yes' name='RUP'>
<CompetencyWeight type='skillLevel'><NumericValue minValue='0' maxValue='100'>13</NumericValue></CompetencyWeight>
</Competency>

<Competency oids='31 ' description='Skill' auth='no' name='Presentation Skills'>
<CompetencyWeight type='skillLevel'><NumericValue minValue='0' maxValue='100'>13</NumericValue></CompetencyWeight>
</Competency>

<Competency oids='38 ' description='Skill > IT' auth='yes' name='Oracle'>
<CompetencyWeight type='skillLevel'><NumericValue minValue='0' maxValue='100'>13</NumericValue></CompetencyWeight>
</Competency>

<Competency oids='13 ' description='Skill' auth='yes' name='Operations Management'>
<CompetencyWeight type='skillLevel'><NumericValue minValue='0' maxValue='100'>13</NumericValue></CompetencyWeight>
</Competency>

<Competency oids='138 ' description='Skill' auth='no' name='Operational Risk Training'>
<CompetencyWeight type='skillLevel'><NumericValue minValue='0' maxValue='100'>13</NumericValue></CompetencyWeight>
</Competency>

<Competency oids='115 ' description='Skill' auth='yes' name='Offshore Oil &#38; Gas'>
<CompetencyEvidence name='Extent of Experience' typeDescription='Extent of Experience' type='MONTH' lastUsed='2007'><NumericValue description='MONTH'>63</NumericValue></CompetencyEvidence>

<CompetencyEvidence typeDescription='Alias' name='Alias'><StringValue>offshore</StringValue></CompetencyEvidence>

<CompetencyWeight type='skillLevel'><NumericValue minValue='0' maxValue='100'>27</NumericValue></CompetencyWeight>

<CompetencyWeight type='skillProficiency'><StringValue minValue='BASIC' maxValue='EXCELLENT'>BASIC</StringValue></CompetencyWeight>
</Competency>

<Competency oids='90 ' description='Skill' auth='yes' name='Mutual Funds'>
<CompetencyWeight type='skillLevel'><NumericValue minValue='0' maxValue='100'>13</NumericValue></CompetencyWeight>
</Competency>

<Competency oids='54 ' description='Skill > IT' auth='yes' name='Microsoft Word'>
<CompetencyEvidence typeDescription='Alias' name='Alias'><StringValue>Word</StringValue></CompetencyEvidence>

<CompetencyWeight type='skillLevel'><NumericValue minValue='0' maxValue='100'>13</NumericValue></CompetencyWeight>
</Competency>

<Competency oids='46 ' description='Skill > IT' auth='yes' name='Microsoft Windows XP'>
<CompetencyEvidence typeDescription='Alias' name='Alias'><StringValue>XP</StringValue></CompetencyEvidence>

<CompetencyWeight type='skillLevel'><NumericValue minValue='0' maxValue='100'>13</NumericValue></CompetencyWeight>
</Competency>

<Competency oids='43 ' description='Skill > IT' auth='yes' name='Microsoft Windows NT'>
<CompetencyEvidence typeDescription='Alias' name='Alias'><StringValue>Windows NT</StringValue></CompetencyEvidence>

<CompetencyWeight type='skillLevel'><NumericValue minValue='0' maxValue='100'>13</NumericValue></CompetencyWeight>
</Competency>

<Competency oids='44 ' description='Skill > IT' auth='yes' name='Microsoft Windows 9x'>
<CompetencyEvidence typeDescription='Alias' name='Alias'><StringValue>9x</StringValue></CompetencyEvidence>

<CompetencyWeight type='skillLevel'><NumericValue minValue='0' maxValue='100'>13</NumericValue></CompetencyWeight>
</Competency>

<Competency oids='45 ' description='Skill > IT' auth='yes' name='Microsoft Windows 2000 Professional'>
<CompetencyEvidence typeDescription='Alias' name='Alias'><StringValue>2000</StringValue></CompetencyEvidence>

<CompetencyWeight type='skillLevel'><NumericValue minValue='0' maxValue='100'>13</NumericValue></CompetencyWeight>
</Competency>

<Competency oids='25 ' description='Skill > IT' auth='yes' name='Microsoft Windows'>
<CompetencyEvidence typeDescription='Alias' name='Alias'><StringValue>MS</StringValue></CompetencyEvidence>

<CompetencyWeight type='skillLevel'><NumericValue minValue='0' maxValue='100'>13</NumericValue></CompetencyWeight>
</Competency>

<Competency oids='37 ' description='Skill > IT' auth='yes' name='Microsoft SQL Server'>
<CompetencyEvidence typeDescription='Alias' name='Alias'><StringValue>MS SQL Server</StringValue></CompetencyEvidence>

<CompetencyWeight type='skillLevel'><NumericValue minValue='0' maxValue='100'>13</NumericValue></CompetencyWeight>
</Competency>

<Competency oids='57 ' description='Skill > IT' auth='yes' name='Microsoft Project'>
<CompetencyEvidence typeDescription='Alias' name='Alias'><StringValue>MS Project 2000</StringValue></CompetencyEvidence>

<CompetencyWeight type='skillLevel'><NumericValue minValue='0' maxValue='100'>13</NumericValue></CompetencyWeight>
</Competency>

<Competency oids='56 ' description='Skill > IT' auth='yes' name='Microsoft PowerPoint'>
<CompetencyEvidence typeDescription='Alias' name='Alias'><StringValue>PowerPoint</StringValue></CompetencyEvidence>

<CompetencyWeight type='skillLevel'><NumericValue minValue='0' maxValue='100'>13</NumericValue></CompetencyWeight>
</Competency>

<Competency oids='53 ' description='Skill > IT' auth='yes' name='Microsoft Office'>
<CompetencyEvidence typeDescription='Alias' name='Alias'><StringValue>MS Office</StringValue></CompetencyEvidence>

<CompetencyWeight type='skillLevel'><NumericValue minValue='0' maxValue='100'>13</NumericValue></CompetencyWeight>
</Competency>

<Competency oids='55 ' description='Skill > IT' auth='yes' name='Microsoft Excel'>
<CompetencyEvidence typeDescription='Alias' name='Alias'><StringValue>Excel</StringValue></CompetencyEvidence>

<CompetencyWeight type='skillLevel'><NumericValue minValue='0' maxValue='100'>13</NumericValue></CompetencyWeight>
</Competency>

<Competency oids='41 ' description='Skill > IT' auth='yes' name='Microsoft DOS'>
<CompetencyEvidence typeDescription='Alias' name='Alias'><StringValue>MS DOS</StringValue></CompetencyEvidence>

<CompetencyWeight type='skillLevel'><NumericValue minValue='0' maxValue='100'>13</NumericValue></CompetencyWeight>
</Competency>

<Competency oids='36 ' description='Skill > IT' auth='yes' name='Microsoft Access'>
<CompetencyEvidence typeDescription='Alias' name='Alias'><StringValue>MS Access</StringValue></CompetencyEvidence>

<CompetencyWeight type='skillLevel'><NumericValue minValue='0' maxValue='100'>13</NumericValue></CompetencyWeight>
</Competency>

<Competency oids='34 ' description='Skill > IT' auth='no' name='Metastorm Provision'>
<CompetencyWeight type='skillLevel'><NumericValue minValue='0' maxValue='100'>13</NumericValue></CompetencyWeight>
</Competency>

<Competency oids='91 ' description='Skill' auth='yes' name='Managerial Skills'>
<CompetencyEvidence typeDescription='Alias' name='Alias'><StringValue>senior management</StringValue></CompetencyEvidence>

<CompetencyWeight type='skillLevel'><NumericValue minValue='0' maxValue='100'>13</NumericValue></CompetencyWeight>
</Competency>

<Competency oids='47 ' description='Skill > IT' auth='yes' name='Mac OS X'>
<CompetencyEvidence name='Application' typeDescription='Application' type='Design'><StringValue>Design</StringValue></CompetencyEvidence>

<CompetencyEvidence typeDescription='Alias' name='Alias'><StringValue>Mac OS X Design</StringValue></CompetencyEvidence>

<CompetencyWeight type='skillLevel'><NumericValue minValue='0' maxValue='100'>13</NumericValue></CompetencyWeight>
</Competency>

<Competency oids='75 ' description='Skill' auth='no' name='Led development'>
<CompetencyEvidence name='Extent of Experience' typeDescription='Extent of Experience' type='MONTH' lastUsed='2013'><NumericValue description='MONTH'>17</NumericValue></CompetencyEvidence>

<CompetencyWeight type='skillLevel'><NumericValue minValue='0' maxValue='100'>84</NumericValue></CompetencyWeight>

<CompetencyWeight type='skillProficiency'><StringValue minValue='BASIC' maxValue='EXCELLENT'>EXCELLENT</StringValue></CompetencyWeight>
</Competency>

<Competency oids='59 ' description='Skill > IT' auth='yes' name='JIRA'>
<CompetencyWeight type='skillLevel'><NumericValue minValue='0' maxValue='100'>13</NumericValue></CompetencyWeight>
</Competency>

<Competency oids='120 ' description='Skill' auth='yes' name='Invoicing'>
<CompetencyEvidence name='Extent of Experience' typeDescription='Extent of Experience' type='MONTH' lastUsed='2007'><NumericValue description='MONTH'>63</NumericValue></CompetencyEvidence>

<CompetencyEvidence typeDescription='Alias' name='Alias'><StringValue>Invoice</StringValue></CompetencyEvidence>

<CompetencyWeight type='skillLevel'><NumericValue minValue='0' maxValue='100'>24</NumericValue></CompetencyWeight>

<CompetencyWeight type='skillProficiency'><StringValue minValue='BASIC' maxValue='EXCELLENT'>BASIC</StringValue></CompetencyWeight>
</Competency>

<Competency oids='118 ' description='Skill' auth='yes' name='Insolvency Bankrupcies'>
<CompetencyEvidence name='Extent of Experience' typeDescription='Extent of Experience' type='MONTH' lastUsed='2007'><NumericValue description='MONTH'>63</NumericValue></CompetencyEvidence>

<CompetencyEvidence typeDescription='Alias' name='Alias'><StringValue>Bankruptcy</StringValue></CompetencyEvidence>

<CompetencyWeight type='skillLevel'><NumericValue minValue='0' maxValue='100'>26</NumericValue></CompetencyWeight>

<CompetencyWeight type='skillProficiency'><StringValue minValue='BASIC' maxValue='EXCELLENT'>BASIC</StringValue></CompetencyWeight>
</Competency>

<Competency oids='58 ' description='Skill > IT' auth='no' name='HP Quality Center 9.2'>
<CompetencyEvidence typeDescription='Alias' name='Alias'><StringValue>HP Quality Center 9.2 9.2</StringValue></CompetencyEvidence>

<CompetencyWeight type='skillLevel'><NumericValue minValue='0' maxValue='100'>13</NumericValue></CompetencyWeight>
</Competency>

<Competency oids='10 ' description='Skill' auth='no' name='Design Management'>
<CompetencyEvidence typeDescription='Alias' name='Alias'><StringValue>Design</StringValue></CompetencyEvidence>

<CompetencyWeight type='skillLevel'><NumericValue minValue='0' maxValue='100'>13</NumericValue></CompetencyWeight>
</Competency>

<Competency oids='39 ' description='Skill > IT' auth='yes' name='DB2'>
<CompetencyWeight type='skillLevel'><NumericValue minValue='0' maxValue='100'>13</NumericValue></CompetencyWeight>
</Competency>

<Competency oids='30 ' description='Skill' auth='no' name='Customer Relational Skills'>
<CompetencyWeight type='skillLevel'><NumericValue minValue='0' maxValue='100'>13</NumericValue></CompetencyWeight>
</Competency>

<Competency oids='16 ' description='Skill' auth='yes' name='Change Management'>
<CompetencyEvidence typeDescription='Alias' name='Alias'><StringValue>change control</StringValue></CompetencyEvidence>

<CompetencyWeight type='skillLevel'><NumericValue minValue='0' maxValue='100'>13</NumericValue></CompetencyWeight>
</Competency>

<Competency oids='129 ' description='Skill' auth='yes' name='Business Process Reengineering'>
<CompetencyEvidence name='Extent of Experience' typeDescription='Extent of Experience' type='MONTH' lastUsed='2007'><NumericValue description='MONTH'>63</NumericValue></CompetencyEvidence>

<CompetencyWeight type='skillLevel'><NumericValue minValue='0' maxValue='100'>23</NumericValue></CompetencyWeight>

<CompetencyWeight type='skillProficiency'><StringValue minValue='BASIC' maxValue='EXCELLENT'>BASIC</StringValue></CompetencyWeight>
</Competency>

<Competency oids='11 ' description='Skill' auth='no' name='Business Process Management Management'>
<CompetencyEvidence typeDescription='Alias' name='Alias'><StringValue>Business Process Management</StringValue></CompetencyEvidence>

<CompetencyWeight type='skillLevel'><NumericValue minValue='0' maxValue='100'>13</NumericValue></CompetencyWeight>
</Competency>

<Competency oids='9 ' description='Skill' auth='no' name='Business Analysis Management'>
<CompetencyEvidence typeDescription='Alias' name='Alias'><StringValue>Business Analysis</StringValue></CompetencyEvidence>

<CompetencyWeight type='skillLevel'><NumericValue minValue='0' maxValue='100'>13</NumericValue></CompetencyWeight>
</Competency>

<Competency oids='125 ' description='Skill' auth='yes' name='Audit'>
<CompetencyEvidence name='Extent of Experience' typeDescription='Extent of Experience' type='MONTH' lastUsed='2007'><NumericValue description='MONTH'>63</NumericValue></CompetencyEvidence>

<CompetencyEvidence typeDescription='Alias' name='Alias'><StringValue>audits</StringValue></CompetencyEvidence>

<CompetencyWeight type='skillLevel'><NumericValue minValue='0' maxValue='100'>23</NumericValue></CompetencyWeight>

<CompetencyWeight type='skillProficiency'><StringValue minValue='BASIC' maxValue='EXCELLENT'>BASIC</StringValue></CompetencyWeight>
</Competency>

<Competency oids='141 ' description='Skill' auth='no' name='Attrition Management'>
<CompetencyWeight type='skillLevel'><NumericValue minValue='0' maxValue='100'>13</NumericValue></CompetencyWeight>
</Competency>

<Competency oids='139 ' description='Skill' auth='yes' name='Anti-Money Laundering'>
<CompetencyWeight type='skillLevel'><NumericValue minValue='0' maxValue='100'>13</NumericValue></CompetencyWeight>
</Competency>

<Competency oids='80 ' description='Skill > IT' auth='yes' name='Agile Methodology'>
<CompetencyEvidence name='Extent of Experience' typeDescription='Extent of Experience' type='MONTH' lastUsed='2013'><NumericValue description='MONTH'>17</NumericValue></CompetencyEvidence>

<CompetencyWeight type='skillLevel'><NumericValue minValue='0' maxValue='100'>81</NumericValue></CompetencyWeight>

<CompetencyWeight type='skillProficiency'><StringValue minValue='BASIC' maxValue='EXCELLENT'>EXCELLENT</StringValue></CompetencyWeight>
</Competency>

<Competency oids='66_1_1 103_1_1 ' description='Held Position' auth='no' name='Business Analyst'>
<CompetencyEvidence name='Extent of Experience' typeDescription='Extent of Experience' type='MONTH' lastUsed='2014'><NumericValue description='MONTH'>34</NumericValue></CompetencyEvidence>

<CompetencyWeight type='skillLevel'><NumericValue minValue='0' maxValue='100'>96</NumericValue></CompetencyWeight>

<CompetencyWeight type='skillProficiency'><StringValue minValue='BASIC' maxValue='EXCELLENT'>EXCELLENT</StringValue></CompetencyWeight>
</Competency>

<Competency oids='116_1 ' description='Held Position' auth='no' name='Telesales'>
<CompetencyEvidence name='Extent of Experience' typeDescription='Extent of Experience' type='MONTH' lastUsed='2007'><NumericValue description='MONTH'>63</NumericValue></CompetencyEvidence>

<CompetencyWeight type='skillLevel'><NumericValue minValue='0' maxValue='100'>26</NumericValue></CompetencyWeight>

<CompetencyWeight type='skillProficiency'><StringValue minValue='BASIC' maxValue='EXCELLENT'>BASIC</StringValue></CompetencyWeight>
</Competency>

<Competency oids='66_1_2 ' description='Held Position' auth='no' name='Technical Analyst'>
<CompetencyEvidence name='Extent of Experience' typeDescription='Extent of Experience' type='MONTH' lastUsed='2014'><NumericValue description='MONTH'>7</NumericValue></CompetencyEvidence>

<CompetencyWeight type='skillLevel'><NumericValue minValue='0' maxValue='100'>92</NumericValue></CompetencyWeight>

<CompetencyWeight type='skillProficiency'><StringValue minValue='BASIC' maxValue='EXCELLENT'>EXCELLENT</StringValue></CompetencyWeight>
</Competency>

<Competency oids='74_1_2 ' description='Held Position' auth='no' name='Senior Business Analyst'>
<CompetencyEvidence name='Extent of Experience' typeDescription='Extent of Experience' type='MONTH' lastUsed='2013'><NumericValue description='MONTH'>17</NumericValue></CompetencyEvidence>

<CompetencyWeight type='skillLevel'><NumericValue minValue='0' maxValue='100'>84</NumericValue></CompetencyWeight>

<CompetencyWeight type='skillProficiency'><StringValue minValue='BASIC' maxValue='EXCELLENT'>EXCELLENT</StringValue></CompetencyWeight>
</Competency>

<Competency oids='35_1 ' description='Held Position' auth='no' name='Rational Rose, Enterprise Architect'>
<CompetencyWeight type='skillLevel'><NumericValue minValue='0' maxValue='100'>13</NumericValue></CompetencyWeight>
</Competency>

<Competency oids='74_1_1 ' description='Held Position' auth='no' name='Project Lead'>
<CompetencyEvidence name='Extent of Experience' typeDescription='Extent of Experience' type='MONTH' lastUsed='2013'><NumericValue description='MONTH'>17</NumericValue></CompetencyEvidence>

<CompetencyWeight type='skillLevel'><NumericValue minValue='0' maxValue='100'>84</NumericValue></CompetencyWeight>

<CompetencyWeight type='skillProficiency'><StringValue minValue='BASIC' maxValue='EXCELLENT'>EXCELLENT</StringValue></CompetencyWeight>
</Competency>

<Competency oids='113_1_2 ' description='Held Position' auth='no' name='Project Co-ordinator'>
<CompetencyEvidence name='Extent of Experience' typeDescription='Extent of Experience' type='MONTH' lastUsed='2007'><NumericValue description='MONTH'>63</NumericValue></CompetencyEvidence>

<CompetencyWeight type='skillLevel'><NumericValue minValue='0' maxValue='100'>28</NumericValue></CompetencyWeight>

<CompetencyWeight type='skillProficiency'><StringValue minValue='BASIC' maxValue='EXCELLENT'>BASIC</StringValue></CompetencyWeight>
</Competency>

<Competency oids='113_1_1 ' description='Held Position' auth='no' name='Operations Manager'>
<CompetencyEvidence name='Extent of Experience' typeDescription='Extent of Experience' type='MONTH' lastUsed='2007'><NumericValue description='MONTH'>63</NumericValue></CompetencyEvidence>

<CompetencyWeight type='skillLevel'><NumericValue minValue='0' maxValue='100'>28</NumericValue></CompetencyWeight>

<CompetencyWeight type='skillProficiency'><StringValue minValue='BASIC' maxValue='EXCELLENT'>BASIC</StringValue></CompetencyWeight>
</Competency>

<Competency oids='142_1 ' description='Held Position' auth='no' name='First Time Manager'>
<CompetencyWeight type='skillLevel'><NumericValue minValue='0' maxValue='100'>13</NumericValue></CompetencyWeight>
</Competency>

<Competency oids='126_1 ' description='Held Position' auth='no' name='Control Tester'>
<CompetencyEvidence name='Extent of Experience' typeDescription='Extent of Experience' type='MONTH' lastUsed='2007'><NumericValue description='MONTH'>63</NumericValue></CompetencyEvidence>

<CompetencyWeight type='skillLevel'><NumericValue minValue='0' maxValue='100'>26</NumericValue></CompetencyWeight>

<CompetencyWeight type='skillProficiency'><StringValue minValue='BASIC' maxValue='EXCELLENT'>BASIC</StringValue></CompetencyWeight>
</Competency>

<Competency oids='3_1 ' description='Held Position' auth='no' name='Business/Technical Analyst'>
<CompetencyWeight type='skillLevel'><NumericValue minValue='0' maxValue='100'>100</NumericValue></CompetencyWeight>

<CompetencyWeight type='skillProficiency'><StringValue minValue='BASIC' maxValue='EXCELLENT'>EXCELLENT</StringValue></CompetencyWeight>
</Competency>

<Competency oids='87_1_1 ' description='Held Position' auth='no' name='Business Process Consultant'>
<CompetencyEvidence name='Extent of Experience' typeDescription='Extent of Experience' type='MONTH' lastUsed='2012'><NumericValue description='MONTH'>28</NumericValue></CompetencyEvidence>

<CompetencyWeight type='skillLevel'><NumericValue minValue='0' maxValue='100'>70</NumericValue></CompetencyWeight>

<CompetencyWeight type='skillProficiency'><StringValue minValue='BASIC' maxValue='EXCELLENT'>GOOD</StringValue></CompetencyWeight>
</Competency>

<Competency oids='6 64 ' description='Degree/Qualification' auth='yes' name='Masters Degree > Master of Business Administration'>
<CompetencyEvidence typeDescription='Alias' name='Alias'><StringValue>MBA</StringValue></CompetencyEvidence>

<CompetencyEvidence typeDescription='Alias' name='Alias'><StringValue>Master of Business Administration</StringValue></CompetencyEvidence>

<CompetencyWeight type='skillLevel'><NumericValue minValue='0' maxValue='100'>24</NumericValue></CompetencyWeight>
</Competency>

<Competency oids='134 ' description='Degree/Qualification > Professional' auth='yes' name='Certified Qualty Analsyt'>
<CompetencyEvidence typeDescription='Alias' name='Alias'><StringValue>Certified BPO Quality Analyst</StringValue></CompetencyEvidence>

<CompetencyWeight type='skillLevel'><NumericValue minValue='0' maxValue='100'>12</NumericValue></CompetencyWeight>
</Competency>

<Competency description='Industry' auth='yes' name='industry~it'>
<CompetencyEvidence name='skillCount' typeDescription='skillCount'><NumericValue>4</NumericValue></CompetencyEvidence>

<CompetencyWeight type='skillLevel'><NumericValue minValue='0' maxValue='100'>100</NumericValue></CompetencyWeight>
</Competency>























<RevisionDate id='1'>2014-07-07</RevisionDate>
</StructuredXMLResume>
<NonXMLResume>

<TextResume>



{{HEADER}}




{{END_HEADER}}


{{FOOTER}}





{{END_FOOTER}}


<span inprof='n' id='1' class='date'>{{DOCUMENT_DATESTAMP}} 2014-07-07 {{END_DOCUMENT_DATESTAMP}}</span> 

<span inprof='y' id='2' class='nominal'>Eric Michael Sr</span> <span inprof='y' id='3_1' class='role'>Business/Technical Analyst</span>
<span inprof='y' id='4' class='telephone'>617-963-8407 Ext 8507</span>
<span inprof='y' id='5' class='email'>ram@tanishasystems.com</span>


PROFILE SUMMARY

    *    <span inprof='y' id='6' class='qualif'>MBA</span> with <span inprof='n' id='7' class='duration'>over 11 years'</span> experience in banking and <span inprof='n' id='8' class='industry-sector'>financial services industry</span> with expertise in <span inprof='y' id='9' class='skill'>Business Analysis</span> and <span inprof='y' id='10' class='skill'>Design</span>, <span inprof='y' id='11' class='skill'>Business Process Management</span>, <span inprof='y' id='12' class='skill'>Project</span> and <span inprof='y' id='13' class='skill'>Operations Management</span>. ; 
    *    Worked closely with various project stakeholders, SMEs and technical teams to understand and document Use Cases, Business Requirements, Functional Requirements and Design Specifications for new applications along with enhancements to the existing applications. ; 
    *    <span inprof='y' id='14' class='skill'>Rendered support</span> <span inprof='n' id='15' class='bad-occupation'>to the Project Manager</span> throughout the project's lifecycle including development of project scope, project plan and estimates, preparation of status reports, process and <span inprof='y' id='16' class='skill'>change control</span> documentation and coordination of <span inprof='y' id='17' class='skill'>user acceptance testing</span>. ; 
    *    <span inprof='y' id='18' class='sofwr'>Excellent knowledge of Software Development Life Cycle</span> <span inprof='y' id='19' class='sofwr'>(SDLC)</span> with Waterfall, Agile, <span inprof='y' id='20' class='sofwr'>RUP methodology</span> as well as broad cross-functional experiences leveraging multiple frameworks. ; 
    *    Extensive experience in conducting/<span inprof='y' id='21' class='skill'>facilitating Joint Application Development</span> <span inprof='y' id='22' class='sofwr'>(JAD)</span> sessions with IT group and project team members. ; 
    *    Expertise in creating <span inprof='y' id='23' class='sofwr'>UML</span> based Modeling views like Activity/Use Case/Data Flow/Business Flow/Navigational Flow/Wireframe diagrams using Rational Products and <span inprof='y' id='24' class='sofwr'>MS Visio</span>. ; 
    *    Expertise in Business Process Modeling using <span inprof='y' id='25' class='sofwr'>MS</span> <span inprof='n' id='26' class='company'>Visio and Metastorm</span> Provision. ; 
    *    Skilled at <span inprof='y' id='27' class='skill'>performing Gap analysis</span>, <span inprof='y' id='28' class='skill'>Risk analysis</span> and Cost/Benefit analysis, along with good knowledge of process workflow tools and techniques. ; 
    *    Highly motivated <span inprof='y' id='29' class='skill'>team player</span> with excellent Interpersonal and <span inprof='y' id='30' class='skill'>Customer Relational Skills</span>, Proven Communication, Organizational, Analytical, <span inprof='y' id='31' class='skill'>Presentation Skills</span> and Leadership Qualities.


<span inprof='n' id='32' class='skills-qualif-mark'>TECHNICAL SKILLS</span>


Modeling Tools                      <span inprof='y' id='33' class='sofwr'>MS Visio</span>, <span inprof='y' id='34' class='sofwr'>Metastorm Provision</span>, <span inprof='y' id='35_1' class='role'>Rational Rose, Enterprise Architect</span>
Databases                           <span inprof='y' id='36' class='sofwr'>MS Access</span>, <span inprof='y' id='37' class='sofwr'>MS SQL Server</span>, <span inprof='y' id='38' class='sofwr'>Oracle</span>, <span inprof='y' id='39' class='sofwr'>DB2</span>
<span inprof='n' id='40' class='title-line'>Operating Systems</span>                   <span inprof='y' id='41' class='sofwr'>MS DOS</span>, <span inprof='y' id='42' class='sofwr'>Unix</span>, <span inprof='y' id='43' class='sofwr'>Windows NT</span>/<span inprof='y' id='44' class='sofwr'>9x</span>/<span inprof='y' id='45' class='sofwr'>2000</span>/<span inprof='y' id='46' class='sofwr'>XP</span>, Apple <span inprof='y' id='47' class='sofwr'>Mac OS X
Design</span>/Process                      <span inprof='y' id='48' class='sofwr'>UML</span>, <span inprof='y' id='49' class='sofwr'>RUP</span>, Waterfall, Spiral, Agile
Integration Tools                   <span inprof='y' id='50' class='sofwr'>Rational Suite</span> (<span inprof='y' id='51' class='sofwr'>RequisitePro</span>, <span inprof='y' id='52' class='sofwr'>ClearCase</span>), <span inprof='y' id='53' class='sofwr'>MS Office</span> (<span inprof='y' id='54' class='sofwr'>Word</span>, <span inprof='y' id='55' class='sofwr'>Excel</span>, <span inprof='y' id='56' class='sofwr'>PowerPoint</span>), <span inprof='y' id='57' class='sofwr'>MS Project 2000</span>

Defect Tracking/Testing Tool        <span inprof='y' id='58' class='sofwr'>HP Quality Center 9.2</span>, <span inprof='y' id='59' class='sofwr'>JIRA</span>, <span inprof='y' id='60' class='sofwr'>Rational ClearQuest</span>, SoapUI
Technology                          <span inprof='y' id='61' class='sofwr'>SQL</span>, <span inprof='y' id='62' class='sofwr'>XML</span>



<span inprof='n' id='63' class='edu-hist-mark'>EDUCATION</span>

<span inprof='y' id='64' class='qualif'>Master of Business Administration</span>


<span inprof='n' id='65' class='work-hist-mark'>PROFESSIONAL EXPERIENCE:</span>

<span inprof='y' id='66_1_1' class='role'>Business Analyst</span>/<span inprof='y' id='66_1_2' class='role'>Technical Analyst</span>                                                                               <span inprof='y' id='66_2_1' class='date'>Jan 2014</span> - <span inprof='y' id='66_2_2' class='date'>present</span>
<span inprof='y' id='66_3' class='company'>Green Tree Servicing</span> (<span inprof='y' id='66_4' class='location'>St. Paul, MN</span>)

    *    <span inprof='y' id='67' class='skill'>Gathered requirements</span> for a database driven enterprise level application to allow different mortgage applications to access <span inprof='n' id='68' class='company'>Green Tree</span> and MSP data through a single point of access. ; 
    *    Created <span inprof='n' id='69' class='company'>Enterprise Data Services</span> Catalog and data mapping documents. ; 
    *    <span inprof='y' id='70' class='skill'>Performed Gap analysis</span> on data elements of existing <span inprof='y' id='71' class='sofwr'>stored procedure</span>/<span inprof='y' id='72' class='sofwr'>web service</span> and worked with the development team to update/create the stored procedure to be consumed by the enterprise level web service. ; 
    *    Conducted <span inprof='y' id='73' class='sofwr'>JAD</span> sessions with the business, SMEs and stakeholders to gather/validate requirements. ; 
    *    Served as a liaison between business users and technical team. ; 
    *    Participated in data verification exercise to validate the data conversion and mapping. ; 
    *    Worked with QA to design test plan and test scripts.


<span inprof='y' id='74_1_1' class='role'>Project Lead</span>/<span inprof='y' id='74_1_2' class='role'>Senior Business Analyst</span>                                                                       <span inprof='y' id='74_2_1' class='date'>Aug 2012</span> - <span inprof='y' id='74_2_2' class='date'>Dec 2013</span>
<span inprof='y' id='74_3' class='company'>Minnesota Department of Transportation</span> (<span inprof='y' id='74_4' class='location'>St. Paul, MN</span>)

    *    Led the BA team to translate business requirements into functional specifications and detailed test plans. ; 
    *    <span inprof='y' id='75' class='skill'>Led development</span> of project work plans, proactively identifying, logging, communicating and addressing issues &#38; risks. ; 
    *    Participated in <span inprof='y' id='76' class='skill'>requirement gathering</span> sessions with the business, SMEs and communicated requirements for the development of web application that analyzes the needs and distribution process of State Aid funds for <span inprof='n' id='77' class='educational'>the Minnesota State Department of Transportation</span>. ; 
    *    Conducted meetings/<span inprof='y' id='78' class='sofwr'>JAD</span> sessions with business users and stakeholders to <span inprof='y' id='79' class='skill'>gather requirements</span>. ; 
    *    Served as a liaison between business team/ users and project team in identifying, understanding and documenting the business needs while adapting the <span inprof='y' id='80' class='sofwr'>agile methodology</span>. ; 
    *    Prepared Use Case document, created <span inprof='y' id='81' class='sofwr'>Activity diagrams</span> and Wireframes using <span inprof='y' id='82' class='sofwr'>MS Visio</span>. ; 
    *    Business Process Modeling using <span inprof='y' id='83' class='sofwr'>MS Visio</span> and documenting the business process. ; 
    *    Developed test plans, test scripts and conducted UAT testing with the business users. ; 
    *    Created User training <span inprof='y' id='84' class='skill'>manual and provided training</span> to the business/end users ; 
    *    Communicate project status to management through effective presentation. ; 
    *    Provide input <span inprof='n' id='85' class='bad-occupation'>to project managers</span> in defining project plans and estimates, identifying issues and risks, including report status and updating <span inprof='y' id='86' class='skill'>project management</span> tool sets for senior leadership team.


<span inprof='y' id='87_1_1' class='role'>Business Process Consultant</span>                                                                                    <span inprof='y' id='87_2_1' class='date'>April 2010</span> - <span inprof='y' id='87_2_2' class='date'>July 2012</span>
<span inprof='y' id='87_3' class='company'>Citibank</span> (<span inprof='y' id='87_4' class='location'>Tampa, FL</span>)

    *    <span inprof='y' id='88' class='skill'>Managed a team</span> of 6 Business Analysts involved in business process modeling and analysis for <span inprof='y' id='89' class='company'>Citibank</span> <span inprof='y' id='90' class='skill'>mutual funds</span>. ; 
    *    Responsible for driving and initiating new solutions to ongoing operations while working with <span inprof='y' id='91' class='skill'>senior management</span> on <span inprof='y' id='92' class='skill'>process improvement</span> initiatives using <span inprof='y' id='93' class='sofwr'>Six Sigma</span>. ; 
    *    Organized, led and facilitated cross-functional project teams throughout project life cycle. ; 
    *    Assisted in process modeling; conducted and participated in <span inprof='y' id='94' class='sofwr'>JAD</span> sessions with system users; helped with design walkthroughs with stakeholders for base lining architecture. ; 
    *    Contributed effectively to <span inprof='y' id='95' class='skill'>develop solutions</span> in the areas of process flow, business logic and user interface. ; 
    *    Led the <span inprof='y' id='96' class='skill'>analysis of current processes/procedures</span> and the development of recommendations for <span inprof='y' id='97' class='skill'>process improvements</span> and deliver it to the stakeholders. ; 
    *    <span inprof='y' id='98' class='skill'>Performed GAP analysis</span> of business rules, business and system process flows, <span inprof='y' id='99' class='skill'>user administration</span>, and requirements. ; 
    *    Developed, coordinated and maintained <span inprof='y' id='100' class='skill'>process mapping</span> activities and documentation. ; 
    *    <span inprof='y' id='101' class='skill'>Responsible for reporting</span> and analyzing the delivery against the business strategy. ; 
    *    Ensured all artifacts complied with corporate SDLC Policies and guidelines. ; 
    *    Coordinated UAT testing and communicated business needs, processes, and testing issues. Prioritized outstanding defects and system problems, ensuring accuracy and deadlines were met. ; 
    *    Applied <span inprof='y' id='102' class='skill'>change requests</span>, versions and addendums. ; 
    *    Provided training on Metastorm Provision tool to Process Modelers, Business Analysts, Architects and Domain Business SMEs.
<span inprof='y' id='103_1_1' class='role'>Business Analyst</span>                                                                                                         <span inprof='y' id='103_2_1' class='date'>Jan 2008</span> - <span inprof='y' id='103_2_2' class='date'>Mar 2010</span>
<span inprof='y' id='103_3' class='company'>CitiMortgage</span> (<span inprof='y' id='103_4' class='location'>St. Louis, MO</span>)

    *    Gathered business requirements by conducting <span inprof='y' id='104' class='sofwr'>JAD</span> sessions with business users, stakeholders and Subject Matter Experts (SMEs) for the online banking project for <span inprof='y' id='105' class='company'>CitiMortgage</span>. ; 
    *    Prepared Business Requirement Document and used <span inprof='y' id='106' class='sofwr'>Rational RequisitePro</span> to analyze and convert business requirements into functional requirements and specification document. ; 
    *    Developed use cases for various requirements and created diagrams such as use case diagrams, <span inprof='y' id='107' class='sofwr'>activity diagrams</span> and sequence diagrams using <span inprof='y' id='108' class='sofwr'>Rational Rose</span> and <span inprof='y' id='109' class='sofwr'>MS Visio</span>. ; 
    *    Analyzed, decomposed and documented the business processes. ; 
    *    Assisted in modeling and documenting the AS-IS workflow and TO-BE business process using Metastorm Provision. ; 
    *    Communicated and interacted on a regular basis <span inprof='n' id='110' class='bad-occupation'>with the project manager</span> and development team during different stages of the project. ; 
    *    Worked with QA team to design test plan and test cases for <span inprof='y' id='111' class='skill'>User Acceptance Testing</span> (UAT). ; 
    *    Created documentation for training and <span inprof='y' id='112' class='skill'>helpdesk</span> teams.


<span inprof='y' id='113_1_1' class='role'>Operations Manager</span>/<span inprof='y' id='113_1_2' class='role'>Project Co-ordinator</span>                                                                <span inprof='y' id='113_2_1' class='date'>Oct 2002</span> - <span inprof='y' id='113_2_2' class='date'>Dec 2007</span>
<span inprof='y' id='113_3' class='company'>CitiMortgage</span>

*    <span inprof='y' id='114' class='skill'>Managed a team</span> of 70 associates including 4 Team Leaders in Mortgage originations and servicing domain across multi-<span inprof='y' id='115' class='skill'>offshore</span> location. ; 
*    Hands on experience in US mortgage operations within Originations (<span inprof='y' id='116_1' class='role'>Telesales</span>, Processing, <span inprof='y' id='117' class='skill'>Underwriting</span> and Closing) and Servicing (Customer service, Foreclosure, <span inprof='y' id='118' class='skill'>Bankruptcy</span> and Loss Mitigation). ; 
*    <span inprof='y' id='119' class='skill'>Responsible for Preparation</span> of Compliance, <span inprof='y' id='120' class='skill'>Invoice</span><span inprof='y' id='121' class='skill'>, SLA</span> / SOW, Migration and COB documents for <span inprof='y' id='122' class='company'>CitiMortgage</span> customer service operations. ; 
*    Ensured SLA/Targets/TAT <span inprof='y' id='123' class='skill'>managed service delivery</span> and monitored team performance. ; 
*    Continuity of business (COB) coordinator for <span inprof='y' id='124' class='company'>CitiMortgage</span> operations. ; 
*    Managed a workforce team for staffing, scheduling &#38; rostering the entire work force (200 associates) in the process. ; 
*    Front-ended and Back-ended all major organization <span inprof='y' id='125' class='skill'>audits</span> for the unit. (ARR, RCSA, COPC, IQMS). ; 
*    <span inprof='y' id='126_1' class='role'>Control Tester</span> for <span inprof='n' id='127' class='company'>Risk Control Self-Assessment Audits (RCSA)</span>. ; 
*    Part of the interviewing panel to recruit new hires. ; 
*    Member of the <span inprof='n' id='128' class='company'>`Innovation Council'</span> engaged in the <span inprof='y' id='129' class='skill'>Business Process Reengineering</span> opportunities for <span inprof='n' id='130' class='company'>the Consumer Assets Division</span>. ; 
*    Responsible <span inprof='n' id='131' class='bad-occupation'>for employee</span> development activities viz. coaching, counseling, <span inprof='y' id='132' class='skill'>team building</span> and motivation. ; 
*    Designed cross training initiatives to meet business and operational needs. ; 
*    Single point of contact/escalation for the Business Unit. ; 
*    Prepared Client MIS.

CERTIFICATION
    *    <span inprof='y' id='133' class='sofwr'>Six Sigma</span> Yellow Belt
    *    CBQA (<span inprof='y' id='134' class='qualif'>Certified BPO Quality Analyst</span>)


<span inprof='n' id='135' class='title-line'>PROFESSIONAL DEVELOPMENT</span>

*    MAGIC (Make a Great Impression on the Customer) training by <span inprof='y' id='136' class='company'>CitiMortgage</span> ; 
*    Risk and <span inprof='n' id='137' class='company'>Control Self-Assessment (RCSA</span>) and <span inprof='y' id='138' class='skill'>Operational Risk Training</span> ; 
*    Continuity of Business (COB) Assessment Planning ; 
*    Information Security, <span inprof='y' id='139' class='skill'>Anti-Money Laundering</span> &#38; Fraud Awareness ; 
*    Direct Attention Thinking Tools by <span inprof='n' id='140' class='nominal'>Edward De Bono</span> ; 
*    <span inprof='y' id='141' class='skill'>Attrition Management</span>
*    Employee Appraisal Workshop
*    <span inprof='y' id='142_1' class='role'>First Time Manager</span> ; 
*    IRDA (Insurance Regulatory Development Authority)

</TextResume>

</NonXMLResume>



<UserArea>
<DaxResumeUserArea>
<AdditionalPersonalData>
<ExperienceSummary>
<TotalMonthsOfWorkExperience>142</TotalMonthsOfWorkExperience>
<TotalYearsOfWorkExperience>12</TotalYearsOfWorkExperience>
<TotalMonthsOfManagementWorkExperience>63</TotalMonthsOfManagementWorkExperience>
<TotalYearsOfManagementWorkExperience>5.2</TotalYearsOfManagementWorkExperience>
<TotalMonthsOfMidLevelManagementWorkExperience>63</TotalMonthsOfMidLevelManagementWorkExperience>
<TotalYearsOfMidLevelManagementWorkExperience>5.2</TotalYearsOfMidLevelManagementWorkExperience>
<ExecutiveBrief>Eric Michael Sr has been working in the IT  occupational sector for more than 12 years. Currently he is employed as a Business Analyst/Technical Analyst at Green Tree Servicing. Eric has extensive knowledge of Microsoft Visio, JAD, Rational RequisitePro, Activity Diagrams, Web Services, Stored Procedures, Software Development Life Cycle, SDLC, Rational Rose, RUP methodology, Agile Methodology. Eric has an extensive management experience (5.2 years) with exposure to executive/middle management positions.</ExecutiveBrief>
<ManagementRecord>Since 2002-10 for 63 months the candidate had experience at a executive/middle management level working as a Operations Manager/Technical Analyst at CitiMortgage.
</ManagementRecord>
</ExperienceSummary>
</AdditionalPersonalData>
<ParserInfo>
<ParserConfiguration>{max_len=50000} {tel_flag=} {send_zip=} {fast_conv=} {DEF_LOCAL=} {sdate=0} {no_email_body=0} {do_clever_zoning=1} {keep_span=1} {complex=1} {accept_langs=} {not_accept_langs=} {prefer_lang_cv=EN} {pers_only=0} {turbo=0} {split_language=0} {picture=0} {picture_inline=0} {name_space=0} {charset=} {hrxml_upgrade_edu_hist=0}{hrxml_add_languages_section=0}{spool=} {docID=} {user=DEFAULT} </ParserConfiguration>
<ParserRelease>0.12.3.32629</ParserRelease>
<ParserReleaseDate>2014-06-18</ParserReleaseDate>
<ParserSchema>2.0.29</ParserSchema>
<ParserSchemaLocation>http://cvx.daxtra.com/cvts/xsd/candidate/2.0.29/Resume.xsd</ParserSchemaLocation>
<ConverterRelease>0.5.2.32629</ConverterRelease>
<ConverterReleaseDate>2014-06-18</ConverterReleaseDate>
</ParserInfo>
<FileStruct filename='/home/izoom/anazarov/grammar/analysis/3rconnect/doc/100_Resume-ApTask/Eric_Michael_Resume.docx'>

<attachment fname='Eric_Michael_Resume.docx' ftype='docx' conv='yes' doc_type='cv' lang='EN'>/home/izoom/anazarov/grammar/analysis/3rconnect/doc/100_Resume-ApTask/Eric_Michael_Resume.docx</attachment>


</FileStruct>
</DaxResumeUserArea>
</UserArea>
</Resume>
