<?xml version='1.0' encoding='ISO-8859-1'?>
<Resume lang='en' src='DAXTRA-CVX schema:2.0.29 release:0.12.3.32629 rdate:2014-06-18'>
<StructuredXMLResume>
<ContactInfo>
<PersonName id='2'>
<FormattedName>Kevin Kraft</FormattedName>
<GivenName>Kevin</GivenName>
<FamilyName>Kraft</FamilyName>
<sex>Male</sex>
</PersonName>
<ContactMethod>
<Telephone id='3' type='home'>
<InternationalCountryCode>1</InternationalCountryCode>
<SubscriberNumber>856 514.3594</SubscriberNumber>
<FormattedNumber>+1 856 514.3594</FormattedNumber></Telephone>

<InternetEmailAddress id='4' type='main'>k_kraft@comcast.net</InternetEmailAddress>
<PostalAddress id='5' type='main'>
<CountryCode>US</CountryCode>
<PostalCode>08070</PostalCode>
<Region>N.J</Region>
<Municipality>Pennsville</Municipality>
<DeliveryAddress>
<AddressLine>41 University Dr</AddressLine>
<StreetName>University Dr</StreetName>
<BuildingNumber>41</BuildingNumber>
</DeliveryAddress>

</PostalAddress>
</ContactMethod>
</ContactInfo>


<EmploymentHistory>
<EmployerOrg employerOrgType='soleEmployer'>
<EmployerOrgName id='56_2'>InnoLink Systems</EmployerOrgName>
<EmployerContactInfo>
<LocationSummary id='56_3'>
<Municipality>New Castle</Municipality>
<Region>DE</Region>
<CountryCode>US</CountryCode>
</LocationSummary>
</EmployerContactInfo>
<PositionHistory positionType='PERMANENT'>
<Title id='56_1_1'>Network Consultant</Title>
<OrgName id='56_2'>InnoLink Systems</OrgName>



<Description>* Analyze and devise solutions for technical problems and improvements for clients, delegating where
    needed to technicians and other consultants 
    * Develop project plans and strategies for migrating towards newer technologies ; 
    * Maintain and administer over 50 clients' networks both on premise and remotely</Description>
<StartDate id='56_4_1'><YearMonth>2006-04</YearMonth></StartDate>
<EndDate id='56_4_2'>notApplicable</EndDate>



<JobLevelInfo>
<JobGrade>joblevel-nonmanager-low</JobGrade>
</JobLevelInfo>

<JobCategory>
<TaxonomyName>JOBAREA</TaxonomyName>
<CategoryCode>it</CategoryCode>
</JobCategory>


<UserArea>
<DaxPositionHistoryUserArea>
<TLSPAN first_id='56' last_id='56' border_id='57'></TLSPAN>
<MonthsOfWork>98</MonthsOfWork>
</DaxPositionHistoryUserArea>
</UserArea>
</PositionHistory>
</EmployerOrg>

<EmployerOrg employerOrgType='soleEmployer'>
<EmployerOrgName id='57_2'>Willingboro Public Schools</EmployerOrgName>
<EmployerContactInfo>
<LocationSummary id='57_3'>
<Municipality>Willingboro</Municipality>
<Region>NJ</Region>
<CountryCode>US</CountryCode>
</LocationSummary>
</EmployerContactInfo>
<PositionHistory positionType='PERMANENT'>
<Title id='57_1_1'>Systems Administrator</Title>
<OrgName id='57_2'>Willingboro Public Schools</OrgName>



<Description>* Oversaw deployment and maintenance of district's networked applications ; 
    * Increased efficiency of PC imaging processes by 400% ; 
    * Established comprehensive application deployment policies</Description>
<StartDate id='57_4_1'><YearMonth>2004-12</YearMonth></StartDate>
<EndDate id='57_4_2'><YearMonth>2006-04</YearMonth></EndDate>



<JobLevelInfo>
<JobGrade>joblevel-nonmanager-low</JobGrade>
</JobLevelInfo>

<JobCategory>
<TaxonomyName>JOBAREA</TaxonomyName>
<CategoryCode>it</CategoryCode>
</JobCategory>


<UserArea>
<DaxPositionHistoryUserArea>
<TLSPAN first_id='57' last_id='59' border_id='0'></TLSPAN>
<MonthsOfWork>17</MonthsOfWork>
</DaxPositionHistoryUserArea>
</UserArea>
</PositionHistory>
</EmployerOrg>

</EmploymentHistory>
<EducationHistory>
<SchoolOrInstitution schoolType='university'>
<SchoolName id='7_1'>KaplanUniversity</SchoolName>



<Degree degreeType='bachelors'>
<DegreeName id='7_3'>Bachelors Degree</DegreeName>
<DegreeDate id='7_2'><YearMonth>2011-09</YearMonth></DegreeDate>
</Degree>
<Major id='7_3'>Science - Network Administration</Major>



<Comments>* Recipient of Dean's List</Comments>
</SchoolOrInstitution>

</EducationHistory>











<Competency oids='33 39 41 ' description='Skill > IT' auth='yes' name='Dell Server Hardware'>
<CompetencyEvidence typeDescription='Alias' name='Alias'><StringValue>Dell</StringValue></CompetencyEvidence>

<CompetencyWeight type='skillLevel'><NumericValue minValue='0' maxValue='100'>13</NumericValue></CompetencyWeight>
</Competency>

<Competency oids='31 37 ' description='Skill > IT' auth='yes' name='PC Hardware'>
<CompetencyEvidence typeDescription='Alias' name='Alias'><StringValue>PC</StringValue></CompetencyEvidence>

<CompetencyEvidence typeDescription='Alias' name='Alias'><StringValue>PCs</StringValue></CompetencyEvidence>

<CompetencyWeight type='skillLevel'><NumericValue minValue='0' maxValue='100'>13</NumericValue></CompetencyWeight>
</Competency>

<Competency oids='44 ' description='Skill > IT' auth='yes' name='xDSL'>
<CompetencyWeight type='skillLevel'><NumericValue minValue='0' maxValue='100'>13</NumericValue></CompetencyWeight>
</Competency>

<Competency oids='54 ' description='Skill' auth='no' name='managed several technicians'>
<CompetencyWeight type='skillLevel'><NumericValue minValue='0' maxValue='100'>13</NumericValue></CompetencyWeight>
</Competency>

<Competency oids='51 ' description='Skill > IT' auth='yes' name='WINS'>
<CompetencyWeight type='skillLevel'><NumericValue minValue='0' maxValue='100'>13</NumericValue></CompetencyWeight>
</Competency>

<Competency oids='18 ' description='Skill > IT' auth='no' name='VMWare ESX'>
<CompetencyWeight type='skillLevel'><NumericValue minValue='0' maxValue='100'>13</NumericValue></CompetencyWeight>
</Competency>

<Competency oids='29 ' description='Skill > IT' auth='yes' name='UNIX Free BSD'>
<CompetencyEvidence typeDescription='Alias' name='Alias'><StringValue>FreeBSD</StringValue></CompetencyEvidence>

<CompetencyWeight type='skillLevel'><NumericValue minValue='0' maxValue='100'>13</NumericValue></CompetencyWeight>
</Competency>

<Competency oids='52 ' description='Skill > IT' auth='yes' name='SNMP'>
<CompetencyWeight type='skillLevel'><NumericValue minValue='0' maxValue='100'>13</NumericValue></CompetencyWeight>
</Competency>

<Competency oids='58 ' description='Skill' auth='no' name='Oversaw deployment and maintenance'>
<CompetencyEvidence name='Extent of Experience' typeDescription='Extent of Experience' type='MONTH' lastUsed='2006'><NumericValue description='MONTH'>17</NumericValue></CompetencyEvidence>

<CompetencyWeight type='skillLevel'><NumericValue minValue='0' maxValue='100'>24</NumericValue></CompetencyWeight>

<CompetencyWeight type='skillProficiency'><StringValue minValue='BASIC' maxValue='EXCELLENT'>BASIC</StringValue></CompetencyWeight>
</Competency>

<Competency oids='23 ' description='Skill > IT' auth='yes' name='Microsoft Windows XP'>
<CompetencyEvidence typeDescription='Alias' name='Alias'><StringValue>XP</StringValue></CompetencyEvidence>

<CompetencyWeight type='skillLevel'><NumericValue minValue='0' maxValue='100'>13</NumericValue></CompetencyWeight>
</Competency>

<Competency oids='24 ' description='Skill > IT' auth='yes' name='Microsoft Windows Vista'>
<CompetencyEvidence typeDescription='Alias' name='Alias'><StringValue>Vista</StringValue></CompetencyEvidence>

<CompetencyWeight type='skillLevel'><NumericValue minValue='0' maxValue='100'>13</NumericValue></CompetencyWeight>
</Competency>

<Competency oids='21 ' description='Skill > IT' auth='yes' name='Microsoft Windows 9x'>
<CompetencyEvidence typeDescription='Alias' name='Alias'><StringValue>9x</StringValue></CompetencyEvidence>

<CompetencyWeight type='skillLevel'><NumericValue minValue='0' maxValue='100'>13</NumericValue></CompetencyWeight>
</Competency>

<Competency oids='22 ' description='Skill > IT' auth='yes' name='Microsoft Windows 2000 Professional'>
<CompetencyEvidence typeDescription='Alias' name='Alias'><StringValue>2000</StringValue></CompetencyEvidence>

<CompetencyWeight type='skillLevel'><NumericValue minValue='0' maxValue='100'>13</NumericValue></CompetencyWeight>
</Competency>

<Competency oids='20 ' description='Skill > IT' auth='yes' name='Microsoft Windows'>
<CompetencyEvidence typeDescription='Alias' name='Alias'><StringValue>Windows 3.1x 3.1x</StringValue></CompetencyEvidence>

<CompetencyWeight type='skillLevel'><NumericValue minValue='0' maxValue='100'>13</NumericValue></CompetencyWeight>
</Competency>

<Competency oids='32 ' description='Skill > IT' auth='yes' name='Microsoft Office'>
<CompetencyEvidence typeDescription='Alias' name='Alias'><StringValue>Microsoft Office 97</StringValue></CompetencyEvidence>

<CompetencyWeight type='skillLevel'><NumericValue minValue='0' maxValue='100'>13</NumericValue></CompetencyWeight>
</Competency>

<Competency oids='19 ' description='Skill > IT' auth='yes' name='Microsoft DOS'>
<CompetencyEvidence typeDescription='Alias' name='Alias'><StringValue>DOS</StringValue></CompetencyEvidence>

<CompetencyWeight type='skillLevel'><NumericValue minValue='0' maxValue='100'>13</NumericValue></CompetencyWeight>
</Competency>

<Competency oids='46 ' description='Skill > IT' auth='yes' name='MPLS (MultiProtocol Label Switching)'>
<CompetencyEvidence typeDescription='Alias' name='Alias'><StringValue>MPLS</StringValue></CompetencyEvidence>

<CompetencyWeight type='skillLevel'><NumericValue minValue='0' maxValue='100'>13</NumericValue></CompetencyWeight>
</Competency>

<Competency oids='28 ' description='Skill > IT' auth='yes' name='Linux Suse'>
<CompetencyEvidence typeDescription='Alias' name='Alias'><StringValue>SUSE Linux</StringValue></CompetencyEvidence>

<CompetencyWeight type='skillLevel'><NumericValue minValue='0' maxValue='100'>13</NumericValue></CompetencyWeight>
</Competency>

<Competency oids='26 ' description='Skill > IT' auth='yes' name='Linux Red Hat'>
<CompetencyEvidence typeDescription='Alias' name='Alias'><StringValue>Red Hat</StringValue></CompetencyEvidence>

<CompetencyWeight type='skillLevel'><NumericValue minValue='0' maxValue='100'>13</NumericValue></CompetencyWeight>
</Competency>

<Competency oids='25 ' description='Skill > IT' auth='yes' name='Linux Debian'>
<CompetencyEvidence typeDescription='Alias' name='Alias'><StringValue>Debian Linux</StringValue></CompetencyEvidence>

<CompetencyWeight type='skillLevel'><NumericValue minValue='0' maxValue='100'>13</NumericValue></CompetencyWeight>
</Competency>

<Competency oids='47 ' description='Skill > IT' auth='yes' name='LAN/WAN > VLAN'>
<CompetencyEvidence typeDescription='Alias' name='Alias'><StringValue>VLANs</StringValue></CompetencyEvidence>

<CompetencyWeight type='skillLevel'><NumericValue minValue='0' maxValue='100'>13</NumericValue></CompetencyWeight>
</Competency>

<Competency oids='48 ' description='Skill > IT' auth='yes' name='LAN/WAN > LAN'>
<CompetencyEvidence typeDescription='Alias' name='Alias'><StringValue>LAN</StringValue></CompetencyEvidence>

<CompetencyWeight type='skillLevel'><NumericValue minValue='0' maxValue='100'>13</NumericValue></CompetencyWeight>
</Competency>

<Competency oids='40 ' description='Skill > IT' auth='yes' name='Juniper hardware'>
<CompetencyEvidence typeDescription='Alias' name='Alias'><StringValue>Juniper routers</StringValue></CompetencyEvidence>

<CompetencyWeight type='skillLevel'><NumericValue minValue='0' maxValue='100'>13</NumericValue></CompetencyWeight>
</Competency>

<Competency oids='45 ' description='Skill > IT' auth='yes' name='ISDN'>
<CompetencyWeight type='skillLevel'><NumericValue minValue='0' maxValue='100'>13</NumericValue></CompetencyWeight>
</Competency>

<Competency oids='35 ' description='Skill > IT' auth='yes' name='IBM Hardware'>
<CompetencyEvidence typeDescription='Alias' name='Alias'><StringValue>IBM</StringValue></CompetencyEvidence>

<CompetencyWeight type='skillLevel'><NumericValue minValue='0' maxValue='100'>13</NumericValue></CompetencyWeight>
</Competency>

<Competency oids='17 ' description='Skill > IT' auth='yes' name='Hyper-V'>
<CompetencyWeight type='skillLevel'><NumericValue minValue='0' maxValue='100'>13</NumericValue></CompetencyWeight>
</Competency>

<Competency oids='34 ' description='Skill > IT' auth='yes' name='HP Hardware'>
<CompetencyEvidence typeDescription='Alias' name='Alias'><StringValue>HP</StringValue></CompetencyEvidence>

<CompetencyWeight type='skillLevel'><NumericValue minValue='0' maxValue='100'>13</NumericValue></CompetencyWeight>
</Competency>

<Competency oids='49 ' description='Skill > IT' auth='yes' name='Dynamic Host Control protocol'>
<CompetencyEvidence typeDescription='Alias' name='Alias'><StringValue>DHCP</StringValue></CompetencyEvidence>

<CompetencyWeight type='skillLevel'><NumericValue minValue='0' maxValue='100'>13</NumericValue></CompetencyWeight>
</Competency>

<Competency oids='50 ' description='Skill > IT' auth='yes' name='Domain Name Server Protocol'>
<CompetencyEvidence typeDescription='Alias' name='Alias'><StringValue>DNS</StringValue></CompetencyEvidence>

<CompetencyWeight type='skillLevel'><NumericValue minValue='0' maxValue='100'>13</NumericValue></CompetencyWeight>
</Competency>

<Competency oids='43 ' description='Skill > IT' auth='yes' name='DS1'>
<CompetencyEvidence typeDescription='Alias' name='Alias'><StringValue>T1</StringValue></CompetencyEvidence>

<CompetencyWeight type='skillLevel'><NumericValue minValue='0' maxValue='100'>13</NumericValue></CompetencyWeight>
</Competency>

<Competency oids='36 ' description='Skill > IT' auth='yes' name='Compaq/Digital Hardware'>
<CompetencyEvidence typeDescription='Alias' name='Alias'><StringValue>Compaq servers</StringValue></CompetencyEvidence>

<CompetencyWeight type='skillLevel'><NumericValue minValue='0' maxValue='100'>13</NumericValue></CompetencyWeight>
</Competency>

<Competency oids='38 ' description='Skill > IT' auth='yes' name='Cisco Switches/Routers'>
<CompetencyEvidence typeDescription='Alias' name='Alias'><StringValue>Cisco</StringValue></CompetencyEvidence>

<CompetencyWeight type='skillLevel'><NumericValue minValue='0' maxValue='100'>13</NumericValue></CompetencyWeight>
</Competency>

<Competency oids='27 ' description='Skill > IT' auth='no' name='CentOS'>
<CompetencyWeight type='skillLevel'><NumericValue minValue='0' maxValue='100'>13</NumericValue></CompetencyWeight>
</Competency>

<Competency oids='30 ' description='Skill > IT' auth='yes' name='Apple MacOS'>
<CompetencyEvidence typeDescription='Alias' name='Alias'><StringValue>MacOS 9/X 9/X</StringValue></CompetencyEvidence>

<CompetencyWeight type='skillLevel'><NumericValue minValue='0' maxValue='100'>13</NumericValue></CompetencyWeight>
</Competency>

<Competency oids='57_1_1 ' description='Held Position' auth='no' name='Systems Administrator'>
<CompetencyEvidence name='Extent of Experience' typeDescription='Extent of Experience' type='MONTH' lastUsed='2006'><NumericValue description='MONTH'>17</NumericValue></CompetencyEvidence>

<CompetencyWeight type='skillLevel'><NumericValue minValue='0' maxValue='100'>24</NumericValue></CompetencyWeight>

<CompetencyWeight type='skillProficiency'><StringValue minValue='BASIC' maxValue='EXCELLENT'>BASIC</StringValue></CompetencyWeight>
</Competency>

<Competency oids='56_1_1 ' description='Held Position' auth='no' name='Network Consultant'>
<CompetencyEvidence name='Extent of Experience' typeDescription='Extent of Experience' type='MONTH' lastUsed='2014'><NumericValue description='MONTH'>98</NumericValue></CompetencyEvidence>

<CompetencyWeight type='skillLevel'><NumericValue minValue='0' maxValue='100'>100</NumericValue></CompetencyWeight>

<CompetencyWeight type='skillProficiency'><StringValue minValue='BASIC' maxValue='EXCELLENT'>EXCELLENT</StringValue></CompetencyWeight>
</Competency>

<Competency oids='10 12 ' description='Degree/Qualification > Professional' auth='no' name='CompTIA'>
<CompetencyEvidence typeDescription='Alias' name='Alias'><StringValue>Training: CompTIA</StringValue></CompetencyEvidence>

<CompetencyWeight type='skillLevel'><NumericValue minValue='0' maxValue='100'>24</NumericValue></CompetencyWeight>
</Competency>

<Competency oids='15 ' description='Degree/Qualification > Professional' auth='yes' name='Microsoft Certified Systems Administrator'>
<CompetencyEvidence typeDescription='Alias' name='Alias'><StringValue>Microsoft MCSA</StringValue></CompetencyEvidence>

<CompetencyWeight type='skillLevel'><NumericValue minValue='0' maxValue='100'>12</NumericValue></CompetencyWeight>
</Competency>

<Competency oids='14 ' description='Degree/Qualification > Professional' auth='yes' name='Microsoft Certified Professional'>
<CompetencyEvidence typeDescription='Alias' name='Alias'><StringValue>Microsoft MCP</StringValue></CompetencyEvidence>

<CompetencyWeight type='skillLevel'><NumericValue minValue='0' maxValue='100'>12</NumericValue></CompetencyWeight>
</Competency>

<Competency oids='13 ' description='Degree/Qualification > Professional' auth='yes' name='CompTIA Network+ Certified Professional'>
<CompetencyEvidence typeDescription='Alias' name='Alias'><StringValue>Network+</StringValue></CompetencyEvidence>

<CompetencyWeight type='skillLevel'><NumericValue minValue='0' maxValue='100'>12</NumericValue></CompetencyWeight>
</Competency>

<Competency oids='11 ' description='Degree/Qualification > Professional' auth='yes' name='CompTIA A+ Certified Professional'>
<CompetencyEvidence typeDescription='Alias' name='Alias'><StringValue>A+</StringValue></CompetencyEvidence>

<CompetencyWeight type='skillLevel'><NumericValue minValue='0' maxValue='100'>12</NumericValue></CompetencyWeight>
</Competency>

<Competency oids='16 ' description='Degree/Qualification > Professional' auth='yes' name='Cisco Certified Network Associate'>
<CompetencyEvidence typeDescription='Alias' name='Alias'><StringValue>CCNA</StringValue></CompetencyEvidence>

<CompetencyWeight type='skillLevel'><NumericValue minValue='0' maxValue='100'>12</NumericValue></CompetencyWeight>
</Competency>

<Competency oids='7_3 ' description='Degree/Qualification' auth='yes' name='Bachelors Degree > Bachelors Degree Network Administration'>
<CompetencyEvidence name='Application' typeDescription='Application' type='Network Administration'><StringValue>Network Administration</StringValue></CompetencyEvidence>

<CompetencyEvidence typeDescription='Alias' name='Alias'><StringValue>Bachelor of Science - Network Administration , * Major: Network Administration</StringValue></CompetencyEvidence>

<CompetencyWeight type='skillLevel'><NumericValue minValue='0' maxValue='100'>12</NumericValue></CompetencyWeight>
</Competency>

<Competency description='Industry' auth='yes' name='industry~it'>
<CompetencyEvidence name='skillCount' typeDescription='skillCount'><NumericValue>2</NumericValue></CompetencyEvidence>

<CompetencyWeight type='skillLevel'><NumericValue minValue='0' maxValue='100'>100</NumericValue></CompetencyWeight>
</Competency>























<RevisionDate id='1'>2014-05-15</RevisionDate>
</StructuredXMLResume>
<NonXMLResume>

<TextResume>



<span inprof='n' id='1' class='date'>{{DOCUMENT_DATESTAMP}} 2014-05-15 03:44:48 {{DOCUMENT_DATESTAMP}}</span>

                                          <span inprof='y' id='2' class='nominal'>KEVIN KRAFT</span>
             <span inprof='y' id='3' class='telephone'>856.514.3594</span> 	 <span inprof='y' id='4' class='email'>k_kraft@comcast.net</span> 	 <span inprof='y' id='5' class='location'>41 University Dr. Pennsville, N.J. 08070</span>


                                               <span inprof='n' id='6' class='edu-hist-mark'>EDUCATION</span>


<span inprof='y' id='7_1' class='educational'>KaplanUniversity</span>                                                                               <span inprof='y' id='7_2' class='date'>September, 2011</span>
<span inprof='y' id='7_3' class='qualif'>Bachelor of Science - Network Administration
   * Major: Network Administration</span>
   * Recipient of <span inprof='n' id='8' class='bad-occupation'>Dean's</span> List


                                         <span inprof='n' id='9' class='skills-qualif-mark'>TECHNICAL SKILLS</span>


 Certifications and <span inprof='y' id='10' class='qualif'>Training:     CompTIA</span> <span inprof='y' id='11' class='qualif'>A+</span>, <span inprof='y' id='12' class='qualif'>CompTIA</span> <span inprof='y' id='13' class='qualif'>Network+</span>, <span inprof='y' id='14' class='qualif'>Microsoft MCP</span>, <span inprof='y' id='15' class='qualif'>Microsoft MCSA</span>, <span inprof='y' id='16' class='qualif'>CCNA</span>

 Operating Systems and Virtualization:            XenServer, <span inprof='y' id='17' class='sofwr'>Hyper-V</span>, <span inprof='y' id='18' class='sofwr'>VMWare ESX</span>, <span inprof='y' id='19' class='sofwr'>DOS</span>, <span inprof='y' id='20' class='sofwr'>Windows 3.1x</span>/<span inprof='y' id='21' class='sofwr'>9x</span>/<span inprof='y' id='22' class='sofwr'>2000</span>/<span inprof='y' id='23' class='sofwr'>XP</span>/<span inprof='y' id='24' class='sofwr'>Vista</span>/7/8.x Ubuntu/<span inprof='y' id='25' class='sofwr'>Debian Linux</span>, <span inprof='y' id='26' class='sofwr'>Red Hat</span>/ <span inprof='y' id='27' class='sofwr'>CentOS</span>/<span inprof='y' id='28' class='sofwr'>SUSE Linux</span>, <span inprof='y' id='29' class='sofwr'>FreeBSD</span>, <span inprof='y' id='30' class='sofwr'>MacOS 9/X</span>

 <span inprof='y' id='31' class='sofwr'>PC</span> and Cloud Applications:       <span inprof='y' id='32' class='sofwr'>Microsoft Office 97</span> - 2013/365, Salesforce, Google Apps, OwnCloud, DropBox

                                  <span inprof='y' id='33' class='sofwr'>Dell</span>, <span inprof='y' id='34' class='sofwr'>HP</span>, <span inprof='y' id='35' class='sofwr'>IBM</span>, <span inprof='y' id='36' class='sofwr'>Compaq servers</span> and <span inprof='y' id='37' class='sofwr'>PCs</span>; <span inprof='y' id='38' class='sofwr'>Cisco</span>, <span inprof='y' id='39' class='sofwr'>Dell</span>, Netgear, Linksys switches;
 Hardware:                        Cisco, Watchguard, Sonicwall, <span inprof='y' id='40' class='sofwr'>Juniper routers</span> and firewalls; Microsoft, <span inprof='y' id='41' class='sofwr'>Dell</span>,
                                  <span inprof='n' id='42' class='company'>Samsung</span> and iPad tablets


 Networking:                      <span inprof='y' id='43' class='sofwr'>T1</span>, Cable, FiOS, <span inprof='y' id='44' class='sofwr'>xDSL</span>, <span inprof='y' id='45' class='sofwr'>ISDN</span>, <span inprof='y' id='46' class='sofwr'>MPLS</span> WANs; VPNs, <span inprof='y' id='47' class='sofwr'>VLANs</span>, <span inprof='y' id='48' class='sofwr'>LAN</span> Protocols (<span inprof='y' id='49' class='sofwr'>DHCP</span>,
                                  <span inprof='y' id='50' class='sofwr'>DNS</span>, <span inprof='y' id='51' class='sofwr'>WINS</span>, <span inprof='y' id='52' class='sofwr'>SNMP</span>)



                                        <span inprof='n' id='53' class='work-hist-mark'>PROJECT EXPERIENCE</span>


   *   Spearheaded infrastructure virtualization initiative on a variety of platforms ; 
   * *   Planned and deployed dozens of servers and networks for many different organizations Effectively <span inprof='y' id='54' class='skill'>managed several technicians</span> during day-to-day operations


                                    <span inprof='n' id='55' class='work-hist-mark'>PROFESSIONAL EXPERIENCE</span>


<span inprof='y' id='56_1_1' class='role'>Network Consultant</span>, <span inprof='y' id='56_2' class='company'>InnoLink Systems</span>, <span inprof='y' id='56_3' class='location'>New Castle, DE</span>                                 <span inprof='y' id='56_4_1' class='date'>April 2006</span> - <span inprof='y' id='56_4_2' class='date'>Present</span>
   * Analyze and devise solutions for technical problems and improvements for clients, delegating where
      needed to technicians and other consultants 
   * Develop project plans and strategies for migrating towards newer technologies ; 
   * Maintain and administer over 50 clients' networks both on premise and remotely


<span inprof='y' id='57_1_1' class='role'>Systems Administrator</span>, <span inprof='y' id='57_2' class='company'>Willingboro Public Schools</span>, <span inprof='y' id='57_3' class='location'>Willingboro, NJ</span>          <span inprof='y' id='57_4_1' class='date'>December 2004</span> - <span inprof='y' id='57_4_2' class='date'>April 2006</span>
   * <span inprof='y' id='58' class='skill'>Oversaw deployment and maintenance</span> of district's networked applications ; 
   * Increased efficiency of PC imaging processes by <span inprof='n' id='59' class='percent'>400%</span> ; 
   * Established comprehensive application deployment policies

</TextResume>

</NonXMLResume>



<UserArea>
<DaxResumeUserArea>
<AdditionalPersonalData>
<ExperienceSummary>
<TotalMonthsOfWorkExperience>115</TotalMonthsOfWorkExperience>
<TotalYearsOfWorkExperience>9</TotalYearsOfWorkExperience>
<ExecutiveBrief>Kevin Kraft is a resident of Pennsville, N.J, US. He has been working in the IT  occupational sector for more than 9 years. Currently he is employed as a Network Consultant at InnoLink Systems. So far Kevin has not gained any managerial experience.</ExecutiveBrief>
</ExperienceSummary>
</AdditionalPersonalData>
<ParserInfo>
<ParserConfiguration>{max_len=50000} {tel_flag=} {send_zip=} {fast_conv=} {DEF_LOCAL=} {sdate=0} {no_email_body=0} {do_clever_zoning=1} {keep_span=1} {complex=1} {accept_langs=} {not_accept_langs=} {prefer_lang_cv=EN} {pers_only=0} {turbo=0} {split_language=0} {picture=0} {picture_inline=0} {name_space=0} {charset=} {hrxml_upgrade_edu_hist=0}{hrxml_add_languages_section=0}{spool=} {docID=} {user=DEFAULT} </ParserConfiguration>
<ParserRelease>0.12.3.32629</ParserRelease>
<ParserReleaseDate>2014-06-18</ParserReleaseDate>
<ParserSchema>2.0.29</ParserSchema>
<ParserSchemaLocation>http://cvx.daxtra.com/cvts/xsd/candidate/2.0.29/Resume.xsd</ParserSchemaLocation>
<ConverterRelease>0.5.2.32629</ConverterRelease>
<ConverterReleaseDate>2014-06-18</ConverterReleaseDate>
</ParserInfo>
<FileStruct filename='/home/izoom/anazarov/grammar/analysis/3rconnect/doc/100_Resume-ApTask/Kevin Kraft.pdf'>

<attachment fname='Kevin Kraft.pdf' ftype='pdf' conv='yes' doc_type='cv' lang='EN'>/home/izoom/anazarov/grammar/analysis/3rconnect/doc/100_Resume-ApTask/Kevin Kraft.pdf</attachment>


</FileStruct>
</DaxResumeUserArea>
</UserArea>
</Resume>
