<?xml version='1.0' encoding='ISO-8859-1'?>
<Resume lang='en' src='DAXTRA-CVX schema:2.0.29 release:0.12.3.32629 rdate:2014-06-18'>
<StructuredXMLResume>
<ContactInfo>
<PersonName id='2'>
<FormattedName>Madhu Tirumandyam</FormattedName>
<GivenName>Madhu</GivenName>
<FamilyName>Tirumandyam</FamilyName>
<sex>Female</sex>
</PersonName>
<ContactMethod>
</ContactMethod>
</ContactInfo>
<ExecutiveSummary>*  Over 7 Years of IT Experience in development of Enterprise Data Warehouse applications on Oracle and Teradata. ; 
*    Experience in all phases of Data warehouse development from Requirements, analysis, design, development, testing and post production support. ; 
*  Strong in-depth knowledge in doing data analysis, data quality and source system analysis. ; 
*  Independent, Self-starter, enthusiastic team player with strong adaptability to new technologies. ; 
*  Excellent track record in delivering quality software on time to meet the business priorities. ; 
*  Profound knowledge in Data warehouse methodologies and Data integration technologies. ; 
*  Ability to understand and implement both technology and business concepts &#38; processes. ; 
*  Ability to work independently and in a team environment. ;</ExecutiveSummary>


<EmploymentHistory>
<EmployerOrg employerOrgType='soleEmployer'>
<EmployerOrgName id='46_2'>PayPal</EmployerOrgName>
<EmployerContactInfo>
<LocationSummary id='46_3'>
<Region>CA</Region>
</LocationSummary>
</EmployerContactInfo>
<PositionHistory positionType='PERMANENT'>
<Title id='46_1_1'>ETL and Teradata Developer</Title>
<OrgName id='46_2'>PayPal</OrgName>



<Description>Project Description:

GCE (Global Credit Expansion), is to expand BillMeLater services globally. This project aimed at consolidating multiple source systems into Single Source of Truth for BI Reporting, Decision Support Systems.

Responsibilities:
    *  Analysis, Design, Development, Testing and Deployment of Informatica workflows, BTEQ scripts, and shell scripts. ; 
    *  Source System Analysis and provide input to data modeling, and developing ETL design document as per business requirements. ; 
    *  Developed BTEQ scripts to transform from Stage to 3rd NF and then to aggregate. ; 
    *  Tuned complex Teradata queries to meet performance level agreements using Statistics, Indices, and Partitioning Techniques. ; 
    *  Developing Informatica mappings with the collection of all Sources, Targets, and Transformations using Informatica Designer. ; 
    *  Developing Mappings with various Transformations like Expression, Normalizer, Union, Filter, Router, Joiner and Lookups for better data messaging and to migrate clean and consistent data ; 
    *  Extracting data from various sources across the organization (Oracle, SQL Server and Flat files) and loading into staging area. ; 
    *  Developing Informatica Mappings and Workflows to extract data and to load into Teradata staging area using FastLoad/Tpump utilities. ; 
    *  Developed Informatica mappings for source to target loading using TPT connectors(load, update, export and stream) ; 
    *  Using Partitions to extract data from source and load it to Teradata using TPT load with proper load balance on Teradata server. ; 
    *  Generating Flat files from Teradata 3NF tables using Teradata Fast Export utility, and then FTP them using shell script to a different UNIX server for the Application team's consumption. ; 
    *  Creating Job Events, Job Plans, schedule jobs using UC4. ; 
    *  Working closely with QA Team, Release Engineering Team and Operations Team and provide timely response for Bugs and Issues. ; 
    *  Documenting Production Support docs, Test cases and Transition documents. ; 
    *  Working knowledge on MicroStrategy BI tools to validate metrics. ; 
    *  Experience with Agile/Scrum development methodologies
    Environment: Teradata13.10/14.0, Oracle 11g/10g, Informatica Power Center 8.6/9.0, Power Exchange, OCL Tool, UC4, Control-M, ER Viewer, Business Objects, Windows XP, UNIX, LINUX.</Description>
<StartDate id='46_4_1'><YearMonth>2013-06</YearMonth></StartDate>
<EndDate id='46_4_2'>notApplicable</EndDate>




<JobCategory>
<TaxonomyName>JOBAREA</TaxonomyName>
<CategoryCode>it</CategoryCode>
</JobCategory>


<UserArea>
<DaxPositionHistoryUserArea>
<TLSPAN first_id='46' last_id='74' border_id='75'></TLSPAN>
<MonthsOfWork>14</MonthsOfWork>
</DaxPositionHistoryUserArea>
</UserArea>
</PositionHistory>
</EmployerOrg>

<EmployerOrg employerOrgType='soleEmployer'>
<EmployerOrgName id='75_2'>Maryland State</EmployerOrgName>
<EmployerContactInfo>
<LocationSummary id='75_3'>
<Municipality>Annapolis</Municipality>
<Region>MD</Region>
<CountryCode>US</CountryCode>
</LocationSummary>
</EmployerContactInfo>
<PositionHistory positionType='PERMANENT'>
<Title id='75_1_1'>ETL Developer</Title>
<OrgName id='75_2'>Maryland State</OrgName>



<Description>Project Description:

Modernized Integrated Tax System (MITS) will enable Maryland state department of audit control to run analytics on Tax filings. MITS systems extract tax filing data from multiple sources for individuals and Organizations both filed electronically and manually. Data is integrated in EDW and feed to downstream applications in other state departments.

Responsibilities:
    *  Documented data and report requirements from Business users and other stakeholders. ; 
    *  Worked on Source systems to analyze data and provide input to Physical Database design. ; 
    *  Developed Low level mappings for Tables and columns from source to target systems. ; 
    *  Wrote and optimized Initial data load scripts using Information and Database utilities. ; 
    *  Developed Informatica mappings for source to target loading using TPT connectors(load, update, export and stream) ; 
    *  Using Partitions to extract data from source and load it to Teradata using TPT load with proper load balance on Teradata server. ; 
    *  Wrote Complex Bteq scripts to incorporate Business functionality in transforming the data from Staging into 3rd normal form. ; 
    *  Developed Aggregate scripts both incremental and complete refresh using Bteq. ; 
    *  Worked with Teradata DBA team in tuning Bteq scripts to load and transform data. ; 
    *  Used Collect statistics, Secondary Indexes, Join indexes and Materialization as required to meet Performance level agreements. ; 
    *  Participated in Code review for performance optimization and standard adherence. ; 
    *  Developed Extract Jobs using Informatica to feed downstream applications. ; 
    *  Developed and executed Unit test cases on all ETL and Bteq Scripts. ; 
    *  Participated in Teradata Upgrade project to upgrade from TD12 to TD13.10 to conduct regression testing. ; 
    *  Troubleshooting the defects and fixing them. ; 
    *  Transferred knowledge to Operations and support teams.
    Environment: Teradata12/13.10, Oracle 11g/10g, Informatica Power Center 8.6/9.1, ER Viewer, Windows XP, UNIX, Linux.</Description>
<StartDate id='75_4_1'><YearMonth>2010-06</YearMonth></StartDate>
<EndDate id='75_4_2'><YearMonth>2013-06</YearMonth></EndDate>




<JobCategory>
<TaxonomyName>JOBAREA</TaxonomyName>
<CategoryCode>it</CategoryCode>
</JobCategory>


<UserArea>
<DaxPositionHistoryUserArea>
<TLSPAN first_id='75' last_id='94' border_id='95'></TLSPAN>
<MonthsOfWork>36</MonthsOfWork>
</DaxPositionHistoryUserArea>
</UserArea>
</PositionHistory>
</EmployerOrg>

<EmployerOrg employerOrgType='soleEmployer'>
<EmployerOrgName id='95_1'>Care First</EmployerOrgName>
<EmployerContactInfo>
<LocationSummary id='95_2'>
<Municipality>Owings Mills</Municipality>
<Region>MD</Region>
<CountryCode>US</CountryCode>
</LocationSummary>
</EmployerContactInfo>
<PositionHistory positionType='PERMANENT'>
<Title id='96_2'>Senior ETL Developer</Title>
<OrgName id='95_1'>Care First</OrgName>

<OrgIndustry primaryIndicator='true'><IndustryDescription>Blue Cross Blue Shields</IndustryDescription></OrgIndustry>

<Description>Project Description:
The project scope is to build Departmental Data Mart for CareFirst Human resources and Administration. This Data mart consolidates data from PeopleSoft and external vendors. Employees Health plan information is integrated from PeopleSoft for all its employees on CareFirst plan as well as other offered plans. External Data is integrated using File Extracts on daily basis.

Responsibilities:
    *  Conduct source System Analysis and developed ETL design document to meet business requirements. ; 
    *  Developed Informatica Mappings and Workflows to extract data from PeopleSoft, Oracle, CSV files to load into Teradata staging area using FastLoad/Tpump utilities. ; 
    *  Developed ETLs to load data from source to 3NF, stage to 3NF and Stage area to Work, work to 3NF using Informatica Push Down optimization technique to utilize Database processing power. ; 
    *  Designed and developed custom Data Quality audits to identify and report the data mismatch between source and target systems and alert Operations Team. ; 
    *  Tuned Teradata Sql queries and resolved performance issues due to Data Skew and Spool space issues. ; 
    *  Created Uprocs, Sessions, Management Unit to schedule jobs using $U. ; 
    *  Developed Flat files from Teradata using fast export, Bteq to disseminate to downstream dependent systems. ; 
    *  Coordinated with the offshore project team members on daily basis for the continuation of tasks and resolving any issues. ; 
    *  Supported System Integration and User acceptance tests to obtain sign off. ; 
    *  Post go live Production Support and Knowledge Transfer to Production Support team
Environment: Teradata V2R6/12, Oracle 9i/10g, Informatica Power Center 8/8.6, $U, Business Objects, Windows XP, UNIX, LINUX</Description>
<StartDate id='95_3_1'><YearMonth>2008-12</YearMonth></StartDate>
<EndDate id='95_3_2'><YearMonth>2010-06</YearMonth></EndDate>




<JobCategory>
<TaxonomyName>JOBAREA</TaxonomyName>
<CategoryCode>it</CategoryCode>
</JobCategory>


<UserArea>
<DaxPositionHistoryUserArea>
<TLSPAN first_id='95' last_id='119' border_id='120'></TLSPAN>
<MonthsOfWork>19</MonthsOfWork>
</DaxPositionHistoryUserArea>
</UserArea>
</PositionHistory>
</EmployerOrg>

<EmployerOrg employerOrgType='soleEmployer'>
<EmployerOrgName id='120_1'>Scott &#38; White Hospital</EmployerOrgName>
<EmployerContactInfo>
<LocationSummary id='120_2'>
<Municipality>Temple</Municipality>
<Region>TX</Region>
<CountryCode>US</CountryCode>
</LocationSummary>
</EmployerContactInfo>
<PositionHistory positionType='PERMANENT'>
<Title id='120_4_2'>ETL Developer</Title>
<OrgName id='120_1'>Scott &#38; White Hospital</OrgName>



<Description>Project Description
This project was executed to develop enterprise knowledge data warehouse which is intended to ultimately delivering the right information to the right people in the underwriting organization. System maintains claims, payments and financial information.

Responsibilities:
    *  Documenting functional specifications and other aspects used for the development of ETL mappings ; 
    *  Worked with the Business Analysts for requirements gathering, business analysis, testing, and project coordination ; 
    *  Documented user requirements, translating requirements into system solutions and developing implementation plan ; 
    *  Developed core components of the project which includes XML, Validation of XSD and created well defined Views in Pre-Staging area and Load them ; 
    *  Developing a number of Complex Mappings, Mapplets and Reusable Transformations using Informatica Designer to facilitate daily and monthly loading of data ; 
    *  Optimized Performance of existing Informatica workflows. ; 
    *  Scheduled Informatica Workflows using workflow manager.
Environment: Oracle 9i, SQL Server 2000,DB2, Informatica Power Center 7.1, Erwin, Cognos, XML, Windows NT/2000, Unix</Description>
<StartDate id='120_3_1'><YearMonth>2008-01</YearMonth></StartDate>
<EndDate id='120_3_2'><YearMonth>2008-11</YearMonth></EndDate>




<JobCategory>
<TaxonomyName>JOBAREA</TaxonomyName>
<CategoryCode>it</CategoryCode>
</JobCategory>


<UserArea>
<DaxPositionHistoryUserArea>
<TLSPAN first_id='120' last_id='138' border_id='139'></TLSPAN>
<MonthsOfWork>11</MonthsOfWork>
</DaxPositionHistoryUserArea>
</UserArea>
</PositionHistory>
</EmployerOrg>

<EmployerOrg employerOrgType='soleEmployer'>
<EmployerOrgName id='139_1'>XCEL Energy</EmployerOrgName>
<EmployerContactInfo>
<LocationSummary id='139_3'>
<Region>MN</Region>
</LocationSummary>
</EmployerContactInfo>
<PositionHistory positionType='PERMANENT'>
<Title id='139_5_2'>ETL Developer</Title>
<OrgName id='139_2'>Minnesota</OrgName>



<Description>Project Description
This project was designed for integrating various Data Marts that targeted specific Business processes including Marketing, Generation, Transmission and Distribution etc. The data warehouse has been designed using Erwin adopting Star Schema methodology. Cognos was used to analyze business decisions and to build long-term strategic plans.

Contribution
As a developer, was responsible for
    *  Developed various Mappings with the collection of all Sources, Targets, and Transformations using Informatica Designer ; 
    *  Developed Mappings using Transformations like Expression, Filter, Joiner and Lookups for better data messaging and to migrate clean and consistent data ; 
    *  Extracted data from various sources across the organization (Oracle, SQL Server and Flat files ) and loading into staging area ; 
    *  Created and scheduled Sessions and Batch Process based on demand, run on time, or run only once using Informatica Workflow Manager and monitoring the data loads using the Workflow Monitor	 ; 
    *  Participated in Testing and  performance tuning by identifying bottlenecks in mapping logic and resolving them, setting cache values and creating partitions for parallel processing of data ; 
    *  Developed Reports in Cognos Impromptu and Power play

Environment: Oracle 9i, SQL Server 2000, PL/SQL, Informatica Power Center 7.1, Erwin, Cognos, Windows NT/2000, UNIX</Description>
<StartDate id='139_4_1'><YearMonth>2007-01</YearMonth></StartDate>
<EndDate id='139_4_2'><YearMonth>2007-12</YearMonth></EndDate>




<JobCategory>
<TaxonomyName>JOBAREA</TaxonomyName>
<CategoryCode>it</CategoryCode>
</JobCategory>


<UserArea>
<DaxPositionHistoryUserArea>
<TLSPAN first_id='139' last_id='157' border_id='0'></TLSPAN>
<MonthsOfWork>12</MonthsOfWork>
</DaxPositionHistoryUserArea>
</UserArea>
</PositionHistory>
</EmployerOrg>

</EmploymentHistory>
<EducationHistory>
<SchoolOrInstitution schoolType='university'>
<SchoolName id='44_2'>JNTU University</SchoolName>
<LocationSummary id='44_3'>
<Municipality>Hyderabad</Municipality>
<Region>Andhra Pradesh</Region>
<CountryCode>IN</CountryCode>
</LocationSummary>


<Degree degreeType='some post-graduate'>
<DegreeName id='44_1'>B.Tech.</DegreeName>

</Degree>
<Major id='44_1'>Computer Science</Major>




</SchoolOrInstitution>

</EducationHistory>











<Competency oids='6 13 51 56 57 58 59 60 65 82 83 86 88 104 109 ' description='Skill > IT' auth='yes' name='Teradata'>
<CompetencyEvidence name='Extent of Experience' typeDescription='Extent of Experience' type='MONTH' lastUsed='2014'><NumericValue description='MONTH'>69</NumericValue></CompetencyEvidence>

<CompetencyEvidence name='Application' typeDescription='Application' type='Upgrade'><StringValue>Upgrade</StringValue></CompetencyEvidence>

<CompetencyEvidence typeDescription='Alias' name='Alias'><StringValue>Teradata 12/13.10 12/13.10</StringValue></CompetencyEvidence>

<CompetencyEvidence typeDescription='Alias' name='Alias'><StringValue>Teradata server</StringValue></CompetencyEvidence>

<CompetencyEvidence typeDescription='Alias' name='Alias'><StringValue>Teradata13.10/14.0 13.10/14.0</StringValue></CompetencyEvidence>

<CompetencyEvidence typeDescription='Alias' name='Alias'><StringValue>Teradata Upgrade</StringValue></CompetencyEvidence>

<CompetencyWeight type='skillLevel'><NumericValue minValue='0' maxValue='100'>99</NumericValue></CompetencyWeight>

<CompetencyWeight type='skillProficiency'><StringValue minValue='BASIC' maxValue='EXCELLENT'>EXCELLENT</StringValue></CompetencyWeight>
</Competency>

<Competency oids='22 63 73 93 118 138 157 ' description='Skill > IT' auth='yes' name='UNIX'>
<CompetencyEvidence name='Extent of Experience' typeDescription='Extent of Experience' type='MONTH' lastUsed='2014'><NumericValue description='MONTH'>92</NumericValue></CompetencyEvidence>

<CompetencyEvidence typeDescription='Alias' name='Alias'><StringValue>UNIX server</StringValue></CompetencyEvidence>

<CompetencyWeight type='skillLevel'><NumericValue minValue='0' maxValue='100'>96</NumericValue></CompetencyWeight>

<CompetencyWeight type='skillProficiency'><StringValue minValue='BASIC' maxValue='EXCELLENT'>EXCELLENT</StringValue></CompetencyWeight>
</Competency>

<Competency oids='67 90 115 133 153 ' description='Skill > IT' auth='yes' name='Informatica Analytics Package > Informatica PowerCenter'>
<CompetencyEvidence name='Extent of Experience' typeDescription='Extent of Experience' type='MONTH' lastUsed='2014'><NumericValue description='MONTH'>92</NumericValue></CompetencyEvidence>

<CompetencyEvidence typeDescription='Alias' name='Alias'><StringValue>Informatica Power Center 8.6/9.0 8.6/9.0</StringValue></CompetencyEvidence>

<CompetencyEvidence typeDescription='Alias' name='Alias'><StringValue>Informatica Power Center 8.6/9.1 8.6/9.1</StringValue></CompetencyEvidence>

<CompetencyEvidence typeDescription='Alias' name='Alias'><StringValue>Informatica Power Center 8/8.6 8/8.6</StringValue></CompetencyEvidence>

<CompetencyEvidence typeDescription='Alias' name='Alias'><StringValue>Informatica Power Center 7.1 7.1</StringValue></CompetencyEvidence>

<CompetencyWeight type='skillLevel'><NumericValue minValue='0' maxValue='100'>96</NumericValue></CompetencyWeight>

<CompetencyWeight type='skillProficiency'><StringValue minValue='BASIC' maxValue='EXCELLENT'>EXCELLENT</StringValue></CompetencyWeight>
</Competency>

<Competency oids='11 49 85 101 122 ' description='Skill > IT' auth='yes' name='ETL'>
<CompetencyEvidence name='Extent of Experience' typeDescription='Extent of Experience' type='MONTH' lastUsed='2014'><NumericValue description='MONTH'>80</NumericValue></CompetencyEvidence>

<CompetencyEvidence name='Application' typeDescription='Application' type='design'><StringValue>design</StringValue></CompetencyEvidence>

<CompetencyEvidence name='Application' typeDescription='Application' type='development'><StringValue>development</StringValue></CompetencyEvidence>

<CompetencyEvidence typeDescription='Alias' name='Alias'><StringValue>ETL TOOLS</StringValue></CompetencyEvidence>

<CompetencyEvidence typeDescription='Alias' name='Alias'><StringValue>ETL design</StringValue></CompetencyEvidence>

<CompetencyEvidence typeDescription='Alias' name='Alias'><StringValue>development of ETL</StringValue></CompetencyEvidence>

<CompetencyWeight type='skillLevel'><NumericValue minValue='0' maxValue='100'>100</NumericValue></CompetencyWeight>

<CompetencyWeight type='skillProficiency'><StringValue minValue='BASIC' maxValue='EXCELLENT'>EXCELLENT</StringValue></CompetencyWeight>
</Competency>

<Competency oids='5 54 103 145 ' description='Skill > IT' auth='yes' name='Oracle'>
<CompetencyEvidence name='Extent of Experience' typeDescription='Extent of Experience' type='MONTH' lastUsed='2014'><NumericValue description='MONTH'>45</NumericValue></CompetencyEvidence>

<CompetencyWeight type='skillLevel'><NumericValue minValue='0' maxValue='100'>98</NumericValue></CompetencyWeight>

<CompetencyWeight type='skillProficiency'><StringValue minValue='BASIC' maxValue='EXCELLENT'>EXCELLENT</StringValue></CompetencyWeight>
</Competency>

<Competency oids='23 74 94 119 ' description='Skill > IT' auth='yes' name='Linux'>
<CompetencyEvidence name='Extent of Experience' typeDescription='Extent of Experience' type='MONTH' lastUsed='2014'><NumericValue description='MONTH'>69</NumericValue></CompetencyEvidence>

<CompetencyWeight type='skillLevel'><NumericValue minValue='0' maxValue='100'>96</NumericValue></CompetencyWeight>

<CompetencyWeight type='skillProficiency'><StringValue minValue='BASIC' maxValue='EXCELLENT'>EXCELLENT</StringValue></CompetencyWeight>
</Competency>

<Competency oids='76 79 80 ' description='Skill' auth='yes' name='Taxation'>
<CompetencyEvidence name='Extent of Experience' typeDescription='Extent of Experience' type='MONTH' lastUsed='2013'><NumericValue description='MONTH'>36</NumericValue></CompetencyEvidence>

<CompetencyEvidence typeDescription='Alias' name='Alias'><StringValue>Tax</StringValue></CompetencyEvidence>

<CompetencyWeight type='skillLevel'><NumericValue minValue='0' maxValue='100'>90</NumericValue></CompetencyWeight>

<CompetencyWeight type='skillProficiency'><StringValue minValue='BASIC' maxValue='EXCELLENT'>EXCELLENT</StringValue></CompetencyWeight>
</Competency>

<Competency oids='98 99 102 ' description='Skill > IT' auth='yes' name='PeopleSoft'>
<CompetencyEvidence name='Extent of Experience' typeDescription='Extent of Experience' type='MONTH' lastUsed='2010'><NumericValue description='MONTH'>19</NumericValue></CompetencyEvidence>

<CompetencyWeight type='skillLevel'><NumericValue minValue='0' maxValue='100'>52</NumericValue></CompetencyWeight>

<CompetencyWeight type='skillProficiency'><StringValue minValue='BASIC' maxValue='EXCELLENT'>WORKING</StringValue></CompetencyWeight>
</Competency>

<Competency oids='113 130 150 ' description='Skill > IT' auth='yes' name='Oracle 9i'>
<CompetencyEvidence name='Extent of Experience' typeDescription='Extent of Experience' type='MONTH' lastUsed='2010'><NumericValue description='MONTH'>42</NumericValue></CompetencyEvidence>

<CompetencyEvidence typeDescription='Alias' name='Alias'><StringValue>9i 9i</StringValue></CompetencyEvidence>

<CompetencyWeight type='skillLevel'><NumericValue minValue='0' maxValue='100'>51</NumericValue></CompetencyWeight>

<CompetencyWeight type='skillProficiency'><StringValue minValue='BASIC' maxValue='EXCELLENT'>WORKING</StringValue></CompetencyWeight>
</Competency>

<Competency oids='14 66 89 ' description='Skill > IT' auth='yes' name='Oracle 11g'>
<CompetencyEvidence name='Extent of Experience' typeDescription='Extent of Experience' type='MONTH' lastUsed='2014'><NumericValue description='MONTH'>50</NumericValue></CompetencyEvidence>

<CompetencyWeight type='skillLevel'><NumericValue minValue='0' maxValue='100'>96</NumericValue></CompetencyWeight>

<CompetencyWeight type='skillProficiency'><StringValue minValue='BASIC' maxValue='EXCELLENT'>EXCELLENT</StringValue></CompetencyWeight>
</Competency>

<Competency oids='72 92 117 ' description='Skill > IT' auth='yes' name='Microsoft Windows XP'>
<CompetencyEvidence name='Extent of Experience' typeDescription='Extent of Experience' type='MONTH' lastUsed='2014'><NumericValue description='MONTH'>69</NumericValue></CompetencyEvidence>

<CompetencyEvidence typeDescription='Alias' name='Alias'><StringValue>Windows XP</StringValue></CompetencyEvidence>

<CompetencyWeight type='skillLevel'><NumericValue minValue='0' maxValue='100'>96</NumericValue></CompetencyWeight>

<CompetencyWeight type='skillProficiency'><StringValue minValue='BASIC' maxValue='EXCELLENT'>EXCELLENT</StringValue></CompetencyWeight>
</Competency>

<Competency oids='58 63 83 ' description='Skill > IT' auth='yes' name='Microsoft Windows 2000 Server'>
<CompetencyEvidence name='Extent of Experience' typeDescription='Extent of Experience' type='MONTH' lastUsed='2014'><NumericValue description='MONTH'>50</NumericValue></CompetencyEvidence>

<CompetencyEvidence typeDescription='Alias' name='Alias'><StringValue>Teradata server</StringValue></CompetencyEvidence>

<CompetencyEvidence typeDescription='Alias' name='Alias'><StringValue>UNIX server</StringValue></CompetencyEvidence>

<CompetencyWeight type='skillLevel'><NumericValue minValue='0' maxValue='100'>96</NumericValue></CompetencyWeight>

<CompetencyWeight type='skillProficiency'><StringValue minValue='BASIC' maxValue='EXCELLENT'>EXCELLENT</StringValue></CompetencyWeight>
</Competency>

<Competency oids='15 131 151 ' description='Skill > IT' auth='yes' name='Microsoft SQL Server 2000'>
<CompetencyEvidence name='Extent of Experience' typeDescription='Extent of Experience' type='MONTH' lastUsed='2008'><NumericValue description='MONTH'>23</NumericValue></CompetencyEvidence>

<CompetencyEvidence typeDescription='Alias' name='Alias'><StringValue>SQL Server 2000</StringValue></CompetencyEvidence>

<CompetencyWeight type='skillLevel'><NumericValue minValue='0' maxValue='100'>21</NumericValue></CompetencyWeight>

<CompetencyWeight type='skillProficiency'><StringValue minValue='BASIC' maxValue='EXCELLENT'>BASIC</StringValue></CompetencyWeight>
</Competency>

<Competency oids='134 140 154 ' description='Skill > IT' auth='yes' name='Logic Works ERwin/ERX'>
<CompetencyEvidence name='Extent of Experience' typeDescription='Extent of Experience' type='MONTH' lastUsed='2008'><NumericValue description='MONTH'>23</NumericValue></CompetencyEvidence>

<CompetencyEvidence typeDescription='Alias' name='Alias'><StringValue>Erwin</StringValue></CompetencyEvidence>

<CompetencyWeight type='skillLevel'><NumericValue minValue='0' maxValue='100'>21</NumericValue></CompetencyWeight>

<CompetencyWeight type='skillProficiency'><StringValue minValue='BASIC' maxValue='EXCELLENT'>BASIC</StringValue></CompetencyWeight>
</Competency>

<Competency oids='12 84 107 ' description='Skill > IT' auth='yes' name='Informatica'>
<CompetencyEvidence name='Extent of Experience' typeDescription='Extent of Experience' type='MONTH' lastUsed='2013'><NumericValue description='MONTH'>55</NumericValue></CompetencyEvidence>

<CompetencyEvidence typeDescription='Alias' name='Alias'><StringValue>Informatica 6.x/7.x/8.x/9.1 6.x/7.x/8.x/9.1</StringValue></CompetencyEvidence>

<CompetencyWeight type='skillLevel'><NumericValue minValue='0' maxValue='100'>87</NumericValue></CompetencyWeight>

<CompetencyWeight type='skillProficiency'><StringValue minValue='BASIC' maxValue='EXCELLENT'>EXCELLENT</StringValue></CompetencyWeight>
</Competency>

<Competency oids='135 141 155 ' description='Skill > IT' auth='yes' name='Cognos Impromptu'>
<CompetencyEvidence name='Extent of Experience' typeDescription='Extent of Experience' type='MONTH' lastUsed='2008'><NumericValue description='MONTH'>23</NumericValue></CompetencyEvidence>

<CompetencyEvidence typeDescription='Alias' name='Alias'><StringValue>Cognos</StringValue></CompetencyEvidence>

<CompetencyWeight type='skillLevel'><NumericValue minValue='0' maxValue='100'>21</NumericValue></CompetencyWeight>

<CompetencyWeight type='skillProficiency'><StringValue minValue='BASIC' maxValue='EXCELLENT'>BASIC</StringValue></CompetencyWeight>
</Competency>

<Competency oids='19 71 116 ' description='Skill > IT' auth='yes' name='Business Objects'>
<CompetencyEvidence name='Extent of Experience' typeDescription='Extent of Experience' type='MONTH' lastUsed='2014'><NumericValue description='MONTH'>33</NumericValue></CompetencyEvidence>

<CompetencyWeight type='skillLevel'><NumericValue minValue='0' maxValue='100'>94</NumericValue></CompetencyWeight>

<CompetencyWeight type='skillProficiency'><StringValue minValue='BASIC' maxValue='EXCELLENT'>EXCELLENT</StringValue></CompetencyWeight>
</Competency>

<Competency oids='9 48 ' description='Skill' auth='no' name='source system analysis'>
<CompetencyEvidence name='Extent of Experience' typeDescription='Extent of Experience' type='MONTH' lastUsed='2014'><NumericValue description='MONTH'>14</NumericValue></CompetencyEvidence>

<CompetencyWeight type='skillLevel'><NumericValue minValue='0' maxValue='100'>96</NumericValue></CompetencyWeight>

<CompetencyWeight type='skillProficiency'><StringValue minValue='BASIC' maxValue='EXCELLENT'>EXCELLENT</StringValue></CompetencyWeight>
</Competency>

<Competency oids='31 62 ' description='Skill > IT' auth='yes' name='shell scripting'>
<CompetencyEvidence name='Extent of Experience' typeDescription='Extent of Experience' type='MONTH' lastUsed='2014'><NumericValue description='MONTH'>14</NumericValue></CompetencyEvidence>

<CompetencyEvidence typeDescription='Alias' name='Alias'><StringValue>Unix Shell scripting</StringValue></CompetencyEvidence>

<CompetencyEvidence typeDescription='Alias' name='Alias'><StringValue>shell script</StringValue></CompetencyEvidence>

<CompetencyWeight type='skillLevel'><NumericValue minValue='0' maxValue='100'>91</NumericValue></CompetencyWeight>

<CompetencyWeight type='skillProficiency'><StringValue minValue='BASIC' maxValue='EXCELLENT'>EXCELLENT</StringValue></CompetencyWeight>
</Competency>

<Competency oids='126 136 ' description='Skill > IT' auth='yes' name='XML'>
<CompetencyEvidence name='Extent of Experience' typeDescription='Extent of Experience' type='MONTH' lastUsed='2008'><NumericValue description='MONTH'>11</NumericValue></CompetencyEvidence>

<CompetencyWeight type='skillLevel'><NumericValue minValue='0' maxValue='100'>19</NumericValue></CompetencyWeight>

<CompetencyWeight type='skillProficiency'><StringValue minValue='BASIC' maxValue='EXCELLENT'>BASIC</StringValue></CompetencyWeight>
</Competency>

<Competency oids='25 33 ' description='Skill > IT' auth='yes' name='VBScript'>
<CompetencyWeight type='skillLevel'><NumericValue minValue='0' maxValue='100'>13</NumericValue></CompetencyWeight>
</Competency>

<Competency oids='30 152 ' description='Skill > IT' auth='yes' name='Oracle PL/SQL'>
<CompetencyEvidence name='Extent of Experience' typeDescription='Extent of Experience' type='MONTH' lastUsed='2007'><NumericValue description='MONTH'>12</NumericValue></CompetencyEvidence>

<CompetencyEvidence typeDescription='Alias' name='Alias'><StringValue>PL/SQL</StringValue></CompetencyEvidence>

<CompetencyWeight type='skillLevel'><NumericValue minValue='0' maxValue='100'>18</NumericValue></CompetencyWeight>

<CompetencyWeight type='skillProficiency'><StringValue minValue='BASIC' maxValue='EXCELLENT'>BASIC</StringValue></CompetencyWeight>
</Competency>

<Competency oids='137 156 ' description='Skill > IT' auth='yes' name='Microsoft Windows 2000 Professional'>
<CompetencyEvidence name='Extent of Experience' typeDescription='Extent of Experience' type='MONTH' lastUsed='2008'><NumericValue description='MONTH'>23</NumericValue></CompetencyEvidence>

<CompetencyEvidence typeDescription='Alias' name='Alias'><StringValue>Windows NT/2000</StringValue></CompetencyEvidence>

<CompetencyWeight type='skillLevel'><NumericValue minValue='0' maxValue='100'>21</NumericValue></CompetencyWeight>

<CompetencyWeight type='skillProficiency'><StringValue minValue='BASIC' maxValue='EXCELLENT'>BASIC</StringValue></CompetencyWeight>
</Competency>

<Competency oids='55 146 ' description='Skill > IT' auth='yes' name='Microsoft SQL Server'>
<CompetencyEvidence name='Extent of Experience' typeDescription='Extent of Experience' type='MONTH' lastUsed='2014'><NumericValue description='MONTH'>26</NumericValue></CompetencyEvidence>

<CompetencyEvidence typeDescription='Alias' name='Alias'><StringValue>SQL Server</StringValue></CompetencyEvidence>

<CompetencyWeight type='skillLevel'><NumericValue minValue='0' maxValue='100'>96</NumericValue></CompetencyWeight>

<CompetencyWeight type='skillProficiency'><StringValue minValue='BASIC' maxValue='EXCELLENT'>EXCELLENT</StringValue></CompetencyWeight>
</Competency>

<Competency oids='28 37 ' description='Skill > IT' auth='yes' name='JavaScript'>
<CompetencyWeight type='skillLevel'><NumericValue minValue='0' maxValue='100'>13</NumericValue></CompetencyWeight>
</Competency>

<Competency oids='26 34 ' description='Skill > IT' auth='yes' name='HTML'>
<CompetencyWeight type='skillLevel'><NumericValue minValue='0' maxValue='100'>13</NumericValue></CompetencyWeight>
</Competency>

<Competency oids='70 91 ' description='Skill > IT' auth='no' name='ER Viewer'>
<CompetencyEvidence name='Extent of Experience' typeDescription='Extent of Experience' type='MONTH' lastUsed='2014'><NumericValue description='MONTH'>50</NumericValue></CompetencyEvidence>

<CompetencyWeight type='skillLevel'><NumericValue minValue='0' maxValue='100'>96</NumericValue></CompetencyWeight>

<CompetencyWeight type='skillProficiency'><StringValue minValue='BASIC' maxValue='EXCELLENT'>EXCELLENT</StringValue></CompetencyWeight>
</Competency>

<Competency oids='4 81 ' description='Skill > IT' auth='yes' name='EDW'>
<CompetencyEvidence name='Extent of Experience' typeDescription='Extent of Experience' type='YEAR' lastUsed='2013'><NumericValue description='YEAR'>7</NumericValue></CompetencyEvidence>

<CompetencyEvidence name='Application' typeDescription='Application' type='development'><StringValue>development</StringValue></CompetencyEvidence>

<CompetencyEvidence typeDescription='Alias' name='Alias'><StringValue>Over 7 Years of IT Experience in development of Enterprise Data Warehouse</StringValue></CompetencyEvidence>

<CompetencyWeight type='skillLevel'><NumericValue minValue='0' maxValue='100'>87</NumericValue></CompetencyWeight>

<CompetencyWeight type='skillProficiency'><StringValue minValue='BASIC' maxValue='EXCELLENT'>EXCELLENT</StringValue></CompetencyWeight>
</Competency>

<Competency oids='27 35 ' description='Skill > IT' auth='yes' name='DHTML'>
<CompetencyWeight type='skillLevel'><NumericValue minValue='0' maxValue='100'>13</NumericValue></CompetencyWeight>
</Competency>

<Competency oids='78 108 ' description='Skill' auth='yes' name='Audit'>
<CompetencyEvidence name='Extent of Experience' typeDescription='Extent of Experience' type='MONTH' lastUsed='2013'><NumericValue description='MONTH'>55</NumericValue></CompetencyEvidence>

<CompetencyEvidence typeDescription='Alias' name='Alias'><StringValue>audits</StringValue></CompetencyEvidence>

<CompetencyWeight type='skillLevel'><NumericValue minValue='0' maxValue='100'>91</NumericValue></CompetencyWeight>

<CompetencyWeight type='skillProficiency'><StringValue minValue='BASIC' maxValue='EXCELLENT'>EXCELLENT</StringValue></CompetencyWeight>
</Competency>

<Competency oids='10 ' description='Skill' auth='no' name='team player'>
<CompetencyWeight type='skillLevel'><NumericValue minValue='0' maxValue='100'>13</NumericValue></CompetencyWeight>
</Competency>

<Competency oids='125 ' description='Skill' auth='no' name='project coordination'>
<CompetencyEvidence name='Extent of Experience' typeDescription='Extent of Experience' type='MONTH' lastUsed='2008'><NumericValue description='MONTH'>11</NumericValue></CompetencyEvidence>

<CompetencyWeight type='skillLevel'><NumericValue minValue='0' maxValue='100'>20</NumericValue></CompetencyWeight>

<CompetencyWeight type='skillProficiency'><StringValue minValue='BASIC' maxValue='EXCELLENT'>BASIC</StringValue></CompetencyWeight>
</Competency>

<Competency oids='148 ' description='Skill' auth='no' name='parallel processing'>
<CompetencyEvidence name='Extent of Experience' typeDescription='Extent of Experience' type='MONTH' lastUsed='2007'><NumericValue description='MONTH'>12</NumericValue></CompetencyEvidence>

<CompetencyWeight type='skillLevel'><NumericValue minValue='0' maxValue='100'>20</NumericValue></CompetencyWeight>

<CompetencyWeight type='skillProficiency'><StringValue minValue='BASIC' maxValue='EXCELLENT'>BASIC</StringValue></CompetencyWeight>
</Competency>

<Competency oids='8 ' description='Skill' auth='no' name='data analysis'>
<CompetencyWeight type='skillLevel'><NumericValue minValue='0' maxValue='100'>13</NumericValue></CompetencyWeight>
</Competency>

<Competency oids='127 ' description='Skill > IT' auth='yes' name='XML Schema'>
<CompetencyEvidence name='Extent of Experience' typeDescription='Extent of Experience' type='MONTH' lastUsed='2008'><NumericValue description='MONTH'>11</NumericValue></CompetencyEvidence>

<CompetencyEvidence typeDescription='Alias' name='Alias'><StringValue>XSD</StringValue></CompetencyEvidence>

<CompetencyWeight type='skillLevel'><NumericValue minValue='0' maxValue='100'>18</NumericValue></CompetencyWeight>

<CompetencyWeight type='skillProficiency'><StringValue minValue='BASIC' maxValue='EXCELLENT'>BASIC</StringValue></CompetencyWeight>
</Competency>

<Competency oids='121 ' description='Skill' auth='yes' name='Underwriting'>
<CompetencyEvidence name='Extent of Experience' typeDescription='Extent of Experience' type='MONTH' lastUsed='2008'><NumericValue description='MONTH'>11</NumericValue></CompetencyEvidence>

<CompetencyWeight type='skillLevel'><NumericValue minValue='0' maxValue='100'>23</NumericValue></CompetencyWeight>

<CompetencyWeight type='skillProficiency'><StringValue minValue='BASIC' maxValue='EXCELLENT'>BASIC</StringValue></CompetencyWeight>
</Competency>

<Competency oids='64 ' description='Skill > IT' auth='yes' name='Scrum Methodology'>
<CompetencyEvidence name='Extent of Experience' typeDescription='Extent of Experience' type='MONTH' lastUsed='2014'><NumericValue description='MONTH'>14</NumericValue></CompetencyEvidence>

<CompetencyEvidence typeDescription='Alias' name='Alias'><StringValue>Scrum development</StringValue></CompetencyEvidence>

<CompetencyWeight type='skillLevel'><NumericValue minValue='0' maxValue='100'>91</NumericValue></CompetencyWeight>

<CompetencyWeight type='skillProficiency'><StringValue minValue='BASIC' maxValue='EXCELLENT'>EXCELLENT</StringValue></CompetencyWeight>
</Competency>

<Competency oids='29 ' description='Skill > IT' auth='yes' name='SQL'>
<CompetencyWeight type='skillLevel'><NumericValue minValue='0' maxValue='100'>13</NumericValue></CompetencyWeight>
</Competency>

<Competency oids='123 ' description='Skill' auth='yes' name='Requirements Gathering'>
<CompetencyEvidence name='Extent of Experience' typeDescription='Extent of Experience' type='MONTH' lastUsed='2008'><NumericValue description='MONTH'>11</NumericValue></CompetencyEvidence>

<CompetencyWeight type='skillLevel'><NumericValue minValue='0' maxValue='100'>21</NumericValue></CompetencyWeight>

<CompetencyWeight type='skillProficiency'><StringValue minValue='BASIC' maxValue='EXCELLENT'>BASIC</StringValue></CompetencyWeight>
</Competency>

<Competency oids='87 ' description='Skill > IT' auth='yes' name='Regression Testing'>
<CompetencyEvidence name='Extent of Experience' typeDescription='Extent of Experience' type='MONTH' lastUsed='2013'><NumericValue description='MONTH'>36</NumericValue></CompetencyEvidence>

<CompetencyWeight type='skillLevel'><NumericValue minValue='0' maxValue='100'>85</NumericValue></CompetencyWeight>

<CompetencyWeight type='skillProficiency'><StringValue minValue='BASIC' maxValue='EXCELLENT'>EXCELLENT</StringValue></CompetencyWeight>
</Competency>

<Competency oids='111 ' description='Skill' auth='no' name='Production Support'>
<CompetencyEvidence name='Extent of Experience' typeDescription='Extent of Experience' type='MONTH' lastUsed='2010'><NumericValue description='MONTH'>19</NumericValue></CompetencyEvidence>

<CompetencyWeight type='skillLevel'><NumericValue minValue='0' maxValue='100'>48</NumericValue></CompetencyWeight>

<CompetencyWeight type='skillProficiency'><StringValue minValue='BASIC' maxValue='EXCELLENT'>WORKING</StringValue></CompetencyWeight>
</Competency>

<Competency oids='42 ' description='Skill > IT' auth='yes' name='PVCS'>
<CompetencyWeight type='skillLevel'><NumericValue minValue='0' maxValue='100'>13</NumericValue></CompetencyWeight>
</Competency>

<Competency oids='114 ' description='Skill > IT' auth='yes' name='Oracle 10G'>
<CompetencyEvidence name='Extent of Experience' typeDescription='Extent of Experience' type='MONTH' lastUsed='2010'><NumericValue description='MONTH'>19</NumericValue></CompetencyEvidence>

<CompetencyEvidence typeDescription='Alias' name='Alias'><StringValue>10g 10g</StringValue></CompetencyEvidence>

<CompetencyWeight type='skillLevel'><NumericValue minValue='0' maxValue='100'>48</NumericValue></CompetencyWeight>

<CompetencyWeight type='skillProficiency'><StringValue minValue='BASIC' maxValue='EXCELLENT'>WORKING</StringValue></CompetencyWeight>
</Competency>

<Competency oids='110 ' description='Skill' auth='yes' name='Offshore Oil &#38; Gas'>
<CompetencyEvidence name='Extent of Experience' typeDescription='Extent of Experience' type='MONTH' lastUsed='2010'><NumericValue description='MONTH'>19</NumericValue></CompetencyEvidence>

<CompetencyEvidence typeDescription='Alias' name='Alias'><StringValue>offshore</StringValue></CompetencyEvidence>

<CompetencyWeight type='skillLevel'><NumericValue minValue='0' maxValue='100'>48</NumericValue></CompetencyWeight>

<CompetencyWeight type='skillProficiency'><StringValue minValue='BASIC' maxValue='EXCELLENT'>WORKING</StringValue></CompetencyWeight>
</Competency>

<Competency oids='39 ' description='Skill > IT' auth='yes' name='Netscape Navigator'>
<CompetencyEvidence typeDescription='Alias' name='Alias'><StringValue>Navigator</StringValue></CompetencyEvidence>

<CompetencyWeight type='skillLevel'><NumericValue minValue='0' maxValue='100'>13</NumericValue></CompetencyWeight>
</Competency>

<Competency oids='18 ' description='Skill' auth='no' name='Net Custom development'>
<CompetencyWeight type='skillLevel'><NumericValue minValue='0' maxValue='100'>13</NumericValue></CompetencyWeight>
</Competency>

<Competency oids='21 ' description='Skill > IT' auth='yes' name='Microsoft Windows'>
<CompetencyEvidence typeDescription='Alias' name='Alias'><StringValue>Windows XP/7 XP/7</StringValue></CompetencyEvidence>

<CompetencyWeight type='skillLevel'><NumericValue minValue='0' maxValue='100'>13</NumericValue></CompetencyWeight>
</Competency>

<Competency oids='40 ' description='Skill > IT' auth='yes' name='Microsoft SQL*Loader'>
<CompetencyEvidence typeDescription='Alias' name='Alias'><StringValue>SQL*Loader</StringValue></CompetencyEvidence>

<CompetencyWeight type='skillLevel'><NumericValue minValue='0' maxValue='100'>13</NumericValue></CompetencyWeight>
</Competency>

<Competency oids='24 ' description='Skill > IT' auth='yes' name='Microsoft C-SHARP'>
<CompetencyEvidence typeDescription='Alias' name='Alias'><StringValue>C#</StringValue></CompetencyEvidence>

<CompetencyWeight type='skillLevel'><NumericValue minValue='0' maxValue='100'>13</NumericValue></CompetencyWeight>
</Competency>

<Competency oids='16 ' description='Skill > IT' auth='yes' name='Microsoft Access'>
<CompetencyEvidence typeDescription='Alias' name='Alias'><StringValue>MS Access</StringValue></CompetencyEvidence>

<CompetencyWeight type='skillLevel'><NumericValue minValue='0' maxValue='100'>13</NumericValue></CompetencyWeight>
</Competency>

<Competency oids='32 ' description='Skill > IT' auth='yes' name='Microsoft ASP.NET'>
<CompetencyEvidence typeDescription='Alias' name='Alias'><StringValue>ASP.NET</StringValue></CompetencyEvidence>

<CompetencyWeight type='skillLevel'><NumericValue minValue='0' maxValue='100'>13</NumericValue></CompetencyWeight>
</Competency>

<Competency oids='36 ' description='Skill > IT' auth='yes' name='Java'>
<CompetencyWeight type='skillLevel'><NumericValue minValue='0' maxValue='100'>13</NumericValue></CompetencyWeight>
</Competency>

<Competency oids='41 ' description='Skill > IT' auth='no' name='HP Quality center'>
<CompetencyWeight type='skillLevel'><NumericValue minValue='0' maxValue='100'>13</NumericValue></CompetencyWeight>
</Competency>

<Competency oids='17 ' description='Skill > IT' auth='yes' name='GUI Applications'>
<CompetencyEvidence typeDescription='Alias' name='Alias'><StringValue>GUI</StringValue></CompetencyEvidence>

<CompetencyWeight type='skillLevel'><NumericValue minValue='0' maxValue='100'>13</NumericValue></CompetencyWeight>
</Competency>

<Competency oids='61 ' description='Skill > IT' auth='yes' name='FTP'>
<CompetencyEvidence name='Extent of Experience' typeDescription='Extent of Experience' type='MONTH' lastUsed='2014'><NumericValue description='MONTH'>14</NumericValue></CompetencyEvidence>

<CompetencyWeight type='skillLevel'><NumericValue minValue='0' maxValue='100'>91</NumericValue></CompetencyWeight>

<CompetencyWeight type='skillProficiency'><StringValue minValue='BASIC' maxValue='EXCELLENT'>EXCELLENT</StringValue></CompetencyWeight>
</Competency>

<Competency oids='7 ' description='Skill' auth='no' name='Data warehouse development'>
<CompetencyWeight type='skillLevel'><NumericValue minValue='0' maxValue='100'>13</NumericValue></CompetencyWeight>
</Competency>

<Competency oids='132 ' description='Skill > IT' auth='yes' name='DB2'>
<CompetencyEvidence name='Extent of Experience' typeDescription='Extent of Experience' type='MONTH' lastUsed='2008'><NumericValue description='MONTH'>11</NumericValue></CompetencyEvidence>

<CompetencyWeight type='skillLevel'><NumericValue minValue='0' maxValue='100'>18</NumericValue></CompetencyWeight>

<CompetencyWeight type='skillProficiency'><StringValue minValue='BASIC' maxValue='EXCELLENT'>BASIC</StringValue></CompetencyWeight>
</Competency>

<Competency oids='69 ' description='Skill > IT' auth='yes' name='Control-M'>
<CompetencyEvidence name='Extent of Experience' typeDescription='Extent of Experience' type='MONTH' lastUsed='2014'><NumericValue description='MONTH'>14</NumericValue></CompetencyEvidence>

<CompetencyWeight type='skillLevel'><NumericValue minValue='0' maxValue='100'>91</NumericValue></CompetencyWeight>

<CompetencyWeight type='skillProficiency'><StringValue minValue='BASIC' maxValue='EXCELLENT'>EXCELLENT</StringValue></CompetencyWeight>
</Competency>

<Competency oids='100 ' description='Skill' auth='no' name='Conduct source System Analysis'>
<CompetencyEvidence name='Extent of Experience' typeDescription='Extent of Experience' type='MONTH' lastUsed='2010'><NumericValue description='MONTH'>19</NumericValue></CompetencyEvidence>

<CompetencyWeight type='skillLevel'><NumericValue minValue='0' maxValue='100'>51</NumericValue></CompetencyWeight>

<CompetencyWeight type='skillProficiency'><StringValue minValue='BASIC' maxValue='EXCELLENT'>WORKING</StringValue></CompetencyWeight>
</Competency>

<Competency oids='124 ' description='Skill' auth='yes' name='Business Analysis'>
<CompetencyEvidence name='Extent of Experience' typeDescription='Extent of Experience' type='MONTH' lastUsed='2008'><NumericValue description='MONTH'>11</NumericValue></CompetencyEvidence>

<CompetencyWeight type='skillLevel'><NumericValue minValue='0' maxValue='100'>20</NumericValue></CompetencyWeight>

<CompetencyWeight type='skillProficiency'><StringValue minValue='BASIC' maxValue='EXCELLENT'>BASIC</StringValue></CompetencyWeight>
</Competency>

<Competency oids='52_1 128_1 143_1 ' description='Held Position' auth='no' name='Informatica Designer'>
<CompetencyEvidence name='Extent of Experience' typeDescription='Extent of Experience' type='MONTH' lastUsed='2014'><NumericValue description='MONTH'>37</NumericValue></CompetencyEvidence>

<CompetencyWeight type='skillLevel'><NumericValue minValue='0' maxValue='100'>100</NumericValue></CompetencyWeight>

<CompetencyWeight type='skillProficiency'><StringValue minValue='BASIC' maxValue='EXCELLENT'>EXCELLENT</StringValue></CompetencyWeight>
</Competency>

<Competency oids='75_1_1 120_4_2 139_5_2 ' description='Held Position' auth='no' name='ETL Developer'>
<CompetencyEvidence name='Extent of Experience' typeDescription='Extent of Experience' type='MONTH' lastUsed='2013'><NumericValue description='MONTH'>59</NumericValue></CompetencyEvidence>

<CompetencyWeight type='skillLevel'><NumericValue minValue='0' maxValue='100'>91</NumericValue></CompetencyWeight>

<CompetencyWeight type='skillProficiency'><StringValue minValue='BASIC' maxValue='EXCELLENT'>EXCELLENT</StringValue></CompetencyWeight>
</Competency>

<Competency oids='105_1 106_1 ' description='Held Position' auth='no' name='stage'>
<CompetencyEvidence name='Extent of Experience' typeDescription='Extent of Experience' type='MONTH' lastUsed='2010'><NumericValue description='MONTH'>19</NumericValue></CompetencyEvidence>

<CompetencyWeight type='skillLevel'><NumericValue minValue='0' maxValue='100'>52</NumericValue></CompetencyWeight>

<CompetencyWeight type='skillProficiency'><StringValue minValue='BASIC' maxValue='EXCELLENT'>WORKING</StringValue></CompetencyWeight>
</Competency>

<Competency oids='53_1 144_1 ' description='Held Position' auth='no' name='Joiner'>
<CompetencyEvidence name='Extent of Experience' typeDescription='Extent of Experience' type='MONTH' lastUsed='2014'><NumericValue description='MONTH'>26</NumericValue></CompetencyEvidence>

<CompetencyWeight type='skillLevel'><NumericValue minValue='0' maxValue='100'>97</NumericValue></CompetencyWeight>

<CompetencyWeight type='skillProficiency'><StringValue minValue='BASIC' maxValue='EXCELLENT'>EXCELLENT</StringValue></CompetencyWeight>
</Competency>

<Competency oids='129_1 ' description='Held Position' auth='no' name='workflow manager'>
<CompetencyEvidence name='Extent of Experience' typeDescription='Extent of Experience' type='MONTH' lastUsed='2008'><NumericValue description='MONTH'>11</NumericValue></CompetencyEvidence>

<CompetencyWeight type='skillLevel'><NumericValue minValue='0' maxValue='100'>21</NumericValue></CompetencyWeight>

<CompetencyWeight type='skillProficiency'><StringValue minValue='BASIC' maxValue='EXCELLENT'>BASIC</StringValue></CompetencyWeight>
</Competency>

<Competency oids='142_2 ' description='Held Position' auth='no' name='a developer'>
<CompetencyEvidence name='Extent of Experience' typeDescription='Extent of Experience' type='MONTH' lastUsed='2007'><NumericValue description='MONTH'>12</NumericValue></CompetencyEvidence>

<CompetencyWeight type='skillLevel'><NumericValue minValue='0' maxValue='100'>22</NumericValue></CompetencyWeight>

<CompetencyWeight type='skillProficiency'><StringValue minValue='BASIC' maxValue='EXCELLENT'>BASIC</StringValue></CompetencyWeight>
</Competency>

<Competency oids='96_2 ' description='Held Position' auth='no' name='Senior ETL Developer'>
<CompetencyEvidence name='Extent of Experience' typeDescription='Extent of Experience' type='MONTH' lastUsed='2010'><NumericValue description='MONTH'>19</NumericValue></CompetencyEvidence>

<CompetencyWeight type='skillLevel'><NumericValue minValue='0' maxValue='100'>52</NumericValue></CompetencyWeight>

<CompetencyWeight type='skillProficiency'><StringValue minValue='BASIC' maxValue='EXCELLENT'>WORKING</StringValue></CompetencyWeight>
</Competency>

<Competency oids='38_1 ' description='Held Position' auth='no' name='SQL Assistant'>
<CompetencyWeight type='skillLevel'><NumericValue minValue='0' maxValue='100'>13</NumericValue></CompetencyWeight>
</Competency>

<Competency oids='147_1 ' description='Held Position' auth='no' name='Informatica Workflow Manager'>
<CompetencyEvidence name='Extent of Experience' typeDescription='Extent of Experience' type='MONTH' lastUsed='2007'><NumericValue description='MONTH'>12</NumericValue></CompetencyEvidence>

<CompetencyWeight type='skillLevel'><NumericValue minValue='0' maxValue='100'>20</NumericValue></CompetencyWeight>

<CompetencyWeight type='skillProficiency'><StringValue minValue='BASIC' maxValue='EXCELLENT'>BASIC</StringValue></CompetencyWeight>
</Competency>

<Competency oids='46_1_1 ' description='Held Position' auth='no' name='ETL and Teradata Developer'>
<CompetencyEvidence name='Extent of Experience' typeDescription='Extent of Experience' type='MONTH' lastUsed='2014'><NumericValue description='MONTH'>14</NumericValue></CompetencyEvidence>

<CompetencyWeight type='skillLevel'><NumericValue minValue='0' maxValue='100'>96</NumericValue></CompetencyWeight>

<CompetencyWeight type='skillProficiency'><StringValue minValue='BASIC' maxValue='EXCELLENT'>EXCELLENT</StringValue></CompetencyWeight>
</Competency>

<Competency oids='47 ' description='Degree/Qualification' auth='yes' name='GCE Qualifications > GCE Qualifications Global Credit Expansion'>
<CompetencyEvidence name='Application' typeDescription='Application' type='Global Credit Expansion'><StringValue>Global Credit Expansion</StringValue></CompetencyEvidence>

<CompetencyEvidence typeDescription='Alias' name='Alias'><StringValue>GCE (Global Credit Expansion)</StringValue></CompetencyEvidence>

<CompetencyWeight type='skillLevel'><NumericValue minValue='0' maxValue='100'>12</NumericValue></CompetencyWeight>
</Competency>

<Competency oids='44_1 ' description='Degree/Qualification' auth='yes' name='Bachelors Degree > Bachelor of Technology > Bachelor of Technology Computer Science'>
<CompetencyEvidence name='Application' typeDescription='Application' type='Computer Science'><StringValue>Computer Science</StringValue></CompetencyEvidence>

<CompetencyEvidence typeDescription='Alias' name='Alias'><StringValue>B.Tech. in Computer Science</StringValue></CompetencyEvidence>

<CompetencyWeight type='skillLevel'><NumericValue minValue='0' maxValue='100'>12</NumericValue></CompetencyWeight>
</Competency>

<Competency description='Industry' auth='yes' name='industry~it'>
<CompetencyEvidence name='skillCount' typeDescription='skillCount'><NumericValue>5</NumericValue></CompetencyEvidence>

<CompetencyWeight type='skillLevel'><NumericValue minValue='0' maxValue='100'>100</NumericValue></CompetencyWeight>
</Competency>























<RevisionDate id='1'>2014-07-02</RevisionDate>
</StructuredXMLResume>
<NonXMLResume>

<TextResume>



<span inprof='n' id='1' class='date'>{{DOCUMENT_DATESTAMP}} 2014-7-2 {{END_DOCUMENT_DATESTAMP}}</span>



<span inprof='y' id='2' class='nominal'>Madhu Tirumandyam</span>


<span inprof='n' id='3' class='work-hist-mark'>Professional Summary:</span>
*  <span inprof='y' id='4' class='sofwr'>Over 7 Years of IT Experience in development of Enterprise Data Warehouse</span> applications on <span inprof='y' id='5' class='sofwr'>Oracle</span> and <span inprof='y' id='6' class='sofwr'>Teradata</span>. ; 
*   Experience in all phases of <span inprof='y' id='7' class='skill'>Data warehouse development</span> from Requirements, analysis, design, development, testing and post production support. ; 
*  Strong in-depth knowledge in doing <span inprof='y' id='8' class='skill'>data analysis</span>, data quality and <span inprof='y' id='9' class='skill'>source system analysis</span>. ; 
*  Independent, Self-starter, enthusiastic <span inprof='y' id='10' class='skill'>team player</span> with strong adaptability to new technologies. ; 
*  Excellent track record in delivering quality software on time to meet the business priorities. ; 
*  Profound knowledge in Data warehouse methodologies and Data integration technologies. ; 
*  Ability to understand and implement both technology and business concepts &#38; processes. ; 
*  Ability to work independently and in a team environment.


Computer Expertise:


<span inprof='y' id='11' class='sofwr'>ETL TOOLS</span>                    <span inprof='y' id='12' class='sofwr'>Informatica 6.x/7.x/8.x/9.1</span>, Data Stage
DATABASES                    <span inprof='y' id='13' class='sofwr'>Teradata 12/13.10</span>,<span inprof='y' id='14' class='sofwr'>Oracle 11g</span>/10G, <span inprof='y' id='15' class='sofwr'>SQL Server 2000</span>, <span inprof='y' id='16' class='sofwr'>MS Access</span>
<span inprof='y' id='17' class='sofwr'>GUI</span>                          .<span inprof='y' id='18' class='skill'>Net Custom development</span>, <span inprof='y' id='19' class='sofwr'>Business Objects</span>, Micro Strategy
<span inprof='n' id='20' class='title-line'>OPERATING SYSTEMS</span>            <span inprof='y' id='21' class='sofwr'>Windows XP/7</span>, <span inprof='y' id='22' class='sofwr'>UNIX</span> ,<span inprof='y' id='23' class='sofwr'>LINUX</span>
LANGUAGES
<span inprof='y' id='24' class='sofwr'>C#</span>, <span inprof='y' id='25' class='sofwr'>VB Script</span>, <span inprof='y' id='26' class='sofwr'>HTML</span>, <span inprof='y' id='27' class='sofwr'>DHTML</span>, <span inprof='y' id='28' class='sofwr'>Java Script</span>, <span inprof='y' id='29' class='sofwr'>SQL</span>, <span inprof='y' id='30' class='sofwr'>PL/SQL</span>, <span inprof='y' id='31' class='sofwr'>Unix Shell scripting</span>.
WEB RELATED                  <span inprof='y' id='32' class='sofwr'>ASP.NET</span>, <span inprof='y' id='33' class='sofwr'>VB Script</span>, <span inprof='y' id='34' class='sofwr'>HTML</span>, <span inprof='y' id='35' class='sofwr'>DHTML</span>, <span inprof='y' id='36' class='sofwr'>JAVA</span>, <span inprof='y' id='37' class='sofwr'>Java Script</span>
TOOLS &#38; UTILITIES        Teradata Parallel Transporter, Bteq, <span inprof='y' id='38_1' class='role'>SQL Assistant</span>, Toad, SQL <span inprof='y' id='39' class='sofwr'>Navigator</span>, <span inprof='y' id='40' class='sofwr'>SQL*Loader</span>, $U , <span inprof='y' id='41' class='sofwr'>HP Quality center</span>, <span inprof='y' id='42' class='sofwr'>PVCS</span> ,Kintana, Data Flux, UC4

DOMAIN KNOWLEDGE             Finance, Insurances, Health Care, Energy



<span inprof='n' id='43' class='edu-hist-mark'>Education</span>

    *  <span inprof='y' id='44_1' class='qualif'>B.Tech.  in Computer Science</span>, <span inprof='y' id='44_2' class='educational'>JNTU University</span>, <span inprof='y' id='44_3' class='location'>Hyderabad, India</span>






<span inprof='n' id='45' class='work-hist-mark'>Professional Experience</span>

<span inprof='y' id='46_1_1' class='role'>ETL and Teradata Developer</span>
<span inprof='y' id='46_2' class='company'>PayPal</span>, <span inprof='y' id='46_3' class='location'>CA</span>                                                                                       <span inprof='y' id='46_4_1' class='date'>June 2013</span> - <span inprof='y' id='46_4_2' class='date'>Till date</span>
Project Description:

<span inprof='y' id='47' class='qualif'>GCE (Global Credit Expansion)</span>, is to expand BillMeLater services globally. This project aimed at consolidating multiple source systems into Single Source of Truth for BI Reporting, Decision Support Systems.

Responsibilities:
    *  Analysis, Design, Development, Testing and Deployment of Informatica workflows, BTEQ scripts, and shell scripts. ; 
    *  <span inprof='y' id='48' class='skill'>Source System Analysis</span> and provide input to data modeling, and developing <span inprof='y' id='49' class='sofwr'>ETL design</span> document as per business requirements. ; 
    *  Developed BTEQ scripts to transform <span inprof='n' id='50' class='bad-occupation'>from Stage</span> to 3rd NF and then to aggregate. ; 
    *  Tuned complex <span inprof='y' id='51' class='sofwr'>Teradata</span> queries to meet performance level agreements using Statistics, Indices, and Partitioning Techniques. ; 
    *  Developing Informatica mappings with the collection of all Sources, Targets, and Transformations using <span inprof='y' id='52_1' class='role'>Informatica Designer</span>. ; 
    *  Developing Mappings with various Transformations like Expression, Normalizer, Union, Filter, Router, <span inprof='y' id='53_1' class='role'>Joiner</span> and Lookups for better data messaging and to migrate clean and consistent data ; 
    *  Extracting data from various sources across the organization (<span inprof='y' id='54' class='sofwr'>Oracle</span>, <span inprof='y' id='55' class='sofwr'>SQL Server</span> and Flat files) and loading into staging area. ; 
    *  Developing Informatica Mappings and Workflows to extract data and to load into <span inprof='y' id='56' class='sofwr'>Teradata</span> staging area using FastLoad/Tpump utilities. ; 
    *  Developed Informatica mappings for source to target loading using TPT connectors(load, update, export and stream) ; 
    *  Using Partitions to extract data from source and load it to <span inprof='y' id='57' class='sofwr'>Teradata</span> using TPT load with proper load balance on <span inprof='y' id='58' class='sofwr'>Teradata server</span>. ; 
    *  Generating Flat files from <span inprof='y' id='59' class='sofwr'>Teradata</span> 3NF tables using <span inprof='y' id='60' class='sofwr'>Teradata</span> Fast Export utility, and then <span inprof='y' id='61' class='sofwr'>FTP</span> them using <span inprof='y' id='62' class='sofwr'>shell script</span> to a different <span inprof='y' id='63' class='sofwr'>UNIX server</span> for the Application team's consumption. ; 
    *  Creating Job Events, Job Plans, schedule jobs using UC4. ; 
    *  Working closely with QA Team, Release Engineering Team and Operations Team and provide timely response for Bugs and Issues. ; 
    *  Documenting Production Support docs, Test cases and Transition documents. ; 
    *  Working knowledge on MicroStrategy BI tools to validate metrics. ; 
    *  Experience with Agile/<span inprof='y' id='64' class='sofwr'>Scrum development</span> methodologies
    Environment: <span inprof='y' id='65' class='sofwr'>Teradata13.10/14.0</span>, <span inprof='y' id='66' class='sofwr'>Oracle 11g</span>/10g, <span inprof='y' id='67' class='sofwr'>Informatica Power Center 8.6/9.0</span>, <span inprof='n' id='68' class='company'>Power Exchange</span>, OCL Tool, UC4, <span inprof='y' id='69' class='sofwr'>Control-M</span>, <span inprof='y' id='70' class='sofwr'>ER Viewer</span>, <span inprof='y' id='71' class='sofwr'>Business Objects</span>, <span inprof='y' id='72' class='sofwr'>Windows XP</span>, <span inprof='y' id='73' class='sofwr'>UNIX</span>, <span inprof='y' id='74' class='sofwr'>LINUX</span>.



<span inprof='y' id='75_1_1' class='role'>ETL Developer</span>
<span inprof='y' id='75_2' class='company'>Maryland State</span>, <span inprof='y' id='75_3' class='location'>Annapolis, MD</span>                                                        <span inprof='y' id='75_4_1' class='date'>June 2010</span> - <span inprof='y' id='75_4_2' class='date'>June 2013</span>
Project Description:

Modernized Integrated <span inprof='y' id='76' class='skill'>Tax</span> System (MITS) will enable <span inprof='n' id='77' class='educational'>Maryland state department</span> of <span inprof='y' id='78' class='skill'>audit</span> control to run analytics on <span inprof='y' id='79' class='skill'>Tax</span> filings. MITS systems extract <span inprof='y' id='80' class='skill'>tax</span> filing data from multiple sources for individuals and Organizations both filed electronically and manually. Data is integrated in <span inprof='y' id='81' class='sofwr'>EDW</span> and feed to downstream applications in other state departments.

Responsibilities:
    *  Documented data and report requirements from Business users and other stakeholders. ; 
    *  Worked on Source systems to analyze data and provide input to Physical Database design. ; 
    *  Developed Low level mappings for Tables and columns from source to target systems. ; 
    *  Wrote and optimized Initial data load scripts using Information and Database utilities. ; 
    *  Developed Informatica mappings for source to target loading using TPT connectors(load, update, export and stream) ; 
    *  Using Partitions to extract data from source and load it to <span inprof='y' id='82' class='sofwr'>Teradata</span> using TPT load with proper load balance on <span inprof='y' id='83' class='sofwr'>Teradata server</span>. ; 
    *  Wrote Complex Bteq scripts to incorporate Business functionality in transforming the data from Staging into 3rd normal form. ; 
    *  Developed Aggregate scripts both incremental and complete refresh using Bteq. ; 
    *  Worked with Teradata DBA team in tuning Bteq scripts to load and transform data. ; 
    *  Used Collect statistics, Secondary Indexes, Join indexes and Materialization as required to meet Performance level agreements. ; 
    *  Participated in Code review for performance optimization and standard adherence. ; 
    *  Developed Extract Jobs using <span inprof='y' id='84' class='sofwr'>Informatica</span> to feed downstream applications. ; 
    *  Developed and executed Unit test cases on all <span inprof='y' id='85' class='sofwr'>ETL</span> and Bteq Scripts. ; 
    *  Participated in <span inprof='y' id='86' class='sofwr'>Teradata Upgrade</span> project to upgrade from TD12 to TD13.10 to conduct <span inprof='y' id='87' class='sofwr'>regression testing</span>. ; 
    *  Troubleshooting the defects and fixing them. ; 
    *  Transferred knowledge to Operations and support teams.
    Environment: <span inprof='y' id='88' class='sofwr'>Teradata12/13.10</span>, <span inprof='y' id='89' class='sofwr'>Oracle 11g</span>/10g, <span inprof='y' id='90' class='sofwr'>Informatica Power Center 8.6/9.1</span>, <span inprof='y' id='91' class='sofwr'>ER Viewer</span>, <span inprof='y' id='92' class='sofwr'>Windows XP</span>, <span inprof='y' id='93' class='sofwr'>UNIX</span>, <span inprof='y' id='94' class='sofwr'>Linux</span>.


<span inprof='y' id='95_1' class='company'>Care First (Blue Cross Blue Shields)</span>
<span inprof='y' id='95_2' class='location'>Owings Mills, MD</span>                            <span inprof='y' id='95_3_1' class='date'>Dec 2008</span> - <span inprof='y' id='95_3_2' class='date'>Jun 2010</span>

<span inprof='n' id='96_1' class='some-position'>Role</span>: <span inprof='y' id='96_2' class='role'>Senior ETL Developer</span>
Project Description:
The project scope is to build Departmental Data Mart for CareFirst <span inprof='n' id='97' class='qualif'>Human resources and Administration</span>. This Data mart consolidates data from <span inprof='y' id='98' class='sofwr'>PeopleSoft</span> and external vendors. Employees Health plan information is integrated from <span inprof='y' id='99' class='sofwr'>PeopleSoft</span> for all its employees on CareFirst plan as well as other offered plans. External Data is integrated using File Extracts on daily basis.

Responsibilities:
    *  <span inprof='y' id='100' class='skill'>Conduct source System Analysis</span> and developed <span inprof='y' id='101' class='sofwr'>ETL design</span> document to meet business requirements. ; 
    *  Developed Informatica Mappings and Workflows to extract data from <span inprof='y' id='102' class='sofwr'>PeopleSoft</span>, <span inprof='y' id='103' class='sofwr'>Oracle</span>, CSV files to load into <span inprof='y' id='104' class='sofwr'>Teradata</span> staging area using FastLoad/Tpump utilities. ; 
    *  Developed ETLs to load data from source to 3NF, <span inprof='y' id='105_1' class='role'>stage</span> to 3NF and <span inprof='y' id='106_1' class='role'>Stage</span> area to Work, work to 3NF using <span inprof='y' id='107' class='sofwr'>Informatica</span> Push Down optimization technique to utilize Database processing power. ; 
    *  Designed and developed custom Data Quality <span inprof='y' id='108' class='skill'>audits</span> to identify and report the data mismatch between source and target systems and alert Operations Team. ; 
    *  Tuned Teradata Sql queries and resolved performance issues due to Data Skew and Spool space issues. ; 
    *  Created Uprocs, Sessions, Management Unit to schedule jobs using $U. ; 
    *  Developed Flat files from <span inprof='y' id='109' class='sofwr'>Teradata</span> using fast export, Bteq to disseminate to downstream dependent systems. ; 
    *  Coordinated with the <span inprof='y' id='110' class='skill'>offshore</span> project team members on daily basis for the continuation of tasks and resolving any issues. ; 
    *  Supported System Integration and User acceptance tests to obtain sign off. ; 
    *  Post go live <span inprof='y' id='111' class='skill'>Production Support</span> and Knowledge Transfer to Production Support team
Environment: Teradata V2R6/12, <span inprof='n' id='112' class='sofwr'>Oracle</span> <span inprof='y' id='113' class='sofwr'>9i</span>/<span inprof='y' id='114' class='sofwr'>10g</span>, <span inprof='y' id='115' class='sofwr'>Informatica Power Center 8/8.6</span>, $U, <span inprof='y' id='116' class='sofwr'>Business Objects</span>, <span inprof='y' id='117' class='sofwr'>Windows XP</span>, <span inprof='y' id='118' class='sofwr'>UNIX</span>, <span inprof='y' id='119' class='sofwr'>LINUX</span>

<span inprof='y' id='120_1' class='company'>Scott &#38; White Hospital</span>, <span inprof='y' id='120_2' class='location'>Temple, TX</span>                                                  <span inprof='y' id='120_3_1' class='date'>Jan 2008</span> - <span inprof='y' id='120_3_2' class='date'>Nov 2008</span>
<span inprof='n' id='120_4_1' class='some-position'>Role</span>:  <span inprof='y' id='120_4_2' class='role'>ETL Developer</span>
Project Description
This project was executed to develop enterprise knowledge data warehouse which is intended to ultimately delivering the right information to the right people in the <span inprof='y' id='121' class='skill'>underwriting</span> organization. System maintains claims, payments and financial information.

Responsibilities:
    *  Documenting functional specifications and other aspects used for the <span inprof='y' id='122' class='sofwr'>development of ETL</span> mappings ; 
    *  Worked with the Business Analysts for <span inprof='y' id='123' class='skill'>requirements gathering</span>, <span inprof='y' id='124' class='skill'>business analysis</span>, testing, and <span inprof='y' id='125' class='skill'>project coordination</span> ; 
    *  Documented user requirements, translating requirements into system solutions and developing implementation plan ; 
    *  Developed core components of the project which includes <span inprof='y' id='126' class='sofwr'>XML</span>, Validation of <span inprof='y' id='127' class='sofwr'>XSD</span> and created well defined Views in Pre-Staging area and Load them ; 
    *  Developing a number of Complex Mappings, Mapplets and Reusable Transformations using <span inprof='y' id='128_1' class='role'>Informatica Designer</span> to facilitate daily and monthly loading of data ; 
    *  Optimized Performance of existing Informatica workflows. ; 
    *  Scheduled Informatica Workflows using <span inprof='y' id='129_1' class='role'>workflow manager</span>.
Environment: <span inprof='y' id='130' class='sofwr'>Oracle 9i</span>, <span inprof='y' id='131' class='sofwr'>SQL Server 2000</span>,<span inprof='y' id='132' class='sofwr'>DB2</span>, <span inprof='y' id='133' class='sofwr'>Informatica Power Center 7.1</span>, <span inprof='y' id='134' class='sofwr'>Erwin</span>, <span inprof='y' id='135' class='sofwr'>Cognos</span>, <span inprof='y' id='136' class='sofwr'>XML</span>, <span inprof='y' id='137' class='sofwr'>Windows NT/2000</span>, <span inprof='y' id='138' class='sofwr'>Unix</span>


<span inprof='y' id='139_1' class='company'>XCEL Energy</span>, <span inprof='y' id='139_2' class='company'>Minnesota</span>, <span inprof='y' id='139_3' class='location'>MN</span>                                                          <span inprof='y' id='139_4_1' class='date'>Jan 2007</span> - <span inprof='y' id='139_4_2' class='date'>Dec 2007</span>
<span inprof='n' id='139_5_1' class='some-position'>Role</span>: <span inprof='y' id='139_5_2' class='role'>ETL Developer</span>
Project Description
This project was designed for integrating various Data Marts that targeted specific Business processes including Marketing, Generation, Transmission and Distribution etc. The data warehouse has been designed using <span inprof='y' id='140' class='sofwr'>Erwin</span> adopting Star Schema methodology. <span inprof='y' id='141' class='sofwr'>Cognos</span> was used to analyze business decisions and to build long-term strategic plans.

Contribution
<span inprof='n' id='142_1' class='some-position'>As</span> <span inprof='y' id='142_2' class='role'>a developer</span>, was responsible for
    *  Developed various Mappings with the collection of all Sources, Targets, and Transformations using <span inprof='y' id='143_1' class='role'>Informatica Designer</span> ; 
    *  Developed Mappings using Transformations like Expression, Filter, <span inprof='y' id='144_1' class='role'>Joiner</span> and Lookups for better data messaging and to migrate clean and consistent data ; 
    *  Extracted data from various sources across the organization (<span inprof='y' id='145' class='sofwr'>Oracle</span>, <span inprof='y' id='146' class='sofwr'>SQL Server</span> and Flat files ) and loading into staging area ; 
    *  Created and scheduled Sessions and Batch Process based on demand, run on time, or run only once using <span inprof='y' id='147_1' class='role'>Informatica Workflow Manager</span> and monitoring the data loads using the Workflow Monitor	 ; 
    *  Participated in Testing and  performance tuning by identifying bottlenecks in mapping logic and resolving them, setting cache values and creating partitions for <span inprof='y' id='148' class='skill'>parallel processing</span> of data ; 
    *  Developed Reports in <span inprof='n' id='149' class='company'>Cognos Impromptu and Power</span> play

Environment: <span inprof='y' id='150' class='sofwr'>Oracle 9i</span>, <span inprof='y' id='151' class='sofwr'>SQL Server 2000</span>, <span inprof='y' id='152' class='sofwr'>PL/SQL</span>, <span inprof='y' id='153' class='sofwr'>Informatica Power Center 7.1</span>, <span inprof='y' id='154' class='sofwr'>Erwin</span>, <span inprof='y' id='155' class='sofwr'>Cognos</span>, <span inprof='y' id='156' class='sofwr'>Windows NT/2000</span>, <span inprof='y' id='157' class='sofwr'>UNIX</span>




{{FOOTER}}



                                                                                                                                          5




{{END_FOOTER}}

</TextResume>

</NonXMLResume>



<UserArea>
<DaxResumeUserArea>
<AdditionalPersonalData>
<ExperienceSummary>
<TotalMonthsOfWorkExperience>92</TotalMonthsOfWorkExperience>
<TotalYearsOfWorkExperience>8</TotalYearsOfWorkExperience>
<ExecutiveBrief>Madhu Tirumandyam has been working in the IT  occupational sector for more than 8 years. Currently she is employed as an ETL and Teradata Developer at PayPal. Madhu has extensive knowledge of Teradata, UNIX, Informatica Analytics Package > Informatica PowerCenter, ETL, Oracle, Linux, PeopleSoft, Oracle 9i, Oracle 11g, Microsoft SQL Server 2000, Logic Works ERwin/ERX, Informatica, Cognos Impromptu, Business Objects, shell scripting, XML, Oracle PL/SQL, Microsoft SQL Server, ER Viewer, EDW, XML Schema, Scrum Methodology, Regression Testing, Oracle 10G, FTP, DB2, Control-M. So far Madhu has not gained any managerial experience.</ExecutiveBrief>
</ExperienceSummary>
</AdditionalPersonalData>
<ParserInfo>
<ParserConfiguration>{max_len=50000} {tel_flag=} {send_zip=} {fast_conv=} {DEF_LOCAL=} {sdate=0} {no_email_body=0} {do_clever_zoning=1} {keep_span=1} {complex=1} {accept_langs=} {not_accept_langs=} {prefer_lang_cv=EN} {pers_only=0} {turbo=0} {split_language=0} {picture=0} {picture_inline=0} {name_space=0} {charset=} {hrxml_upgrade_edu_hist=0}{hrxml_add_languages_section=0}{spool=} {docID=} {user=DEFAULT} </ParserConfiguration>
<ParserRelease>0.12.3.32629</ParserRelease>
<ParserReleaseDate>2014-06-18</ParserReleaseDate>
<ParserSchema>2.0.29</ParserSchema>
<ParserSchemaLocation>http://cvx.daxtra.com/cvts/xsd/candidate/2.0.29/Resume.xsd</ParserSchemaLocation>
<ConverterRelease>0.5.2.32629</ConverterRelease>
<ConverterReleaseDate>2014-06-18</ConverterReleaseDate>
</ParserInfo>
<FileStruct filename='/home/izoom/anazarov/grammar/analysis/3rconnect/doc/100_Resume-ApTask/Madhu_Tirumandyam.doc'>

<attachment fname='Madhu_Tirumandyam.doc' ftype='doc' conv='yes' doc_type='cv' lang='EN'>/home/izoom/anazarov/grammar/analysis/3rconnect/doc/100_Resume-ApTask/Madhu_Tirumandyam.doc</attachment>


</FileStruct>
</DaxResumeUserArea>
</UserArea>
</Resume>
