<?xml version='1.0' encoding='ISO-8859-1'?>
<Resume lang='en' src='DAXTRA-CVX schema:2.0.29 release:0.12.3.32629 rdate:2014-06-18'>
<StructuredXMLResume>
<ContactInfo>
<PersonName>
</PersonName>
<ContactMethod>
<Mobile id='3'>
<InternationalCountryCode>1</InternationalCountryCode>
<SubscriberNumber>361 596 3403</SubscriberNumber>
<FormattedNumber>+1 361 596 3403</FormattedNumber></Mobile>

<InternetEmailAddress id='2' type='main'>madhavg202@gmail.com</InternetEmailAddress>
</ContactMethod>
</ContactInfo>
<ExecutiveSummary>*  Over 6 years of experience in Application Development using Oracle 10g/11g, PL/SQL, and Developer Forms 6i/11g and Reports 6i/11g. ; 
    *  Experienced in interacting with Business Users, Business Analyst, IT Leads, Developers and System Analysts to gather and analyze business requirements and translating requirements to functional and technical design specifications. ; 
    *  Strong Knowledge on Oracle Architecture and Database Design. ; 
    *  Excellent conceptual knowledge of Oracle 10g/11g, PL/SQL and SQL. ; 
    *  Experience in Database design using Normalization and E/R Diagrams. ; 
    *  Rich experience in writing SQL Queries, Views, Materialized Views, PL/SQL Procedures, Functions, Packages, Triggers, Cursors, Collections, Ref Cursor, Cursor variables, System Reference Cursor, Dynamic SQL, Exceptions. ; 
    *  Experience in designing business requirements and modeling using oracle designer. ; 
    *  Experience in developing External Tables, Joins, Indexes and sequences. ; 
    *  Experience in query optimization, performance and tuning (PL/SQL) using SQL Trace, TKPROF, Explain Plan, Indexing, Hints, Bulk Binds, Bulk Collect, Creation of global temporary tables and table partitioning. ; 
    *  Extreme Use of Exception Handling methods along with Pragma_Exception_init in order to associate our own created exception names. ;</ExecutiveSummary>


<EmploymentHistory>
<EmployerOrg employerOrgType='soleEmployer'>
<EmployerOrgName id='82_1'>United Shore Financial Services</EmployerOrgName>
<EmployerContactInfo>
<LocationSummary id='82_2'>
<Municipality>Troy</Municipality>
<Region>MI</Region>
<CountryCode>US</CountryCode>
</LocationSummary>
</EmployerContactInfo>
<PositionHistory positionType='PERMANENT'>
<Title id='82_4_1'>PL/SQL Developer</Title>
<OrgName id='82_1'>United Shore Financial Services</OrgName>



<Description>Description: USFS was operating under the name Shore Financial Services, Inc., on the principle of providing borrowers with the opportunity to pursue the American Dream of homeownership. The foundation of our success is our team of more than 1,200 experienced and dedicated professionals. Our lines of business cover the complete spectrum of residential mortgage lending from retail to wholesale. Our brands include United Wholesale Mortgage, Shore Mortgage and Capital Mortgage Funding.


Responsibilities:

    *  Involved in designing ER diagram using oracle designer, to set the logical and physical relationships of database. ; 
    *  Developed Stored Procedures, Functions, Packages and SQL Scripts using PL/SQL. ; 
    *  Loaded the data into database tables using SQL*loader from text and excel files. ; 
    *  Developed data model, SQL Coding, SQL Query tuning process and Schemas. ; 
    *  Worked with the Business analysts and the DBA for requirements gathering, business analysis, testing, metrics and project coordination. ; 
    *  Migration of dbms jobs to control_M. ; 
    *  Scheduling jobs in control_M and handling them. ; 
    *  Used tortoise svn version control for changing the codes. ; 
    *  Making changes to the existing apex applications in the production. ; 
    *  Created SQL*plus reports as per client's various needs, and developed business objects. ; 
    *  Developed SQL Scripts, Packages and Procedures for Business rules check to implement business rules. ; 
    *  Used Bulk Collections, Indexes, and Materialized Views to improve the query executions. ; 
    *  Used Ref cursors and Collections for accessing complex data resulted from joining of large number of tables in pl/sql blocks and even have experience with exception handling.. ; 
    *  Atomized routine jobs using DBMS_JOB. On completion of these jobs an email will be sent out automatically with the help of UTL_MAIL. ; 
    *  Developed SQL and PL/SQL scripts to transfer tables across the schemas and databases. ; 
    *  Data loaded from legacy systems (ETL Operations) using PL/SQL and SQL*Loader. ; 
    *  Developed Procedures for efficient Error Handling process by capturing errors into user managed tables. ; 
    *  Archived many applications in the existing system and retrieval of necessary data from them. ; 
    *  Worked with java developers to repair and enhance current base of PL/SQL packages to fix production issues and build new functionality and improve processing time through code optimizations and indexes. ; 
    *  Performed SQL and PL/SQL Performance tuning and Application Tuning using various tools like TKPROF, AUTOTRACE and DBMS_SQLTUNE. ; 
    *  Developed UNIX Shell scripts to automate table creation, execute procedures. ; 
    *  Used ORACLE sql DEVELOPER for creating PL/SQL (trigger, sequence, stored procedure).

Environment : Oracle 10g/9i/11g, SQL, PL/SQL, SQL*Loader, UNIX Shell script, MS Access, TOAD, Oracle Forms 10g, Reports10g, Oracle Designer, UNIX, JAVA, Windows XP/2000.</Description>
<StartDate id='82_3_1'><YearMonth>2013-09</YearMonth></StartDate>
<EndDate id='82_3_2'>notApplicable</EndDate>




<JobCategory>
<TaxonomyName>JOBAREA</TaxonomyName>
<CategoryCode>it</CategoryCode>
</JobCategory>


<UserArea>
<DaxPositionHistoryUserArea>
<TLSPAN first_id='82' last_id='117' border_id='118'></TLSPAN>
<MonthsOfWork>9</MonthsOfWork>
</DaxPositionHistoryUserArea>
</UserArea>
</PositionHistory>
</EmployerOrg>

<EmployerOrg employerOrgType='soleEmployer'>
<EmployerOrgName id='118_1'>Delta Dental</EmployerOrgName>
<EmployerContactInfo>
<LocationSummary id='118_2'>
<Municipality>Roanoke</Municipality>
<Region>VA</Region>
<CountryCode>US</CountryCode>
</LocationSummary>
</EmployerContactInfo>
<PositionHistory positionType='CONTRACT'>
<Title id='118_4_1'>PL/SQL Developer</Title>
<OrgName id='118_1'>Delta Dental</OrgName>



<Description>Description: Delta Dental has been working to improve oral health and hygiene by emphasizing preventative care, because they believe that everyone deserves to enjoy a healthy smile. They offer national dental coverage-administering programs and reporting systems that provide groups and individuals with quality, cost-effective dental benefits and superior customer service.


Responsibilities:

    *  Worked with the Business analysts and the DBA for requirements gathering, business analysis, testing, metrics and project coordination. ; 
    *  Involved in designing ER diagram using oracle designer, to set the logical and physical relationships of database. ; 
    *  Developed Stored Procedures, Functions, Packages and SQL Scripts using PL/SQL. ; 
    *  Loaded the data into database tables using SQL*loader from text and excel files. ; 
    *  Developed data model, SQL Coding, SQL Query tuning process and Schemas. ; 
    *  Created SQL*plus reports as per client's various needs, and developed business objects. ; 
    *  Developed SQL Scripts, Packages and Procedures for Business rules check to implement business rules. ; 
    *  Used Bulk Collections, Indexes, and Materialized Views to improve the query executions. ; 
    *  Used Ref cursors and Collections for accessing complex data resulted from joining of large number of tables in pl/sql blocks and even have experience with exception handling.. ; 
    *  Atomized routine jobs using DBMS_JOB. On completion of these jobs an email will be sent out automatically with the help of UTL_MAIL. ; 
    *  Developed SQL and PL/SQL scripts to transfer tables across the schemas and databases. ; 
    *  Data loaded from legacy systems (ETL Operations) using PL/SQL and SQL*Loader. ; 
    *  Developed custom Forms and Reports as per client requirements and making them web enabled using Oracle Reports builder 6i and Oracle Forms builder 6i respectively. ; 
    *  Developed Procedures for efficient Error Handling process by capturing errors into user managed tables. ; 
    *  Using Swing Concepts in Java Front End Forms are designed. ; 
    *  Using Oracle developer Database tools to write triggers and procedures, Function. ; 
    *  Archived many applications in the existing system and retrieval of necessary data from them. ; 
    *  Worked with java developers to repair and enhance current base of PL/SQL packages to fix production issues and build new functionality and improve processing time through code optimizations and indexes. ; 
    *  Performed SQL and PL/SQL Performance tuning and Application Tuning using various tools like TKPROF, AUTOTRACE and DBMS_SQLTUNE. ; 
    *  Using perl script for database connectivity using DBI which connects to backend database drivers. ; 
    *  Developed UNIX Shell scripts to automate table creation, execute procedures. ; 
    *  Used ORACLE sql DEVELOPER for creating PL/SQL (trigger, sequence, stored procedure).

Environment: Oracle 10g, SQL, PLSQL, SQL*Loader, UNIX Shell script, TOAD, Java.</Description>
<StartDate id='118_3_1'><YearMonth>2013-01</YearMonth></StartDate>
<EndDate id='118_3_2'><YearMonth>2013-07</YearMonth></EndDate>




<JobCategory>
<TaxonomyName>JOBAREA</TaxonomyName>
<CategoryCode>it</CategoryCode>
</JobCategory>


<UserArea>
<DaxPositionHistoryUserArea>
<TLSPAN first_id='118' last_id='151' border_id='152'></TLSPAN>
<MonthsOfWork>7</MonthsOfWork>
</DaxPositionHistoryUserArea>
</UserArea>
</PositionHistory>
</EmployerOrg>

<EmployerOrg employerOrgType='soleEmployer'>
<EmployerOrgName id='152_1'>Ameri Group</EmployerOrgName>
<EmployerContactInfo>
<LocationSummary id='152_2'>
<Municipality>Virginia Beach</Municipality>
<Region>VA</Region>
<CountryCode>US</CountryCode>
</LocationSummary>
</EmployerContactInfo>
<PositionHistory positionType='PERMANENT'>
<Title id='152_4_1'>PL/SQL Developer</Title>
<OrgName id='152_1'>Ameri Group</OrgName>



<Description>Description: Amerigroup offers coordinated health insurance coverage and related services to Medicare members. This system takes the input from different tables and makes the timesheet for each employee. This timesheet contains Employee id, employee name, project code, time spent in each project, extra activity like project meeting and so on. On basis of this output, one ASCII flat file will be generated that contains an extra column, which reflects the percentage time spent on each project.

Responsibilities:
    *  Involved in analysis, Design, Development phases of the project. ; 
    *  Designed ER diagram using Erwin, to set the logical and physical relationships of database. ; 
    *  Involved in walkthrough sessions with business users during Analysis and Designing phase. Writing PL/SQL Stored Procedures, Functions, and Packages to meet the business requirements. ; 
    *  Involved in implementing the data integrity validation checks through constraints and triggers. ; 
    *  Extensive use of XML. ; 
    *  Writing SQL reports and scheduling these reports from UNIX scripts. ; 
    *  Created SQL*Loader control files for moving the data from flat files to staging area tables. ; 
    *  Worked on performance issues and used EXPLAIN PLAN for tuning the queries ; 
    *  Worked with Bulk Collections for bulk load processing. Involved in code walk through and review sessions with the development team. ; 
    *  Involved in the migration project to load data from mainframe systems into oracle database. ; 
    *  Involved in Troubleshooting Performance issues and bugs within packages and stored procedures using dbms_output and Explain Plan. ; 
    *  Performance of the queries is enhanced by executing optimization techniques such as Index Creation, Table Partition and Coding Stored Procedures. ; 
    *  Involved in developing data conversion programs using SQL *Loader, PL/SQL and UNIX Shell Scripts. ; 
    *  Developed Master Detail reports in Reports 6i to meet the requirements of end users within the system. ; 
    *  Developed Data Entry Forms, complex and template forms in Forms 6i.Creation of Pop-up Menus and maintaining Master Detail relation-ship. ; 
    *  Development of client side program units and sharing them among multiple applications for processing business logic in the database.

Environment: Oracle 10g/9i, SQL, PL/SQL, SQL*Loader, MS Access,  UNIX Shell script, TOAD, Oracle Forms 10g,Reports10g,UNIX, Windows XP/2000.owb 10g.</Description>
<StartDate id='152_3_1'><YearMonth>2011-10</YearMonth></StartDate>
<EndDate id='152_3_2'><YearMonth>2012-12</YearMonth></EndDate>




<JobCategory>
<TaxonomyName>JOBAREA</TaxonomyName>
<CategoryCode>it</CategoryCode>
</JobCategory>


<UserArea>
<DaxPositionHistoryUserArea>
<TLSPAN first_id='152' last_id='177' border_id='178'></TLSPAN>
<MonthsOfWork>15</MonthsOfWork>
</DaxPositionHistoryUserArea>
</UserArea>
</PositionHistory>
</EmployerOrg>

<EmployerOrg employerOrgType='soleEmployer'>
<EmployerOrgName id='178_1'>Amway</EmployerOrgName>
<EmployerContactInfo>
<LocationSummary id='178_2'>
<Municipality>Grand Rapids</Municipality>
<Region>MI</Region>
<CountryCode>US</CountryCode>
</LocationSummary>
</EmployerContactInfo>
<PositionHistory positionType='CONTRACT'>
<Title id='178_4_1'>PL/SQL Developer</Title>
<OrgName id='178_1'>Amway</OrgName>



<Description>Description: Amway Corporation is an American-based pioneer in the direct selling industry.  They manufacture more than 450 products that are sold through independent business owners (IBOs). They are primarily focused on health, wellness, and beauty products. This system maintains information about customer details, products supplied and inventory information. Other important feature of this application is that it keeps track of the details of customer complaints and the concerned action taken. Check statements/alert statements were designed using triggers, procedures and functions.

Responsibilities:
    *  Developing SQL and PL/SQL scripts for problem solving. ; 
    *  Generating reports using Report builder ; 
    *  Establish onsite/offshore communication between onsite users and offshore project teams. ; 
    *  Tracking and ensuring timely deliveries as per SLAs committed to the client. ; 
    *  Interacting with the client and project teams to ensure issue resolution and to provide technological and business solutions to the clients. ; 
    *  Interacted with the Business Analysts in understanding the business requirements for the project. ; 
    *  Gathered the requirements from the users and analyzed their business needs and created SRS documents. ; 
    *  Involved in SDLC including designing, coding and testing. ; 
    *  Created database objects like tables, views, procedures, packages using Oracle tools like SQL* Plus, PL/SQL and TOAD. ; 
    *  Wrote complex SQL queries including inline queries and sub queries for faster data retrieval from multiple tables. ; 
    *  Using associative array from perl programming for indexing and performance issues in unix environment. ; 
    *  Used Ref cursors and Collections for accessing complex data resulted from joining of large number of tables. ; 
    *  Worked with Bulk Collects to improve the performance of multi-row queries by reducing the context switching. ; 
    *  Used Exception Handling extensively for the ease of debugging and displaying the error messages in the application. ; 
    *  Created and modified several UNIX Shell Scripts according to the changing needs of the project and client requirements.

Environment: Oracle 10g, SQL, PLSQL, SQL*Loader, UNIX Shell script, TOAD, Java.</Description>
<StartDate id='178_3_1'><YearMonth>2011-02</YearMonth></StartDate>
<EndDate id='178_3_2'><YearMonth>2011-09</YearMonth></EndDate>




<JobCategory>
<TaxonomyName>JOBAREA</TaxonomyName>
<CategoryCode>it</CategoryCode>
</JobCategory>


<UserArea>
<DaxPositionHistoryUserArea>
<TLSPAN first_id='178' last_id='202' border_id='203'></TLSPAN>
<MonthsOfWork>8</MonthsOfWork>
</DaxPositionHistoryUserArea>
</UserArea>
</PositionHistory>
</EmployerOrg>

<EmployerOrg employerOrgType='soleEmployer'>
<EmployerOrgName id='203_1'>Sierra Atlantic</EmployerOrgName>
<EmployerContactInfo>
<LocationSummary id='203_2'>
<Municipality>Hyderabad</Municipality>
<Region>Andhra Pradesh</Region>
<CountryCode>IN</CountryCode>
</LocationSummary>
</EmployerContactInfo>
<PositionHistory positionType='PERMANENT'>
<Title id='203_4_1'>Oracle Developer</Title>
<OrgName id='203_1'>Sierra Atlantic</OrgName>



<Description>Description: Development of Revenue Application. This application supported by the business team to track the business activities including Invoice generation and Payments. This system was developed using Reports, SQL and PL/SQL.

Responsibilities:
    *  Involved in Database Design and Analysis. ; 
    *  Analyzed and Created Partitions on the tables to improve the performance and enhance parallel processing. ; 
    *  Design and Developed data validation, load processes using PL/SQL, Stored Procedures, Functions, and Triggers using Oracle 9i. ; 
    *  Created Control Files and used SQL* Loader to upload bulk data into database from external files. ; 
    *  Actively involved in Production Support by Performing Tests, Trouble Shooting and Bug Fixing. ; 
    *  Involved in formulating general methodologies, naming conventions and coding standards for various procedures and packages ; 
    *  Involved in Code Standardization and Documentation. ; 
    *  Involved in Logical and Physical Database design. Identified the tables and relationship between tables. ; 
    *  Used for all and bulk collect to fetch large volumes of data in PL/SQL objects. ; 
    *  Involved in database Performance Tuning and monitoring. ; 
    *  Designed Report output formats, complex filtering and formula calculations, as well as the rendering of multi-band and multi-grouped reports. ; 
    *  Developed complex triggers in reports before/after for validation of user input. ; 
    *  Coordinated between management, users and technical teams for Requirement Gathering ; 
    *  Involved in various activities like preparation of Technical Documentation, Client Discussions for purposed solution and User Acceptance Testing.
Environment: ORACLE 7.x, Reports 6i, PL/SQL, SQL Loader, SQL.</Description>
<StartDate id='203_3_1'><YearMonth>2008-04</YearMonth></StartDate>
<EndDate id='203_3_2'><YearMonth>2010-12</YearMonth></EndDate>




<JobCategory>
<TaxonomyName>JOBAREA</TaxonomyName>
<CategoryCode>it</CategoryCode>
</JobCategory>


<UserArea>
<DaxPositionHistoryUserArea>
<TLSPAN first_id='203' last_id='223' border_id='0'></TLSPAN>
<MonthsOfWork>33</MonthsOfWork>
</DaxPositionHistoryUserArea>
</UserArea>
</PositionHistory>
</EmployerOrg>

</EmploymentHistory>
<EducationHistory>
<SchoolOrInstitution schoolType='university'>
<SchoolName id='52_3'>Andhra University</SchoolName>
<LocationSummary id='52_4'>
<CountryCode>IN</CountryCode>
</LocationSummary>


<Degree degreeType='bachelors'>
<DegreeName id='52_2'>Bachelor's</DegreeName>

</Degree>
<Major id='52_2'>IT</Major>




</SchoolOrInstitution>

</EducationHistory>











<Competency oids='7 14 19 21 35 66 88 95 97 99 101 103 106 127 130 132 139 141 144 147 159 164 168 181 189 198 207 210 215 221 ' description='Skill > IT' auth='yes' name='Oracle PL/SQL'>
<CompetencyEvidence name='Extent of Experience' typeDescription='Extent of Experience' type='MONTH' lastUsed='2014'><NumericValue description='MONTH'>72</NumericValue></CompetencyEvidence>

<CompetencyEvidence typeDescription='Alias' name='Alias'><StringValue>PL/SQL</StringValue></CompetencyEvidence>

<CompetencyEvidence typeDescription='Alias' name='Alias'><StringValue>PLSQL</StringValue></CompetencyEvidence>

<CompetencyWeight type='skillLevel'><NumericValue minValue='0' maxValue='100'>71</NumericValue></CompetencyWeight>

<CompetencyWeight type='skillProficiency'><StringValue minValue='BASIC' maxValue='EXCELLENT'>GOOD</StringValue></CompetencyWeight>
</Competency>

<Competency oids='15 18 22 34 58 65 94 100 105 129 140 146 167 180 191 197 206 223 ' description='Skill > IT' auth='yes' name='SQL'>
<CompetencyEvidence name='Extent of Experience' typeDescription='Extent of Experience' type='MONTH' lastUsed='2014'><NumericValue description='MONTH'>72</NumericValue></CompetencyEvidence>

<CompetencyEvidence typeDescription='Alias' name='Alias'><StringValue>SQL Queries</StringValue></CompetencyEvidence>

<CompetencyWeight type='skillLevel'><NumericValue minValue='0' maxValue='100'>68</NumericValue></CompetencyWeight>

<CompetencyWeight type='skillProficiency'><StringValue minValue='BASIC' maxValue='EXCELLENT'>GOOD</StringValue></CompetencyWeight>
</Competency>

<Competency oids='25 36 89 98 107 128 133 148 163 169 199 213 222 ' description='Skill > IT' auth='yes' name='Microsoft SQL*Loader'>
<CompetencyEvidence name='Extent of Experience' typeDescription='Extent of Experience' type='MONTH' lastUsed='2014'><NumericValue description='MONTH'>72</NumericValue></CompetencyEvidence>

<CompetencyEvidence typeDescription='Alias' name='Alias'><StringValue>SQL*Loader</StringValue></CompetencyEvidence>

<CompetencyEvidence typeDescription='Alias' name='Alias'><StringValue>SQL Loader</StringValue></CompetencyEvidence>

<CompetencyWeight type='skillLevel'><NumericValue minValue='0' maxValue='100'>97</NumericValue></CompetencyWeight>

<CompetencyWeight type='skillProficiency'><StringValue minValue='BASIC' maxValue='EXCELLENT'>EXCELLENT</StringValue></CompetencyWeight>
</Competency>

<Competency oids='6 13 57 104 112 145 166 174 196 ' description='Skill > IT' auth='yes' name='Oracle 10G'>
<CompetencyEvidence name='Extent of Experience' typeDescription='Extent of Experience' type='MONTH' lastUsed='2014'><NumericValue description='MONTH'>39</NumericValue></CompetencyEvidence>

<CompetencyEvidence typeDescription='Alias' name='Alias'><StringValue>knowledge of Oracle 10g</StringValue></CompetencyEvidence>

<CompetencyEvidence typeDescription='Alias' name='Alias'><StringValue>10g 10g</StringValue></CompetencyEvidence>

<CompetencyEvidence typeDescription='Alias' name='Alias'><StringValue>Oracle 10g/9i 9i</StringValue></CompetencyEvidence>

<CompetencyWeight type='skillLevel'><NumericValue minValue='0' maxValue='100'>68</NumericValue></CompetencyWeight>

<CompetencyWeight type='skillProficiency'><StringValue minValue='BASIC' maxValue='EXCELLENT'>GOOD</StringValue></CompetencyWeight>
</Competency>

<Competency oids='33 38 108 149 165 171 195 200 ' description='Skill > IT' auth='yes' name='shell scripting'>
<CompetencyEvidence name='Extent of Experience' typeDescription='Extent of Experience' type='MONTH' lastUsed='2014'><NumericValue description='MONTH'>39</NumericValue></CompetencyEvidence>

<CompetencyEvidence typeDescription='Alias' name='Alias'><StringValue>UNIX shell scripting</StringValue></CompetencyEvidence>

<CompetencyEvidence typeDescription='Alias' name='Alias'><StringValue>UNIX shell</StringValue></CompetencyEvidence>

<CompetencyEvidence typeDescription='Alias' name='Alias'><StringValue>UNIX Shell script</StringValue></CompetencyEvidence>

<CompetencyEvidence typeDescription='Alias' name='Alias'><StringValue>UNIX Shell Scripts</StringValue></CompetencyEvidence>

<CompetencyWeight type='skillLevel'><NumericValue minValue='0' maxValue='100'>95</NumericValue></CompetencyWeight>

<CompetencyWeight type='skillProficiency'><StringValue minValue='BASIC' maxValue='EXCELLENT'>EXCELLENT</StringValue></CompetencyWeight>
</Competency>

<Competency oids='8 27 28 30 62 111 137 173 ' description='Skill > IT' auth='yes' name='Oracle Forms'>
<CompetencyEvidence name='Extent of Experience' typeDescription='Extent of Experience' type='MONTH' lastUsed='2014'><NumericValue description='MONTH'>31</NumericValue></CompetencyEvidence>

<CompetencyEvidence typeDescription='Alias' name='Alias'><StringValue>Forms</StringValue></CompetencyEvidence>

<CompetencyEvidence typeDescription='Alias' name='Alias'><StringValue>Oracle Forms 6i 6i</StringValue></CompetencyEvidence>

<CompetencyWeight type='skillLevel'><NumericValue minValue='0' maxValue='100'>94</NumericValue></CompetencyWeight>

<CompetencyWeight type='skillProficiency'><StringValue minValue='BASIC' maxValue='EXCELLENT'>EXCELLENT</StringValue></CompetencyWeight>
</Competency>

<Competency oids='59 69 79 114 161 175 193 ' description='Skill > IT' auth='yes' name='UNIX'>
<CompetencyEvidence name='Extent of Experience' typeDescription='Extent of Experience' type='MONTH' lastUsed='2014'><NumericValue description='MONTH'>32</NumericValue></CompetencyEvidence>

<CompetencyEvidence typeDescription='Alias' name='Alias'><StringValue>unix environment</StringValue></CompetencyEvidence>

<CompetencyWeight type='skillLevel'><NumericValue minValue='0' maxValue='100'>94</NumericValue></CompetencyWeight>

<CompetencyWeight type='skillProficiency'><StringValue minValue='BASIC' maxValue='EXCELLENT'>EXCELLENT</StringValue></CompetencyWeight>
</Competency>

<Competency oids='71 110 150 172 190 201 ' description='Skill > IT' auth='yes' name='TOAD'>
<CompetencyEvidence name='Extent of Experience' typeDescription='Extent of Experience' type='MONTH' lastUsed='2014'><NumericValue description='MONTH'>39</NumericValue></CompetencyEvidence>

<CompetencyWeight type='skillLevel'><NumericValue minValue='0' maxValue='100'>95</NumericValue></CompetencyWeight>

<CompetencyWeight type='skillProficiency'><StringValue minValue='BASIC' maxValue='EXCELLENT'>EXCELLENT</StringValue></CompetencyWeight>
</Competency>

<Competency oids='40 46 115 151 202 ' description='Skill > IT' auth='yes' name='Java'>
<CompetencyEvidence name='Extent of Experience' typeDescription='Extent of Experience' type='MONTH' lastUsed='2014'><NumericValue description='MONTH'>24</NumericValue></CompetencyEvidence>

<CompetencyEvidence typeDescription='Alias' name='Alias'><StringValue>working in Java</StringValue></CompetencyEvidence>

<CompetencyWeight type='skillLevel'><NumericValue minValue='0' maxValue='100'>65</NumericValue></CompetencyWeight>

<CompetencyWeight type='skillProficiency'><StringValue minValue='BASIC' maxValue='EXCELLENT'>GOOD</StringValue></CompetencyWeight>
</Competency>

<Competency oids='9 29 63 205 ' description='Skill > IT' auth='yes' name='Oracle Report'>
<CompetencyEvidence name='Extent of Experience' typeDescription='Extent of Experience' type='MONTH' lastUsed='2010'><NumericValue description='MONTH'>33</NumericValue></CompetencyEvidence>

<CompetencyEvidence typeDescription='Alias' name='Alias'><StringValue>Reports</StringValue></CompetencyEvidence>

<CompetencyWeight type='skillLevel'><NumericValue minValue='0' maxValue='100'>53</NumericValue></CompetencyWeight>

<CompetencyWeight type='skillProficiency'><StringValue minValue='BASIC' maxValue='EXCELLENT'>WORKING</StringValue></CompetencyWeight>
</Competency>

<Competency oids='20 87 113 126 ' description='Skill > IT' auth='yes' name='Oracle Designer 2000'>
<CompetencyEvidence name='Extent of Experience' typeDescription='Extent of Experience' type='MONTH' lastUsed='2014'><NumericValue description='MONTH'>16</NumericValue></CompetencyEvidence>

<CompetencyEvidence typeDescription='Alias' name='Alias'><StringValue>oracle designer</StringValue></CompetencyEvidence>

<CompetencyWeight type='skillLevel'><NumericValue minValue='0' maxValue='100'>94</NumericValue></CompetencyWeight>

<CompetencyWeight type='skillProficiency'><StringValue minValue='BASIC' maxValue='EXCELLENT'>EXCELLENT</StringValue></CompetencyWeight>
</Competency>

<Competency oids='91 122 216 ' description='Skill' auth='yes' name='Requirements Gathering'>
<CompetencyEvidence name='Extent of Experience' typeDescription='Extent of Experience' type='MONTH' lastUsed='2014'><NumericValue description='MONTH'>49</NumericValue></CompetencyEvidence>

<CompetencyEvidence typeDescription='Alias' name='Alias'><StringValue>Requirement Gathering</StringValue></CompetencyEvidence>

<CompetencyWeight type='skillLevel'><NumericValue minValue='0' maxValue='100'>95</NumericValue></CompetencyWeight>

<CompetencyWeight type='skillProficiency'><StringValue minValue='BASIC' maxValue='EXCELLENT'>EXCELLENT</StringValue></CompetencyWeight>
</Competency>

<Competency oids='60 142 192 ' description='Skill > IT' auth='yes' name='Perl Programming'>
<CompetencyEvidence name='Extent of Experience' typeDescription='Extent of Experience' type='MONTH' lastUsed='2013'><NumericValue description='MONTH'>15</NumericValue></CompetencyEvidence>

<CompetencyEvidence name='Application' typeDescription='Application' type='programming'><StringValue>programming</StringValue></CompetencyEvidence>

<CompetencyEvidence typeDescription='Alias' name='Alias'><StringValue>PERL</StringValue></CompetencyEvidence>

<CompetencyWeight type='skillLevel'><NumericValue minValue='0' maxValue='100'>82</NumericValue></CompetencyWeight>

<CompetencyWeight type='skillProficiency'><StringValue minValue='BASIC' maxValue='EXCELLENT'>EXCELLENT</StringValue></CompetencyWeight>
</Competency>

<Competency oids='11 162 219 ' description='Skill > IT' auth='yes' name='Oracle'>
<CompetencyEvidence name='Extent of Experience' typeDescription='Extent of Experience' type='MONTH' lastUsed='2012'><NumericValue description='MONTH'>48</NumericValue></CompetencyEvidence>

<CompetencyEvidence typeDescription='Alias' name='Alias'><StringValue>oracle database</StringValue></CompetencyEvidence>

<CompetencyEvidence typeDescription='Alias' name='Alias'><StringValue>7.x 7.x</StringValue></CompetencyEvidence>

<CompetencyWeight type='skillLevel'><NumericValue minValue='0' maxValue='100'>68</NumericValue></CompetencyWeight>

<CompetencyWeight type='skillProficiency'><StringValue minValue='BASIC' maxValue='EXCELLENT'>GOOD</StringValue></CompetencyWeight>
</Competency>

<Competency oids='32 96 131 ' description='Skill > IT' auth='yes' name='ETL'>
<CompetencyEvidence name='Extent of Experience' typeDescription='Extent of Experience' type='MONTH' lastUsed='2014'><NumericValue description='MONTH'>16</NumericValue></CompetencyEvidence>

<CompetencyWeight type='skillLevel'><NumericValue minValue='0' maxValue='100'>91</NumericValue></CompetencyWeight>

<CompetencyWeight type='skillProficiency'><StringValue minValue='BASIC' maxValue='EXCELLENT'>EXCELLENT</StringValue></CompetencyWeight>
</Competency>

<Competency oids='86 125 157 ' description='Skill' auth='yes' name='Accident and Emergency'>
<CompetencyEvidence name='Extent of Experience' typeDescription='Extent of Experience' type='MONTH' lastUsed='2014'><NumericValue description='MONTH'>31</NumericValue></CompetencyEvidence>

<CompetencyEvidence typeDescription='Alias' name='Alias'><StringValue>ER</StringValue></CompetencyEvidence>

<CompetencyWeight type='skillLevel'><NumericValue minValue='0' maxValue='100'>97</NumericValue></CompetencyWeight>

<CompetencyWeight type='skillProficiency'><StringValue minValue='BASIC' maxValue='EXCELLENT'>EXCELLENT</StringValue></CompetencyWeight>
</Competency>

<Competency oids='93 124 ' description='Skill' auth='no' name='project coordination'>
<CompetencyEvidence name='Extent of Experience' typeDescription='Extent of Experience' type='MONTH' lastUsed='2014'><NumericValue description='MONTH'>16</NumericValue></CompetencyEvidence>

<CompetencyWeight type='skillLevel'><NumericValue minValue='0' maxValue='100'>91</NumericValue></CompetencyWeight>

<CompetencyWeight type='skillProficiency'><StringValue minValue='BASIC' maxValue='EXCELLENT'>EXCELLENT</StringValue></CompetencyWeight>
</Competency>

<Competency oids='119 120 ' description='Skill' auth='no' name='dental'>
<CompetencyEvidence name='Extent of Experience' typeDescription='Extent of Experience' type='MONTH' lastUsed='2013'><NumericValue description='MONTH'>7</NumericValue></CompetencyEvidence>

<CompetencyWeight type='skillLevel'><NumericValue minValue='0' maxValue='100'>85</NumericValue></CompetencyWeight>

<CompetencyWeight type='skillProficiency'><StringValue minValue='BASIC' maxValue='EXCELLENT'>EXCELLENT</StringValue></CompetencyWeight>
</Competency>

<Competency oids='49 160 ' description='Skill > IT' auth='yes' name='XML'>
<CompetencyEvidence name='Extent of Experience' typeDescription='Extent of Experience' type='MONTH' lastUsed='2012'><NumericValue description='MONTH'>15</NumericValue></CompetencyEvidence>

<CompetencyWeight type='skillLevel'><NumericValue minValue='0' maxValue='100'>65</NumericValue></CompetencyWeight>

<CompetencyWeight type='skillProficiency'><StringValue minValue='BASIC' maxValue='EXCELLENT'>GOOD</StringValue></CompetencyWeight>
</Competency>

<Competency oids='72 188 ' description='Skill > IT' auth='yes' name='SQLPlus'>
<CompetencyEvidence name='Extent of Experience' typeDescription='Extent of Experience' type='MONTH' lastUsed='2011'><NumericValue description='MONTH'>8</NumericValue></CompetencyEvidence>

<CompetencyEvidence typeDescription='Alias' name='Alias'><StringValue>SQL plus plus</StringValue></CompetencyEvidence>

<CompetencyEvidence typeDescription='Alias' name='Alias'><StringValue>SQL* Plus</StringValue></CompetencyEvidence>

<CompetencyWeight type='skillLevel'><NumericValue minValue='0' maxValue='100'>62</NumericValue></CompetencyWeight>

<CompetencyWeight type='skillProficiency'><StringValue minValue='BASIC' maxValue='EXCELLENT'>GOOD</StringValue></CompetencyWeight>
</Competency>

<Competency oids='73 204 ' description='Skill > IT' auth='yes' name='Oracle Applications'>
<CompetencyEvidence name='Extent of Experience' typeDescription='Extent of Experience' type='MONTH' lastUsed='2010'><NumericValue description='MONTH'>33</NumericValue></CompetencyEvidence>

<CompetencyEvidence typeDescription='Alias' name='Alias'><StringValue>Applications</StringValue></CompetencyEvidence>

<CompetencyEvidence typeDescription='Alias' name='Alias'><StringValue>Application</StringValue></CompetencyEvidence>

<CompetencyWeight type='skillLevel'><NumericValue minValue='0' maxValue='100'>54</NumericValue></CompetencyWeight>

<CompetencyWeight type='skillProficiency'><StringValue minValue='BASIC' maxValue='EXCELLENT'>WORKING</StringValue></CompetencyWeight>
</Competency>

<Competency oids='56 212 ' description='Skill > IT' auth='yes' name='Oracle 9i'>
<CompetencyEvidence name='Extent of Experience' typeDescription='Extent of Experience' type='MONTH' lastUsed='2010'><NumericValue description='MONTH'>33</NumericValue></CompetencyEvidence>

<CompetencyEvidence typeDescription='Alias' name='Alias'><StringValue>9i 9i</StringValue></CompetencyEvidence>

<CompetencyWeight type='skillLevel'><NumericValue minValue='0' maxValue='100'>49</NumericValue></CompetencyWeight>

<CompetencyWeight type='skillProficiency'><StringValue minValue='BASIC' maxValue='EXCELLENT'>WORKING</StringValue></CompetencyWeight>
</Competency>

<Competency oids='184 185 ' description='Skill' auth='yes' name='Offshore Oil &#38; Gas'>
<CompetencyEvidence name='Extent of Experience' typeDescription='Extent of Experience' type='MONTH' lastUsed='2011'><NumericValue description='MONTH'>8</NumericValue></CompetencyEvidence>

<CompetencyEvidence typeDescription='Alias' name='Alias'><StringValue>offshore</StringValue></CompetencyEvidence>

<CompetencyWeight type='skillLevel'><NumericValue minValue='0' maxValue='100'>65</NumericValue></CompetencyWeight>

<CompetencyWeight type='skillProficiency'><StringValue minValue='BASIC' maxValue='EXCELLENT'>GOOD</StringValue></CompetencyWeight>
</Competency>

<Competency oids='78 116 ' description='Skill > IT' auth='yes' name='Microsoft Windows XP'>
<CompetencyEvidence name='Extent of Experience' typeDescription='Extent of Experience' type='MONTH' lastUsed='2014'><NumericValue description='MONTH'>9</NumericValue></CompetencyEvidence>

<CompetencyEvidence typeDescription='Alias' name='Alias'><StringValue>XP</StringValue></CompetencyEvidence>

<CompetencyEvidence typeDescription='Alias' name='Alias'><StringValue>Windows XP</StringValue></CompetencyEvidence>

<CompetencyWeight type='skillLevel'><NumericValue minValue='0' maxValue='100'>89</NumericValue></CompetencyWeight>

<CompetencyWeight type='skillProficiency'><StringValue minValue='BASIC' maxValue='EXCELLENT'>EXCELLENT</StringValue></CompetencyWeight>
</Competency>

<Competency oids='109 170 ' description='Skill > IT' auth='yes' name='Microsoft Access'>
<CompetencyEvidence name='Extent of Experience' typeDescription='Extent of Experience' type='MONTH' lastUsed='2014'><NumericValue description='MONTH'>24</NumericValue></CompetencyEvidence>

<CompetencyEvidence typeDescription='Alias' name='Alias'><StringValue>MS Access</StringValue></CompetencyEvidence>

<CompetencyWeight type='skillLevel'><NumericValue minValue='0' maxValue='100'>92</NumericValue></CompetencyWeight>

<CompetencyWeight type='skillProficiency'><StringValue minValue='BASIC' maxValue='EXCELLENT'>EXCELLENT</StringValue></CompetencyWeight>
</Competency>

<Competency oids='42 47 ' description='Skill > IT' auth='yes' name='JDBC'>
<CompetencyWeight type='skillLevel'><NumericValue minValue='0' maxValue='100'>66</NumericValue></CompetencyWeight>

<CompetencyWeight type='skillProficiency'><StringValue minValue='BASIC' maxValue='EXCELLENT'>GOOD</StringValue></CompetencyWeight>
</Competency>

<Competency oids='41 44 ' description='Skill' auth='no' name='Had experience'>
<CompetencyWeight type='skillLevel'><NumericValue minValue='0' maxValue='100'>13</NumericValue></CompetencyWeight>
</Competency>

<Competency oids='48 67 ' description='Skill > IT' auth='yes' name='HTML'>
<CompetencyWeight type='skillLevel'><NumericValue minValue='0' maxValue='100'>66</NumericValue></CompetencyWeight>

<CompetencyWeight type='skillProficiency'><StringValue minValue='BASIC' maxValue='EXCELLENT'>GOOD</StringValue></CompetencyWeight>
</Competency>

<Competency oids='12 16 ' description='Skill > IT' auth='yes' name='Database Design'>
<CompetencyWeight type='skillLevel'><NumericValue minValue='0' maxValue='100'>13</NumericValue></CompetencyWeight>
</Competency>

<Competency oids='90 121 ' description='Skill' auth='yes' name='Database Administration'>
<CompetencyEvidence name='Extent of Experience' typeDescription='Extent of Experience' type='MONTH' lastUsed='2014'><NumericValue description='MONTH'>16</NumericValue></CompetencyEvidence>

<CompetencyEvidence typeDescription='Alias' name='Alias'><StringValue>DBA</StringValue></CompetencyEvidence>

<CompetencyWeight type='skillLevel'><NumericValue minValue='0' maxValue='100'>91</NumericValue></CompetencyWeight>

<CompetencyWeight type='skillProficiency'><StringValue minValue='BASIC' maxValue='EXCELLENT'>EXCELLENT</StringValue></CompetencyWeight>
</Competency>

<Competency oids='92 123 ' description='Skill' auth='yes' name='Business Analysis'>
<CompetencyEvidence name='Extent of Experience' typeDescription='Extent of Experience' type='MONTH' lastUsed='2014'><NumericValue description='MONTH'>16</NumericValue></CompetencyEvidence>

<CompetencyWeight type='skillLevel'><NumericValue minValue='0' maxValue='100'>91</NumericValue></CompetencyWeight>

<CompetencyWeight type='skillProficiency'><StringValue minValue='BASIC' maxValue='EXCELLENT'>EXCELLENT</StringValue></CompetencyWeight>
</Competency>

<Competency oids='182 ' description='Skill' auth='no' name='problem solving'>
<CompetencyEvidence name='Extent of Experience' typeDescription='Extent of Experience' type='MONTH' lastUsed='2011'><NumericValue description='MONTH'>8</NumericValue></CompetencyEvidence>

<CompetencyWeight type='skillLevel'><NumericValue minValue='0' maxValue='100'>65</NumericValue></CompetencyWeight>

<CompetencyWeight type='skillProficiency'><StringValue minValue='BASIC' maxValue='EXCELLENT'>GOOD</StringValue></CompetencyWeight>
</Competency>

<Competency oids='51 ' description='Skill' auth='no' name='presentation skills'>
<CompetencyWeight type='skillLevel'><NumericValue minValue='0' maxValue='100'>66</NumericValue></CompetencyWeight>

<CompetencyWeight type='skillProficiency'><StringValue minValue='BASIC' maxValue='EXCELLENT'>GOOD</StringValue></CompetencyWeight>
</Competency>

<Competency oids='209 ' description='Skill' auth='no' name='parallel processing'>
<CompetencyEvidence name='Extent of Experience' typeDescription='Extent of Experience' type='MONTH' lastUsed='2010'><NumericValue description='MONTH'>33</NumericValue></CompetencyEvidence>

<CompetencyWeight type='skillLevel'><NumericValue minValue='0' maxValue='100'>50</NumericValue></CompetencyWeight>

<CompetencyWeight type='skillProficiency'><StringValue minValue='BASIC' maxValue='EXCELLENT'>WORKING</StringValue></CompetencyWeight>
</Competency>

<Competency oids='50 ' description='Skill' auth='no' name='interpersonal skills'>
<CompetencyEvidence typeDescription='Alias' name='Alias'><StringValue>Strong interpersonal skills</StringValue></CompetencyEvidence>

<CompetencyWeight type='skillLevel'><NumericValue minValue='0' maxValue='100'>66</NumericValue></CompetencyWeight>

<CompetencyWeight type='skillProficiency'><StringValue minValue='BASIC' maxValue='EXCELLENT'>GOOD</StringValue></CompetencyWeight>
</Competency>

<Competency oids='24 ' description='Skill' auth='no' name='highly scalable archiving support'>
<CompetencyWeight type='skillLevel'><NumericValue minValue='0' maxValue='100'>13</NumericValue></CompetencyWeight>
</Competency>

<Competency oids='26 ' description='Skill' auth='no' name='front end development'>
<CompetencyWeight type='skillLevel'><NumericValue minValue='0' maxValue='100'>13</NumericValue></CompetencyWeight>
</Competency>

<Competency oids='45 ' description='Skill' auth='no' name='end web site development'>
<CompetencyWeight type='skillLevel'><NumericValue minValue='0' maxValue='100'>13</NumericValue></CompetencyWeight>
</Competency>

<Competency oids='84 ' description='Skill' auth='yes' name='Wholesale'>
<CompetencyEvidence name='Extent of Experience' typeDescription='Extent of Experience' type='MONTH' lastUsed='2014'><NumericValue description='MONTH'>9</NumericValue></CompetencyEvidence>

<CompetencyWeight type='skillLevel'><NumericValue minValue='0' maxValue='100'>94</NumericValue></CompetencyWeight>

<CompetencyWeight type='skillProficiency'><StringValue minValue='BASIC' maxValue='EXCELLENT'>EXCELLENT</StringValue></CompetencyWeight>
</Competency>

<Competency oids='217 ' description='Skill' auth='yes' name='User Acceptance Testing'>
<CompetencyEvidence name='Extent of Experience' typeDescription='Extent of Experience' type='MONTH' lastUsed='2010'><NumericValue description='MONTH'>33</NumericValue></CompetencyEvidence>

<CompetencyWeight type='skillLevel'><NumericValue minValue='0' maxValue='100'>49</NumericValue></CompetencyWeight>

<CompetencyWeight type='skillProficiency'><StringValue minValue='BASIC' maxValue='EXCELLENT'>WORKING</StringValue></CompetencyWeight>
</Competency>

<Competency oids='194 ' description='Skill' auth='no' name='Used Exception Handling'>
<CompetencyEvidence name='Extent of Experience' typeDescription='Extent of Experience' type='MONTH' lastUsed='2011'><NumericValue description='MONTH'>8</NumericValue></CompetencyEvidence>

<CompetencyWeight type='skillLevel'><NumericValue minValue='0' maxValue='100'>62</NumericValue></CompetencyWeight>

<CompetencyWeight type='skillProficiency'><StringValue minValue='BASIC' maxValue='EXCELLENT'>GOOD</StringValue></CompetencyWeight>
</Competency>

<Competency oids='211 ' description='Skill > IT' auth='yes' name='Stored Procedures'>
<CompetencyEvidence name='Extent of Experience' typeDescription='Extent of Experience' type='MONTH' lastUsed='2010'><NumericValue description='MONTH'>33</NumericValue></CompetencyEvidence>

<CompetencyWeight type='skillLevel'><NumericValue minValue='0' maxValue='100'>49</NumericValue></CompetencyWeight>

<CompetencyWeight type='skillProficiency'><StringValue minValue='BASIC' maxValue='EXCELLENT'>WORKING</StringValue></CompetencyWeight>
</Competency>

<Competency oids='186 ' description='Skill > IT' auth='yes' name='SDLC'>
<CompetencyEvidence name='Extent of Experience' typeDescription='Extent of Experience' type='MONTH' lastUsed='2011'><NumericValue description='MONTH'>8</NumericValue></CompetencyEvidence>

<CompetencyWeight type='skillLevel'><NumericValue minValue='0' maxValue='100'>63</NumericValue></CompetencyWeight>

<CompetencyWeight type='skillProficiency'><StringValue minValue='BASIC' maxValue='EXCELLENT'>GOOD</StringValue></CompetencyWeight>
</Competency>

<Competency oids='17 ' description='Skill' auth='no' name='Rich experience'>
<CompetencyWeight type='skillLevel'><NumericValue minValue='0' maxValue='100'>13</NumericValue></CompetencyWeight>
</Competency>

<Competency oids='220 ' description='Skill > IT' auth='no' name='Reports 6i'>
<CompetencyEvidence name='Extent of Experience' typeDescription='Extent of Experience' type='MONTH' lastUsed='2010'><NumericValue description='MONTH'>33</NumericValue></CompetencyEvidence>

<CompetencyEvidence typeDescription='Alias' name='Alias'><StringValue>Reports 6i 6i</StringValue></CompetencyEvidence>

<CompetencyWeight type='skillLevel'><NumericValue minValue='0' maxValue='100'>49</NumericValue></CompetencyWeight>

<CompetencyWeight type='skillProficiency'><StringValue minValue='BASIC' maxValue='EXCELLENT'>WORKING</StringValue></CompetencyWeight>
</Competency>

<Competency oids='214 ' description='Skill' auth='no' name='Production Support'>
<CompetencyEvidence name='Extent of Experience' typeDescription='Extent of Experience' type='MONTH' lastUsed='2010'><NumericValue description='MONTH'>33</NumericValue></CompetencyEvidence>

<CompetencyWeight type='skillLevel'><NumericValue minValue='0' maxValue='100'>49</NumericValue></CompetencyWeight>

<CompetencyWeight type='skillProficiency'><StringValue minValue='BASIC' maxValue='EXCELLENT'>WORKING</StringValue></CompetencyWeight>
</Competency>

<Competency oids='187 ' description='Skill > IT' auth='no' name='Oracle tools'>
<CompetencyEvidence name='Extent of Experience' typeDescription='Extent of Experience' type='MONTH' lastUsed='2011'><NumericValue description='MONTH'>8</NumericValue></CompetencyEvidence>

<CompetencyWeight type='skillLevel'><NumericValue minValue='0' maxValue='100'>62</NumericValue></CompetencyWeight>

<CompetencyWeight type='skillProficiency'><StringValue minValue='BASIC' maxValue='EXCELLENT'>GOOD</StringValue></CompetencyWeight>
</Competency>

<Competency oids='138 ' description='Skill > IT' auth='yes' name='Oracle Developer 2000'>
<CompetencyEvidence name='Extent of Experience' typeDescription='Extent of Experience' type='MONTH' lastUsed='2013'><NumericValue description='MONTH'>7</NumericValue></CompetencyEvidence>

<CompetencyEvidence typeDescription='Alias' name='Alias'><StringValue>Oracle developer</StringValue></CompetencyEvidence>

<CompetencyWeight type='skillLevel'><NumericValue minValue='0' maxValue='100'>80</NumericValue></CompetencyWeight>

<CompetencyWeight type='skillProficiency'><StringValue minValue='BASIC' maxValue='EXCELLENT'>EXCELLENT</StringValue></CompetencyWeight>
</Competency>

<Competency oids='55 ' description='Skill > IT' auth='yes' name='Oracle 8i'>
<CompetencyEvidence typeDescription='Alias' name='Alias'><StringValue>8i 8i</StringValue></CompetencyEvidence>

<CompetencyWeight type='skillLevel'><NumericValue minValue='0' maxValue='100'>13</NumericValue></CompetencyWeight>
</Competency>

<Competency oids='77 ' description='Skill > IT' auth='yes' name='Microsoft Windows Vista'>
<CompetencyEvidence typeDescription='Alias' name='Alias'><StringValue>Windows Vista</StringValue></CompetencyEvidence>

<CompetencyWeight type='skillLevel'><NumericValue minValue='0' maxValue='100'>13</NumericValue></CompetencyWeight>
</Competency>

<Competency oids='76 ' description='Skill > IT' auth='yes' name='Microsoft Windows 7'>
<CompetencyEvidence typeDescription='Alias' name='Alias'><StringValue>Windows 7</StringValue></CompetencyEvidence>

<CompetencyWeight type='skillLevel'><NumericValue minValue='0' maxValue='100'>13</NumericValue></CompetencyWeight>
</Competency>

<Competency oids='117 ' description='Skill > IT' auth='yes' name='Microsoft Windows 2000 Professional'>
<CompetencyEvidence name='Extent of Experience' typeDescription='Extent of Experience' type='MONTH' lastUsed='2014'><NumericValue description='MONTH'>9</NumericValue></CompetencyEvidence>

<CompetencyEvidence typeDescription='Alias' name='Alias'><StringValue>2000</StringValue></CompetencyEvidence>

<CompetencyWeight type='skillLevel'><NumericValue minValue='0' maxValue='100'>89</NumericValue></CompetencyWeight>

<CompetencyWeight type='skillProficiency'><StringValue minValue='BASIC' maxValue='EXCELLENT'>EXCELLENT</StringValue></CompetencyWeight>
</Competency>

<Competency oids='176 ' description='Skill > IT' auth='yes' name='Microsoft Windows'>
<CompetencyEvidence name='Extent of Experience' typeDescription='Extent of Experience' type='MONTH' lastUsed='2012'><NumericValue description='MONTH'>15</NumericValue></CompetencyEvidence>

<CompetencyEvidence typeDescription='Alias' name='Alias'><StringValue>Windows</StringValue></CompetencyEvidence>

<CompetencyWeight type='skillLevel'><NumericValue minValue='0' maxValue='100'>64</NumericValue></CompetencyWeight>

<CompetencyWeight type='skillProficiency'><StringValue minValue='BASIC' maxValue='EXCELLENT'>GOOD</StringValue></CompetencyWeight>
</Competency>

<Competency oids='74 ' description='Skill > IT' auth='yes' name='Microsoft Office'>
<CompetencyEvidence typeDescription='Alias' name='Alias'><StringValue>MS Office</StringValue></CompetencyEvidence>

<CompetencyWeight type='skillLevel'><NumericValue minValue='0' maxValue='100'>13</NumericValue></CompetencyWeight>
</Competency>

<Competency oids='39 ' description='Skill > IT' auth='yes' name='Microsoft .NET Technology'>
<CompetencyEvidence typeDescription='Alias' name='Alias'><StringValue>.net</StringValue></CompetencyEvidence>

<CompetencyWeight type='skillLevel'><NumericValue minValue='0' maxValue='100'>13</NumericValue></CompetencyWeight>
</Competency>

<Competency oids='158 ' description='Skill > IT' auth='yes' name='Logic Works ERwin/ERX'>
<CompetencyEvidence name='Extent of Experience' typeDescription='Extent of Experience' type='MONTH' lastUsed='2012'><NumericValue description='MONTH'>15</NumericValue></CompetencyEvidence>

<CompetencyEvidence typeDescription='Alias' name='Alias'><StringValue>Erwin</StringValue></CompetencyEvidence>

<CompetencyWeight type='skillLevel'><NumericValue minValue='0' maxValue='100'>67</NumericValue></CompetencyWeight>

<CompetencyWeight type='skillProficiency'><StringValue minValue='BASIC' maxValue='EXCELLENT'>GOOD</StringValue></CompetencyWeight>
</Competency>

<Competency oids='80 ' description='Skill > IT' auth='yes' name='Linux'>
<CompetencyWeight type='skillLevel'><NumericValue minValue='0' maxValue='100'>13</NumericValue></CompetencyWeight>
</Competency>

<Competency oids='43 ' description='Skill > IT' auth='yes' name='LINQ'>
<CompetencyWeight type='skillLevel'><NumericValue minValue='0' maxValue='100'>13</NumericValue></CompetencyWeight>
</Competency>

<Competency oids='136 ' description='Skill > IT' auth='yes' name='Java Swing'>
<CompetencyEvidence name='Extent of Experience' typeDescription='Extent of Experience' type='MONTH' lastUsed='2013'><NumericValue description='MONTH'>7</NumericValue></CompetencyEvidence>

<CompetencyEvidence typeDescription='Alias' name='Alias'><StringValue>Swing</StringValue></CompetencyEvidence>

<CompetencyWeight type='skillLevel'><NumericValue minValue='0' maxValue='100'>80</NumericValue></CompetencyWeight>

<CompetencyWeight type='skillProficiency'><StringValue minValue='BASIC' maxValue='EXCELLENT'>EXCELLENT</StringValue></CompetencyWeight>
</Competency>

<Competency oids='75 ' description='Skill > IT' auth='yes' name='IBM OS/2'>
<CompetencyEvidence typeDescription='Alias' name='Alias'><StringValue>OS</StringValue></CompetencyEvidence>

<CompetencyWeight type='skillLevel'><NumericValue minValue='0' maxValue='100'>13</NumericValue></CompetencyWeight>
</Competency>

<Competency oids='153 ' description='Skill' auth='yes' name='Health insurance'>
<CompetencyEvidence name='Extent of Experience' typeDescription='Extent of Experience' type='MONTH' lastUsed='2012'><NumericValue description='MONTH'>15</NumericValue></CompetencyEvidence>

<CompetencyWeight type='skillLevel'><NumericValue minValue='0' maxValue='100'>68</NumericValue></CompetencyWeight>

<CompetencyWeight type='skillProficiency'><StringValue minValue='BASIC' maxValue='EXCELLENT'>GOOD</StringValue></CompetencyWeight>
</Competency>

<Competency oids='61 ' description='Skill > IT' auth='yes' name='GUI Applications'>
<CompetencyEvidence typeDescription='Alias' name='Alias'><StringValue>GUI</StringValue></CompetencyEvidence>

<CompetencyWeight type='skillLevel'><NumericValue minValue='0' maxValue='100'>13</NumericValue></CompetencyWeight>
</Competency>

<Competency oids='208 ' description='Skill' auth='no' name='Database Design and Analysis'>
<CompetencyEvidence name='Extent of Experience' typeDescription='Extent of Experience' type='MONTH' lastUsed='2010'><NumericValue description='MONTH'>33</NumericValue></CompetencyEvidence>

<CompetencyWeight type='skillLevel'><NumericValue minValue='0' maxValue='100'>51</NumericValue></CompetencyWeight>

<CompetencyWeight type='skillProficiency'><StringValue minValue='BASIC' maxValue='EXCELLENT'>WORKING</StringValue></CompetencyWeight>
</Competency>

<Competency oids='68 ' description='Skill > IT' auth='no' name='CORE JAVA'>
<CompetencyWeight type='skillLevel'><NumericValue minValue='0' maxValue='100'>13</NumericValue></CompetencyWeight>
</Competency>

<Competency oids='5 ' description='Skill' auth='no' name='Application Development'>
<CompetencyEvidence name='Extent of Experience' typeDescription='Extent of Experience' type='YEAR'><NumericValue description='YEAR'>6</NumericValue></CompetencyEvidence>

<CompetencyEvidence typeDescription='Alias' name='Alias'><StringValue>Over 6 years of experience in Application Development</StringValue></CompetencyEvidence>

<CompetencyWeight type='skillLevel'><NumericValue minValue='0' maxValue='100'>13</NumericValue></CompetencyWeight>
</Competency>

<Competency oids='82_4_1 118_4_1 152_4_1 178_4_1 ' description='Held Position' auth='no' name='PL/SQL Developer'>
<CompetencyEvidence name='Extent of Experience' typeDescription='Extent of Experience' type='MONTH' lastUsed='2014'><NumericValue description='MONTH'>39</NumericValue></CompetencyEvidence>

<CompetencyWeight type='skillLevel'><NumericValue minValue='0' maxValue='100'>100</NumericValue></CompetencyWeight>

<CompetencyWeight type='skillProficiency'><StringValue minValue='BASIC' maxValue='EXCELLENT'>EXCELLENT</StringValue></CompetencyWeight>
</Competency>

<Competency oids='102_1 143_1 ' description='Held Position' auth='no' name='Used ORACLE sql DEVELOPER'>
<CompetencyEvidence name='Extent of Experience' typeDescription='Extent of Experience' type='MONTH' lastUsed='2014'><NumericValue description='MONTH'>16</NumericValue></CompetencyEvidence>

<CompetencyWeight type='skillLevel'><NumericValue minValue='0' maxValue='100'>94</NumericValue></CompetencyWeight>

<CompetencyWeight type='skillProficiency'><StringValue minValue='BASIC' maxValue='EXCELLENT'>EXCELLENT</StringValue></CompetencyWeight>
</Competency>

<Competency oids='155_1 156_1 ' description='Held Position' auth='no' name='Employee'>
<CompetencyEvidence name='Extent of Experience' typeDescription='Extent of Experience' type='MONTH' lastUsed='2012'><NumericValue description='MONTH'>15</NumericValue></CompetencyEvidence>

<CompetencyWeight type='skillLevel'><NumericValue minValue='0' maxValue='100'>68</NumericValue></CompetencyWeight>

<CompetencyWeight type='skillProficiency'><StringValue minValue='BASIC' maxValue='EXCELLENT'>GOOD</StringValue></CompetencyWeight>
</Competency>

<Competency oids='31_1 ' description='Held Position' auth='no' name='TOAD &#38; PL/SQL Developer'>
<CompetencyEvidence typeDescription='Alias' name='Alias'><StringValue>TOAD &#38; PL/SQL Developer</StringValue></CompetencyEvidence>

<CompetencyWeight type='skillLevel'><NumericValue minValue='0' maxValue='100'>13</NumericValue></CompetencyWeight>
</Competency>

<Competency oids='70_1 ' description='Held Position' auth='no' name='SQL Developer'>
<CompetencyWeight type='skillLevel'><NumericValue minValue='0' maxValue='100'>13</NumericValue></CompetencyWeight>
</Competency>

<Competency oids='183_1 ' description='Held Position' auth='no' name='Report builder'>
<CompetencyEvidence name='Extent of Experience' typeDescription='Extent of Experience' type='MONTH' lastUsed='2011'><NumericValue description='MONTH'>8</NumericValue></CompetencyEvidence>

<CompetencyWeight type='skillLevel'><NumericValue minValue='0' maxValue='100'>66</NumericValue></CompetencyWeight>

<CompetencyWeight type='skillProficiency'><StringValue minValue='BASIC' maxValue='EXCELLENT'>GOOD</StringValue></CompetencyWeight>
</Competency>

<Competency oids='134_1 ' description='Held Position' auth='no' name='Oracle Reports builder'>
<CompetencyEvidence name='Extent of Experience' typeDescription='Extent of Experience' type='MONTH' lastUsed='2013'><NumericValue description='MONTH'>7</NumericValue></CompetencyEvidence>

<CompetencyWeight type='skillLevel'><NumericValue minValue='0' maxValue='100'>84</NumericValue></CompetencyWeight>

<CompetencyWeight type='skillProficiency'><StringValue minValue='BASIC' maxValue='EXCELLENT'>EXCELLENT</StringValue></CompetencyWeight>
</Competency>

<Competency oids='135_1 ' description='Held Position' auth='no' name='Oracle Forms builder'>
<CompetencyEvidence name='Extent of Experience' typeDescription='Extent of Experience' type='MONTH' lastUsed='2013'><NumericValue description='MONTH'>7</NumericValue></CompetencyEvidence>

<CompetencyWeight type='skillLevel'><NumericValue minValue='0' maxValue='100'>83</NumericValue></CompetencyWeight>

<CompetencyWeight type='skillProficiency'><StringValue minValue='BASIC' maxValue='EXCELLENT'>EXCELLENT</StringValue></CompetencyWeight>
</Competency>

<Competency oids='203_4_1 ' description='Held Position' auth='no' name='Oracle Developer'>
<CompetencyEvidence name='Extent of Experience' typeDescription='Extent of Experience' type='MONTH' lastUsed='2010'><NumericValue description='MONTH'>33</NumericValue></CompetencyEvidence>

<CompetencyWeight type='skillLevel'><NumericValue minValue='0' maxValue='100'>54</NumericValue></CompetencyWeight>

<CompetencyWeight type='skillProficiency'><StringValue minValue='BASIC' maxValue='EXCELLENT'>WORKING</StringValue></CompetencyWeight>
</Competency>

<Competency oids='10_1 ' description='Held Position' auth='no' name='Business Analyst'>
<CompetencyWeight type='skillLevel'><NumericValue minValue='0' maxValue='100'>13</NumericValue></CompetencyWeight>
</Competency>

<Competency oids='52_2 ' description='Degree/Qualification' auth='yes' name='Bachelors Degree > Bachelors Degree IT'>
<CompetencyEvidence name='Application' typeDescription='Application' type='IT'><StringValue>IT</StringValue></CompetencyEvidence>

<CompetencyEvidence typeDescription='Alias' name='Alias'><StringValue>Bachelor's in IT</StringValue></CompetencyEvidence>

<CompetencyWeight type='skillLevel'><NumericValue minValue='0' maxValue='100'>12</NumericValue></CompetencyWeight>
</Competency>

<Competency description='Industry' auth='yes' name='industry~it'>
<CompetencyEvidence name='skillCount' typeDescription='skillCount'><NumericValue>5</NumericValue></CompetencyEvidence>

<CompetencyWeight type='skillLevel'><NumericValue minValue='0' maxValue='100'>100</NumericValue></CompetencyWeight>
</Competency>























<RevisionDate id='1'>2014-05-21</RevisionDate>
</StructuredXMLResume>
<NonXMLResume>

<TextResume>



<span inprof='n' id='1' class='date'>{{DOCUMENT_DATESTAMP}} 2014-5-21 {{END_DOCUMENT_DATESTAMP}}</span>


Madhava
<span inprof='y' id='2' class='email'>Email ID: madhavg202@gmail.com</span>
<span inprof='y' id='3' class='telephone'>Mobile: 361 596 3403</span>

<span inprof='n' id='4' class='objectives-mark'>SUMMARY:</span>
    *  <span inprof='y' id='5' class='skill'>Over 6 years of experience in Application Development</span> using <span inprof='y' id='6' class='sofwr'>Oracle 10g</span>/11g, <span inprof='y' id='7' class='sofwr'>PL/SQL</span>, and Developer <span inprof='y' id='8' class='sofwr'>Forms</span> 6i/11g and <span inprof='y' id='9' class='sofwr'>Reports</span> 6i/11g. ; 
    *  Experienced in interacting with Business Users, <span inprof='y' id='10_1' class='role'>Business Analyst</span>, IT Leads, Developers and System Analysts to gather and analyze business requirements and translating requirements to functional and technical design specifications. ; 
    *  Strong Knowledge on <span inprof='y' id='11' class='sofwr'>Oracle</span> Architecture and <span inprof='y' id='12' class='sofwr'>Database Design</span>. ; 
    *  Excellent conceptual <span inprof='y' id='13' class='sofwr'>knowledge of Oracle 10g</span>/11g, <span inprof='y' id='14' class='sofwr'>PL/SQL</span> and <span inprof='y' id='15' class='sofwr'>SQL</span>. ; 
    *  Experience in <span inprof='y' id='16' class='sofwr'>Database design</span> using Normalization and E/R Diagrams. ; 
    *  <span inprof='y' id='17' class='skill'>Rich experience</span> in writing <span inprof='y' id='18' class='sofwr'>SQL Queries</span>, Views, Materialized Views, <span inprof='y' id='19' class='sofwr'>PL/SQL</span> Procedures, Functions, Packages, Triggers, Cursors, Collections, Ref Cursor, Cursor variables, System Reference Cursor, Dynamic SQL, Exceptions. ; 
    *  Experience in designing business requirements and modeling using <span inprof='y' id='20' class='sofwr'>oracle designer</span>. ; 
    *  Experience in developing External Tables, Joins, Indexes and sequences. ; 
    *  Experience in query optimization, performance and tuning (<span inprof='y' id='21' class='sofwr'>PL/SQL</span>) using <span inprof='y' id='22' class='sofwr'>SQL</span> Trace, TKPROF, Explain Plan, Indexing, Hints, Bulk Binds, Bulk Collect, Creation of global temporary tables and table partitioning. ; 
    *  Extreme Use of Exception Handling methods along with Pragma_Exception_init in order <span inprof='n' id='23' class='bad-occupation'>to associate</span> our own created exception names. ; 
    *  Experience in using several built-in database packages such as DBMS_JOB, DBMS_OUTPUT, UTL_MAIL, UTL_FILE, and DBMS_SQL to name a few. ; 
    *  Experience in using DBMS_SCHEDULER to run jobs in parallel to improve time-constrained performance. ; 
    *  Have experience on archive platform that provides high performance and <span inprof='y' id='24' class='skill'>highly scalable archiving support</span>. ; 
    *  Experience on archiving data to tapes. ; 
    *  Expertise in loading data from legacy systems using <span inprof='y' id='25' class='sofwr'>SQL*Loader</span>. ; 
    *  Good knowledge in <span inprof='y' id='26' class='skill'>front end development</span> using <span inprof='y' id='27' class='sofwr'>Oracle Forms</span>/Reports6i/9i/10g. ; 
    *  Experience in Deploying <span inprof='y' id='28' class='sofwr'>Forms</span> and <span inprof='y' id='29' class='sofwr'>Reports</span> on the web. ; 
    *  Experience in Developing <span inprof='y' id='30' class='sofwr'>Forms</span> based on Views, Tables and Procedures in tabular and form layouts. ; 
    *  Experience in developing both Web Layout and Paper Lay out Reports in various styles based on the user requirements. ; 
    *  Extensively worked with third party database tools like <span inprof='y' id='31_1' class='role'>TOAD &#38; PL/SQL Developer</span>. ; 
    *  Strong knowledge of Extraction Transformation and Loading (<span inprof='y' id='32' class='sofwr'>ETL</span>) processes using <span inprof='y' id='33' class='sofwr'>UNIX shell scripting</span>, <span inprof='y' id='34' class='sofwr'>SQL</span>, <span inprof='y' id='35' class='sofwr'>PL/SQL</span> and <span inprof='y' id='36' class='sofwr'>SQL Loader</span>. ; 
    *  Good in creating users and maintaining their roles and responsibilities. ; 
    *  Experience in writing Technical Design Documents and <span inprof='n' id='37' class='company'>Developing Unit</span> Test Documents. ; 
    *  Experience working on different applications using <span inprof='y' id='38' class='sofwr'>UNIX shell</span>-scripting. ; 
    *  Had working experience with <span inprof='y' id='39' class='sofwr'>.net</span> and <span inprof='y' id='40' class='sofwr'>java</span> developers. ; 
    *  <span inprof='y' id='41' class='skill'>Had experience</span> working and good understanding on <span inprof='y' id='42' class='sofwr'>jdbc</span> and <span inprof='y' id='43' class='sofwr'>LINQ</span> for front end to back end connectivity. ; 
    *  <span inprof='y' id='44' class='skill'>Had experience</span> in front-end back-<span inprof='y' id='45' class='skill'>end web site development</span>, website conversion to java j2ee ; 
    *  Had working experience with jdbc. ; 
    *  Good knowledge and experience <span inprof='y' id='46' class='sofwr'>working in Java</span> using <span inprof='y' id='47' class='sofwr'>jdbc</span>, <span inprof='y' id='48' class='sofwr'>HTML</span>, <span inprof='y' id='49' class='sofwr'>XML</span>. ; 
    *  A Self-starter with a positive attitude, willingness to learn new concepts and accept challenges. ; 
    *  <span inprof='y' id='50' class='skill'>Strong interpersonal skills</span>, ability to interact with people at all levels. Good communication and <span inprof='y' id='51' class='skill'>presentation skills</span>.


<span inprof='n' id='52_1' class='qualif'>Education Details</span>:
    *  <span inprof='y' id='52_2' class='qualif'>Bachelor's in IT</span>, <span inprof='y' id='52_3' class='educational'>Andhra University</span>, <span inprof='y' id='52_4' class='location'>India</span>

<span inprof='n' id='53' class='skills-qualif-mark'>TECHNICAL SKILLS:</span>
Databases       :    <span inprof='n' id='54' class='sofwr'>Oracle</span> <span inprof='y' id='55' class='sofwr'>8i</span>/<span inprof='y' id='56' class='sofwr'>9i</span>/<span inprof='y' id='57' class='sofwr'>10g</span>/11g.
Scripting            :    <span inprof='y' id='58' class='sofwr'>SQL</span>, <span inprof='y' id='59' class='sofwr'>UNIX</span>, <span inprof='y' id='60' class='sofwr'>PERL</span>.
<span inprof='y' id='61' class='sofwr'>GUI</span>          :    <span inprof='y' id='62' class='sofwr'>Oracle Forms 6i</span> and <span inprof='y' id='63' class='sofwr'>Reports</span> 6i
<span inprof='n' id='64' class='skills-qualif-mark'>Languages</span>          :
<span inprof='y' id='65' class='sofwr'>SQL</span>, <span inprof='y' id='66' class='sofwr'>PLSQL</span>, <span inprof='y' id='67' class='sofwr'>HTML</span>, <span inprof='y' id='68' class='sofwr'>CORE JAVA</span>, <span inprof='y' id='69' class='sofwr'>UNIX</span>.
Tools                   :    <span inprof='y' id='70_1' class='role'>SQL Developer</span>, <span inprof='y' id='71' class='sofwr'>TOAD</span>, <span inprof='y' id='72' class='sofwr'>SQL plus</span>.
<span inprof='y' id='73' class='sofwr'>Applications</span>      :    <span inprof='y' id='74' class='sofwr'>MS Office</span>
<span inprof='y' id='75' class='sofwr'>OS</span>                           :    <span inprof='y' id='76' class='sofwr'>Windows 7</span>, <span inprof='y' id='77' class='sofwr'>Windows Vista</span>, <span inprof='y' id='78' class='sofwr'>XP</span>, <span inprof='y' id='79' class='sofwr'>UNIX</span>, <span inprof='y' id='80' class='sofwr'>Linux</span>.


<span inprof='n' id='81' class='work-hist-mark'>PROFESSIONAL EXPERIENCE</span>

<span inprof='y' id='82_1' class='company'>United Shore Financial Services</span>, <span inprof='y' id='82_2' class='location'>Troy, MI</span>          <span inprof='y' id='82_3_1' class='date'>Sept 2013</span> -<span inprof='y' id='82_3_2' class='date'>Till Date</span>
<span inprof='y' id='82_4_1' class='role'>PL/SQL Developer</span>
Description: USFS was operating under the name <span inprof='n' id='83' class='company'>Shore Financial Services, Inc.</span>, on the principle of providing borrowers with the opportunity to pursue the American Dream of homeownership. The foundation of our success is our team of more than 1,200 experienced and dedicated professionals. Our lines of business cover the complete spectrum of residential mortgage lending from retail to <span inprof='y' id='84' class='skill'>wholesale</span>. Our brands include United Wholesale Mortgage, Shore Mortgage and <span inprof='n' id='85' class='company'>Capital Mortgage Funding</span>.



Responsibilities:

    *  Involved in designing <span inprof='y' id='86' class='skill'>ER</span> diagram using <span inprof='y' id='87' class='sofwr'>oracle designer</span>, to set the logical and physical relationships of database. ; 
    *  Developed Stored Procedures, Functions, Packages and SQL Scripts using <span inprof='y' id='88' class='sofwr'>PL/SQL</span>. ; 
    *  Loaded the data into database tables using <span inprof='y' id='89' class='sofwr'>SQL*loader</span> from text and excel files. ; 
    *  Developed data model, SQL Coding, SQL Query tuning process and Schemas. ; 
    *  Worked with the Business analysts and the <span inprof='y' id='90' class='skill'>DBA</span> for <span inprof='y' id='91' class='skill'>requirements gathering</span>, <span inprof='y' id='92' class='skill'>business analysis</span>, testing, metrics and <span inprof='y' id='93' class='skill'>project coordination</span>. ; 
    *  Migration of dbms jobs to control_M. ; 
    *  Scheduling jobs in control_M and handling them. ; 
    *  Used tortoise svn version control for changing the codes. ; 
    *  Making changes to the existing apex applications in the production. ; 
    *  Created SQL*plus reports as per client's various needs, and developed business objects. ; 
    *  Developed SQL Scripts, Packages and Procedures for Business rules check to implement business rules. ; 
    *  Used Bulk Collections, Indexes, and Materialized Views to improve the query executions. ; 
    *  Used Ref cursors and Collections for accessing complex data resulted from joining of large number of tables in pl/sql blocks and even have experience with exception handling.. ; 
    *  Atomized routine jobs using DBMS_JOB. On completion of these jobs an email will be sent out automatically with the help of UTL_MAIL. ; 
    *  Developed <span inprof='y' id='94' class='sofwr'>SQL</span> and <span inprof='y' id='95' class='sofwr'>PL/SQL</span> scripts to transfer tables across the schemas and databases. ; 
    *  Data loaded from legacy systems (<span inprof='y' id='96' class='sofwr'>ETL</span> Operations) using <span inprof='y' id='97' class='sofwr'>PL/SQL</span> and <span inprof='y' id='98' class='sofwr'>SQL*Loader</span>. ; 
    *  Developed Procedures for efficient Error Handling process by capturing errors into user managed tables. ; 
    *  Archived many applications in the existing system and retrieval of necessary data from them. ; 
    *  Worked with java developers to repair and enhance current base of <span inprof='y' id='99' class='sofwr'>PL/SQL</span> packages to fix production issues and build new functionality and improve processing time through code optimizations and indexes. ; 
    *  Performed <span inprof='y' id='100' class='sofwr'>SQL</span> and <span inprof='y' id='101' class='sofwr'>PL/SQL</span> Performance tuning and Application Tuning using various tools like TKPROF, AUTOTRACE and DBMS_SQLTUNE. ; 
    *  Developed UNIX Shell scripts to automate table creation, execute procedures. ; 
    *  <span inprof='y' id='102_1' class='role'>Used ORACLE sql DEVELOPER</span> for creating <span inprof='y' id='103' class='sofwr'>PL/SQL</span> (trigger, sequence, stored procedure).

Environment : <span inprof='y' id='104' class='sofwr'>Oracle 10g/9i</span>/11g, <span inprof='y' id='105' class='sofwr'>SQL</span>, <span inprof='y' id='106' class='sofwr'>PL/SQL</span>, <span inprof='y' id='107' class='sofwr'>SQL*Loader</span>, <span inprof='y' id='108' class='sofwr'>UNIX Shell script</span>, <span inprof='y' id='109' class='sofwr'>MS Access</span>, <span inprof='y' id='110' class='sofwr'>TOAD</span>, <span inprof='y' id='111' class='sofwr'>Oracle Forms</span> <span inprof='y' id='112' class='sofwr'>10g</span>, Reports10g, <span inprof='y' id='113' class='sofwr'>Oracle Designer</span>, <span inprof='y' id='114' class='sofwr'>UNIX</span>, <span inprof='y' id='115' class='sofwr'>JAVA</span>, <span inprof='y' id='116' class='sofwr'>Windows XP</span>/<span inprof='y' id='117' class='sofwr'>2000</span>.

<span inprof='y' id='118_1' class='company'>Delta Dental</span>, <span inprof='y' id='118_2' class='location'>Roanoke, VA</span>          <span inprof='y' id='118_3_1' class='date'>Jan 2013</span> -<span inprof='y' id='118_3_2' class='date'>July 2013</span>
<span inprof='y' id='118_4_1' class='role'>PL/SQL Developer</span>
Description: Delta Dental has been working to improve oral health and hygiene by emphasizing preventative care, because they believe that everyone deserves to enjoy a healthy smile. They offer national <span inprof='y' id='119' class='skill'>dental</span> coverage-administering programs and reporting systems that provide groups and individuals with quality, cost-effective <span inprof='y' id='120' class='skill'>dental</span> benefits and superior customer service.



Responsibilities:

    *  Worked with the Business analysts and the <span inprof='y' id='121' class='skill'>DBA</span> for <span inprof='y' id='122' class='skill'>requirements gathering</span>, <span inprof='y' id='123' class='skill'>business analysis</span>, testing, metrics and <span inprof='y' id='124' class='skill'>project coordination</span>. ; 
    *  Involved in designing <span inprof='y' id='125' class='skill'>ER</span> diagram using <span inprof='y' id='126' class='sofwr'>oracle designer</span>, to set the logical and physical relationships of database. ; 
    *  Developed Stored Procedures, Functions, Packages and SQL Scripts using <span inprof='y' id='127' class='sofwr'>PL/SQL</span>. ; 
    *  Loaded the data into database tables using <span inprof='y' id='128' class='sofwr'>SQL*loader</span> from text and excel files. ; 
    *  Developed data model, SQL Coding, SQL Query tuning process and Schemas. ; 
    *  Created SQL*plus reports as per client's various needs, and developed business objects. ; 
    *  Developed SQL Scripts, Packages and Procedures for Business rules check to implement business rules. ; 
    *  Used Bulk Collections, Indexes, and Materialized Views to improve the query executions. ; 
    *  Used Ref cursors and Collections for accessing complex data resulted from joining of large number of tables in pl/sql blocks and even have experience with exception handling.. ; 
    *  Atomized routine jobs using DBMS_JOB. On completion of these jobs an email will be sent out automatically with the help of UTL_MAIL. ; 
    *  Developed <span inprof='y' id='129' class='sofwr'>SQL</span> and <span inprof='y' id='130' class='sofwr'>PL/SQL</span> scripts to transfer tables across the schemas and databases. ; 
    *  Data loaded from legacy systems (<span inprof='y' id='131' class='sofwr'>ETL</span> Operations) using <span inprof='y' id='132' class='sofwr'>PL/SQL</span> and <span inprof='y' id='133' class='sofwr'>SQL*Loader</span>. ; 
    *  Developed custom Forms and Reports as per client requirements and making them web enabled using <span inprof='y' id='134_1' class='role'>Oracle Reports builder</span> 6i and <span inprof='y' id='135_1' class='role'>Oracle Forms builder</span> 6i respectively. ; 
    *  Developed Procedures for efficient Error Handling process by capturing errors into user managed tables. ; 
    *  Using <span inprof='y' id='136' class='sofwr'>Swing</span> Concepts in Java Front End <span inprof='y' id='137' class='sofwr'>Forms</span> are designed. ; 
    *  Using <span inprof='y' id='138' class='sofwr'>Oracle developer</span> Database tools to write triggers and procedures, Function. ; 
    *  Archived many applications in the existing system and retrieval of necessary data from them. ; 
    *  Worked with java developers to repair and enhance current base of <span inprof='y' id='139' class='sofwr'>PL/SQL</span> packages to fix production issues and build new functionality and improve processing time through code optimizations and indexes. ; 
    *  Performed <span inprof='y' id='140' class='sofwr'>SQL</span> and <span inprof='y' id='141' class='sofwr'>PL/SQL</span> Performance tuning and Application Tuning using various tools like TKPROF, AUTOTRACE and DBMS_SQLTUNE. ; 
    *  Using <span inprof='y' id='142' class='sofwr'>perl</span> script for database connectivity using DBI which connects to backend database drivers. ; 
    *  Developed UNIX Shell scripts to automate table creation, execute procedures. ; 
    *  <span inprof='y' id='143_1' class='role'>Used ORACLE sql DEVELOPER</span> for creating <span inprof='y' id='144' class='sofwr'>PL/SQL</span> (trigger, sequence, stored procedure).

Environment: <span inprof='y' id='145' class='sofwr'>Oracle 10g</span>, <span inprof='y' id='146' class='sofwr'>SQL</span>, <span inprof='y' id='147' class='sofwr'>PLSQL</span>, <span inprof='y' id='148' class='sofwr'>SQL*Loader</span>, <span inprof='y' id='149' class='sofwr'>UNIX Shell script</span>, <span inprof='y' id='150' class='sofwr'>TOAD</span>, <span inprof='y' id='151' class='sofwr'>Java</span>.

<span inprof='y' id='152_1' class='company'>Ameri Group</span>, <span inprof='y' id='152_2' class='location'>Virginia Beach, Virginia</span>           <span inprof='y' id='152_3_1' class='date'>Oct 2011</span> - <span inprof='y' id='152_3_2' class='date'>Dec 2012</span>
<span inprof='y' id='152_4_1' class='role'>PL/SQL Developer</span>
Description: Amerigroup offers coordinated <span inprof='y' id='153' class='skill'>health insurance</span> coverage and related services to Medicare members. This system takes the input from different tables and makes the timesheet for <span inprof='n' id='154' class='bad-occupation'>each employee</span>. This timesheet contains <span inprof='y' id='155_1' class='role'>Employee</span> id, <span inprof='y' id='156_1' class='role'>employee</span> name, project code, time spent in each project, extra activity like project meeting and so on. On basis of this output, one ASCII flat file will be generated that contains an extra column, which reflects the percentage time spent on each project.

Responsibilities:
    *  Involved in analysis, Design, Development phases of the project. ; 
    *  Designed <span inprof='y' id='157' class='skill'>ER</span> diagram using <span inprof='y' id='158' class='sofwr'>Erwin</span>, to set the logical and physical relationships of database. ; 
    *  Involved in walkthrough sessions with business users during Analysis and Designing phase. Writing <span inprof='y' id='159' class='sofwr'>PL/SQL</span> Stored Procedures, Functions, and Packages to meet the business requirements. ; 
    *  Involved in implementing the data integrity validation checks through constraints and triggers. ; 
    *  Extensive use of <span inprof='y' id='160' class='sofwr'>XML</span>. ; 
    *  Writing SQL reports and scheduling these reports from <span inprof='y' id='161' class='sofwr'>UNIX</span> scripts. ; 
    *  Created SQL*Loader control files for moving the data from flat files to staging area tables. ; 
    *  Worked on performance issues and used EXPLAIN PLAN for tuning the queries ; 
    *  Worked with Bulk Collections for bulk load processing. Involved in code walk through and review sessions with the development team. ; 
    *  Involved in the migration project to load data from mainframe systems into <span inprof='y' id='162' class='sofwr'>oracle database</span>. ; 
    *  Involved in Troubleshooting Performance issues and bugs within packages and stored procedures using dbms_output and Explain Plan. ; 
    *  Performance of the queries is enhanced by executing optimization techniques such as Index Creation, Table Partition and Coding Stored Procedures. ; 
    *  Involved in developing data conversion programs using <span inprof='y' id='163' class='sofwr'>SQL *Loader</span>, <span inprof='y' id='164' class='sofwr'>PL/SQL</span> and <span inprof='y' id='165' class='sofwr'>UNIX Shell Scripts</span>. ; 
    *  Developed Master Detail reports in Reports 6i to meet the requirements of end users within the system. ; 
    *  Developed Data Entry Forms, complex and template forms in Forms 6i.Creation of Pop-up Menus and maintaining Master Detail relation-ship. ; 
    *  Development of client side program units and sharing them among multiple applications for processing business logic in the database.

Environment: <span inprof='y' id='166' class='sofwr'>Oracle 10g/9i</span>, <span inprof='y' id='167' class='sofwr'>SQL</span>, <span inprof='y' id='168' class='sofwr'>PL/SQL</span>, <span inprof='y' id='169' class='sofwr'>SQL*Loader</span>, <span inprof='y' id='170' class='sofwr'>MS Access</span>,  <span inprof='y' id='171' class='sofwr'>UNIX Shell script</span>, <span inprof='y' id='172' class='sofwr'>TOAD</span>, <span inprof='y' id='173' class='sofwr'>Oracle Forms</span> <span inprof='y' id='174' class='sofwr'>10g</span>,Reports10g,<span inprof='y' id='175' class='sofwr'>UNIX</span>, <span inprof='y' id='176' class='sofwr'>Windows</span> <span inprof='n' id='177' class='file'>XP/2000.owb</span> 10g.

<span inprof='y' id='178_1' class='company'>Amway</span>, <span inprof='y' id='178_2' class='location'>Grand Rapids, MI</span>          <span inprof='y' id='178_3_1' class='date'>Feb 2011</span> - <span inprof='y' id='178_3_2' class='date'>Sep 2011</span>
<span inprof='y' id='178_4_1' class='role'>PL/SQL Developer</span>
Description: <span inprof='n' id='179' class='company'>Amway Corporation</span> is an American-based pioneer in the direct selling industry.  They manufacture more than 450 products that are sold through independent business owners (IBOs). They are primarily focused on health, wellness, and beauty products. This system maintains information about customer details, products supplied and inventory information. Other important feature of this application is that it keeps track of the details of customer complaints and the concerned action taken. Check statements/alert statements were designed using triggers, procedures and functions.

Responsibilities:
    *  Developing <span inprof='y' id='180' class='sofwr'>SQL</span> and <span inprof='y' id='181' class='sofwr'>PL/SQL</span> scripts for <span inprof='y' id='182' class='skill'>problem solving</span>. ; 
    *  Generating reports using <span inprof='y' id='183_1' class='role'>Report builder</span> ; 
    *  Establish onsite/<span inprof='y' id='184' class='skill'>offshore</span> communication between onsite users and <span inprof='y' id='185' class='skill'>offshore</span> project teams. ; 
    *  Tracking and ensuring timely deliveries as per SLAs committed to the client. ; 
    *  Interacting with the client and project teams to ensure issue resolution and to provide technological and business solutions to the clients. ; 
    *  Interacted with the Business Analysts in understanding the business requirements for the project. ; 
    *  Gathered the requirements from the users and analyzed their business needs and created SRS documents. ; 
    *  Involved in <span inprof='y' id='186' class='sofwr'>SDLC</span> including designing, coding and testing. ; 
    *  Created database objects like tables, views, procedures, packages using <span inprof='y' id='187' class='sofwr'>Oracle tools</span> like <span inprof='y' id='188' class='sofwr'>SQL* Plus</span>, <span inprof='y' id='189' class='sofwr'>PL/SQL</span> and <span inprof='y' id='190' class='sofwr'>TOAD</span>. ; 
    *  Wrote complex <span inprof='y' id='191' class='sofwr'>SQL queries</span> including inline queries and sub queries for faster data retrieval from multiple tables. ; 
    *  Using associative array from <span inprof='y' id='192' class='sofwr'>perl programming</span> for indexing and performance issues in <span inprof='y' id='193' class='sofwr'>unix environment</span>. ; 
    *  Used Ref cursors and Collections for accessing complex data resulted from joining of large number of tables. ; 
    *  Worked with Bulk Collects to improve the performance of multi-row queries by reducing the context switching. ; 
    *  <span inprof='y' id='194' class='skill'>Used Exception Handling</span> extensively for the ease of debugging and displaying the error messages in the application. ; 
    *  Created and modified several <span inprof='y' id='195' class='sofwr'>UNIX Shell Scripts</span> according to the changing needs of the project and client requirements.

Environment: <span inprof='y' id='196' class='sofwr'>Oracle 10g</span>, <span inprof='y' id='197' class='sofwr'>SQL</span>, <span inprof='y' id='198' class='sofwr'>PLSQL</span>, <span inprof='y' id='199' class='sofwr'>SQL*Loader</span>, <span inprof='y' id='200' class='sofwr'>UNIX Shell script</span>, <span inprof='y' id='201' class='sofwr'>TOAD</span>, <span inprof='y' id='202' class='sofwr'>Java</span>.

<span inprof='y' id='203_1' class='company'>Sierra Atlantic</span> - <span inprof='y' id='203_2' class='location'>Hyderabad, India</span>           <span inprof='y' id='203_3_1' class='date'>April 2008</span> - <span inprof='y' id='203_3_2' class='date'>Dec 2010</span>
<span inprof='y' id='203_4_1' class='role'>Oracle Developer</span>
Description: Development of Revenue <span inprof='y' id='204' class='sofwr'>Application</span>. This application supported by the business team to track the business activities including Invoice generation and Payments. This system was developed using <span inprof='y' id='205' class='sofwr'>Reports</span>, <span inprof='y' id='206' class='sofwr'>SQL</span> and <span inprof='y' id='207' class='sofwr'>PL/SQL</span>.

Responsibilities:
    *  Involved in <span inprof='y' id='208' class='skill'>Database Design and Analysis</span>. ; 
    *  Analyzed and Created Partitions on the tables to improve the performance and enhance <span inprof='y' id='209' class='skill'>parallel processing</span>. ; 
    *  Design and Developed data validation, load processes using <span inprof='y' id='210' class='sofwr'>PL/SQL</span>, <span inprof='y' id='211' class='sofwr'>Stored Procedures</span>, Functions, and Triggers using <span inprof='y' id='212' class='sofwr'>Oracle 9i</span>. ; 
    *  Created Control Files and used <span inprof='y' id='213' class='sofwr'>SQL* Loader</span> to upload bulk data into database from external files. ; 
    *  Actively involved in <span inprof='y' id='214' class='skill'>Production Support</span> by Performing Tests, Trouble Shooting and Bug Fixing. ; 
    *  Involved in formulating general methodologies, naming conventions and coding standards for various procedures and packages ; 
    *  Involved in Code Standardization and Documentation. ; 
    *  Involved in Logical and Physical Database design. Identified the tables and relationship between tables. ; 
    *  Used for all and bulk collect to fetch large volumes of data in <span inprof='y' id='215' class='sofwr'>PL/SQL</span> objects. ; 
    *  Involved in database Performance Tuning and monitoring. ; 
    *  Designed Report output formats, complex filtering and formula calculations, as well as the rendering of multi-band and multi-grouped reports. ; 
    *  Developed complex triggers in reports before/after for validation of user input. ; 
    *  Coordinated between management, users and technical teams for <span inprof='y' id='216' class='skill'>Requirement Gathering</span> ; 
    *  Involved in various activities like preparation of Technical Documentation, Client Discussions for purposed solution and <span inprof='y' id='217' class='skill'>User Acceptance Testing</span>.
Environment: <span inprof='n' id='218' class='sofwr'>ORACLE</span> <span inprof='y' id='219' class='sofwr'>7.x</span>, <span inprof='y' id='220' class='sofwr'>Reports 6i</span>, <span inprof='y' id='221' class='sofwr'>PL/SQL</span>, <span inprof='y' id='222' class='sofwr'>SQL Loader</span>, <span inprof='y' id='223' class='sofwr'>SQL</span>.

</TextResume>

</NonXMLResume>



<UserArea>
<DaxResumeUserArea>
<AdditionalPersonalData>
<ExperienceSummary>
<TotalMonthsOfWorkExperience>72</TotalMonthsOfWorkExperience>
<TotalYearsOfWorkExperience>6</TotalYearsOfWorkExperience>
<ExecutiveBrief>This candidate has been working in the IT  occupational sector for more than 6 years. Currently this candidate is employed as a PL/SQL Developer at United Shore Financial Services. This candidate has extensive knowledge of Oracle PL/SQL, SQL, Microsoft SQL*Loader, Oracle 10G, shell scripting, Oracle Forms, UNIX, TOAD, Java, Oracle Report, Oracle Designer 2000, Perl Programming, Oracle, ETL, XML, SQLPlus, Oracle Applications, Oracle 9i, Microsoft Access, JDBC, HTML, Stored Procedures, SDLC, Reports 6i, Oracle tools, Oracle Developer 2000, Logic Works ERwin/ERX, Java Swing. So far this candidate has not gained any managerial experience.</ExecutiveBrief>
</ExperienceSummary>
</AdditionalPersonalData>
<ParserInfo>
<ParserConfiguration>{max_len=50000} {tel_flag=} {send_zip=} {fast_conv=} {DEF_LOCAL=} {sdate=0} {no_email_body=0} {do_clever_zoning=1} {keep_span=1} {complex=1} {accept_langs=} {not_accept_langs=} {prefer_lang_cv=EN} {pers_only=0} {turbo=0} {split_language=0} {picture=0} {picture_inline=0} {name_space=0} {charset=} {hrxml_upgrade_edu_hist=0}{hrxml_add_languages_section=0}{spool=} {docID=} {user=DEFAULT} </ParserConfiguration>
<ParserRelease>0.12.3.32629</ParserRelease>
<ParserReleaseDate>2014-06-18</ParserReleaseDate>
<ParserSchema>2.0.29</ParserSchema>
<ParserSchemaLocation>http://cvx.daxtra.com/cvts/xsd/candidate/2.0.29/Resume.xsd</ParserSchemaLocation>
<ConverterRelease>0.5.2.32629</ConverterRelease>
<ConverterReleaseDate>2014-06-18</ConverterReleaseDate>
</ParserInfo>
<FileStruct filename='/home/izoom/anazarov/grammar/analysis/3rconnect/doc/100_Resume-ApTask/Madhava_Oracle.doc'>

<attachment fname='Madhava_Oracle.doc' ftype='doc' conv='yes' doc_type='cv' lang='EN'>/home/izoom/anazarov/grammar/analysis/3rconnect/doc/100_Resume-ApTask/Madhava_Oracle.doc</attachment>


</FileStruct>
</DaxResumeUserArea>
</UserArea>
</Resume>
