<?xml version='1.0' encoding='ISO-8859-1'?>
<Resume lang='en' src='DAXTRA-CVX schema:2.0.29 release:0.12.3.32629 rdate:2014-06-18'>
<StructuredXMLResume>
<ContactInfo>
<PersonName id='2'>
<FormattedName>Madhav Ghimire</FormattedName>
<GivenName>Madhav</GivenName>
<FamilyName>Ghimire</FamilyName>
<sex>Male</sex>
</PersonName>
<ContactMethod>
</ContactMethod>
</ContactInfo>
<ExecutiveSummary>*  Four years of experience in IT industry involving analysis, design, developing, testing and implementation of various client/server, web based and data warehousing applications in Financial, Manufacturing, Insurance, Educational, Health Care domains ; 
*  Eight years of experience in BIOPHARMACEUTICAL industry involving quality control, research, data analysis and business analysis ; 
*  Four years of experience as a Data Warehouse consultant using Informatica Power Center good understanding of Data Warehouse architecture and life cycle by using Informatica Power Center with Oracle, MS SQL server, DB2 and Teradata databases.. ; 
*  Well versed with Data warehousing concepts using Kimball's principles or methodology- Dimensional modeling, slowly changing dimensions (type1, type2, and type3), surrogate keys, star schema and snowflake schema in implementing DSS (Decision Support Systems.) ; 
*  Well versed in OLTP Data Modeling, Data warehousing concepts. ; 
*  Efficient in Troubleshooting, Unit Testing (UT), Debugging and optimization of ETL and reporting analysis. ; 
*  Experience in working with TOAD and SQL Developer ; 
*  Solid understanding of Extraction, Transformation and Loading (ETL) process and usage of ETL tools ; 
*  Knowledge of various techniques for Performance Tuning involved with sources, targets, mappings and sessions. ; 
*  Highly proficient in Development, Implementation, Administration and Support of ETL processes for Large-scale Data warehouses using Informatica PowerCenter ;</ExecutiveSummary>
<Objective id='3'>Informatica Developer</Objective>


<EmploymentHistory>
<EmployerOrg employerOrgType='soleEmployer'>
<EmployerOrgName id='73_1'>Baylor Hospital</EmployerOrgName>
<EmployerContactInfo>
<LocationSummary id='73_2'>
<Municipality>Dallas</Municipality>
<Region>TX</Region>
<CountryCode>US</CountryCode>
</LocationSummary>
</EmployerContactInfo>
<PositionHistory positionType='CONTRACT'>
<Title id='73_3_1'>ETL Informatica Developer</Title>
<OrgName id='73_1'>Baylor Hospital</OrgName>



<Description>Baylor Hospital, one of the nation's hospital companies. Baylor is a nation's leading provider of healthcare services, a company comprised of locally managed facilities, freestanding surgery centers. Baylor receives Data Feeds from Various External Data Providers. They are to be Sourced, Transformed as per Baylor Business needs and Loading to Teradata Data Mart, to Generate Reports out of it and provide business with intelligence to make effective decisions.

*  Worked with Business analysts, Data Stewards and the DBA for requirements gathering, business analysis and designing various ETL processes for the data warehouse. ; 
*  Extensively used Informatica power center for Extraction, Transformation and Loading processes. ; 
*  Developed UNIX shell scripts, Perl scripts to format the source files and to extract the information from error logs. ; 
*  Oracle was one of the Source Systems while Teradata was the Target Database. ; 
*  Documented Analysis, Design, Build, Testing and Implementation Plan in the Business Intelligence Data Request (BIDR) document. ; 
 *  Used Informatica Designer to create complex mappings using different transformations including Expression, Connected and Unconnected Lookup, Update Strategy, Filter, Source Qualifier, Router, Aggregator, Rank, Joiner, Sequence Generator, Sorter and Normalizer to pipeline data to the target system. ; 
 *  Expertise in Developing Mappings, Define Workflows &#38;Tasks, Monitoring Sessions, Export &#38; Import Mappings and Workflows ; 
 *  Used Informatica Workflow Manager to create, schedule and execute sessions, worklets and workflows. ; 
 *  Utilized Informatica Workflow Monitor to monitor sessions and get logs for debug. ; 
 *  Developed Reusable Transformations &#38; Mapplet and used them in the Mappings. ; 
 *  Extensively worked on the performance tuning of the Mappings, sessions &#38; SQL queries. ; 
 *  Responsible in developing and migrating the code from one environment to another. ; 
 *  Maintained the documents with various versions

Environment: Informatica Power Center 9.1.0, Teradata 14.10, Oracle 10g</Description>
<StartDate id='73_4_1'><YearMonth>2013-12</YearMonth></StartDate>
<EndDate id='73_4_2'><YearMonth>2014-05</YearMonth></EndDate>




<JobCategory>
<TaxonomyName>JOBAREA</TaxonomyName>
<CategoryCode>it</CategoryCode>
</JobCategory>


<UserArea>
<DaxPositionHistoryUserArea>
<TLSPAN first_id='73' last_id='97' border_id='98'></TLSPAN>
<MonthsOfWork>6</MonthsOfWork>
</DaxPositionHistoryUserArea>
</UserArea>
</PositionHistory>
</EmployerOrg>

<EmployerOrg employerOrgType='soleEmployer'>
<EmployerOrgName id='98_1'>Farmers Insurance</EmployerOrgName>
<EmployerContactInfo>
<LocationSummary id='98_2'>
<Municipality>Los Angeles</Municipality>
<Region>CA</Region>
<CountryCode>US</CountryCode>
</LocationSummary>
</EmployerContactInfo>
<PositionHistory positionType='PERMANENT'>
<Title id='98_3_1'>ETL Developer</Title>
<OrgName id='98_1'>Farmers Insurance</OrgName>



<Description>This is a data migration project where-in existing SQL Server ODS was replaced to Teradata Platform and also changes the up-stream and down-stream applications to Point to Teradata. There were some 51 Interfaces out of which 38 were shift-and-lift while the remaining needed some design changes.

*  Studied the existing environment and accumulating the requirements by querying the Clients on various aspects. ; 
*  Identified various Data Sources and Development Environment. ; 
*  Converted the Existing SSIS Packages to Informatica Mappings. ; 
*  Involved in gathering requirements, creating functional specifications, high level design, detail level design documents and unit test. ; 
*  Analyzing the source data coming from different sources (SQL Server and flat files) and working with business users and developers to develop the Model. ; 
*  Developed complex mappings in Informatica to load the data from various sources using different transformations like Source Qualifier, Look up (connected and unconnected), Expression, Aggregate, Update Strategy, Sequence Generator, Joiner, Filter, Update Strategy Rank and Router transformations. ; 
*  Successfully Implemented Slowly Changing Dimensions (SCD). Used Type 2 dimension to keep the history changes. ; 
*  Experience in UNIX shell and Perl scripting, automation of ETL processes using scheduling tools like Control-M and TWS. ; 
*  Developed simple &#38; complex mappings using Informatica to load Dimension &#38; Fact tables as per STAR Schema techniques. ; 
*  Used Mapplets in mappings thereby saving valuable design time and effort. ; 
*  Scheduled Informatica workflows using Tivoli (TWS) application.

Environment: Informatica PowerCenter 8.6.1, Informatica Power Exchange, Oracle 10g, Teradata 13, Toad 10.5</Description>
<StartDate id='98_4_1'><YearMonth>2013-03</YearMonth></StartDate>
<EndDate id='98_4_2'><YearMonth>2013-11</YearMonth></EndDate>




<JobCategory>
<TaxonomyName>JOBAREA</TaxonomyName>
<CategoryCode>it</CategoryCode>
</JobCategory>


<UserArea>
<DaxPositionHistoryUserArea>
<TLSPAN first_id='98' last_id='117' border_id='118'></TLSPAN>
<MonthsOfWork>9</MonthsOfWork>
</DaxPositionHistoryUserArea>
</UserArea>
</PositionHistory>
</EmployerOrg>

<EmployerOrg employerOrgType='soleEmployer'>
<EmployerOrgName id='118_1'>UST Global</EmployerOrgName>
<EmployerContactInfo>
<LocationSummary id='118_2'>
<Municipality>Mason</Municipality>
<Region>OH</Region>
<CountryCode>US</CountryCode>
</LocationSummary>
</EmployerContactInfo>
<PositionHistory positionType='PERMANENT'>
<Title id='118_4_1'>ETL Developer</Title>
<OrgName id='118_1'>UST Global</OrgName>



<Description>UST Global headquartered in Aliso Viejo, California is a provider of IT services. UST Global specializes in Healthcare, Retail &#38; Consumer Goods, Banking &#38; Financial Services, Media &#38; Entertainment, Insurance, Transportation &#38; Logistics and Manufacturing &#38; Utilities.

    *  Analyze the requirements and design documents and understanding the functionalities of both source and target systems. ; 
    *  Developing mappings to extract the Data from multiple Flat Files and loading them into staging through CDM database. ; 
    *  Developed complex mappings in Informatica to load the data from various sources using different transformations like Source Qualifier, Look up (connected and unconnected), Expression, Aggregate, Update Strategy, Sequence Generator, Joiner, Filter,Update Strategy Rank and Router transformations. ; 
    *  Transformations like Source Qualifier, Lookup, Aggregator, Expression, Filter, ; 
    *  And Sequence Generators are mostly used. ; 
    *  Involved in modifying existing Mappings, testing of Stored Procedures and Functions, Unit and Integration Testing of Informatica source and Target Data. ; 
    *  Analyzed source systems (SQL server, XML and COBOL files) from third party vendor, these files were the source to the Informatica interfaces used to load data to the target downstream systems. ; 
    *  Worked with mapping parameters and variables to load data from different sources to corresponding partition of the database table, and worked mostly on constraint based loading ; 
    *  Tune the Informatica Mappings and code for high and robust performance. ; 
    *  Prepared Unit Test plans.

Technologies:
Informatica 6.2, SQL Server 2000, Oracle 8i,  Toad, Windows Server 2000/2003</Description>
<StartDate id='118_3_1'><YearMonth>2012-05</YearMonth></StartDate>
<EndDate id='118_3_2'><YearMonth>2013-02</YearMonth></EndDate>




<JobCategory>
<TaxonomyName>JOBAREA</TaxonomyName>
<CategoryCode>it</CategoryCode>
</JobCategory>


<UserArea>
<DaxPositionHistoryUserArea>
<TLSPAN first_id='118' last_id='136' border_id='137'></TLSPAN>
<MonthsOfWork>10</MonthsOfWork>
</DaxPositionHistoryUserArea>
</UserArea>
</PositionHistory>
</EmployerOrg>

<EmployerOrg employerOrgType='soleEmployer'>
<EmployerOrgName id='137_2'>Bonita Pharmaceuticals</EmployerOrgName>
<EmployerContactInfo>
<LocationSummary id='137_3'>
<Municipality>Westland</Municipality>
<Region>MI</Region>
<CountryCode>US</CountryCode>
</LocationSummary>
</EmployerContactInfo>
<PositionHistory positionType='PERMANENT'>
<Title id='137_1_1'>Quality Control Associates</Title>
<OrgName id='137_2'>Bonita Pharmaceuticals</OrgName>



<Description>Bonita Pharmaceuticals is a Pharmaceutical company which produces and distribute brand, generic, over the counter and control medications throughout the USA and Guam.

*  Enforce to maintained the drug quality as per FDA guidelines ; 
*  Follow standard handling procedure in production and warehouse environment ; 
*  Check and maintained packing quality during storage and transfer the drugs ; 
*  Check NDC number, Lot number, Expiration date and maintain the quality ; 
*  Enforce to maintain the quality packing, handling and transforming drugs from point of origin to point of retailing ; 
*  Data entering, data analyzing and data maintaining by using Blue Link software, SPSS software and SAS clinical ;</Description>
<StartDate id='137_4_1'><YearMonth>2004-03</YearMonth></StartDate>
<EndDate id='137_4_2'><YearMonth>2012-03</YearMonth></EndDate>




<JobCategory>
<TaxonomyName>JOBAREA</TaxonomyName>
<CategoryCode>medicine</CategoryCode>
</JobCategory>


<UserArea>
<DaxPositionHistoryUserArea>
<TLSPAN first_id='137' last_id='140' border_id='0'></TLSPAN>
<MonthsOfWork>96</MonthsOfWork>
</DaxPositionHistoryUserArea>
</UserArea>
</PositionHistory>
</EmployerOrg>

</EmploymentHistory>












<Competency oids='25 28 29 30 31 82 83 110 ' description='Skill > IT' auth='yes' name='ETL'>
<CompetencyEvidence name='Extent of Experience' typeDescription='Extent of Experience' type='MONTH' lastUsed='2014'><NumericValue description='MONTH'>15</NumericValue></CompetencyEvidence>

<CompetencyEvidence name='Application' typeDescription='Application' type='Development'><StringValue>Development</StringValue></CompetencyEvidence>

<CompetencyEvidence name='Application' typeDescription='Application' type='Implementation'><StringValue>Implementation</StringValue></CompetencyEvidence>

<CompetencyEvidence name='Application' typeDescription='Application' type='Administration'><StringValue>Administration</StringValue></CompetencyEvidence>

<CompetencyEvidence name='Application' typeDescription='Application' type='Support'><StringValue>Support</StringValue></CompetencyEvidence>

<CompetencyEvidence typeDescription='Alias' name='Alias'><StringValue>Extraction, Transformation and Loading</StringValue></CompetencyEvidence>

<CompetencyEvidence typeDescription='Alias' name='Alias'><StringValue>(ETL)</StringValue></CompetencyEvidence>

<CompetencyEvidence typeDescription='Alias' name='Alias'><StringValue>ETL tools</StringValue></CompetencyEvidence>

<CompetencyEvidence typeDescription='Alias' name='Alias'><StringValue>proficient in Development, Implementation, Administration and Support of ETL</StringValue></CompetencyEvidence>

<CompetencyEvidence typeDescription='Alias' name='Alias'><StringValue>Informatica power center for Extraction, Transformation and Loading</StringValue></CompetencyEvidence>

<CompetencyWeight type='skillLevel'><NumericValue minValue='0' maxValue='100'>87</NumericValue></CompetencyWeight>

<CompetencyWeight type='skillProficiency'><StringValue minValue='BASIC' maxValue='EXCELLENT'>EXCELLENT</StringValue></CompetencyWeight>
</Competency>

<Competency oids='14 15 32 50 83 95 114 ' description='Skill > IT' auth='yes' name='Informatica Analytics Package > Informatica PowerCenter'>
<CompetencyEvidence name='Extent of Experience' typeDescription='Extent of Experience' type='MONTH' lastUsed='2014'><NumericValue description='MONTH'>15</NumericValue></CompetencyEvidence>

<CompetencyEvidence typeDescription='Alias' name='Alias'><StringValue>Informatica Power Center good understanding</StringValue></CompetencyEvidence>

<CompetencyEvidence typeDescription='Alias' name='Alias'><StringValue>Informatica Power Center</StringValue></CompetencyEvidence>

<CompetencyEvidence typeDescription='Alias' name='Alias'><StringValue>Informatica Powercenter 9.1.0/8.6.1/7.1.3 9.1.0/8.6.1/7.1.3</StringValue></CompetencyEvidence>

<CompetencyEvidence typeDescription='Alias' name='Alias'><StringValue>Informatica power center for Extraction, Transformation and Loading</StringValue></CompetencyEvidence>

<CompetencyEvidence typeDescription='Alias' name='Alias'><StringValue>Informatica Power Center 9.1.0 9.1.0</StringValue></CompetencyEvidence>

<CompetencyEvidence typeDescription='Alias' name='Alias'><StringValue>Informatica PowerCenter 8.6.1 8.6.1</StringValue></CompetencyEvidence>

<CompetencyWeight type='skillLevel'><NumericValue minValue='0' maxValue='100'>86</NumericValue></CompetencyWeight>

<CompetencyWeight type='skillProficiency'><StringValue minValue='BASIC' maxValue='EXCELLENT'>EXCELLENT</StringValue></CompetencyWeight>
</Competency>

<Competency oids='16 44 47 52 86 132 ' description='Skill > IT' auth='yes' name='Oracle'>
<CompetencyEvidence name='Extent of Experience' typeDescription='Extent of Experience' type='MONTH' lastUsed='2014'><NumericValue description='MONTH'>16</NumericValue></CompetencyEvidence>

<CompetencyEvidence typeDescription='Alias' name='Alias'><StringValue>Oracle database</StringValue></CompetencyEvidence>

<CompetencyEvidence typeDescription='Alias' name='Alias'><StringValue>Oracle 7.x/8.x/9x 7.x/8.x/9x</StringValue></CompetencyEvidence>

<CompetencyWeight type='skillLevel'><NumericValue minValue='0' maxValue='100'>66</NumericValue></CompetencyWeight>

<CompetencyWeight type='skillProficiency'><StringValue minValue='BASIC' maxValue='EXCELLENT'>GOOD</StringValue></CompetencyWeight>
</Competency>

<Competency oids='19 87 96 100 117 ' description='Skill > IT' auth='yes' name='Teradata'>
<CompetencyEvidence name='Extent of Experience' typeDescription='Extent of Experience' type='MONTH' lastUsed='2014'><NumericValue description='MONTH'>15</NumericValue></CompetencyEvidence>

<CompetencyEvidence typeDescription='Alias' name='Alias'><StringValue>Teradata 14.10 14.10</StringValue></CompetencyEvidence>

<CompetencyEvidence typeDescription='Alias' name='Alias'><StringValue>Teradata 13 13</StringValue></CompetencyEvidence>

<CompetencyWeight type='skillLevel'><NumericValue minValue='0' maxValue='100'>66</NumericValue></CompetencyWeight>

<CompetencyWeight type='skillProficiency'><StringValue minValue='BASIC' maxValue='EXCELLENT'>GOOD</StringValue></CompetencyWeight>
</Competency>

<Competency oids='17 46 53 105 127 ' description='Skill > IT' auth='yes' name='Microsoft SQL Server'>
<CompetencyEvidence name='Extent of Experience' typeDescription='Extent of Experience' type='MONTH' lastUsed='2013'><NumericValue description='MONTH'>19</NumericValue></CompetencyEvidence>

<CompetencyEvidence typeDescription='Alias' name='Alias'><StringValue>MS SQL server</StringValue></CompetencyEvidence>

<CompetencyEvidence typeDescription='Alias' name='Alias'><StringValue>SQL Server</StringValue></CompetencyEvidence>

<CompetencyWeight type='skillLevel'><NumericValue minValue='0' maxValue='100'>67</NumericValue></CompetencyWeight>

<CompetencyWeight type='skillProficiency'><StringValue minValue='BASIC' maxValue='EXCELLENT'>GOOD</StringValue></CompetencyWeight>
</Competency>

<Competency oids='18 45 58 69 ' description='Skill > IT' auth='yes' name='DB2'>
<CompetencyWeight type='skillLevel'><NumericValue minValue='0' maxValue='100'>68</NumericValue></CompetencyWeight>

<CompetencyWeight type='skillProficiency'><StringValue minValue='BASIC' maxValue='EXCELLENT'>GOOD</StringValue></CompetencyWeight>
</Competency>

<Competency oids='7 20 21 ' description='Skill' auth='yes' name='Data Warehousing'>
<CompetencyWeight type='skillLevel'><NumericValue minValue='0' maxValue='100'>13</NumericValue></CompetencyWeight>
</Competency>

<Competency oids='84 108 ' description='Skill > IT' auth='yes' name='shell scripting'>
<CompetencyEvidence name='Extent of Experience' typeDescription='Extent of Experience' type='MONTH' lastUsed='2014'><NumericValue description='MONTH'>15</NumericValue></CompetencyEvidence>

<CompetencyEvidence typeDescription='Alias' name='Alias'><StringValue>UNIX shell scripts</StringValue></CompetencyEvidence>

<CompetencyEvidence typeDescription='Alias' name='Alias'><StringValue>UNIX shell</StringValue></CompetencyEvidence>

<CompetencyWeight type='skillLevel'><NumericValue minValue='0' maxValue='100'>93</NumericValue></CompetencyWeight>

<CompetencyWeight type='skillProficiency'><StringValue minValue='BASIC' maxValue='EXCELLENT'>EXCELLENT</StringValue></CompetencyWeight>
</Competency>

<Competency oids='38 60 ' description='Skill > IT' auth='yes' name='TOAD'>
<CompetencyWeight type='skillLevel'><NumericValue minValue='0' maxValue='100'>13</NumericValue></CompetencyWeight>
</Competency>

<Competency oids='35 43 ' description='Skill > IT' auth='yes' name='Stored Procedures'>
<CompetencyWeight type='skillLevel'><NumericValue minValue='0' maxValue='100'>13</NumericValue></CompetencyWeight>
</Competency>

<Competency oids='62 94 ' description='Skill > IT' auth='yes' name='SQL'>
<CompetencyEvidence name='Extent of Experience' typeDescription='Extent of Experience' type='MONTH' lastUsed='2014'><NumericValue description='MONTH'>6</NumericValue></CompetencyEvidence>

<CompetencyEvidence typeDescription='Alias' name='Alias'><StringValue>SQL queries</StringValue></CompetencyEvidence>

<CompetencyWeight type='skillLevel'><NumericValue minValue='0' maxValue='100'>90</NumericValue></CompetencyWeight>

<CompetencyWeight type='skillProficiency'><StringValue minValue='BASIC' maxValue='EXCELLENT'>EXCELLENT</StringValue></CompetencyWeight>
</Competency>

<Competency oids='80 102 ' description='Skill' auth='yes' name='Requirements Gathering'>
<CompetencyEvidence name='Extent of Experience' typeDescription='Extent of Experience' type='MONTH' lastUsed='2014'><NumericValue description='MONTH'>15</NumericValue></CompetencyEvidence>

<CompetencyEvidence typeDescription='Alias' name='Alias'><StringValue>gathering requirements</StringValue></CompetencyEvidence>

<CompetencyWeight type='skillLevel'><NumericValue minValue='0' maxValue='100'>97</NumericValue></CompetencyWeight>

<CompetencyWeight type='skillProficiency'><StringValue minValue='BASIC' maxValue='EXCELLENT'>EXCELLENT</StringValue></CompetencyWeight>
</Competency>

<Competency oids='85 109 ' description='Skill > IT' auth='yes' name='Perl Programming'>
<CompetencyEvidence name='Extent of Experience' typeDescription='Extent of Experience' type='MONTH' lastUsed='2014'><NumericValue description='MONTH'>15</NumericValue></CompetencyEvidence>

<CompetencyEvidence typeDescription='Alias' name='Alias'><StringValue>Perl</StringValue></CompetencyEvidence>

<CompetencyEvidence typeDescription='Alias' name='Alias'><StringValue>Perl scripting</StringValue></CompetencyEvidence>

<CompetencyWeight type='skillLevel'><NumericValue minValue='0' maxValue='100'>93</NumericValue></CompetencyWeight>

<CompetencyWeight type='skillProficiency'><StringValue minValue='BASIC' maxValue='EXCELLENT'>EXCELLENT</StringValue></CompetencyWeight>
</Competency>

<Competency oids='34 63 ' description='Skill > IT' auth='yes' name='Oracle PL/SQL'>
<CompetencyEvidence typeDescription='Alias' name='Alias'><StringValue>PL/SQL</StringValue></CompetencyEvidence>

<CompetencyWeight type='skillLevel'><NumericValue minValue='0' maxValue='100'>13</NumericValue></CompetencyWeight>
</Competency>

<Competency oids='97 116 ' description='Skill > IT' auth='yes' name='Oracle 10G'>
<CompetencyEvidence name='Extent of Experience' typeDescription='Extent of Experience' type='MONTH' lastUsed='2014'><NumericValue description='MONTH'>15</NumericValue></CompetencyEvidence>

<CompetencyWeight type='skillLevel'><NumericValue minValue='0' maxValue='100'>93</NumericValue></CompetencyWeight>

<CompetencyWeight type='skillProficiency'><StringValue minValue='BASIC' maxValue='EXCELLENT'>EXCELLENT</StringValue></CompetencyWeight>
</Competency>

<Competency oids='66 136 ' description='Skill > IT' auth='yes' name='Microsoft Windows 2003 Server'>
<CompetencyEvidence name='Extent of Experience' typeDescription='Extent of Experience' type='MONTH' lastUsed='2013'><NumericValue description='MONTH'>10</NumericValue></CompetencyEvidence>

<CompetencyEvidence typeDescription='Alias' name='Alias'><StringValue>2003</StringValue></CompetencyEvidence>

<CompetencyWeight type='skillLevel'><NumericValue minValue='0' maxValue='100'>83</NumericValue></CompetencyWeight>

<CompetencyWeight type='skillProficiency'><StringValue minValue='BASIC' maxValue='EXCELLENT'>EXCELLENT</StringValue></CompetencyWeight>
</Competency>

<Competency oids='39 61 ' description='Skill > IT' auth='yes' name='Microsoft SQL*Loader'>
<CompetencyEvidence typeDescription='Alias' name='Alias'><StringValue>SQL*Loader</StringValue></CompetencyEvidence>

<CompetencyWeight type='skillLevel'><NumericValue minValue='0' maxValue='100'>13</NumericValue></CompetencyWeight>
</Competency>

<Competency oids='57 131 ' description='Skill > IT' auth='yes' name='Microsoft SQL Server 2000'>
<CompetencyEvidence name='Extent of Experience' typeDescription='Extent of Experience' type='MONTH' lastUsed='2013'><NumericValue description='MONTH'>10</NumericValue></CompetencyEvidence>

<CompetencyEvidence typeDescription='Alias' name='Alias'><StringValue>2000</StringValue></CompetencyEvidence>

<CompetencyEvidence typeDescription='Alias' name='Alias'><StringValue>SQL Server 2000</StringValue></CompetencyEvidence>

<CompetencyWeight type='skillLevel'><NumericValue minValue='0' maxValue='100'>83</NumericValue></CompetencyWeight>

<CompetencyWeight type='skillProficiency'><StringValue minValue='BASIC' maxValue='EXCELLENT'>EXCELLENT</StringValue></CompetencyWeight>
</Competency>

<Competency oids='51 115 ' description='Skill > IT' auth='yes' name='Informatica Analytics Package > Informatica PowerExchange'>
<CompetencyEvidence name='Extent of Experience' typeDescription='Extent of Experience' type='MONTH' lastUsed='2013'><NumericValue description='MONTH'>9</NumericValue></CompetencyEvidence>

<CompetencyEvidence typeDescription='Alias' name='Alias'><StringValue>Informatica Power Exchange</StringValue></CompetencyEvidence>

<CompetencyWeight type='skillLevel'><NumericValue minValue='0' maxValue='100'>83</NumericValue></CompetencyWeight>

<CompetencyWeight type='skillProficiency'><StringValue minValue='BASIC' maxValue='EXCELLENT'>EXCELLENT</StringValue></CompetencyWeight>
</Competency>

<Competency oids='112 130 ' description='Skill > IT' auth='yes' name='Informatica'>
<CompetencyEvidence name='Extent of Experience' typeDescription='Extent of Experience' type='MONTH' lastUsed='2013'><NumericValue description='MONTH'>19</NumericValue></CompetencyEvidence>

<CompetencyEvidence typeDescription='Alias' name='Alias'><StringValue>Informatica 6.2 6.2</StringValue></CompetencyEvidence>

<CompetencyWeight type='skillLevel'><NumericValue minValue='0' maxValue='100'>86</NumericValue></CompetencyWeight>

<CompetencyWeight type='skillProficiency'><StringValue minValue='BASIC' maxValue='EXCELLENT'>EXCELLENT</StringValue></CompetencyWeight>
</Competency>

<Competency oids='89 103 ' description='Skill' auth='no' name='Design'>
<CompetencyEvidence name='Extent of Experience' typeDescription='Extent of Experience' type='MONTH' lastUsed='2014'><NumericValue description='MONTH'>15</NumericValue></CompetencyEvidence>

<CompetencyEvidence typeDescription='Alias' name='Alias'><StringValue>, Design</StringValue></CompetencyEvidence>

<CompetencyEvidence typeDescription='Alias' name='Alias'><StringValue>design,</StringValue></CompetencyEvidence>

<CompetencyWeight type='skillLevel'><NumericValue minValue='0' maxValue='100'>93</NumericValue></CompetencyWeight>

<CompetencyWeight type='skillProficiency'><StringValue minValue='BASIC' maxValue='EXCELLENT'>EXCELLENT</StringValue></CompetencyWeight>
</Competency>

<Competency oids='68 129 ' description='Skill > IT' auth='yes' name='COBOL'>
<CompetencyEvidence name='Extent of Experience' typeDescription='Extent of Experience' type='MONTH' lastUsed='2013'><NumericValue description='MONTH'>10</NumericValue></CompetencyEvidence>

<CompetencyWeight type='skillLevel'><NumericValue minValue='0' maxValue='100'>84</NumericValue></CompetencyWeight>

<CompetencyWeight type='skillProficiency'><StringValue minValue='BASIC' maxValue='EXCELLENT'>EXCELLENT</StringValue></CompetencyWeight>
</Competency>

<Competency oids='12 81 ' description='Skill' auth='yes' name='Business Analysis'>
<CompetencyEvidence name='Extent of Experience' typeDescription='Extent of Experience' type='MONTH' lastUsed='2014'><NumericValue description='MONTH'>6</NumericValue></CompetencyEvidence>

<CompetencyWeight type='skillLevel'><NumericValue minValue='0' maxValue='100'>93</NumericValue></CompetencyWeight>

<CompetencyWeight type='skillProficiency'><StringValue minValue='BASIC' maxValue='EXCELLENT'>EXCELLENT</StringValue></CompetencyWeight>
</Competency>

<Competency oids='33 ' description='Skill' auth='no' name='writing Server Side Programming'>
<CompetencyWeight type='skillLevel'><NumericValue minValue='0' maxValue='100'>13</NumericValue></CompetencyWeight>
</Competency>

<Competency oids='125 ' description='Skill' auth='no' name='testing of Stored Procedures and Functions'>
<CompetencyEvidence name='Extent of Experience' typeDescription='Extent of Experience' type='MONTH' lastUsed='2013'><NumericValue description='MONTH'>10</NumericValue></CompetencyEvidence>

<CompetencyWeight type='skillLevel'><NumericValue minValue='0' maxValue='100'>87</NumericValue></CompetencyWeight>

<CompetencyWeight type='skillProficiency'><StringValue minValue='BASIC' maxValue='EXCELLENT'>EXCELLENT</StringValue></CompetencyWeight>
</Competency>

<Competency oids='6 ' description='Skill' auth='no' name='testing and implementation of various client/server'>
<CompetencyWeight type='skillLevel'><NumericValue minValue='0' maxValue='100'>13</NumericValue></CompetencyWeight>
</Competency>

<Competency oids='26 ' description='Skill' auth='no' name='reporting analysis'>
<CompetencyWeight type='skillLevel'><NumericValue minValue='0' maxValue='100'>13</NumericValue></CompetencyWeight>
</Competency>

<Competency oids='106 ' description='Skill' auth='no' name='develop the Model'>
<CompetencyEvidence name='Extent of Experience' typeDescription='Extent of Experience' type='MONTH' lastUsed='2013'><NumericValue description='MONTH'>9</NumericValue></CompetencyEvidence>

<CompetencyWeight type='skillLevel'><NumericValue minValue='0' maxValue='100'>83</NumericValue></CompetencyWeight>

<CompetencyWeight type='skillProficiency'><StringValue minValue='BASIC' maxValue='EXCELLENT'>EXCELLENT</StringValue></CompetencyWeight>
</Competency>

<Competency oids='104 ' description='Skill' auth='no' name='detail level design'>
<CompetencyEvidence name='Extent of Experience' typeDescription='Extent of Experience' type='MONTH' lastUsed='2013'><NumericValue description='MONTH'>9</NumericValue></CompetencyEvidence>

<CompetencyWeight type='skillLevel'><NumericValue minValue='0' maxValue='100'>83</NumericValue></CompetencyWeight>

<CompetencyWeight type='skillProficiency'><StringValue minValue='BASIC' maxValue='EXCELLENT'>EXCELLENT</StringValue></CompetencyWeight>
</Competency>

<Competency oids='11 ' description='Skill' auth='no' name='data analysis'>
<CompetencyWeight type='skillLevel'><NumericValue minValue='0' maxValue='100'>13</NumericValue></CompetencyWeight>
</Competency>

<Competency oids='128 ' description='Skill > IT' auth='yes' name='XML'>
<CompetencyEvidence name='Extent of Experience' typeDescription='Extent of Experience' type='MONTH' lastUsed='2013'><NumericValue description='MONTH'>10</NumericValue></CompetencyEvidence>

<CompetencyWeight type='skillLevel'><NumericValue minValue='0' maxValue='100'>85</NumericValue></CompetencyWeight>

<CompetencyWeight type='skillProficiency'><StringValue minValue='BASIC' maxValue='EXCELLENT'>EXCELLENT</StringValue></CompetencyWeight>
</Competency>

<Competency oids='23 ' description='Skill' auth='no' name='Unit Testing'>
<CompetencyWeight type='skillLevel'><NumericValue minValue='0' maxValue='100'>13</NumericValue></CompetencyWeight>
</Competency>

<Competency oids='22 ' description='Skill' auth='no' name='Troubleshooting'>
<CompetencyEvidence typeDescription='Alias' name='Alias'><StringValue>Troubleshooting,</StringValue></CompetencyEvidence>

<CompetencyWeight type='skillLevel'><NumericValue minValue='0' maxValue='100'>13</NumericValue></CompetencyWeight>
</Competency>

<Competency oids='113 ' description='Skill > IT' auth='yes' name='Tivoli/TME'>
<CompetencyEvidence name='Extent of Experience' typeDescription='Extent of Experience' type='MONTH' lastUsed='2013'><NumericValue description='MONTH'>9</NumericValue></CompetencyEvidence>

<CompetencyEvidence typeDescription='Alias' name='Alias'><StringValue>Tivoli</StringValue></CompetencyEvidence>

<CompetencyWeight type='skillLevel'><NumericValue minValue='0' maxValue='100'>83</NumericValue></CompetencyWeight>

<CompetencyWeight type='skillProficiency'><StringValue minValue='BASIC' maxValue='EXCELLENT'>EXCELLENT</StringValue></CompetencyWeight>
</Competency>

<Competency oids='37 ' description='Skill' auth='yes' name='System Testing'>
<CompetencyWeight type='skillLevel'><NumericValue minValue='0' maxValue='100'>13</NumericValue></CompetencyWeight>
</Competency>

<Competency oids='41 ' description='Skill > IT' auth='yes' name='Router'>
<CompetencyEvidence typeDescription='Alias' name='Alias'><StringValue>Routers</StringValue></CompetencyEvidence>

<CompetencyWeight type='skillLevel'><NumericValue minValue='0' maxValue='100'>13</NumericValue></CompetencyWeight>
</Competency>

<Competency oids='10 ' description='Skill' auth='yes' name='Quality Control'>
<CompetencyWeight type='skillLevel'><NumericValue minValue='0' maxValue='100'>13</NumericValue></CompetencyWeight>
</Competency>

<Competency oids='134 ' description='Skill > IT' auth='yes' name='Oracle Toad'>
<CompetencyEvidence name='Extent of Experience' typeDescription='Extent of Experience' type='MONTH' lastUsed='2013'><NumericValue description='MONTH'>10</NumericValue></CompetencyEvidence>

<CompetencyEvidence typeDescription='Alias' name='Alias'><StringValue>Toad Toad</StringValue></CompetencyEvidence>

<CompetencyWeight type='skillLevel'><NumericValue minValue='0' maxValue='100'>83</NumericValue></CompetencyWeight>

<CompetencyWeight type='skillProficiency'><StringValue minValue='BASIC' maxValue='EXCELLENT'>EXCELLENT</StringValue></CompetencyWeight>
</Competency>

<Competency oids='133 ' description='Skill > IT' auth='yes' name='Oracle 8i'>
<CompetencyEvidence name='Extent of Experience' typeDescription='Extent of Experience' type='MONTH' lastUsed='2013'><NumericValue description='MONTH'>10</NumericValue></CompetencyEvidence>

<CompetencyEvidence typeDescription='Alias' name='Alias'><StringValue>8i 8i</StringValue></CompetencyEvidence>

<CompetencyWeight type='skillLevel'><NumericValue minValue='0' maxValue='100'>83</NumericValue></CompetencyWeight>

<CompetencyWeight type='skillProficiency'><StringValue minValue='BASIC' maxValue='EXCELLENT'>EXCELLENT</StringValue></CompetencyWeight>
</Competency>

<Competency oids='64 ' description='Skill > IT' auth='yes' name='Microsoft Windows XP'>
<CompetencyEvidence typeDescription='Alias' name='Alias'><StringValue>Windows XP</StringValue></CompetencyEvidence>

<CompetencyWeight type='skillLevel'><NumericValue minValue='0' maxValue='100'>13</NumericValue></CompetencyWeight>
</Competency>

<Competency oids='135 ' description='Skill > IT' auth='yes' name='Microsoft Windows 2000 Server'>
<CompetencyEvidence name='Extent of Experience' typeDescription='Extent of Experience' type='MONTH' lastUsed='2013'><NumericValue description='MONTH'>10</NumericValue></CompetencyEvidence>

<CompetencyEvidence typeDescription='Alias' name='Alias'><StringValue>Windows Server 2000</StringValue></CompetencyEvidence>

<CompetencyWeight type='skillLevel'><NumericValue minValue='0' maxValue='100'>83</NumericValue></CompetencyWeight>

<CompetencyWeight type='skillProficiency'><StringValue minValue='BASIC' maxValue='EXCELLENT'>EXCELLENT</StringValue></CompetencyWeight>
</Competency>

<Competency oids='65 ' description='Skill > IT' auth='yes' name='Microsoft Windows 2000 Professional'>
<CompetencyEvidence typeDescription='Alias' name='Alias'><StringValue>2000</StringValue></CompetencyEvidence>

<CompetencyWeight type='skillLevel'><NumericValue minValue='0' maxValue='100'>13</NumericValue></CompetencyWeight>
</Competency>

<Competency oids='67 ' description='Skill > IT' auth='yes' name='Microsoft Windows'>
<CompetencyEvidence typeDescription='Alias' name='Alias'><StringValue>2007</StringValue></CompetencyEvidence>

<CompetencyWeight type='skillLevel'><NumericValue minValue='0' maxValue='100'>13</NumericValue></CompetencyWeight>
</Competency>

<Competency oids='54 ' description='Skill > IT' auth='yes' name='Microsoft SQL Server 2008'>
<CompetencyEvidence typeDescription='Alias' name='Alias'><StringValue>2008</StringValue></CompetencyEvidence>

<CompetencyWeight type='skillLevel'><NumericValue minValue='0' maxValue='100'>13</NumericValue></CompetencyWeight>
</Competency>

<Competency oids='55 ' description='Skill > IT' auth='yes' name='Microsoft SQL Server 2005'>
<CompetencyEvidence typeDescription='Alias' name='Alias'><StringValue>2005</StringValue></CompetencyEvidence>

<CompetencyWeight type='skillLevel'><NumericValue minValue='0' maxValue='100'>13</NumericValue></CompetencyWeight>
</Competency>

<Competency oids='56 ' description='Skill > IT' auth='yes' name='Microsoft SQL Server 2003'>
<CompetencyEvidence typeDescription='Alias' name='Alias'><StringValue>2003</StringValue></CompetencyEvidence>

<CompetencyWeight type='skillLevel'><NumericValue minValue='0' maxValue='100'>13</NumericValue></CompetencyWeight>
</Competency>

<Competency oids='49 ' description='Skill > IT' auth='yes' name='Methods'>
<CompetencyWeight type='skillLevel'><NumericValue minValue='0' maxValue='100'>13</NumericValue></CompetencyWeight>
</Competency>

<Competency oids='70 ' description='Skill > IT' auth='yes' name='JCL'>
<CompetencyWeight type='skillLevel'><NumericValue minValue='0' maxValue='100'>13</NumericValue></CompetencyWeight>
</Competency>

<Competency oids='101 ' description='Skill > IT' auth='yes' name='Interfaces'>
<CompetencyEvidence name='Extent of Experience' typeDescription='Extent of Experience' type='MONTH' lastUsed='2013'><NumericValue description='MONTH'>9</NumericValue></CompetencyEvidence>

<CompetencyWeight type='skillLevel'><NumericValue minValue='0' maxValue='100'>86</NumericValue></CompetencyWeight>

<CompetencyWeight type='skillProficiency'><StringValue minValue='BASIC' maxValue='EXCELLENT'>EXCELLENT</StringValue></CompetencyWeight>
</Competency>

<Competency oids='126 ' description='Skill' auth='no' name='Integration Testing of Informatica source and Target Data'>
<CompetencyEvidence name='Extent of Experience' typeDescription='Extent of Experience' type='MONTH' lastUsed='2013'><NumericValue description='MONTH'>10</NumericValue></CompetencyEvidence>

<CompetencyWeight type='skillLevel'><NumericValue minValue='0' maxValue='100'>87</NumericValue></CompetencyWeight>

<CompetencyWeight type='skillProficiency'><StringValue minValue='BASIC' maxValue='EXCELLENT'>EXCELLENT</StringValue></CompetencyWeight>
</Competency>

<Competency oids='36 ' description='Skill' auth='no' name='Integration Testing'>
<CompetencyWeight type='skillLevel'><NumericValue minValue='0' maxValue='100'>13</NumericValue></CompetencyWeight>
</Competency>

<Competency oids='40 ' description='Skill' auth='yes' name='Import/Export'>
<CompetencyEvidence typeDescription='Alias' name='Alias'><StringValue>Export/Import</StringValue></CompetencyEvidence>

<CompetencyWeight type='skillLevel'><NumericValue minValue='0' maxValue='100'>13</NumericValue></CompetencyWeight>
</Competency>

<Competency oids='71 ' description='Skill > IT' auth='yes' name='IMS DB'>
<CompetencyWeight type='skillLevel'><NumericValue minValue='0' maxValue='100'>13</NumericValue></CompetencyWeight>
</Competency>

<Competency oids='72 ' description='Skill > IT' auth='yes' name='IBM Hardware'>
<CompetencyEvidence typeDescription='Alias' name='Alias'><StringValue>IBM</StringValue></CompetencyEvidence>

<CompetencyWeight type='skillLevel'><NumericValue minValue='0' maxValue='100'>13</NumericValue></CompetencyWeight>
</Competency>

<Competency oids='42 ' description='Skill' auth='yes' name='Generators'>
<CompetencyEvidence typeDescription='Alias' name='Alias'><StringValue>generator</StringValue></CompetencyEvidence>

<CompetencyWeight type='skillLevel'><NumericValue minValue='0' maxValue='100'>13</NumericValue></CompetencyWeight>
</Competency>

<Competency oids='88 ' description='Skill' auth='no' name='Documented Analysis'>
<CompetencyEvidence name='Extent of Experience' typeDescription='Extent of Experience' type='MONTH' lastUsed='2014'><NumericValue description='MONTH'>6</NumericValue></CompetencyEvidence>

<CompetencyWeight type='skillLevel'><NumericValue minValue='0' maxValue='100'>90</NumericValue></CompetencyWeight>

<CompetencyWeight type='skillProficiency'><StringValue minValue='BASIC' maxValue='EXCELLENT'>EXCELLENT</StringValue></CompetencyWeight>
</Competency>

<Competency oids='79 ' description='Skill' auth='yes' name='Database Administration'>
<CompetencyEvidence name='Extent of Experience' typeDescription='Extent of Experience' type='MONTH' lastUsed='2014'><NumericValue description='MONTH'>6</NumericValue></CompetencyEvidence>

<CompetencyEvidence typeDescription='Alias' name='Alias'><StringValue>DBA</StringValue></CompetencyEvidence>

<CompetencyWeight type='skillLevel'><NumericValue minValue='0' maxValue='100'>95</NumericValue></CompetencyWeight>

<CompetencyWeight type='skillProficiency'><StringValue minValue='BASIC' maxValue='EXCELLENT'>EXCELLENT</StringValue></CompetencyWeight>
</Competency>

<Competency oids='99 ' description='Skill > IT' auth='yes' name='Data Migration'>
<CompetencyEvidence name='Extent of Experience' typeDescription='Extent of Experience' type='MONTH' lastUsed='2013'><NumericValue description='MONTH'>9</NumericValue></CompetencyEvidence>

<CompetencyWeight type='skillLevel'><NumericValue minValue='0' maxValue='100'>87</NumericValue></CompetencyWeight>

<CompetencyWeight type='skillProficiency'><StringValue minValue='BASIC' maxValue='EXCELLENT'>EXCELLENT</StringValue></CompetencyWeight>
</Competency>

<Competency oids='111 ' description='Skill > IT' auth='yes' name='Control-M'>
<CompetencyEvidence name='Extent of Experience' typeDescription='Extent of Experience' type='MONTH' lastUsed='2013'><NumericValue description='MONTH'>9</NumericValue></CompetencyEvidence>

<CompetencyWeight type='skillLevel'><NumericValue minValue='0' maxValue='100'>83</NumericValue></CompetencyWeight>

<CompetencyWeight type='skillProficiency'><StringValue minValue='BASIC' maxValue='EXCELLENT'>EXCELLENT</StringValue></CompetencyWeight>
</Competency>

<Competency oids='140 ' description='Skill > IT' auth='yes' name='Blue'>
<CompetencyEvidence name='Extent of Experience' typeDescription='Extent of Experience' type='MONTH' lastUsed='2012'><NumericValue description='MONTH'>96</NumericValue></CompetencyEvidence>

<CompetencyWeight type='skillLevel'><NumericValue minValue='0' maxValue='100'>75</NumericValue></CompetencyWeight>

<CompetencyWeight type='skillProficiency'><StringValue minValue='BASIC' maxValue='EXCELLENT'>GOOD</StringValue></CompetencyWeight>
</Competency>

<Competency oids='91_1 107_1 124_1 ' description='Held Position' auth='no' name='Joiner'>
<CompetencyEvidence name='Extent of Experience' typeDescription='Extent of Experience' type='MONTH' lastUsed='2014'><NumericValue description='MONTH'>25</NumericValue></CompetencyEvidence>

<CompetencyWeight type='skillLevel'><NumericValue minValue='0' maxValue='100'>100</NumericValue></CompetencyWeight>

<CompetencyWeight type='skillProficiency'><StringValue minValue='BASIC' maxValue='EXCELLENT'>EXCELLENT</StringValue></CompetencyWeight>
</Competency>

<Competency oids='98_3_1 118_4_1 ' description='Held Position' auth='no' name='ETL Developer'>
<CompetencyEvidence name='Extent of Experience' typeDescription='Extent of Experience' type='MONTH' lastUsed='2013'><NumericValue description='MONTH'>19</NumericValue></CompetencyEvidence>

<CompetencyWeight type='skillLevel'><NumericValue minValue='0' maxValue='100'>90</NumericValue></CompetencyWeight>

<CompetencyWeight type='skillProficiency'><StringValue minValue='BASIC' maxValue='EXCELLENT'>EXCELLENT</StringValue></CompetencyWeight>
</Competency>

<Competency oids='93_1 ' description='Held Position' auth='no' name='Used Informatica Workflow Manager'>
<CompetencyEvidence name='Extent of Experience' typeDescription='Extent of Experience' type='MONTH' lastUsed='2014'><NumericValue description='MONTH'>6</NumericValue></CompetencyEvidence>

<CompetencyWeight type='skillLevel'><NumericValue minValue='0' maxValue='100'>92</NumericValue></CompetencyWeight>

<CompetencyWeight type='skillProficiency'><StringValue minValue='BASIC' maxValue='EXCELLENT'>EXCELLENT</StringValue></CompetencyWeight>
</Competency>

<Competency oids='90_1 ' description='Held Position' auth='no' name='Used Informatica Designer'>
<CompetencyEvidence name='Extent of Experience' typeDescription='Extent of Experience' type='MONTH' lastUsed='2014'><NumericValue description='MONTH'>6</NumericValue></CompetencyEvidence>

<CompetencyWeight type='skillLevel'><NumericValue minValue='0' maxValue='100'>94</NumericValue></CompetencyWeight>

<CompetencyWeight type='skillProficiency'><StringValue minValue='BASIC' maxValue='EXCELLENT'>EXCELLENT</StringValue></CompetencyWeight>
</Competency>

<Competency oids='59_1 ' description='Held Position' auth='no' name='Teradata SQL Assistant'>
<CompetencyWeight type='skillLevel'><NumericValue minValue='0' maxValue='100'>13</NumericValue></CompetencyWeight>
</Competency>

<Competency oids='92_1 ' description='Held Position' auth='no' name='Sorter'>
<CompetencyEvidence name='Extent of Experience' typeDescription='Extent of Experience' type='MONTH' lastUsed='2014'><NumericValue description='MONTH'>6</NumericValue></CompetencyEvidence>

<CompetencyWeight type='skillLevel'><NumericValue minValue='0' maxValue='100'>93</NumericValue></CompetencyWeight>

<CompetencyWeight type='skillProficiency'><StringValue minValue='BASIC' maxValue='EXCELLENT'>EXCELLENT</StringValue></CompetencyWeight>
</Competency>

<Competency oids='137_1_1 ' description='Held Position' auth='no' name='Quality Control Associates'>
<CompetencyEvidence name='Extent of Experience' typeDescription='Extent of Experience' type='MONTH' lastUsed='2012'><NumericValue description='MONTH'>96</NumericValue></CompetencyEvidence>

<CompetencyWeight type='skillLevel'><NumericValue minValue='0' maxValue='100'>75</NumericValue></CompetencyWeight>

<CompetencyWeight type='skillProficiency'><StringValue minValue='BASIC' maxValue='EXCELLENT'>GOOD</StringValue></CompetencyWeight>
</Competency>

<Competency oids='48_1 ' description='Held Position' auth='no' name='Informatica Server Manager'>
<CompetencyWeight type='skillLevel'><NumericValue minValue='0' maxValue='100'>13</NumericValue></CompetencyWeight>
</Competency>

<Competency oids='3_1 ' description='Held Position' auth='no' name='Informatica Developer'>
<CompetencyWeight type='skillLevel'><NumericValue minValue='0' maxValue='100'>13</NumericValue></CompetencyWeight>
</Competency>

<Competency oids='73_3_1 ' description='Held Position' auth='no' name='ETL Informatica Developer'>
<CompetencyEvidence name='Extent of Experience' typeDescription='Extent of Experience' type='MONTH' lastUsed='2014'><NumericValue description='MONTH'>6</NumericValue></CompetencyEvidence>

<CompetencyWeight type='skillLevel'><NumericValue minValue='0' maxValue='100'>95</NumericValue></CompetencyWeight>

<CompetencyWeight type='skillProficiency'><StringValue minValue='BASIC' maxValue='EXCELLENT'>EXCELLENT</StringValue></CompetencyWeight>
</Competency>

<Competency oids='13_2 ' description='Held Position' auth='no' name='Data Warehouse consultant'>
<CompetencyWeight type='skillLevel'><NumericValue minValue='0' maxValue='100'>13</NumericValue></CompetencyWeight>
</Competency>

<Competency description='Industry' auth='yes' name='industry~it'>
<CompetencyEvidence name='skillCount' typeDescription='skillCount'><NumericValue>3</NumericValue></CompetencyEvidence>

<CompetencyWeight type='skillLevel'><NumericValue minValue='0' maxValue='100'>100</NumericValue></CompetencyWeight>
</Competency>























<RevisionDate id='1'>2014-06-09</RevisionDate>
</StructuredXMLResume>
<NonXMLResume>

<TextResume>



<span inprof='n' id='1' class='date'>{{DOCUMENT_DATESTAMP}} 2014-6-9 {{END_DOCUMENT_DATESTAMP}}</span>


<span inprof='y' id='2' class='nominal'>Madhav Ghimire</span>
                                                 (<span inprof='y' id='3_1' class='role'>Informatica Developer</span>)


<span inprof='n' id='4' class='objectives-mark'>SUMMARY:</span>
*  <span inprof='n' id='5' class='duration'>Four years</span> of experience in IT industry involving analysis, design, developing, <span inprof='y' id='6' class='skill'>testing and implementation of various client/server</span>, web based and <span inprof='y' id='7' class='skill'>data warehousing</span> applications in Financial, Manufacturing, Insurance, Educational, Health Care domains ; 
*  <span inprof='n' id='8' class='duration'>Eight years</span> of experience in <span inprof='n' id='9' class='industry-sector'>BIOPHARMACEUTICAL industry</span> involving <span inprof='y' id='10' class='skill'>quality control</span>, research, <span inprof='y' id='11' class='skill'>data analysis</span> and <span inprof='y' id='12' class='skill'>business analysis</span> ; 
*  <span inprof='n' id='13_1' class='duration'>Four years</span> of experience as a <span inprof='y' id='13_2' class='role'>Data Warehouse consultant</span> using <span inprof='y' id='14' class='sofwr'>Informatica Power Center good understanding</span> of Data Warehouse architecture and life cycle by using <span inprof='y' id='15' class='sofwr'>Informatica Power Center</span> with <span inprof='y' id='16' class='sofwr'>Oracle</span>, <span inprof='y' id='17' class='sofwr'>MS SQL server</span>, <span inprof='y' id='18' class='sofwr'>DB2</span> and <span inprof='y' id='19' class='sofwr'>Teradata</span> databases.. ; 
*  Well versed with <span inprof='y' id='20' class='skill'>Data warehousing</span> concepts using Kimball's principles or methodology- Dimensional modeling, slowly changing dimensions (type1, type2, and type3), surrogate keys, star schema and snowflake schema in implementing DSS (Decision Support Systems.) ; 
*  Well versed in OLTP Data Modeling, <span inprof='y' id='21' class='skill'>Data warehousing</span> concepts. ; 
*  Efficient in <span inprof='y' id='22' class='skill'>Troubleshooting,</span> <span inprof='y' id='23' class='skill'>Unit Testing</span> <span inprof='n' id='24' class='location'>(UT)</span>, Debugging and optimization of <span inprof='y' id='25' class='sofwr'>ETL</span> and <span inprof='y' id='26' class='skill'>reporting analysis</span>. ; 
*  Experience in working <span inprof='n' id='27' class='bad-occupation'>with TOAD and SQL Developer</span> ; 
*  Solid understanding of <span inprof='y' id='28' class='sofwr'>Extraction, Transformation and Loading</span> <span inprof='y' id='29' class='sofwr'>(ETL)</span> process and usage of <span inprof='y' id='30' class='sofwr'>ETL tools</span> ; 
*  Knowledge of various techniques for Performance Tuning involved with sources, targets, mappings and sessions. ; 
*  Highly <span inprof='y' id='31' class='sofwr'>proficient in Development, Implementation, Administration and Support of ETL</span> processes for Large-scale Data warehouses using <span inprof='y' id='32' class='sofwr'>Informatica PowerCenter</span> ; 
*  Designed and developed efficient Error handling methods and implemented throughout the mappings in various projects. ; 
*  Experience in <span inprof='y' id='33' class='skill'>writing Server Side Programming</span> with <span inprof='y' id='34' class='sofwr'>PL/SQL</span> (<span inprof='y' id='35' class='sofwr'>Stored Procedures</span>, Stored Functions) ; 
*  Expertise in doing Unit Testing, <span inprof='y' id='36' class='skill'>Integration Testing</span>, <span inprof='y' id='37' class='skill'>System Testing</span> and Data Validation for Developed Informatica Mappings. ; 
*  Experience with Other Utilities: <span inprof='y' id='38' class='sofwr'>TOAD</span>, <span inprof='y' id='39' class='sofwr'>SQL*Loader</span>, <span inprof='y' id='40' class='skill'>Export/Import</span> ; 
*  Worked extensively with complex mappings using different transformations like Source Qualifiers, Expressions, Filters, Joiners, <span inprof='y' id='41' class='sofwr'>Routers</span>, Union, Unconnected / Connected Lookups, Normalizer, Sequence <span inprof='y' id='42' class='skill'>generator</span>, Update Strategy, Aggregators and <span inprof='y' id='43' class='sofwr'>Stored Procedures</span>. ; 
*  Extracted data from various sources like <span inprof='y' id='44' class='sofwr'>Oracle</span>, <span inprof='y' id='45' class='sofwr'>DB2</span>, Flat file, <span inprof='y' id='46' class='sofwr'>SQL Server</span> and loaded into <span inprof='y' id='47' class='sofwr'>Oracle database</span>. ; 
*  Proficient in using <span inprof='y' id='48_1' class='role'>Informatica Server Manager</span> to create &#38; schedule sessions and batches. ; 
*  Extensively worked with Debugger to test the mappings, how the data is passing through various transformations. ; 
*  Experience in creating Reusable Tasks (Sessions, Command, Email) and Non-Reusable Tasks (Decision, Event Wait, Event Raise, Timer, Assignment, Worklet, Control).

TOOLS/<span inprof='y' id='49' class='sofwr'>METHODS</span>
<span inprof='y' id='50' class='sofwr'>Informatica Powercenter 9.1.0/8.6.1/7.1.3</span>, 		 <span inprof='y' id='51' class='sofwr'>Informatica Power Exchange</span> 		 <span inprof='y' id='52' class='sofwr'>Oracle 7.x/8.x/9x</span>/10g/11g, 		 <span inprof='y' id='53' class='sofwr'>SQL Server</span> <span inprof='y' id='54' class='sofwr'>2008</span>/<span inprof='y' id='55' class='sofwr'>2005</span>/<span inprof='y' id='56' class='sofwr'>2003</span>/<span inprof='y' id='57' class='sofwr'>2000</span>, <span inprof='y' id='58' class='sofwr'>DB2</span> 		 <span inprof='y' id='59_1' class='role'>Teradata SQL Assistant</span>,
BTEQ, FastLoad, 		 Mload, TPump, <span inprof='y' id='60' class='sofwr'>TOAD</span>, 		 <span inprof='y' id='61' class='sofwr'>Sql*  Loader</span> 		 <span inprof='y' id='62' class='sofwr'>SQL</span>, <span inprof='y' id='63' class='sofwr'>PL/SQL</span>, 		 <span inprof='y' id='64' class='sofwr'>Windows  XP</span>/<span inprof='y' id='65' class='sofwr'>2000</span>,<span inprof='y' id='66' class='sofwr'>2003</span>, <span inprof='y' id='67' class='sofwr'>2007</span> 		 <span inprof='y' id='68' class='sofwr'>COBOL</span>, <span inprof='y' id='69' class='sofwr'>DB2</span>, <span inprof='y' id='70' class='sofwr'>JCL</span>, 		 <span inprof='y' id='71' class='sofwr'>IMS DB</span>, <span inprof='y' id='72' class='sofwr'>IBM</span> Utilities


CHRONOLOGICAL SUMMARY OF EXPERIENCE

<span inprof='y' id='73_1' class='company'>Baylor Hospital</span>, <span inprof='y' id='73_2' class='location'>Dallas, TX</span>
<span inprof='y' id='73_3_1' class='role'>ETL Informatica Developer</span>          <span inprof='y' id='73_4_1' class='date'>Dec, 2013</span> - <span inprof='y' id='73_4_2' class='date'>May, 2014</span>

<span inprof='n' id='74' class='company'>Baylor Hospital, one of the nation's hospital</span> companies. <span inprof='n' id='75' class='company'>Baylor</span> is a nation's leading <span inprof='n' id='76' class='company'>provider of healthcare</span> services, a company comprised of locally managed facilities, <span inprof='n' id='77' class='company'>freestanding surgery</span> centers. <span inprof='n' id='78' class='company'>Baylor</span> receives Data Feeds from Various External Data Providers. They are to be Sourced, Transformed as per Baylor Business needs and Loading to Teradata Data Mart, to Generate Reports out of it and provide business with intelligence to make effective decisions.

*  Worked with Business analysts, Data Stewards and the <span inprof='y' id='79' class='skill'>DBA</span> for <span inprof='y' id='80' class='skill'>requirements gathering</span>, <span inprof='y' id='81' class='skill'>business analysis</span> and designing various <span inprof='y' id='82' class='sofwr'>ETL</span> processes for the data warehouse. ; 
*  Extensively used <span inprof='y' id='83' class='sofwr'>Informatica power center for Extraction, Transformation and Loading</span> processes. ; 
*  Developed <span inprof='y' id='84' class='sofwr'>UNIX shell scripts</span>, <span inprof='y' id='85' class='sofwr'>Perl</span> scripts to format the source files and to extract the information from error logs. ; 
*  <span inprof='y' id='86' class='sofwr'>Oracle</span> was one of the Source Systems while <span inprof='y' id='87' class='sofwr'>Teradata</span> was the Target Database. ; 
*  <span inprof='y' id='88' class='skill'>Documented Analysis</span><span inprof='y' id='89' class='skill'>, Design</span>, Build, Testing and Implementation Plan in the Business Intelligence Data Request (BIDR) document. ; 
 *  <span inprof='y' id='90_1' class='role'>Used Informatica Designer</span> to create complex mappings using different transformations including Expression, Connected and Unconnected Lookup, Update Strategy, Filter, Source Qualifier, Router, Aggregator, Rank, <span inprof='y' id='91_1' class='role'>Joiner</span>, Sequence Generator, <span inprof='y' id='92_1' class='role'>Sorter</span> and Normalizer to pipeline data to the target system. ; 
 *  Expertise in Developing Mappings, Define Workflows &#38;Tasks, Monitoring Sessions, Export &#38; Import Mappings and Workflows ; 
 *  <span inprof='y' id='93_1' class='role'>Used Informatica Workflow Manager</span> to create, schedule and execute sessions, worklets and workflows. ; 
 *  Utilized Informatica Workflow Monitor to monitor sessions and get logs for debug. ; 
 *  Developed Reusable Transformations &#38; Mapplet and used them in the Mappings. ; 
 *  Extensively worked on the performance tuning of the Mappings, sessions &#38; <span inprof='y' id='94' class='sofwr'>SQL queries</span>. ; 
 *  Responsible in developing and migrating the code from one environment to another. ; 
 *  Maintained the documents with various versions

Environment: <span inprof='y' id='95' class='sofwr'>Informatica Power Center 9.1.0</span>, <span inprof='y' id='96' class='sofwr'>Teradata 14.10</span>, <span inprof='y' id='97' class='sofwr'>Oracle 10g</span>

<span inprof='y' id='98_1' class='company'>Farmers Insurance</span>, <span inprof='y' id='98_2' class='location'>Los Angeles, CA</span>
<span inprof='y' id='98_3_1' class='role'>ETL Developer</span>          <span inprof='y' id='98_4_1' class='date'>Mar, 2013</span> - <span inprof='y' id='98_4_2' class='date'>Nov 2013</span>

This is a <span inprof='y' id='99' class='sofwr'>data migration</span> project where-in existing SQL Server ODS was replaced to Teradata Platform and also changes the up-stream and down-stream applications to Point to <span inprof='y' id='100' class='sofwr'>Teradata</span>. There were some 51 <span inprof='y' id='101' class='sofwr'>Interfaces</span> out of which 38 were shift-and-lift while the remaining needed some design changes.

*  Studied the existing environment and accumulating the requirements by querying the Clients on various aspects. ; 
*  Identified various Data Sources and Development Environment. ; 
*  Converted the Existing SSIS Packages to Informatica Mappings. ; 
*  Involved in <span inprof='y' id='102' class='skill'>gathering requirements</span>, creating functional specifications, high level <span inprof='y' id='103' class='skill'>design,</span> <span inprof='y' id='104' class='skill'>detail level design</span> documents and unit test. ; 
*  Analyzing the source data coming from different sources (<span inprof='y' id='105' class='sofwr'>SQL Server</span> and flat files) and working with business users and developers to <span inprof='y' id='106' class='skill'>develop the Model</span>. ; 
*  Developed complex mappings in Informatica to load the data from various sources using different transformations like Source Qualifier, Look up (connected and unconnected), Expression, Aggregate, Update Strategy, Sequence Generator, <span inprof='y' id='107_1' class='role'>Joiner</span>, Filter, Update Strategy Rank and Router transformations. ; 
*  Successfully Implemented Slowly Changing Dimensions (SCD). Used Type 2 dimension to keep the history changes. ; 
*  Experience in <span inprof='y' id='108' class='sofwr'>UNIX shell</span> and <span inprof='y' id='109' class='sofwr'>Perl scripting</span>, automation of <span inprof='y' id='110' class='sofwr'>ETL</span> processes using scheduling tools like <span inprof='y' id='111' class='sofwr'>Control-M</span> and TWS. ; 
*  Developed simple &#38; complex mappings using <span inprof='y' id='112' class='sofwr'>Informatica</span> to load Dimension &#38; Fact tables as per STAR Schema techniques. ; 
*  Used Mapplets in mappings thereby saving valuable design time and effort. ; 
*  Scheduled Informatica workflows using <span inprof='y' id='113' class='sofwr'>Tivoli</span> (TWS) application.

Environment: <span inprof='y' id='114' class='sofwr'>Informatica PowerCenter 8.6.1</span>, <span inprof='y' id='115' class='sofwr'>Informatica Power Exchange</span>, <span inprof='y' id='116' class='sofwr'>Oracle 10g</span>, <span inprof='y' id='117' class='sofwr'>Teradata 13</span>, Toad 10.5

<span inprof='y' id='118_1' class='company'>UST Global</span> <span inprof='y' id='118_2' class='location'>Mason, OH</span>                <span inprof='y' id='118_3_1' class='date'>May, 2012</span> - <span inprof='y' id='118_3_2' class='date'>Feb, 2013</span>
(<span inprof='y' id='118_4_1' class='role'>ETL Developer</span>)

<span inprof='y' id='119' class='company'>UST Global</span> headquartered in <span inprof='n' id='120' class='location'>Aliso Viejo, California</span> is a provider of IT services. <span inprof='y' id='121' class='company'>UST Global</span> specializes in <span inprof='n' id='122' class='company'>Healthcare</span>, Retail &#38; Consumer Goods, <span inprof='n' id='123' class='company'>Banking &#38; Financial Services</span>, Media &#38; Entertainment, Insurance, Transportation &#38; Logistics and Manufacturing &#38; Utilities.

    *  Analyze the requirements and design documents and understanding the functionalities of both source and target systems. ; 
    *  Developing mappings to extract the Data from multiple Flat Files and loading them into staging through CDM database. ; 
    *  Developed complex mappings in Informatica to load the data from various sources using different transformations like Source Qualifier, Look up (connected and unconnected), Expression, Aggregate, Update Strategy, Sequence Generator, <span inprof='y' id='124_1' class='role'>Joiner</span>, Filter,Update Strategy Rank and Router transformations. ; 
    *  Transformations like Source Qualifier, Lookup, Aggregator, Expression, Filter, ; 
    *  And Sequence Generators are mostly used. ; 
    *  Involved in modifying existing Mappings, <span inprof='y' id='125' class='skill'>testing of Stored Procedures and Functions</span>, Unit and <span inprof='y' id='126' class='skill'>Integration Testing of Informatica source and Target Data</span>. ; 
    *  Analyzed source systems (<span inprof='y' id='127' class='sofwr'>SQL server</span>, <span inprof='y' id='128' class='sofwr'>XML</span> and <span inprof='y' id='129' class='sofwr'>COBOL</span> files) from third party vendor, these files were the source to the Informatica interfaces used to load data to the target downstream systems. ; 
    *  Worked with mapping parameters and variables to load data from different sources to corresponding partition of the database table, and worked mostly on constraint based loading ; 
    *  Tune the Informatica Mappings and code for high and robust performance. ; 
    *  Prepared Unit Test plans.

Technologies:
<span inprof='y' id='130' class='sofwr'>Informatica 6.2</span>, <span inprof='y' id='131' class='sofwr'>SQL Server 2000</span>, <span inprof='y' id='132' class='sofwr'>Oracle</span> <span inprof='y' id='133' class='sofwr'>8i</span>,  <span inprof='y' id='134' class='sofwr'>Toad</span>, <span inprof='y' id='135' class='sofwr'>Windows Server 2000</span>/<span inprof='y' id='136' class='sofwr'>2003</span>


<span inprof='y' id='137_1_1' class='role'>Quality Control Associates</span>
<span inprof='y' id='137_2' class='company'>Bonita Pharmaceuticals</span>, <span inprof='y' id='137_3' class='location'>Westland, MI</span>                                                    <span inprof='y' id='137_4_1' class='date'>March, 2004</span> to <span inprof='y' id='137_4_2' class='date'>March 2012</span>

<span inprof='n' id='138' class='company'>Bonita Pharmaceuticals is a Pharmaceutical company</span> which produces and distribute brand, generic, over the counter and control medications throughout <span inprof='n' id='139' class='location'>the USA</span> and Guam.

*  Enforce to maintained the drug quality as per FDA guidelines ; 
*  Follow standard handling procedure in production and warehouse environment ; 
*  Check and maintained packing quality during storage and transfer the drugs ; 
*  Check NDC number, Lot number, Expiration date and maintain the quality ; 
*  Enforce to maintain the quality packing, handling and transforming drugs from point of origin to point of retailing ; 
*  Data entering, data analyzing and data maintaining by using <span inprof='y' id='140' class='sofwr'>Blue</span> Link software, SPSS software and SAS clinical

</TextResume>

</NonXMLResume>



<UserArea>
<DaxResumeUserArea>
<AdditionalPersonalData>
<ExperienceSummary>
<TotalMonthsOfWorkExperience>121</TotalMonthsOfWorkExperience>
<TotalYearsOfWorkExperience>10</TotalYearsOfWorkExperience>
<ExecutiveBrief>Madhav Ghimire has been working in the IT  occupational sector for more than 10 years. During his last employment he was working as an ETL Informatica Developer at Baylor Hospital. Madhav has extensive knowledge of ETL, Informatica Analytics Package > Informatica PowerCenter, Oracle, Teradata, Microsoft SQL Server, DB2, shell scripting, SQL, Perl Programming, Oracle 10G, Microsoft SQL Server 2000, Informatica Analytics Package > Informatica PowerExchange, Informatica, COBOL, XML, Tivoli/TME, Oracle Toad, Oracle 8i, Interfaces, Data Migration, Control-M, Blue. So far Madhav has not gained any managerial experience.</ExecutiveBrief>
</ExperienceSummary>
</AdditionalPersonalData>
<ParserInfo>
<ParserConfiguration>{max_len=50000} {tel_flag=} {send_zip=} {fast_conv=} {DEF_LOCAL=} {sdate=0} {no_email_body=0} {do_clever_zoning=1} {keep_span=1} {complex=1} {accept_langs=} {not_accept_langs=} {prefer_lang_cv=EN} {pers_only=0} {turbo=0} {split_language=0} {picture=0} {picture_inline=0} {name_space=0} {charset=} {hrxml_upgrade_edu_hist=0}{hrxml_add_languages_section=0}{spool=} {docID=} {user=DEFAULT} </ParserConfiguration>
<ParserRelease>0.12.3.32629</ParserRelease>
<ParserReleaseDate>2014-06-18</ParserReleaseDate>
<ParserSchema>2.0.29</ParserSchema>
<ParserSchemaLocation>http://cvx.daxtra.com/cvts/xsd/candidate/2.0.29/Resume.xsd</ParserSchemaLocation>
<ConverterRelease>0.5.2.32629</ConverterRelease>
<ConverterReleaseDate>2014-06-18</ConverterReleaseDate>
</ParserInfo>
<FileStruct filename='/home/izoom/anazarov/grammar/analysis/3rconnect/doc/100_Resume-ApTask/Madhav_-_ETL_Informatica_-.doc'>

<attachment fname='Madhav_-_ETL_Informatica_-.doc' ftype='doc' conv='yes' doc_type='cv' lang='EN'>/home/izoom/anazarov/grammar/analysis/3rconnect/doc/100_Resume-ApTask/Madhav_-_ETL_Informatica_-.doc</attachment>


</FileStruct>
</DaxResumeUserArea>
</UserArea>
</Resume>
