<?xml version='1.0' encoding='ISO-8859-1'?>
<Resume lang='en' src='DAXTRA-CVX schema:2.0.29 release:0.12.3.32629 rdate:2014-06-18'>
<StructuredXMLResume>
<ContactInfo>
<PersonName id='2'>
<FormattedName>Martin Aydin</FormattedName>
<GivenName>Martin</GivenName>
<FamilyName>Aydin</FamilyName>
<sex>Male</sex>
</PersonName>
<ContactMethod>
</ContactMethod>
</ContactInfo>
<ExecutiveSummary>*    Over 7 years of experience with Core Java, Multi-threading, Object-Oriented design, HTTP(S),(S)FTP, Unix shell scripts, Awk, XML Parsing, HTML, JDBC, and SQL. ; 
    *    Experience in implementing Core Java design patterns like Singleton, Factory Pattern, Producer-consumer, Dependency Injection, etc. ; 
    *    Experienced in full software development life cycle, from requirements gathering, to drawing UML diagrams, design, development, unit testing, release, and support. ; 
    *    Experienced in version control systems, CVS, Subversion, and Git, including setup and troubleshooting in an administrative capacity. ; 
    *    Experience in Waterfall and Agile design methodologies. ; 
    *    Proficient in using RDBMS concepts with Oracle, SQLServer, and MySQL. ; 
    *    Expertise in Database Design, Creation and Management of Schemas, and writing DDL and DML SQL queries. ; 
    *    Expertise in ETL processes and data processing using SQL and Informatica. ; 
    *    Experience in working with multiple operating systems:AIX, HP-UX, Solaris, Linux, and Windows Server. ; 
    *    Expertise in using development tools such as Eclipse and Netbeans. ;</ExecutiveSummary>


<EmploymentHistory>
<EmployerOrg employerOrgType='soleEmployer'>
<EmployerOrgName id='118'>Premiere Systems Support's (PSS) Communication Service</EmployerOrgName>
<EmployerContactInfo>
<LocationSummary id='115'>
<Municipality>Middleburg</Municipality>
<Region>VA</Region>
<CountryCode>US</CountryCode>
</LocationSummary>
</EmployerContactInfo>
<PositionHistory positionType='PERMANENT'>
<Title id='113_1_1'>Software Developer</Title>
<OrgName id='118'>Premiere Systems Support's (PSS) Communication Service</OrgName>



<Description>*    Team Lead responsible for the design, development and testingof Premiere Systems Support's (PSS) Communication Service Provider (CSP) software in Java, using multi-threading and Object Oriented design patterns with Agile methodology, Test Driven Development and Continous Integration techniques. The CSP provides communication and transformation services between different ERP software packages and databases. It is used in more than 10 Universities in the US and serves over 200,000 students. ; 
    *    Used Junit and wrote UNIX shell scripts for automated unit testing of CSP code.  Wrote Java code and shell scripts to randomly generate input files and transactions for stress/performance testing. ; 
    *    Responsible for providing production support for approximately 20 clients (Universities) in installing and configuring CSP as well as HigherOne Corporation's e-payment products.  Total enrollment for all clients served is in excess of 300,000. ; 
    *    Worked on the full Software Engineering cycle of custom integration projects such as Single Sign-On and payment interfaces, including gathering requirements, writing technical specs, implementation (writing Java code), testing, and support. ; 
    *    Created web applications using JSP and JQuery for sending XML transactions to the CSP and parsing the results.  Created a web based Virtual Register for clients to make purchases on the web.Developed the Virtual Register JSP web application to be distributed using embedded Jetty, enabling client-site deployment without an existing application server. ; 
    *    Created and maintained UNIX shell scripts for CSP compilation, packaging, installation, encryption, decryption, and to maintain the CSP build and test environments. ; 
    *    Created an automatic update system for CSP using Secure FTP in Java. ; 
    *    Assisted in designing, developing, and testing Sharepoint Web Parts using .NET for Single Sign On from Sharepoint to third party systems.  Designed and developed a configurable Sharepoint web part to make background HTTP calls to other systems and display the filtered results. ; 
    *    Performed custom application testing and configuration for Datatel Colleague.</Description>
<StartDate id='113_2_1'><YearMonth>2011-01</YearMonth></StartDate>
<EndDate id='113_2_2'>notApplicable</EndDate>




<JobCategory>
<TaxonomyName>JOBAREA</TaxonomyName>
<CategoryCode>it</CategoryCode>
</JobCategory>


<UserArea>
<DaxPositionHistoryUserArea>
<TLSPAN first_id='113' last_id='148' border_id='149'></TLSPAN>
<MonthsOfWork>43</MonthsOfWork>
</DaxPositionHistoryUserArea>
</UserArea>
</PositionHistory>
</EmployerOrg>

<EmployerOrg employerOrgType='soleEmployer'>
<EmployerOrgName id='149_2'>ETL</EmployerOrgName>
<EmployerContactInfo>
<LocationSummary id='151'>
<Municipality>Martin</Municipality>
<Region>Baltimore, MD</Region>
<CountryCode>US</CountryCode>
</LocationSummary>
</EmployerContactInfo>
<PositionHistory positionType='PERMANENT'>
<Title id='149_1_1'>Software Developer</Title>
<OrgName id='149_2'>ETL</OrgName>



<Description>Lockheed Martin, Baltimore, MD
    *    Wrote and debugged Java programs, UNIX shell scripts, Informatica Java transformations, mappings, workflows and sessions to facilitate data ETL process to the National Data Warehouse (NDW). ; 
    *    Modified existing workflow, used Java and UNIX scripts to automate the NDW ETL process. ; 
    *    Refactored Java code to parse irregular IVR (Interactive Voice Response) data files. ; 
    *    Analyzed incoming data via SQL queries and prepared statistical reports and charts to present the information to Centers for Medicare and Medicaid Services (CMS). ; 
    *    Helped administer and troubleshoot Java issues, Oracle issues, ETL issues, and UNIX issues. ; 
    *    Set up and configured Java web applications and Tomcat to display the results of SQL queries graphically on maps.</Description>
<StartDate id='149_3_1'><YearMonth>2007-06</YearMonth></StartDate>
<EndDate id='149_3_2'><YearMonth>2011-01</YearMonth></EndDate>




<JobCategory>
<TaxonomyName>JOBAREA</TaxonomyName>
<CategoryCode>it</CategoryCode>
</JobCategory>


<UserArea>
<DaxPositionHistoryUserArea>
<TLSPAN first_id='149' last_id='169' border_id='170'></TLSPAN>
<MonthsOfWork>44</MonthsOfWork>
</DaxPositionHistoryUserArea>
</UserArea>
</PositionHistory>
</EmployerOrg>

<EmployerOrg employerOrgType='soleEmployer'>
<EmployerOrgName id='170_3'>Premiere Systems Support</EmployerOrgName>
<EmployerContactInfo>
<LocationSummary id='170_4'>
<Municipality>Fairfax</Municipality>
<Region>VA</Region>
<CountryCode>US</CountryCode>
</LocationSummary>
</EmployerContactInfo>
<PositionHistory positionType='PERMANENT'>
<Title id='170_1_1'>Software Developer</Title>
<OrgName id='170_3'>Premiere Systems Support</OrgName>



<Description>*    Developed and tested Premiere Systems Support's (PSS) Communication Service Provider (CSP) software in Java. ; 
    *    Created and maintained UNIX shell scripts for CSP compilation, packaging, installation, encryption, decryption, and to maintain the CSP build and test environments. Debugged and created UNIX shell scripts for custom software at Sinclair Community College and ACS. ; 
    *    Used JDBC and Java object beans to connect to MySQL databases and perform select, insert, update, and delete operations on multiple linked tables.  Wrote business logic to perform COMMIT and ROLLBACK operations on MySQL myISAM tables. ; 
    *    Developed custom web sites for report generation, help desk, and project management services, using PHP/MySQL. ; 
    *    Configured and administered business application servers running IIS 6.0, Apache, Tomcat, Microsoft Exchange, Sharepoint, Active Directory, CVS repository, MSSQL, and MySQL on Windows 2003 server and Linux. ; 
    *    Provided network setup and configuration services including Network Address Translation, Quality of Service, Voice over IP, DHCP, DNS, Proxy, and Firewall setup.</Description>
<StartDate id='170_2_1'><YearMonth>2004-07</YearMonth></StartDate>
<EndDate id='170_2_2'><YearMonth>2007-06</YearMonth></EndDate>




<JobCategory>
<TaxonomyName>JOBAREA</TaxonomyName>
<CategoryCode>it</CategoryCode>
</JobCategory>


<UserArea>
<DaxPositionHistoryUserArea>
<TLSPAN first_id='170' last_id='197' border_id='0'></TLSPAN>
<MonthsOfWork>36</MonthsOfWork>
</DaxPositionHistoryUserArea>
</UserArea>
</PositionHistory>
</EmployerOrg>

</EmploymentHistory>
<EducationHistory>
<SchoolOrInstitution schoolType='university'>
<SchoolName id='199_3'>Colorado State University</SchoolName>
<LocationSummary id='199_4'>
<Municipality>Ft. Collins</Municipality>
<Region>CO</Region>
<CountryCode>US</CountryCode>
</LocationSummary>


<Degree degreeType='doctorate'>
<DegreeName id='199_1'>Doctor of Philosophy</DegreeName>
<DegreeDate id='199_2_2'><YearMonth>2004-12</YearMonth></DegreeDate>
</Degree>
<Major id='199_1'>Electrical Engineering</Major>


<DatesOfAttendance>
<StartDate id='199_2_1'><YearMonth>2003-08</YearMonth></StartDate>
<EndDate id='199_2_2'><YearMonth>2004-12</YearMonth></EndDate>
</DatesOfAttendance>

</SchoolOrInstitution>

<SchoolOrInstitution schoolType='college'>




<Degree degreeType='some college'>
<DegreeName id='201_1'>Master of Science</DegreeName>
<DegreeDate id='201_2_2'><YearMonth>2002-06</YearMonth></DegreeDate>
</Degree>
<Major id='201_1'>Computer Science</Major>


<DatesOfAttendance>
<StartDate id='201_2_1'><YearMonth>2001-06</YearMonth></StartDate>
<EndDate id='201_2_2'><YearMonth>2002-06</YearMonth></EndDate>
</DatesOfAttendance>

</SchoolOrInstitution>

<SchoolOrInstitution schoolType='college'>
<SchoolName id='202_3'>Union College</SchoolName>
<LocationSummary id='202_4'>
<Municipality>Schenectady</Municipality>
<Region>NY</Region>
<CountryCode>US</CountryCode>
</LocationSummary>


<Degree degreeType='some college'>
<DegreeName id='202_1'>Bachelor of Science</DegreeName>
<DegreeDate id='202_2_2'><YearMonth>2001-06</YearMonth></DegreeDate>
</Degree>
<Major id='202_1'>Computer Engineering</Major>


<DatesOfAttendance>
<StartDate id='202_2_1'><YearMonth>1997-08</YearMonth></StartDate>
<EndDate id='202_2_2'><YearMonth>2001-06</YearMonth></EndDate>
</DatesOfAttendance>

</SchoolOrInstitution>

<SchoolOrInstitution schoolType='college'>








<DatesOfAttendance>
<StartDate id='200_1'><YearMonth>1982-03</YearMonth></StartDate>
<EndDate id='200_2'><YearMonth>2000-04</YearMonth></EndDate>
</DatesOfAttendance>
<Comments>Completed all coursework.</Comments>
</SchoolOrInstitution>

<SchoolOrInstitution schoolType='college'>








<DatesOfAttendance>
<StartDate id='203_1'><YearMonth>1977-03</YearMonth></StartDate>
<EndDate id='203_2'><YearMonth>2000-04</YearMonth></EndDate>
</DatesOfAttendance>

</SchoolOrInstitution>

</EducationHistory>







<PublicationHistory>
<OtherPublication><Title>President,Tau Beta Pi Engineering Honor Society NY Mu Chapter</Title>, <PublicationDate><Year>2000</Year></PublicationDate><Comments>President,Tau Beta Pi Engineering Honor Society NY Mu Chapter, 2000</Comments></OtherPublication>

<OtherPublication><Title>Member, Eta Kappa Nu Electrical Engineering Honor Society</Title>, <PublicationDate><Year>2000</Year></PublicationDate><Comments>Member, Eta Kappa Nu Electrical Engineering Honor Society, 2000</Comments></OtherPublication>

<OtherPublication><Title>R.E. Morgan Memorial Award, Union College, Schenectady, NY</Title>, May <PublicationDate><Year>2001</Year></PublicationDate><Comments>R.E. Morgan Memorial Award, Union College, Schenectady, NY, May 2001</Comments></OtherPublication>

<OtherPublication><Title>Implementation of a Programmable Phased Logic Cell</Title>,<Comments>Implementation of a Programmable Phased Logic Cell,</Comments></OtherPublication>

<OtherPublication>Proceedings of the 45th IEEE MWSCAS, <PublicationDate><Year>2002</Year></PublicationDate> <Title>unknown</Title><Comments>Proceedings of the 45th IEEE MWSCAS, 2002 </Comments></OtherPublication>

<Article><Title>RC Extraction of Interconnects at Sub-Wavelength Dimensions, Artificial Intelligence and Applications</Title> <Volume>2005</Volume>: <PageNumber>491-496</PageNumber><Comments>RC Extraction of Interconnects at Sub-Wavelength Dimensions, Artificial Intelligence and Applications 2005: 491-496</Comments></Article>

<OtherPublication><Title>Processor Allocation for Tasks that is Robust Against Errors in Computation Time Estimates, IPDPS</Title> <PublicationDate><Year>2005</Year></PublicationDate>.<Comments>Processor Allocation for Tasks that is Robust Against Errors in Computation Time Estimates, IPDPS 2005.</Comments></OtherPublication>

</PublicationHistory>





<Competency oids='15 52 120 134 143 152 156 163 167 173 179 ' description='Skill > IT' auth='yes' name='Java'>
<CompetencyEvidence name='Extent of Experience' typeDescription='Extent of Experience' type='MONTH' lastUsed='2014'><NumericValue description='MONTH'>123</NumericValue></CompetencyEvidence>

<CompetencyEvidence name='Application' typeDescription='Application' type='design'><StringValue>design</StringValue></CompetencyEvidence>

<CompetencyEvidence name='Application' typeDescription='Application' type='Set up'><StringValue>Set up</StringValue></CompetencyEvidence>

<CompetencyEvidence name='Application' typeDescription='Application' type='configured'><StringValue>configured</StringValue></CompetencyEvidence>

<CompetencyEvidence typeDescription='Alias' name='Alias'><StringValue>Java design</StringValue></CompetencyEvidence>

<CompetencyEvidence typeDescription='Alias' name='Alias'><StringValue>Set up and configured Java</StringValue></CompetencyEvidence>

<CompetencyWeight type='skillLevel'><NumericValue minValue='0' maxValue='100'>88</NumericValue></CompetencyWeight>

<CompetencyWeight type='skillProficiency'><StringValue minValue='BASIC' maxValue='EXCELLENT'>EXCELLENT</StringValue></CompetencyWeight>
</Competency>

<Competency oids='119 124 128 131 138 140 141 142 172 174 175 ' description='Skill > IT' auth='yes' name='CSP'>
<CompetencyEvidence name='Extent of Experience' typeDescription='Extent of Experience' type='MONTH' lastUsed='2014'><NumericValue description='MONTH'>79</NumericValue></CompetencyEvidence>

<CompetencyEvidence name='Application' typeDescription='Application' type='installing'><StringValue>installing</StringValue></CompetencyEvidence>

<CompetencyEvidence name='Application' typeDescription='Application' type='configuring'><StringValue>configuring</StringValue></CompetencyEvidence>

<CompetencyEvidence typeDescription='Alias' name='Alias'><StringValue>installing and configuring CSP</StringValue></CompetencyEvidence>

<CompetencyEvidence typeDescription='Alias' name='Alias'><StringValue>UNIX shell scripts for CSP</StringValue></CompetencyEvidence>

<CompetencyWeight type='skillLevel'><NumericValue minValue='0' maxValue='100'>98</NumericValue></CompetencyWeight>

<CompetencyWeight type='skillProficiency'><StringValue minValue='BASIC' maxValue='EXCELLENT'>EXCELLENT</StringValue></CompetencyWeight>
</Competency>

<Competency oids='9 53 127 140 153 174 176 ' description='Skill > IT' auth='yes' name='shell scripting'>
<CompetencyEvidence name='Extent of Experience' typeDescription='Extent of Experience' type='MONTH' lastUsed='2014'><NumericValue description='MONTH'>123</NumericValue></CompetencyEvidence>

<CompetencyEvidence typeDescription='Alias' name='Alias'><StringValue>Unix shell scripts</StringValue></CompetencyEvidence>

<CompetencyEvidence typeDescription='Alias' name='Alias'><StringValue>UNIX shell scripts for CSP</StringValue></CompetencyEvidence>

<CompetencyWeight type='skillLevel'><NumericValue minValue='0' maxValue='100'>86</NumericValue></CompetencyWeight>

<CompetencyWeight type='skillProficiency'><StringValue minValue='BASIC' maxValue='EXCELLENT'>EXCELLENT</StringValue></CompetencyWeight>
</Competency>

<Competency oids='44 108 144 146 147 188 ' description='Skill > IT' auth='yes' name='Microsoft SharePoint'>
<CompetencyEvidence name='Extent of Experience' typeDescription='Extent of Experience' type='MONTH' lastUsed='2014'><NumericValue description='MONTH'>79</NumericValue></CompetencyEvidence>

<CompetencyEvidence name='Application' typeDescription='Application' type='Administration'><StringValue>Administration</StringValue></CompetencyEvidence>

<CompetencyEvidence typeDescription='Alias' name='Alias'><StringValue>Sharepoint</StringValue></CompetencyEvidence>

<CompetencyEvidence typeDescription='Alias' name='Alias'><StringValue>Sharepoint Administration</StringValue></CompetencyEvidence>

<CompetencyWeight type='skillLevel'><NumericValue minValue='0' maxValue='100'>95</NumericValue></CompetencyWeight>

<CompetencyWeight type='skillProficiency'><StringValue minValue='BASIC' maxValue='EXCELLENT'>EXCELLENT</StringValue></CompetencyWeight>
</Competency>

<Competency oids='14 30 55 161 169 ' description='Skill > IT' auth='yes' name='SQL'>
<CompetencyEvidence name='Extent of Experience' typeDescription='Extent of Experience' type='MONTH' lastUsed='2011'><NumericValue description='MONTH'>44</NumericValue></CompetencyEvidence>

<CompetencyEvidence typeDescription='Alias' name='Alias'><StringValue>SQL queries</StringValue></CompetencyEvidence>

<CompetencyWeight type='skillLevel'><NumericValue minValue='0' maxValue='100'>86</NumericValue></CompetencyWeight>

<CompetencyWeight type='skillProficiency'><StringValue minValue='BASIC' maxValue='EXCELLENT'>EXCELLENT</StringValue></CompetencyWeight>
</Competency>

<Competency oids='27 72 180 183 192 ' description='Skill > IT' auth='yes' name='MySQL'>
<CompetencyEvidence name='Extent of Experience' typeDescription='Extent of Experience' type='MONTH' lastUsed='2007'><NumericValue description='MONTH'>36</NumericValue></CompetencyEvidence>

<CompetencyEvidence typeDescription='Alias' name='Alias'><StringValue>MySQL on Windows 2003 server</StringValue></CompetencyEvidence>

<CompetencyWeight type='skillLevel'><NumericValue minValue='0' maxValue='100'>85</NumericValue></CompetencyWeight>

<CompetencyWeight type='skillProficiency'><StringValue minValue='BASIC' maxValue='EXCELLENT'>EXCELLENT</StringValue></CompetencyWeight>
</Competency>

<Competency oids='40 54 68 135 ' description='Skill > IT' auth='yes' name='Java Server Pages'>
<CompetencyEvidence name='Extent of Experience' typeDescription='Extent of Experience' type='MONTH' lastUsed='2014'><NumericValue description='MONTH'>43</NumericValue></CompetencyEvidence>

<CompetencyEvidence typeDescription='Alias' name='Alias'><StringValue>Working knowledge of JSP</StringValue></CompetencyEvidence>

<CompetencyEvidence typeDescription='Alias' name='Alias'><StringValue>JSP</StringValue></CompetencyEvidence>

<CompetencyWeight type='skillLevel'><NumericValue minValue='0' maxValue='100'>68</NumericValue></CompetencyWeight>

<CompetencyWeight type='skillProficiency'><StringValue minValue='BASIC' maxValue='EXCELLENT'>GOOD</StringValue></CompetencyWeight>
</Competency>

<Competency oids='46 78 168 186 ' description='Skill > IT' auth='yes' name='Jakarta TOMCAT Servlet Engine'>
<CompetencyEvidence name='Extent of Experience' typeDescription='Extent of Experience' type='MONTH' lastUsed='2011'><NumericValue description='MONTH'>80</NumericValue></CompetencyEvidence>

<CompetencyEvidence typeDescription='Alias' name='Alias'><StringValue>Tomcat</StringValue></CompetencyEvidence>

<CompetencyWeight type='skillLevel'><NumericValue minValue='0' maxValue='100'>68</NumericValue></CompetencyWeight>

<CompetencyWeight type='skillProficiency'><StringValue minValue='BASIC' maxValue='EXCELLENT'>GOOD</StringValue></CompetencyWeight>
</Competency>

<Competency oids='29 155 158 165 ' description='Skill > IT' auth='yes' name='ETL'>
<CompetencyEvidence name='Extent of Experience' typeDescription='Extent of Experience' type='MONTH' lastUsed='2011'><NumericValue description='MONTH'>44</NumericValue></CompetencyEvidence>

<CompetencyWeight type='skillLevel'><NumericValue minValue='0' maxValue='100'>88</NumericValue></CompetencyWeight>

<CompetencyWeight type='skillProficiency'><StringValue minValue='BASIC' maxValue='EXCELLENT'>EXCELLENT</StringValue></CompetencyWeight>
</Competency>

<Competency oids='89 157 166 ' description='Skill > IT' auth='yes' name='UNIX'>
<CompetencyEvidence name='Extent of Experience' typeDescription='Extent of Experience' type='MONTH' lastUsed='2011'><NumericValue description='MONTH'>44</NumericValue></CompetencyEvidence>

<CompetencyWeight type='skillLevel'><NumericValue minValue='0' maxValue='100'>69</NumericValue></CompetencyWeight>

<CompetencyWeight type='skillProficiency'><StringValue minValue='BASIC' maxValue='EXCELLENT'>GOOD</StringValue></CompetencyWeight>
</Competency>

<Competency oids='36 93 192 ' description='Skill > IT' auth='yes' name='Microsoft Windows 2000 Server'>
<CompetencyEvidence name='Extent of Experience' typeDescription='Extent of Experience' type='MONTH' lastUsed='2007'><NumericValue description='MONTH'>36</NumericValue></CompetencyEvidence>

<CompetencyEvidence typeDescription='Alias' name='Alias'><StringValue>Windows Server</StringValue></CompetencyEvidence>

<CompetencyEvidence typeDescription='Alias' name='Alias'><StringValue>MySQL on Windows 2003 server</StringValue></CompetencyEvidence>

<CompetencyWeight type='skillLevel'><NumericValue minValue='0' maxValue='100'>22</NumericValue></CompetencyWeight>

<CompetencyWeight type='skillProficiency'><StringValue minValue='BASIC' maxValue='EXCELLENT'>BASIC</StringValue></CompetencyWeight>
</Competency>

<Competency oids='26 73 191 ' description='Skill > IT' auth='yes' name='Microsoft SQL Server'>
<CompetencyEvidence name='Extent of Experience' typeDescription='Extent of Experience' type='MONTH' lastUsed='2007'><NumericValue description='MONTH'>36</NumericValue></CompetencyEvidence>

<CompetencyEvidence typeDescription='Alias' name='Alias'><StringValue>SQLServer</StringValue></CompetencyEvidence>

<CompetencyEvidence typeDescription='Alias' name='Alias'><StringValue>MSSQL</StringValue></CompetencyEvidence>

<CompetencyWeight type='skillLevel'><NumericValue minValue='0' maxValue='100'>85</NumericValue></CompetencyWeight>

<CompetencyWeight type='skillProficiency'><StringValue minValue='BASIC' maxValue='EXCELLENT'>EXCELLENT</StringValue></CompetencyWeight>
</Competency>

<Competency oids='35 94 193 ' description='Skill > IT' auth='yes' name='Linux'>
<CompetencyEvidence name='Extent of Experience' typeDescription='Extent of Experience' type='MONTH' lastUsed='2007'><NumericValue description='MONTH'>36</NumericValue></CompetencyEvidence>

<CompetencyWeight type='skillLevel'><NumericValue minValue='0' maxValue='100'>85</NumericValue></CompetencyWeight>

<CompetencyWeight type='skillProficiency'><StringValue minValue='BASIC' maxValue='EXCELLENT'>EXCELLENT</StringValue></CompetencyWeight>
</Competency>

<Competency oids='13 69 178 ' description='Skill > IT' auth='yes' name='JDBC'>
<CompetencyEvidence name='Extent of Experience' typeDescription='Extent of Experience' type='MONTH' lastUsed='2007'><NumericValue description='MONTH'>36</NumericValue></CompetencyEvidence>

<CompetencyWeight type='skillLevel'><NumericValue minValue='0' maxValue='100'>85</NumericValue></CompetencyWeight>

<CompetencyWeight type='skillProficiency'><StringValue minValue='BASIC' maxValue='EXCELLENT'>EXCELLENT</StringValue></CompetencyWeight>
</Competency>

<Competency oids='31 98 154 ' description='Skill > IT' auth='yes' name='Informatica'>
<CompetencyEvidence name='Extent of Experience' typeDescription='Extent of Experience' type='MONTH' lastUsed='2011'><NumericValue description='MONTH'>44</NumericValue></CompetencyEvidence>

<CompetencyEvidence typeDescription='Alias' name='Alias'><StringValue>Informatica 8.6/7 8.6/7</StringValue></CompetencyEvidence>

<CompetencyWeight type='skillLevel'><NumericValue minValue='0' maxValue='100'>89</NumericValue></CompetencyWeight>

<CompetencyWeight type='skillProficiency'><StringValue minValue='BASIC' maxValue='EXCELLENT'>EXCELLENT</StringValue></CompetencyWeight>
</Competency>

<Competency oids='48 83 196 ' description='Skill > IT' auth='yes' name='Dynamic Host Control protocol'>
<CompetencyEvidence name='Extent of Experience' typeDescription='Extent of Experience' type='MONTH' lastUsed='2007'><NumericValue description='MONTH'>36</NumericValue></CompetencyEvidence>

<CompetencyEvidence typeDescription='Alias' name='Alias'><StringValue>DHCP</StringValue></CompetencyEvidence>

<CompetencyWeight type='skillLevel'><NumericValue minValue='0' maxValue='100'>22</NumericValue></CompetencyWeight>

<CompetencyWeight type='skillProficiency'><StringValue minValue='BASIC' maxValue='EXCELLENT'>BASIC</StringValue></CompetencyWeight>
</Competency>

<Competency oids='47 82 197 ' description='Skill > IT' auth='yes' name='Domain Name Server Protocol'>
<CompetencyEvidence name='Extent of Experience' typeDescription='Extent of Experience' type='MONTH' lastUsed='2007'><NumericValue description='MONTH'>36</NumericValue></CompetencyEvidence>

<CompetencyEvidence typeDescription='Alias' name='Alias'><StringValue>DNS</StringValue></CompetencyEvidence>

<CompetencyWeight type='skillLevel'><NumericValue minValue='0' maxValue='100'>22</NumericValue></CompetencyWeight>

<CompetencyWeight type='skillProficiency'><StringValue minValue='BASIC' maxValue='EXCELLENT'>BASIC</StringValue></CompetencyWeight>
</Competency>

<Competency oids='21 104 190 ' description='Skill > IT' auth='yes' name='CVS'>
<CompetencyEvidence name='Extent of Experience' typeDescription='Extent of Experience' type='MONTH' lastUsed='2007'><NumericValue description='MONTH'>36</NumericValue></CompetencyEvidence>

<CompetencyWeight type='skillLevel'><NumericValue minValue='0' maxValue='100'>85</NumericValue></CompetencyWeight>

<CompetencyWeight type='skillProficiency'><StringValue minValue='BASIC' maxValue='EXCELLENT'>EXCELLENT</StringValue></CompetencyWeight>
</Competency>

<Competency oids='45 77 185 ' description='Skill > IT' auth='yes' name='Apache WEB Server'>
<CompetencyEvidence name='Extent of Experience' typeDescription='Extent of Experience' type='MONTH' lastUsed='2007'><NumericValue description='MONTH'>36</NumericValue></CompetencyEvidence>

<CompetencyEvidence name='Application' typeDescription='Application' type='configuring'><StringValue>configuring</StringValue></CompetencyEvidence>

<CompetencyEvidence name='Application' typeDescription='Application' type='troubleshooting'><StringValue>troubleshooting</StringValue></CompetencyEvidence>

<CompetencyEvidence typeDescription='Alias' name='Alias'><StringValue>configuring and troubleshooting Apache</StringValue></CompetencyEvidence>

<CompetencyEvidence typeDescription='Alias' name='Alias'><StringValue>Apache</StringValue></CompetencyEvidence>

<CompetencyWeight type='skillLevel'><NumericValue minValue='0' maxValue='100'>22</NumericValue></CompetencyWeight>

<CompetencyWeight type='skillProficiency'><StringValue minValue='BASIC' maxValue='EXCELLENT'>BASIC</StringValue></CompetencyWeight>
</Competency>

<Competency oids='56 137 ' description='Skill > IT' auth='yes' name='XML'>
<CompetencyEvidence name='Extent of Experience' typeDescription='Extent of Experience' type='MONTH' lastUsed='2014'><NumericValue description='MONTH'>43</NumericValue></CompetencyEvidence>

<CompetencyWeight type='skillLevel'><NumericValue minValue='0' maxValue='100'>95</NumericValue></CompetencyWeight>

<CompetencyWeight type='skillProficiency'><StringValue minValue='BASIC' maxValue='EXCELLENT'>EXCELLENT</StringValue></CompetencyWeight>
</Competency>

<Competency oids='85 195 ' description='Skill > IT' auth='yes' name='VoIP (Voice over IP)'>
<CompetencyEvidence name='Extent of Experience' typeDescription='Extent of Experience' type='MONTH' lastUsed='2007'><NumericValue description='MONTH'>36</NumericValue></CompetencyEvidence>

<CompetencyEvidence typeDescription='Alias' name='Alias'><StringValue>VOIP</StringValue></CompetencyEvidence>

<CompetencyEvidence typeDescription='Alias' name='Alias'><StringValue>Voice over IP</StringValue></CompetencyEvidence>

<CompetencyWeight type='skillLevel'><NumericValue minValue='0' maxValue='100'>22</NumericValue></CompetencyWeight>

<CompetencyWeight type='skillProficiency'><StringValue minValue='BASIC' maxValue='EXCELLENT'>BASIC</StringValue></CompetencyWeight>
</Competency>

<Competency oids='19 59 ' description='Skill > IT' auth='yes' name='UML/OMT'>
<CompetencyEvidence typeDescription='Alias' name='Alias'><StringValue>UML</StringValue></CompetencyEvidence>

<CompetencyWeight type='skillLevel'><NumericValue minValue='0' maxValue='100'>84</NumericValue></CompetencyWeight>

<CompetencyWeight type='skillProficiency'><StringValue minValue='BASIC' maxValue='EXCELLENT'>EXCELLENT</StringValue></CompetencyWeight>
</Competency>

<Competency oids='34 90 ' description='Skill > IT' auth='yes' name='Sun Solaris'>
<CompetencyEvidence typeDescription='Alias' name='Alias'><StringValue>Solaris</StringValue></CompetencyEvidence>

<CompetencyWeight type='skillLevel'><NumericValue minValue='0' maxValue='100'>84</NumericValue></CompetencyWeight>

<CompetencyWeight type='skillProficiency'><StringValue minValue='BASIC' maxValue='EXCELLENT'>EXCELLENT</StringValue></CompetencyWeight>
</Competency>

<Competency oids='18 133 ' description='Skill' auth='yes' name='Requirements Gathering'>
<CompetencyEvidence name='Extent of Experience' typeDescription='Extent of Experience' type='MONTH' lastUsed='2014'><NumericValue description='MONTH'>43</NumericValue></CompetencyEvidence>

<CompetencyEvidence typeDescription='Alias' name='Alias'><StringValue>gathering requirements</StringValue></CompetencyEvidence>

<CompetencyWeight type='skillLevel'><NumericValue minValue='0' maxValue='100'>86</NumericValue></CompetencyWeight>

<CompetencyWeight type='skillProficiency'><StringValue minValue='BASIC' maxValue='EXCELLENT'>EXCELLENT</StringValue></CompetencyWeight>
</Competency>

<Competency oids='71 99 ' description='Skill > IT' auth='yes' name='Oracle 9i'>
<CompetencyWeight type='skillLevel'><NumericValue minValue='0' maxValue='100'>13</NumericValue></CompetencyWeight>
</Competency>

<Competency oids='25 164 ' description='Skill > IT' auth='yes' name='Oracle'>
<CompetencyEvidence name='Extent of Experience' typeDescription='Extent of Experience' type='MONTH' lastUsed='2011'><NumericValue description='MONTH'>44</NumericValue></CompetencyEvidence>

<CompetencyWeight type='skillLevel'><NumericValue minValue='0' maxValue='100'>86</NumericValue></CompetencyWeight>

<CompetencyWeight type='skillProficiency'><StringValue minValue='BASIC' maxValue='EXCELLENT'>EXCELLENT</StringValue></CompetencyWeight>
</Competency>

<Competency oids='6 121 ' description='Skill > IT' auth='yes' name='Object Oriented Analysis/Design'>
<CompetencyEvidence name='Extent of Experience' typeDescription='Extent of Experience' type='MONTH' lastUsed='2014'><NumericValue description='MONTH'>43</NumericValue></CompetencyEvidence>

<CompetencyEvidence typeDescription='Alias' name='Alias'><StringValue>Object-Oriented design</StringValue></CompetencyEvidence>

<CompetencyWeight type='skillLevel'><NumericValue minValue='0' maxValue='100'>88</NumericValue></CompetencyWeight>

<CompetencyWeight type='skillProficiency'><StringValue minValue='BASIC' maxValue='EXCELLENT'>EXCELLENT</StringValue></CompetencyWeight>
</Competency>

<Competency oids='36 93 ' description='Skill > IT' auth='yes' name='Microsoft Windows'>
<CompetencyEvidence typeDescription='Alias' name='Alias'><StringValue>Windows Server</StringValue></CompetencyEvidence>

<CompetencyWeight type='skillLevel'><NumericValue minValue='0' maxValue='100'>84</NumericValue></CompetencyWeight>

<CompetencyWeight type='skillProficiency'><StringValue minValue='BASIC' maxValue='EXCELLENT'>EXCELLENT</StringValue></CompetencyWeight>
</Competency>

<Competency oids='76 184 ' description='Skill > IT' auth='yes' name='Microsoft Internet Information Server'>
<CompetencyEvidence name='Extent of Experience' typeDescription='Extent of Experience' type='MONTH' lastUsed='2007'><NumericValue description='MONTH'>36</NumericValue></CompetencyEvidence>

<CompetencyEvidence typeDescription='Alias' name='Alias'><StringValue>IIS</StringValue></CompetencyEvidence>

<CompetencyEvidence typeDescription='Alias' name='Alias'><StringValue>IIS 6.0 6.0</StringValue></CompetencyEvidence>

<CompetencyWeight type='skillLevel'><NumericValue minValue='0' maxValue='100'>22</NumericValue></CompetencyWeight>

<CompetencyWeight type='skillProficiency'><StringValue minValue='BASIC' maxValue='EXCELLENT'>BASIC</StringValue></CompetencyWeight>
</Competency>

<Competency oids='107 187 ' description='Skill > IT' auth='yes' name='Microsoft Exchange Server'>
<CompetencyEvidence name='Extent of Experience' typeDescription='Extent of Experience' type='MONTH' lastUsed='2007'><NumericValue description='MONTH'>36</NumericValue></CompetencyEvidence>

<CompetencyEvidence typeDescription='Alias' name='Alias'><StringValue>Microsoft Exchange</StringValue></CompetencyEvidence>

<CompetencyWeight type='skillLevel'><NumericValue minValue='0' maxValue='100'>22</NumericValue></CompetencyWeight>

<CompetencyWeight type='skillProficiency'><StringValue minValue='BASIC' maxValue='EXCELLENT'>BASIC</StringValue></CompetencyWeight>
</Competency>

<Competency oids='42 57 ' description='Skill > IT' auth='yes' name='JavaScript'>
<CompetencyWeight type='skillLevel'><NumericValue minValue='0' maxValue='100'>66</NumericValue></CompetencyWeight>

<CompetencyWeight type='skillProficiency'><StringValue minValue='BASIC' maxValue='EXCELLENT'>GOOD</StringValue></CompetencyWeight>
</Competency>

<Competency oids='159 160 ' description='Skill > IT' auth='yes' name='IVR'>
<CompetencyEvidence name='Extent of Experience' typeDescription='Extent of Experience' type='MONTH' lastUsed='2011'><NumericValue description='MONTH'>44</NumericValue></CompetencyEvidence>

<CompetencyEvidence typeDescription='Alias' name='Alias'><StringValue>(Interactive Voice Response)</StringValue></CompetencyEvidence>

<CompetencyWeight type='skillLevel'><NumericValue minValue='0' maxValue='100'>68</NumericValue></CompetencyWeight>

<CompetencyWeight type='skillProficiency'><StringValue minValue='BASIC' maxValue='EXCELLENT'>GOOD</StringValue></CompetencyWeight>
</Competency>

<Competency oids='7 148 ' description='Skill > IT' auth='yes' name='HTTP'>
<CompetencyEvidence name='Extent of Experience' typeDescription='Extent of Experience' type='MONTH' lastUsed='2014'><NumericValue description='MONTH'>43</NumericValue></CompetencyEvidence>

<CompetencyWeight type='skillLevel'><NumericValue minValue='0' maxValue='100'>86</NumericValue></CompetencyWeight>

<CompetencyWeight type='skillProficiency'><StringValue minValue='BASIC' maxValue='EXCELLENT'>EXCELLENT</StringValue></CompetencyWeight>
</Competency>

<Competency oids='12 65 ' description='Skill > IT' auth='yes' name='HTML'>
<CompetencyWeight type='skillLevel'><NumericValue minValue='0' maxValue='100'>84</NumericValue></CompetencyWeight>

<CompetencyWeight type='skillProficiency'><StringValue minValue='BASIC' maxValue='EXCELLENT'>EXCELLENT</StringValue></CompetencyWeight>
</Competency>

<Competency oids='33 92 ' description='Skill > IT' auth='yes' name='HP-UX'>
<CompetencyWeight type='skillLevel'><NumericValue minValue='0' maxValue='100'>84</NumericValue></CompetencyWeight>

<CompetencyWeight type='skillProficiency'><StringValue minValue='BASIC' maxValue='EXCELLENT'>EXCELLENT</StringValue></CompetencyWeight>
</Competency>

<Competency oids='80 81 ' description='Skill > IT' auth='yes' name='Ethernet'>
<CompetencyWeight type='skillLevel'><NumericValue minValue='0' maxValue='100'>13</NumericValue></CompetencyWeight>
</Competency>

<Competency oids='22 105 ' description='Skill > IT' auth='yes' name='Apache Subversion'>
<CompetencyEvidence typeDescription='Alias' name='Alias'><StringValue>Subversion</StringValue></CompetencyEvidence>

<CompetencyWeight type='skillLevel'><NumericValue minValue='0' maxValue='100'>84</NumericValue></CompetencyWeight>

<CompetencyWeight type='skillProficiency'><StringValue minValue='BASIC' maxValue='EXCELLENT'>EXCELLENT</StringValue></CompetencyWeight>
</Competency>

<Competency oids='88 189 ' description='Skill > IT' auth='yes' name='Active Directory'>
<CompetencyEvidence name='Extent of Experience' typeDescription='Extent of Experience' type='MONTH' lastUsed='2007'><NumericValue description='MONTH'>36</NumericValue></CompetencyEvidence>

<CompetencyWeight type='skillLevel'><NumericValue minValue='0' maxValue='100'>22</NumericValue></CompetencyWeight>

<CompetencyWeight type='skillProficiency'><StringValue minValue='BASIC' maxValue='EXCELLENT'>BASIC</StringValue></CompetencyWeight>
</Competency>

<Competency oids='10 58 ' description='Skill > IT' auth='yes' name='AWK'>
<CompetencyWeight type='skillLevel'><NumericValue minValue='0' maxValue='100'>84</NumericValue></CompetencyWeight>

<CompetencyWeight type='skillProficiency'><StringValue minValue='BASIC' maxValue='EXCELLENT'>EXCELLENT</StringValue></CompetencyWeight>
</Competency>

<Competency oids='32 91 ' description='Skill > IT' auth='yes' name='AIX UNIX'>
<CompetencyEvidence typeDescription='Alias' name='Alias'><StringValue>AIX</StringValue></CompetencyEvidence>

<CompetencyWeight type='skillLevel'><NumericValue minValue='0' maxValue='100'>84</NumericValue></CompetencyWeight>

<CompetencyWeight type='skillProficiency'><StringValue minValue='BASIC' maxValue='EXCELLENT'>EXCELLENT</StringValue></CompetencyWeight>
</Competency>

<Competency oids='37 ' description='Skill' auth='no' name='using development'>
<CompetencyWeight type='skillLevel'><NumericValue minValue='0' maxValue='100'>84</NumericValue></CompetencyWeight>

<CompetencyWeight type='skillProficiency'><StringValue minValue='BASIC' maxValue='EXCELLENT'>EXCELLENT</StringValue></CompetencyWeight>
</Competency>

<Competency oids='20 ' description='Skill' auth='no' name='unit testing'>
<CompetencyWeight type='skillLevel'><NumericValue minValue='0' maxValue='100'>84</NumericValue></CompetencyWeight>

<CompetencyWeight type='skillProficiency'><StringValue minValue='BASIC' maxValue='EXCELLENT'>EXCELLENT</StringValue></CompetencyWeight>
</Competency>

<Competency oids='50 ' description='Skill' auth='no' name='technical writing skills'>
<CompetencyWeight type='skillLevel'><NumericValue minValue='0' maxValue='100'>13</NumericValue></CompetencyWeight>
</Competency>

<Competency oids='117 ' description='Skill' auth='no' name='responsible for the design'>
<CompetencyEvidence name='Extent of Experience' typeDescription='Extent of Experience' type='MONTH' lastUsed='2014'><NumericValue description='MONTH'>43</NumericValue></CompetencyEvidence>

<CompetencyWeight type='skillLevel'><NumericValue minValue='0' maxValue='100'>99</NumericValue></CompetencyWeight>

<CompetencyWeight type='skillProficiency'><StringValue minValue='BASIC' maxValue='EXCELLENT'>EXCELLENT</StringValue></CompetencyWeight>
</Competency>

<Competency oids='130 ' description='Skill' auth='no' name='production support'>
<CompetencyEvidence name='Extent of Experience' typeDescription='Extent of Experience' type='MONTH' lastUsed='2014'><NumericValue description='MONTH'>43</NumericValue></CompetencyEvidence>

<CompetencyWeight type='skillLevel'><NumericValue minValue='0' maxValue='100'>95</NumericValue></CompetencyWeight>

<CompetencyWeight type='skillProficiency'><StringValue minValue='BASIC' maxValue='EXCELLENT'>EXCELLENT</StringValue></CompetencyWeight>
</Competency>

<Competency oids='129 ' description='Skill' auth='no' name='performance testing'>
<CompetencyEvidence name='Extent of Experience' typeDescription='Extent of Experience' type='MONTH' lastUsed='2014'><NumericValue description='MONTH'>43</NumericValue></CompetencyEvidence>

<CompetencyWeight type='skillLevel'><NumericValue minValue='0' maxValue='100'>95</NumericValue></CompetencyWeight>

<CompetencyWeight type='skillProficiency'><StringValue minValue='BASIC' maxValue='EXCELLENT'>EXCELLENT</StringValue></CompetencyWeight>
</Competency>

<Competency oids='136 ' description='Skill > IT' auth='yes' name='jQuery'>
<CompetencyEvidence name='Extent of Experience' typeDescription='Extent of Experience' type='MONTH' lastUsed='2014'><NumericValue description='MONTH'>43</NumericValue></CompetencyEvidence>

<CompetencyWeight type='skillLevel'><NumericValue minValue='0' maxValue='100'>95</NumericValue></CompetencyWeight>

<CompetencyWeight type='skillProficiency'><StringValue minValue='BASIC' maxValue='EXCELLENT'>EXCELLENT</StringValue></CompetencyWeight>
</Competency>

<Competency oids='139 ' description='Skill' auth='no' name='client-site deployment'>
<CompetencyEvidence name='Extent of Experience' typeDescription='Extent of Experience' type='MONTH' lastUsed='2014'><NumericValue description='MONTH'>43</NumericValue></CompetencyEvidence>

<CompetencyWeight type='skillLevel'><NumericValue minValue='0' maxValue='100'>95</NumericValue></CompetencyWeight>

<CompetencyWeight type='skillProficiency'><StringValue minValue='BASIC' maxValue='EXCELLENT'>EXCELLENT</StringValue></CompetencyWeight>
</Competency>

<Competency oids='63 ' description='Skill > IT' auth='yes' name='XML Schema'>
<CompetencyEvidence typeDescription='Alias' name='Alias'><StringValue>XSD</StringValue></CompetencyEvidence>

<CompetencyWeight type='skillLevel'><NumericValue minValue='0' maxValue='100'>13</NumericValue></CompetencyWeight>
</Competency>

<Competency oids='11 ' description='Skill > IT' auth='no' name='XML Parsing'>
<CompetencyWeight type='skillLevel'><NumericValue minValue='0' maxValue='100'>84</NumericValue></CompetencyWeight>

<CompetencyWeight type='skillProficiency'><StringValue minValue='BASIC' maxValue='EXCELLENT'>EXCELLENT</StringValue></CompetencyWeight>
</Competency>

<Competency oids='64 ' description='Skill > IT' auth='yes' name='WSDL'>
<CompetencyWeight type='skillLevel'><NumericValue minValue='0' maxValue='100'>13</NumericValue></CompetencyWeight>
</Competency>

<Competency oids='103 ' description='Skill > IT' auth='no' name='Vi'>
<CompetencyWeight type='skillLevel'><NumericValue minValue='0' maxValue='100'>13</NumericValue></CompetencyWeight>
</Competency>

<Competency oids='84 ' description='Skill > IT' auth='yes' name='VPN'>
<CompetencyWeight type='skillLevel'><NumericValue minValue='0' maxValue='100'>13</NumericValue></CompetencyWeight>
</Competency>

<Competency oids='74 ' description='Skill > IT' auth='yes' name='UniData'>
<CompetencyWeight type='skillLevel'><NumericValue minValue='0' maxValue='100'>13</NumericValue></CompetencyWeight>
</Competency>

<Competency oids='96 ' description='Skill > IT' auth='no' name='Ubuntu'>
<CompetencyWeight type='skillLevel'><NumericValue minValue='0' maxValue='100'>13</NumericValue></CompetencyWeight>
</Competency>

<Competency oids='123 ' description='Skill' auth='no' name='Test Driven Development'>
<CompetencyEvidence name='Extent of Experience' typeDescription='Extent of Experience' type='MONTH' lastUsed='2014'><NumericValue description='MONTH'>43</NumericValue></CompetencyEvidence>

<CompetencyWeight type='skillLevel'><NumericValue minValue='0' maxValue='100'>95</NumericValue></CompetencyWeight>

<CompetencyWeight type='skillProficiency'><StringValue minValue='BASIC' maxValue='EXCELLENT'>EXCELLENT</StringValue></CompetencyWeight>
</Competency>

<Competency oids='79 ' description='Skill > IT' auth='yes' name='TCP/IP'>
<CompetencyWeight type='skillLevel'><NumericValue minValue='0' maxValue='100'>13</NumericValue></CompetencyWeight>
</Competency>

<Competency oids='17 ' description='Skill > IT' auth='yes' name='Software Development Life Cycle'>
<CompetencyWeight type='skillLevel'><NumericValue minValue='0' maxValue='100'>84</NumericValue></CompetencyWeight>

<CompetencyWeight type='skillProficiency'><StringValue minValue='BASIC' maxValue='EXCELLENT'>EXCELLENT</StringValue></CompetencyWeight>
</Competency>

<Competency oids='101 ' description='Skill > IT' auth='yes' name='Seagate Crystal Reports'>
<CompetencyEvidence typeDescription='Alias' name='Alias'><StringValue>Crystal Reports</StringValue></CompetencyEvidence>

<CompetencyWeight type='skillLevel'><NumericValue minValue='0' maxValue='100'>13</NumericValue></CompetencyWeight>
</Competency>

<Competency oids='49 ' description='Skill > IT' auth='yes' name='SMTP'>
<CompetencyWeight type='skillLevel'><NumericValue minValue='0' maxValue='100'>13</NumericValue></CompetencyWeight>
</Competency>

<Competency oids='24 ' description='Skill > IT' auth='yes' name='RDBMS'>
<CompetencyWeight type='skillLevel'><NumericValue minValue='0' maxValue='100'>84</NumericValue></CompetencyWeight>

<CompetencyWeight type='skillProficiency'><StringValue minValue='BASIC' maxValue='EXCELLENT'>EXCELLENT</StringValue></CompetencyWeight>
</Competency>

<Competency oids='194 ' description='Skill > IT' auth='yes' name='QoS (Quality of Service)'>
<CompetencyEvidence name='Extent of Experience' typeDescription='Extent of Experience' type='MONTH' lastUsed='2007'><NumericValue description='MONTH'>36</NumericValue></CompetencyEvidence>

<CompetencyEvidence typeDescription='Alias' name='Alias'><StringValue>Quality of Service</StringValue></CompetencyEvidence>

<CompetencyWeight type='skillLevel'><NumericValue minValue='0' maxValue='100'>22</NumericValue></CompetencyWeight>

<CompetencyWeight type='skillProficiency'><StringValue minValue='BASIC' maxValue='EXCELLENT'>BASIC</StringValue></CompetencyWeight>
</Competency>

<Competency oids='114 ' description='Skill' auth='no' name='Premiere Systems Support'>
<CompetencyEvidence name='Extent of Experience' typeDescription='Extent of Experience' type='MONTH' lastUsed='2014'><NumericValue description='MONTH'>43</NumericValue></CompetencyEvidence>

<CompetencyWeight type='skillLevel'><NumericValue minValue='0' maxValue='100'>100</NumericValue></CompetencyWeight>

<CompetencyWeight type='skillProficiency'><StringValue minValue='BASIC' maxValue='EXCELLENT'>EXCELLENT</StringValue></CompetencyWeight>
</Competency>

<Competency oids='182 ' description='Skill > IT' auth='yes' name='Personal Home Page'>
<CompetencyEvidence name='Extent of Experience' typeDescription='Extent of Experience' type='MONTH' lastUsed='2007'><NumericValue description='MONTH'>36</NumericValue></CompetencyEvidence>

<CompetencyEvidence typeDescription='Alias' name='Alias'><StringValue>PHP</StringValue></CompetencyEvidence>

<CompetencyWeight type='skillLevel'><NumericValue minValue='0' maxValue='100'>22</NumericValue></CompetencyWeight>

<CompetencyWeight type='skillProficiency'><StringValue minValue='BASIC' maxValue='EXCELLENT'>BASIC</StringValue></CompetencyWeight>
</Competency>

<Competency oids='75 ' description='Skill > IT' auth='yes' name='Oracle Applications'>
<CompetencyEvidence typeDescription='Alias' name='Alias'><StringValue>Application</StringValue></CompetencyEvidence>

<CompetencyWeight type='skillLevel'><NumericValue minValue='0' maxValue='100'>13</NumericValue></CompetencyWeight>
</Competency>

<Competency oids='39 ' description='Skill > IT' auth='yes' name='NetBeans'>
<CompetencyWeight type='skillLevel'><NumericValue minValue='0' maxValue='100'>84</NumericValue></CompetencyWeight>

<CompetencyWeight type='skillProficiency'><StringValue minValue='BASIC' maxValue='EXCELLENT'>EXCELLENT</StringValue></CompetencyWeight>
</Competency>

<Competency oids='5 ' description='Skill > IT' auth='no' name='Multi-threading'>
<CompetencyWeight type='skillLevel'><NumericValue minValue='0' maxValue='100'>84</NumericValue></CompetencyWeight>

<CompetencyWeight type='skillProficiency'><StringValue minValue='BASIC' maxValue='EXCELLENT'>EXCELLENT</StringValue></CompetencyWeight>
</Competency>

<Competency oids='61 ' description='Skill > IT' auth='yes' name='Motorola Hardware'>
<CompetencyEvidence typeDescription='Alias' name='Alias'><StringValue>Motorola</StringValue></CompetencyEvidence>

<CompetencyWeight type='skillLevel'><NumericValue minValue='0' maxValue='100'>13</NumericValue></CompetencyWeight>
</Competency>

<Competency oids='192 ' description='Skill > IT' auth='yes' name='Microsoft Windows 2003 Server'>
<CompetencyEvidence name='Extent of Experience' typeDescription='Extent of Experience' type='MONTH' lastUsed='2007'><NumericValue description='MONTH'>36</NumericValue></CompetencyEvidence>

<CompetencyEvidence typeDescription='Alias' name='Alias'><StringValue>MySQL on Windows 2003 server</StringValue></CompetencyEvidence>

<CompetencyWeight type='skillLevel'><NumericValue minValue='0' maxValue='100'>22</NumericValue></CompetencyWeight>

<CompetencyWeight type='skillProficiency'><StringValue minValue='BASIC' maxValue='EXCELLENT'>BASIC</StringValue></CompetencyWeight>
</Competency>

<Competency oids='111 ' description='Skill > IT' auth='yes' name='Microsoft Visual Studio.NET'>
<CompetencyEvidence typeDescription='Alias' name='Alias'><StringValue>2010</StringValue></CompetencyEvidence>

<CompetencyWeight type='skillLevel'><NumericValue minValue='0' maxValue='100'>13</NumericValue></CompetencyWeight>
</Competency>

<Competency oids='110 ' description='Skill > IT' auth='yes' name='Microsoft Visual Studio'>
<CompetencyWeight type='skillLevel'><NumericValue minValue='0' maxValue='100'>13</NumericValue></CompetencyWeight>
</Competency>

<Competency oids='109 ' description='Skill > IT' auth='yes' name='Microsoft Office'>
<CompetencyWeight type='skillLevel'><NumericValue minValue='0' maxValue='100'>13</NumericValue></CompetencyWeight>
</Competency>

<Competency oids='145 ' description='Skill > IT' auth='yes' name='Microsoft .NET Technology'>
<CompetencyEvidence name='Extent of Experience' typeDescription='Extent of Experience' type='MONTH' lastUsed='2014'><NumericValue description='MONTH'>43</NumericValue></CompetencyEvidence>

<CompetencyEvidence typeDescription='Alias' name='Alias'><StringValue>.NET</StringValue></CompetencyEvidence>

<CompetencyWeight type='skillLevel'><NumericValue minValue='0' maxValue='100'>95</NumericValue></CompetencyWeight>

<CompetencyWeight type='skillProficiency'><StringValue minValue='BASIC' maxValue='EXCELLENT'>EXCELLENT</StringValue></CompetencyWeight>
</Competency>

<Competency oids='95 ' description='Skill > IT' auth='yes' name='Linux Red Hat'>
<CompetencyEvidence typeDescription='Alias' name='Alias'><StringValue>Red Hat</StringValue></CompetencyEvidence>

<CompetencyWeight type='skillLevel'><NumericValue minValue='0' maxValue='100'>13</NumericValue></CompetencyWeight>
</Competency>

<Competency oids='97 ' description='Skill > IT' auth='yes' name='Linux Debian'>
<CompetencyEvidence typeDescription='Alias' name='Alias'><StringValue>Debian</StringValue></CompetencyEvidence>

<CompetencyWeight type='skillLevel'><NumericValue minValue='0' maxValue='100'>13</NumericValue></CompetencyWeight>
</Competency>

<Competency oids='87 ' description='Skill > IT' auth='yes' name='LDAP'>
<CompetencyWeight type='skillLevel'><NumericValue minValue='0' maxValue='100'>13</NumericValue></CompetencyWeight>
</Competency>

<Competency oids='41 ' description='Skill > IT' auth='yes' name='Java Servlets'>
<CompetencyEvidence typeDescription='Alias' name='Alias'><StringValue>servlets</StringValue></CompetencyEvidence>

<CompetencyWeight type='skillLevel'><NumericValue minValue='0' maxValue='100'>66</NumericValue></CompetencyWeight>

<CompetencyWeight type='skillProficiency'><StringValue minValue='BASIC' maxValue='EXCELLENT'>GOOD</StringValue></CompetencyWeight>
</Competency>

<Competency oids='67 ' description='Skill > IT' auth='yes' name='Java 2'>
<CompetencyEvidence typeDescription='Alias' name='Alias'><StringValue>J2SE</StringValue></CompetencyEvidence>

<CompetencyWeight type='skillLevel'><NumericValue minValue='0' maxValue='100'>13</NumericValue></CompetencyWeight>
</Competency>

<Competency oids='126 ' description='Skill > IT' auth='yes' name='JUnit'>
<CompetencyEvidence name='Extent of Experience' typeDescription='Extent of Experience' type='MONTH' lastUsed='2014'><NumericValue description='MONTH'>43</NumericValue></CompetencyEvidence>

<CompetencyWeight type='skillLevel'><NumericValue minValue='0' maxValue='100'>95</NumericValue></CompetencyWeight>

<CompetencyWeight type='skillProficiency'><StringValue minValue='BASIC' maxValue='EXCELLENT'>EXCELLENT</StringValue></CompetencyWeight>
</Competency>

<Competency oids='60 ' description='Skill > IT' auth='yes' name='Intel Assembler'>
<CompetencyEvidence typeDescription='Alias' name='Alias'><StringValue>Assembly Language</StringValue></CompetencyEvidence>

<CompetencyWeight type='skillLevel'><NumericValue minValue='0' maxValue='100'>13</NumericValue></CompetencyWeight>
</Competency>

<Competency oids='62 ' description='Skill > IT' auth='yes' name='IBM Hardware'>
<CompetencyEvidence typeDescription='Alias' name='Alias'><StringValue>IBM</StringValue></CompetencyEvidence>

<CompetencyWeight type='skillLevel'><NumericValue minValue='0' maxValue='100'>13</NumericValue></CompetencyWeight>
</Competency>

<Competency oids='106 ' description='Skill > IT' auth='no' name='Git'>
<CompetencyWeight type='skillLevel'><NumericValue minValue='0' maxValue='100'>13</NumericValue></CompetencyWeight>
</Competency>

<Competency oids='8 ' description='Skill > IT' auth='yes' name='FTP'>
<CompetencyWeight type='skillLevel'><NumericValue minValue='0' maxValue='100'>84</NumericValue></CompetencyWeight>

<CompetencyWeight type='skillProficiency'><StringValue minValue='BASIC' maxValue='EXCELLENT'>EXCELLENT</StringValue></CompetencyWeight>
</Competency>

<Competency oids='102 ' description='Skill > IT' auth='yes' name='Emacs'>
<CompetencyWeight type='skillLevel'><NumericValue minValue='0' maxValue='100'>13</NumericValue></CompetencyWeight>
</Competency>

<Competency oids='100 ' description='Skill > IT' auth='no' name='ERwin Data Modeler'>
<CompetencyWeight type='skillLevel'><NumericValue minValue='0' maxValue='100'>13</NumericValue></CompetencyWeight>
</Competency>

<Competency oids='38 ' description='Skill > IT' auth='yes' name='ECLiPSe'>
<CompetencyWeight type='skillLevel'><NumericValue minValue='0' maxValue='100'>84</NumericValue></CompetencyWeight>

<CompetencyWeight type='skillProficiency'><StringValue minValue='BASIC' maxValue='EXCELLENT'>EXCELLENT</StringValue></CompetencyWeight>
</Competency>

<Competency oids='70 ' description='Skill > IT' auth='yes' name='Document Object Model'>
<CompetencyEvidence typeDescription='Alias' name='Alias'><StringValue>DOM</StringValue></CompetencyEvidence>

<CompetencyWeight type='skillLevel'><NumericValue minValue='0' maxValue='100'>13</NumericValue></CompetencyWeight>
</Competency>

<Competency oids='28 ' description='Skill > IT' auth='yes' name='Database Design'>
<CompetencyWeight type='skillLevel'><NumericValue minValue='0' maxValue='100'>84</NumericValue></CompetencyWeight>

<CompetencyWeight type='skillProficiency'><StringValue minValue='BASIC' maxValue='EXCELLENT'>EXCELLENT</StringValue></CompetencyWeight>
</Competency>

<Competency oids='51 ' description='Skill' auth='no' name='Client facing experience'>
<CompetencyWeight type='skillLevel'><NumericValue minValue='0' maxValue='100'>13</NumericValue></CompetencyWeight>
</Competency>

<Competency oids='66 ' description='Skill > IT' auth='yes' name='Cascading Style Sheets'>
<CompetencyEvidence typeDescription='Alias' name='Alias'><StringValue>CSS</StringValue></CompetencyEvidence>

<CompetencyWeight type='skillLevel'><NumericValue minValue='0' maxValue='100'>13</NumericValue></CompetencyWeight>
</Competency>

<Competency oids='122 ' description='Skill > IT' auth='yes' name='Agile Methodology'>
<CompetencyEvidence name='Extent of Experience' typeDescription='Extent of Experience' type='MONTH' lastUsed='2014'><NumericValue description='MONTH'>43</NumericValue></CompetencyEvidence>

<CompetencyWeight type='skillLevel'><NumericValue minValue='0' maxValue='100'>96</NumericValue></CompetencyWeight>

<CompetencyWeight type='skillProficiency'><StringValue minValue='BASIC' maxValue='EXCELLENT'>EXCELLENT</StringValue></CompetencyWeight>
</Competency>

<Competency oids='43 ' description='Skill > IT' auth='yes' name='AJAX'>
<CompetencyWeight type='skillLevel'><NumericValue minValue='0' maxValue='100'>66</NumericValue></CompetencyWeight>

<CompetencyWeight type='skillProficiency'><StringValue minValue='BASIC' maxValue='EXCELLENT'>GOOD</StringValue></CompetencyWeight>
</Competency>

<Competency oids='113_1_1 149_1_1 170_1_1 ' description='Held Position' auth='yes' name='Analyst/Programmer'>
<CompetencyEvidence name='Extent of Experience' typeDescription='Extent of Experience' type='MONTH' lastUsed='2014'><NumericValue description='MONTH'>123</NumericValue></CompetencyEvidence>

<CompetencyEvidence typeDescription='Alias' name='Alias'><StringValue>Software Developer</StringValue></CompetencyEvidence>

<CompetencyWeight type='skillLevel'><NumericValue minValue='0' maxValue='100'>100</NumericValue></CompetencyWeight>

<CompetencyWeight type='skillProficiency'><StringValue minValue='BASIC' maxValue='EXCELLENT'>EXCELLENT</StringValue></CompetencyWeight>
</Competency>

<Competency oids='181_2 ' description='Held Position' auth='no' name='project management'>
<CompetencyEvidence name='Extent of Experience' typeDescription='Extent of Experience' type='MONTH' lastUsed='2007'><NumericValue description='MONTH'>36</NumericValue></CompetencyEvidence>

<CompetencyWeight type='skillLevel'><NumericValue minValue='0' maxValue='100'>26</NumericValue></CompetencyWeight>

<CompetencyWeight type='skillProficiency'><StringValue minValue='BASIC' maxValue='EXCELLENT'>BASIC</StringValue></CompetencyWeight>
</Competency>

<Competency oids='181_1 ' description='Held Position' auth='no' name='help desk'>
<CompetencyEvidence name='Extent of Experience' typeDescription='Extent of Experience' type='MONTH' lastUsed='2007'><NumericValue description='MONTH'>36</NumericValue></CompetencyEvidence>

<CompetencyWeight type='skillLevel'><NumericValue minValue='0' maxValue='100'>26</NumericValue></CompetencyWeight>

<CompetencyWeight type='skillProficiency'><StringValue minValue='BASIC' maxValue='EXCELLENT'>BASIC</StringValue></CompetencyWeight>
</Competency>

<Competency oids='116_1 ' description='Held Position' auth='no' name='Team Lead'>
<CompetencyEvidence name='Extent of Experience' typeDescription='Extent of Experience' type='MONTH' lastUsed='2014'><NumericValue description='MONTH'>43</NumericValue></CompetencyEvidence>

<CompetencyWeight type='skillLevel'><NumericValue minValue='0' maxValue='100'>99</NumericValue></CompetencyWeight>

<CompetencyWeight type='skillProficiency'><StringValue minValue='BASIC' maxValue='EXCELLENT'>EXCELLENT</StringValue></CompetencyWeight>
</Competency>

<Competency oids='16_1 ' description='Held Position' auth='no' name='Producer'>
<CompetencyWeight type='skillLevel'><NumericValue minValue='0' maxValue='100'>84</NumericValue></CompetencyWeight>

<CompetencyWeight type='skillProficiency'><StringValue minValue='BASIC' maxValue='EXCELLENT'>EXCELLENT</StringValue></CompetencyWeight>
</Competency>

<Competency oids='201_1 ' description='Degree/Qualification' auth='yes' name='Masters Degree > Master of Science > Master of Science Computer Science'>
<CompetencyEvidence name='Application' typeDescription='Application' type='Computer Science'><StringValue>Computer Science</StringValue></CompetencyEvidence>

<CompetencyEvidence typeDescription='Alias' name='Alias'><StringValue>M.S. in Computer Science</StringValue></CompetencyEvidence>

<CompetencyWeight type='skillLevel'><NumericValue minValue='0' maxValue='100'>12</NumericValue></CompetencyWeight>
</Competency>

<Competency oids='199_1 ' description='Degree/Qualification' auth='yes' name='Doctoral Degree > Doctor of Philosophy > Doctor of Philosophy Electrical Engineering'>
<CompetencyEvidence name='Application' typeDescription='Application' type='Electrical Engineering'><StringValue>Electrical Engineering</StringValue></CompetencyEvidence>

<CompetencyEvidence typeDescription='Alias' name='Alias'><StringValue>Ph. D candidate in Electrical Engineering</StringValue></CompetencyEvidence>

<CompetencyWeight type='skillLevel'><NumericValue minValue='0' maxValue='100'>12</NumericValue></CompetencyWeight>
</Competency>

<Competency oids='202_1 ' description='Degree/Qualification' auth='yes' name='Bachelors Degree > Bachelor of Science > Bachelor of Science Computer Engineering'>
<CompetencyEvidence name='Application' typeDescription='Application' type='Computer Engineering'><StringValue>Computer Engineering</StringValue></CompetencyEvidence>

<CompetencyEvidence typeDescription='Alias' name='Alias'><StringValue>B.S. in Computer Engineering</StringValue></CompetencyEvidence>

<CompetencyWeight type='skillLevel'><NumericValue minValue='0' maxValue='100'>12</NumericValue></CompetencyWeight>
</Competency>

<Competency description='Industry' auth='yes' name='industry~it'>
<CompetencyEvidence name='skillCount' typeDescription='skillCount'><NumericValue>3</NumericValue></CompetencyEvidence>

<CompetencyWeight type='skillLevel'><NumericValue minValue='0' maxValue='100'>100</NumericValue></CompetencyWeight>
</Competency>























<RevisionDate id='1'>2014-07-02</RevisionDate>
</StructuredXMLResume>
<NonXMLResume>

<TextResume>



<span inprof='n' id='1' class='date'>{{DOCUMENT_DATESTAMP}} 2014-07-02 {{END_DOCUMENT_DATESTAMP}}</span> 

        <span inprof='y' id='2' class='nominal'>MARTIN AYDIN</span>


<span inprof='n' id='3' class='title-line'>SUMMARY</span>
    *    <span inprof='n' id='4' class='duration'>Over 7 years</span> of experience with Core Java, <span inprof='y' id='5' class='sofwr'>Multi-threading</span>, <span inprof='y' id='6' class='sofwr'>Object-Oriented design</span>, <span inprof='y' id='7' class='sofwr'>HTTP</span>(S),(S)<span inprof='y' id='8' class='sofwr'>FTP</span>, <span inprof='y' id='9' class='sofwr'>Unix shell scripts</span>, <span inprof='y' id='10' class='sofwr'>Awk</span>, <span inprof='y' id='11' class='sofwr'>XML Parsing</span>, <span inprof='y' id='12' class='sofwr'>HTML</span>, <span inprof='y' id='13' class='sofwr'>JDBC</span>, and <span inprof='y' id='14' class='sofwr'>SQL</span>. ; 
    *    Experience in implementing Core <span inprof='y' id='15' class='sofwr'>Java design</span> patterns like Singleton, Factory Pattern, <span inprof='y' id='16_1' class='role'>Producer</span>-consumer, Dependency Injection, etc. ; 
    *    Experienced in full <span inprof='y' id='17' class='sofwr'>software development life cycle</span>, from <span inprof='y' id='18' class='skill'>requirements gathering</span>, to drawing <span inprof='y' id='19' class='sofwr'>UML</span> diagrams, design, development, <span inprof='y' id='20' class='skill'>unit testing</span>, release, and support. ; 
    *    Experienced in version control systems, <span inprof='y' id='21' class='sofwr'>CVS</span>, <span inprof='y' id='22' class='sofwr'>Subversion</span>, and Git, including setup and troubleshooting in an administrative capacity. ; 
    *    Experience in <span inprof='n' id='23' class='location'>Waterfall</span> and Agile design methodologies. ; 
    *    Proficient in using <span inprof='y' id='24' class='sofwr'>RDBMS</span> concepts with <span inprof='y' id='25' class='sofwr'>Oracle</span>, <span inprof='y' id='26' class='sofwr'>SQLServer</span>, and <span inprof='y' id='27' class='sofwr'>MySQL</span>. ; 
    *    Expertise in <span inprof='y' id='28' class='sofwr'>Database Design</span>, Creation and Management of Schemas, and writing DDL and DML SQL queries. ; 
    *    Expertise in <span inprof='y' id='29' class='sofwr'>ETL</span> processes and data processing using <span inprof='y' id='30' class='sofwr'>SQL</span> and <span inprof='y' id='31' class='sofwr'>Informatica</span>. ; 
    *    Experience in working with multiple operating systems:<span inprof='y' id='32' class='sofwr'>AIX</span>, <span inprof='y' id='33' class='sofwr'>HP-UX</span>, <span inprof='y' id='34' class='sofwr'>Solaris</span>, <span inprof='y' id='35' class='sofwr'>Linux</span>, and <span inprof='y' id='36' class='sofwr'>Windows Server</span>. ; 
    *    Expertise in <span inprof='y' id='37' class='skill'>using development</span> tools such as <span inprof='y' id='38' class='sofwr'>Eclipse</span> and <span inprof='y' id='39' class='sofwr'>Netbeans</span>. ; 
    *    <span inprof='y' id='40' class='sofwr'>Working knowledge of JSP</span> <span inprof='y' id='41' class='sofwr'>servlets</span>, <span inprof='y' id='42' class='sofwr'>Javascript</span>, and <span inprof='y' id='43' class='sofwr'>AJAX</span>. ; 
    *    Experience with maintaining <span inprof='y' id='44' class='sofwr'>Sharepoint</span> sites and developing web parts. ; 
    *    Experience in <span inprof='y' id='45' class='sofwr'>configuring and troubleshooting Apache</span> and <span inprof='y' id='46' class='sofwr'>Tomcat</span> web/application servers. ; 
    *    Expertise in network protocols such as <span inprof='y' id='47' class='sofwr'>DNS</span>, <span inprof='y' id='48' class='sofwr'>DHCP</span>, and <span inprof='y' id='49' class='sofwr'>SMTP</span>. ; 
    *    Excellent communication and <span inprof='y' id='50' class='skill'>technical writing skills</span> and <span inprof='y' id='51' class='skill'>Client facing experience</span>.

TECHNICAL SKILLS
Computer Languages:  <span inprof='y' id='52' class='sofwr'>Java</span>, <span inprof='y' id='53' class='sofwr'>UNIX shell scripts</span>,<span inprof='y' id='54' class='sofwr'>JSP</span>, <span inprof='y' id='55' class='sofwr'>SQL</span>, <span inprof='y' id='56' class='sofwr'>XML</span>, <span inprof='y' id='57' class='sofwr'>Javascript</span>, <span inprof='y' id='58' class='sofwr'>Awk</span>, <span inprof='y' id='59' class='sofwr'>UML</span>, <span inprof='y' id='60' class='sofwr'>Assembly Language</span> (<span inprof='y' id='61' class='sofwr'>Motorola</span> 68xx and <span inprof='y' id='62' class='sofwr'>IBM</span> z/900), <span inprof='y' id='63' class='sofwr'>XSD</span>, <span inprof='y' id='64' class='sofwr'>WSDL</span>, <span inprof='y' id='65' class='sofwr'>HTML</span>, <span inprof='y' id='66' class='sofwr'>CSS</span>
Frameworks and APIs: <span inprof='y' id='67' class='sofwr'>J2SE</span>, <span inprof='y' id='68' class='sofwr'>JSP</span>, <span inprof='y' id='69' class='sofwr'>JDBC</span>, <span inprof='y' id='70' class='sofwr'>DOM</span>
Databases: <span inprof='y' id='71' class='sofwr'>Oracle 9i</span>/11g, <span inprof='y' id='72' class='sofwr'>MySQL</span>, <span inprof='y' id='73' class='sofwr'>MSSQL</span>, <span inprof='y' id='74' class='sofwr'>UniData</span>
Web/<span inprof='y' id='75' class='sofwr'>Application</span> Servers: <span inprof='y' id='76' class='sofwr'>IIS</span>, <span inprof='y' id='77' class='sofwr'>Apache</span>, <span inprof='y' id='78' class='sofwr'>Tomcat</span>, ServletExec
Network Technologies: <span inprof='y' id='79' class='sofwr'>TCP/IP</span>, <span inprof='y' id='80' class='sofwr'>Ethernet</span>, 802.11 wireless <span inprof='y' id='81' class='sofwr'>Ethernet</span>, <span inprof='y' id='82' class='sofwr'>DNS</span>, <span inprof='y' id='83' class='sofwr'>DHCP</span>, <span inprof='y' id='84' class='sofwr'>VPN</span>, <span inprof='y' id='85' class='sofwr'>VOIP</span>, <span inprof='n' id='86' class='company'>NAT</span>, <span inprof='y' id='87' class='sofwr'>LDAP</span>, <span inprof='y' id='88' class='sofwr'>Active Directory</span>, software and hardware firewalls, gateways, routers, domain setup
Operating Systems:<span inprof='y' id='89' class='sofwr'>UNIX</span> (<span inprof='y' id='90' class='sofwr'>Solaris</span>, <span inprof='y' id='91' class='sofwr'>AIX</span>, <span inprof='y' id='92' class='sofwr'>HP-UX</span>), <span inprof='y' id='93' class='sofwr'>Windows Server</span>, <span inprof='y' id='94' class='sofwr'>Linux</span> (<span inprof='y' id='95' class='sofwr'>Red Hat</span>, <span inprof='y' id='96' class='sofwr'>Ubuntu</span>, <span inprof='y' id='97' class='sofwr'>Debian</span>)
Applications:<span inprof='y' id='98' class='sofwr'>Informatica 8.6/7</span>, <span inprof='y' id='99' class='sofwr'>Oracle 9i</span>/11g, Netbeans IDE, <span inprof='y' id='100' class='sofwr'>ERwin Data Modeler</span>, <span inprof='y' id='101' class='sofwr'>Crystal Reports</span>, <span inprof='y' id='102' class='sofwr'>Emacs</span>,<span inprof='y' id='103' class='sofwr'>Vi</span>, <span inprof='y' id='104' class='sofwr'>CVS</span>, <span inprof='y' id='105' class='sofwr'>Subversion</span>, <span inprof='y' id='106' class='sofwr'>Git</span>, <span inprof='y' id='107' class='sofwr'>Microsoft Exchange</span> and <span inprof='y' id='108' class='sofwr'>Sharepoint Administration</span>, <span inprof='y' id='109' class='sofwr'>Microsoft Office</span>, <span inprof='y' id='110' class='sofwr'>Microsoft Visual Studio</span> <span inprof='y' id='111' class='sofwr'>2010</span>.

<span inprof='n' id='112' class='work-hist-mark'>WORK EXPERIENCE</span>
        <span inprof='y' id='113_1_1' class='role'>Software Developer</span>, <span inprof='y' id='113_2_1' class='date'>January 2011</span>-<span inprof='y' id='113_2_2' class='date'>Present</span>
        <span inprof='y' id='114' class='skill'>Premiere Systems Support</span>, <span inprof='y' id='115' class='location'>Middleburg, VA</span>
           *    <span inprof='y' id='116_1' class='role'>Team Lead</span> <span inprof='y' id='117' class='skill'>responsible for the design</span>, development and testingof <span inprof='y' id='118' class='company'>Premiere Systems Support's (PSS) Communication Service</span> Provider (<span inprof='y' id='119' class='sofwr'>CSP</span>) software in <span inprof='y' id='120' class='sofwr'>Java</span>, using multi-threading and <span inprof='y' id='121' class='sofwr'>Object Oriented design</span> patterns with <span inprof='y' id='122' class='sofwr'>Agile methodology</span>, <span inprof='y' id='123' class='skill'>Test Driven Development</span> and Continous Integration techniques. The <span inprof='y' id='124' class='sofwr'>CSP</span> provides communication and transformation services between different ERP software packages and databases. It is used in more than 10 Universities in <span inprof='n' id='125' class='location'>the US</span> and serves over 200,000 students. ; 
           *    Used <span inprof='y' id='126' class='sofwr'>Junit</span> and wrote <span inprof='y' id='127' class='sofwr'>UNIX shell scripts</span> for automated unit testing of <span inprof='y' id='128' class='sofwr'>CSP</span> code.  Wrote Java code and shell scripts to randomly generate input files and transactions for stress/<span inprof='y' id='129' class='skill'>performance testing</span>. ; 
           *    Responsible for providing <span inprof='y' id='130' class='skill'>production support</span> for approximately 20 clients (Universities) in <span inprof='y' id='131' class='sofwr'>installing and configuring CSP</span> as well as <span inprof='n' id='132' class='company'>HigherOne Corporation</span>'s e-payment products.  Total enrollment for all clients served is in excess of 300,000. ; 
           *    Worked on the full Software Engineering cycle of custom integration projects such as Single Sign-On and payment interfaces, including <span inprof='y' id='133' class='skill'>gathering requirements</span>, writing technical specs, implementation (writing <span inprof='y' id='134' class='sofwr'>Java</span> code), testing, and support. ; 
           *    Created web applications using <span inprof='y' id='135' class='sofwr'>JSP</span> and <span inprof='y' id='136' class='sofwr'>JQuery</span> for sending <span inprof='y' id='137' class='sofwr'>XML</span> transactions to the <span inprof='y' id='138' class='sofwr'>CSP</span> and parsing the results.  Created a web based Virtual Register for clients to make purchases on the web.Developed the Virtual Register JSP web application to be distributed using embedded Jetty, enabling <span inprof='y' id='139' class='skill'>client-site deployment</span> without an existing application server. ; 
           *    Created and maintained <span inprof='y' id='140' class='sofwr'>UNIX shell scripts for CSP</span> compilation, packaging, installation, encryption, decryption, and to maintain the <span inprof='y' id='141' class='sofwr'>CSP</span> build and test environments. ; 
           *    Created an automatic update system for <span inprof='y' id='142' class='sofwr'>CSP</span> using Secure FTP in <span inprof='y' id='143' class='sofwr'>Java</span>. ; 
           *    Assisted in designing, developing, and testing <span inprof='y' id='144' class='sofwr'>Sharepoint</span> Web Parts using <span inprof='y' id='145' class='sofwr'>.NET</span> for Single Sign On from <span inprof='y' id='146' class='sofwr'>Sharepoint</span> to third party systems.  Designed and developed a configurable <span inprof='y' id='147' class='sofwr'>Sharepoint</span> web part to make background <span inprof='y' id='148' class='sofwr'>HTTP</span> calls to other systems and display the filtered results. ; 
           *    Performed custom application testing and configuration for Datatel Colleague.

        <span inprof='y' id='149_1_1' class='role'>Software Developer</span> with <span inprof='y' id='149_2' class='company'>ETL</span>, <span inprof='y' id='149_3_1' class='date'>June 2007</span>-<span inprof='y' id='149_3_2' class='date'>January 2011</span>
        <span inprof='n' id='150' class='company'>Lockheed</span> <span inprof='y' id='151' class='location'>Martin, Baltimore, MD</span>
           *    Wrote and debugged <span inprof='y' id='152' class='sofwr'>Java</span> programs, <span inprof='y' id='153' class='sofwr'>UNIX shell scripts</span>, <span inprof='y' id='154' class='sofwr'>Informatica</span> Java transformations, mappings, workflows and sessions to facilitate data <span inprof='y' id='155' class='sofwr'>ETL</span> process to the National Data Warehouse (NDW). ; 
           *    Modified existing workflow, used <span inprof='y' id='156' class='sofwr'>Java</span> and <span inprof='y' id='157' class='sofwr'>UNIX</span> scripts to automate the NDW <span inprof='y' id='158' class='sofwr'>ETL</span> process. ; 
           *    Refactored Java code to parse irregular <span inprof='y' id='159' class='sofwr'>IVR</span> <span inprof='y' id='160' class='sofwr'>(Interactive Voice Response)</span> data files. ; 
           *    Analyzed incoming data via <span inprof='y' id='161' class='sofwr'>SQL queries</span> and prepared statistical reports and charts to present the information to Centers for Medicare and <span inprof='n' id='162' class='company'>Medicaid Services (CMS)</span>. ; 
           *    Helped administer and troubleshoot <span inprof='y' id='163' class='sofwr'>Java</span> issues, <span inprof='y' id='164' class='sofwr'>Oracle</span> issues, <span inprof='y' id='165' class='sofwr'>ETL</span> issues, and <span inprof='y' id='166' class='sofwr'>UNIX</span> issues. ; 
           *    <span inprof='y' id='167' class='sofwr'>Set up and configured Java</span> web applications and <span inprof='y' id='168' class='sofwr'>Tomcat</span> to display the results of <span inprof='y' id='169' class='sofwr'>SQL queries</span> graphically on maps.

        <span inprof='y' id='170_1_1' class='role'>Software Developer</span>, <span inprof='y' id='170_2_1' class='date'>July 2004</span>-<span inprof='y' id='170_2_2' class='date'>June 2007</span>
        <span inprof='y' id='170_3' class='company'>Premiere Systems Support</span>, <span inprof='y' id='170_4' class='location'>Fairfax, VA</span>
           *    Developed and tested <span inprof='y' id='171' class='company'>Premiere Systems Support's (PSS) Communication Service</span> Provider (<span inprof='y' id='172' class='sofwr'>CSP</span>) software in <span inprof='y' id='173' class='sofwr'>Java</span>. ; 
           *    Created and maintained <span inprof='y' id='174' class='sofwr'>UNIX shell scripts for CSP</span> compilation, packaging, installation, encryption, decryption, and to maintain the <span inprof='y' id='175' class='sofwr'>CSP</span> build and test environments. Debugged and created <span inprof='y' id='176' class='sofwr'>UNIX shell scripts</span> for custom software at <span inprof='n' id='177' class='educational'>Sinclair Community College</span> and ACS. ; 
           *    Used <span inprof='y' id='178' class='sofwr'>JDBC</span> and <span inprof='y' id='179' class='sofwr'>Java</span> object beans to connect to <span inprof='y' id='180' class='sofwr'>MySQL</span> databases and perform select, insert, update, and delete operations on multiple linked tables.  Wrote business logic to perform COMMIT and ROLLBACK operations on MySQL myISAM tables. ; 
           *    Developed custom web sites for report generation, <span inprof='y' id='181_1' class='role'>help desk</span>, and <span inprof='y' id='181_2' class='role'>project management</span> services, using <span inprof='y' id='182' class='sofwr'>PHP</span>/<span inprof='y' id='183' class='sofwr'>MySQL</span>. ; 
           *    Configured and administered business application servers running <span inprof='y' id='184' class='sofwr'>IIS 6.0</span>, <span inprof='y' id='185' class='sofwr'>Apache</span>, <span inprof='y' id='186' class='sofwr'>Tomcat</span>, <span inprof='y' id='187' class='sofwr'>Microsoft Exchange</span>, <span inprof='y' id='188' class='sofwr'>Sharepoint</span>, <span inprof='y' id='189' class='sofwr'>Active Directory</span>, <span inprof='y' id='190' class='sofwr'>CVS</span> repository, <span inprof='y' id='191' class='sofwr'>MSSQL</span>, and <span inprof='y' id='192' class='sofwr'>MySQL on Windows 2003 server</span> and <span inprof='y' id='193' class='sofwr'>Linux</span>. ; 
           *    Provided network setup and configuration services including Network Address Translation, <span inprof='y' id='194' class='sofwr'>Quality of Service</span>, <span inprof='y' id='195' class='sofwr'>Voice over IP</span>, <span inprof='y' id='196' class='sofwr'>DHCP</span>, <span inprof='y' id='197' class='sofwr'>DNS</span>, Proxy, and Firewall setup.


<span inprof='n' id='198' class='edu-hist-mark'>EDUCATION</span>
        <span inprof='y' id='199_1' class='qualif'>Ph. D candidate in Electrical Engineering</span>, <span inprof='y' id='199_2_1' class='date'>August 2003</span>-<span inprof='y' id='199_2_2' class='date'>December 2004</span>
        <span inprof='y' id='199_3' class='educational'>Colorado State University</span>, <span inprof='y' id='199_4' class='location'>Ft. Collins, CO</span>
        GPA: <span inprof='y' id='200_1' class='date'>3.82</span>/<span inprof='y' id='200_2' class='date'>4.00</span>
        Completed all coursework.

        <span inprof='y' id='201_1' class='qualif'>M.S. in Computer Science</span>, <span inprof='y' id='201_2_1' class='date'>June 2001</span>- <span inprof='y' id='201_2_2' class='date'>June 2002</span>
        <span inprof='y' id='202_1' class='qualif'>B.S. in Computer Engineering</span>, <span inprof='y' id='202_2_1' class='date'>August 1997</span>-<span inprof='y' id='202_2_2' class='date'>June 2001</span>
        <span inprof='y' id='202_3' class='educational'>Union College</span>, <span inprof='y' id='202_4' class='location'>Schenectady, NY</span>
        5-Year Cumulative GPA: <span inprof='y' id='203_1' class='date'>3.77</span>/<span inprof='y' id='203_2' class='date'>4.00</span>

    <span inprof='n' id='204' class='company'>Union College International</span> Scholarship recipient,<span inprof='n' id='205' class='date-range'>1997-2001</span>

        <span inprof='n' id='206' class='bad-occupation'>Dean's</span> List, <span inprof='n' id='207' class='date-range'>1997-2001</span>



HONORS, AWARDS AND PUBLICATIONS
    President,Tau Beta Pi Engineering Honor Society NY Mu Chapter, 2000
        Member, Eta Kappa Nu Electrical Engineering Honor Society, 2000
        R.E. Morgan Memorial Award, Union College, Schenectady, NY, May 2001
        Implementation of a Programmable Phased Logic Cell,
        Proceedings of the 45th IEEE MWSCAS, 2002 unknown
        RC Extraction of Interconnects at Sub-Wavelength Dimensions, Artificial Intelligence and Applications 2005: 491-496
        Processor Allocation for Tasks that is Robust Against Errors in Computation Time Estimates, IPDPS 2005.


</TextResume>

</NonXMLResume>



<UserArea>
<DaxResumeUserArea>
<AdditionalPersonalData>
<ExperienceSummary>
<TotalMonthsOfWorkExperience>123</TotalMonthsOfWorkExperience>
<TotalYearsOfWorkExperience>10</TotalYearsOfWorkExperience>
<ExecutiveBrief>Martin Aydin has been working in the IT  occupational sector for more than 10 years. Currently he is employed as a Software Developer at Premiere Systems Support's (PSS) Communication Service. Martin has extensive knowledge of Java, CSP, shell scripting, Microsoft SharePoint, SQL, MySQL, Java Server Pages, Jakarta TOMCAT Servlet Engine, ETL, UNIX, Microsoft SQL Server, Linux, JDBC, Informatica, Dynamic Host Control protocol, Domain Name Server Protocol, CVS, Apache WEB Server, XML, VoIP (Voice over IP), UML/OMT, Sun Solaris, Oracle, Object Oriented Analysis/Design, Microsoft Internet Information Server, Microsoft Exchange Server, JavaScript, IVR, HTTP, HTML, HP-UX, Apache Subversion, Active Directory, AWK, AIX UNIX, jQuery, XML Parsing, Software Development Life Cycle, RDBMS, QoS (Quality of Service), Personal Home Page, NetBeans, Multi-threading, Microsoft .NET Technology, Java Servlets, JUnit, FTP, ECLiPSe, Database Design, Agile Methodology, AJAX. So far Martin has not gained any managerial experience.</ExecutiveBrief>
</ExperienceSummary>
</AdditionalPersonalData>
<TextZones>
<Zone name='publications'>
HONORS, AWARDS AND PUBLICATIONS
    President,Tau Beta Pi Engineering Honor Society NY Mu Chapter, 2000
        Member, Eta Kappa Nu Electrical Engineering Honor Society, 2000
        R.E. Morgan Memorial Award, Union College, Schenectady, NY, May 2001
        Implementation of a Programmable Phased Logic Cell,
        Proceedings of the 45th IEEE MWSCAS, 2002 unknown
        RC Extraction of Interconnects at Sub-Wavelength Dimensions, Artificial Intelligence and Applications 2005: 491-496
        Processor Allocation for Tasks that is Robust Against Errors in Computation Time Estimates, IPDPS 2005.
</Zone>
</TextZones>
<ParserInfo>
<ParserConfiguration>{max_len=50000} {tel_flag=} {send_zip=} {fast_conv=} {DEF_LOCAL=} {sdate=0} {no_email_body=0} {do_clever_zoning=1} {keep_span=1} {complex=1} {accept_langs=} {not_accept_langs=} {prefer_lang_cv=EN} {pers_only=0} {turbo=0} {split_language=0} {picture=0} {picture_inline=0} {name_space=0} {charset=} {hrxml_upgrade_edu_hist=0}{hrxml_add_languages_section=0}{spool=} {docID=} {user=DEFAULT} </ParserConfiguration>
<ParserRelease>0.12.3.32629</ParserRelease>
<ParserReleaseDate>2014-06-18</ParserReleaseDate>
<ParserSchema>2.0.29</ParserSchema>
<ParserSchemaLocation>http://cvx.daxtra.com/cvts/xsd/candidate/2.0.29/Resume.xsd</ParserSchemaLocation>
<ConverterRelease>0.5.2.32629</ConverterRelease>
<ConverterReleaseDate>2014-06-18</ConverterReleaseDate>
</ParserInfo>
<FileStruct filename='/home/izoom/anazarov/grammar/analysis/3rconnect/doc/100_Resume-ApTask/Martin_Aydin.docx'>

<attachment fname='Martin_Aydin.docx' ftype='docx' conv='yes' doc_type='cv' lang='EN'>/home/izoom/anazarov/grammar/analysis/3rconnect/doc/100_Resume-ApTask/Martin_Aydin.docx</attachment>


</FileStruct>
</DaxResumeUserArea>
</UserArea>
</Resume>
