<?xml version='1.0' encoding='ISO-8859-1'?>
<Resume lang='en' src='DAXTRA-CVX schema:2.0.29 release:0.12.3.32629 rdate:2014-06-18'>
<StructuredXMLResume>
<ContactInfo>
<PersonName id='2'>
<FormattedName>Michael R. Carlson</FormattedName>
<GivenName>Michael</GivenName>
<MiddleName>R.</MiddleName>
<FamilyName>Carlson</FamilyName>
<sex>Male</sex>
</PersonName>
<ContactMethod>
<Telephone id='5' type='home'>
<InternationalCountryCode>1</InternationalCountryCode>
<SubscriberNumber>631 434-5315</SubscriberNumber>
<FormattedNumber>+1 631 434-5315</FormattedNumber></Telephone>

<InternetEmailAddress id='7' type='main'>mc24003a@gmail.com</InternetEmailAddress>
<PostalAddress id='6' type='main'>
<CountryCode>US</CountryCode>
<PostalCode>11729</PostalCode>
<Region>NY</Region>
<Municipality>Deer Park</Municipality>

</PostalAddress>
</ContactMethod>
</ContactInfo>
<ExecutiveSummary>A senior-level Information Technology Manager with extensive experience in Program Management, Project Management, and Software Quality Assurance. Expertise in developing applications for Banking, Lending and Investments environments. Certified in Project Management by the Project Management Institute. Ability to bridge business and technology goals to provide productive solutions. Well-organized individual with proven track record of implementing standards, procedures, and processes that improve technology and business performance. Exceptional communicator with emphasis on building strong client relationships. Solid management skills with emphasis on leading and motivating individuals to maximize levels of productivity and forming a strong team environment. Quick learner that rapidly adapt to changing technologies and environments.</ExecutiveSummary>


<EmploymentHistory>
<EmployerOrg employerOrgType='soleEmployer'>
<EmployerOrgName id='27_2'>III</EmployerOrgName>

<PositionHistory positionType='PERMANENT'>
<Title id='27_1_1'>Application Services Manager</Title>
<OrgName id='27_2'>III</OrgName>



<Description>Currently managing a staff of 22 people, this includes both onshore and offshore associates. During peak times staff had been as many as 45 people. Responsible for all Human Resource aspects for the staff. This includes hiring, year-end reviews and budgeting. Oversee all project tasks and report status to Senior Management.
*  Managing the Security Servicing Program for SMDB. This is a multiple year program that includes 7 different technology areas. To date 12 projects have been delivered and 2 more will be delivered by mid-2014. This program included the following high level enhancements: 
    *  Introduced SWIFT-based Vendor Feeds (IDC &#38; Telekurs) ; 
    *  Added Business Rules to improve processing of events, including improved Event Matching Logic ; 
    *  Added Dashboard functionality to view/repair SWIFT messages. ; 
    *  Introduction of new SMDB event data structure (pVER) to allow for Market/Location specific information. Begin to receive full benefit of Determine Interest Engine (DIE) introduced in Release 1. Automation Rules used to determine when an event is Preliminary or Complete, and Confirmed versus Unconfirmed. ; 
    *  Enhancements to improve Text processing.  Efficiency gains through improved manual e New Data Source Hierarchy for conflict processing. Enrichment functions in SMDB/PSS. Break Generation Table and Break Definition Table concept. ; 
    *  New Conflict Break Resolution flow. Improvements to Workflow management, including new assignment rules and out of office functionality. 2 Staged Event Processing. Standardize the event names.  Review the options and payouts associated with these event types. ; 
    *  Total cost of the Program is over $20MM. ; 
*  Managed Upgrade AIX from 5.2 to 6.0. This included 13 environments. ; 
*  Managed Pershing Project - Provide Pershing with Corporate Action "golden event" record at the security level for the assets Pershing is subscribed to. SMDB will scrub the announcement data sourced from different vendors or from Pershing sub-custodians and produce a ``Golden'' (DER) Corporate Action event that is pushed to MDI for Pershing processing. ; 
*  Managed Outsourcing Project - this project will ccreate a Corporate Action solution that can be leveraged by both the custody and outsourcing businesses. ; 
*  ILM&#38;G Archiving - utilizing cheaper storage medium to save achieved data, thus reducing storage costs. ;</Description>
<StartDate id='27_3_1'><Year>2011</Year></StartDate>
<EndDate id='27_3_2'><Year>2014</Year></EndDate>



<JobLevelInfo>
<JobGrade>joblevel-management-mid</JobGrade>
</JobLevelInfo>

<JobCategory>
<TaxonomyName>JOBAREA</TaxonomyName>
<CategoryCode>accountancy</CategoryCode>
</JobCategory>


<UserArea>
<DaxPositionHistoryUserArea>
<TLSPAN first_id='27' last_id='39' border_id='42'></TLSPAN>
<MonthsOfWork>36</MonthsOfWork>
</DaxPositionHistoryUserArea>
</UserArea>
</PositionHistory>
</EmployerOrg>

<EmployerOrg employerOrgType='soleEmployer'>
<EmployerOrgName id='42_1'>CITI Private Bank</EmployerOrgName>
<EmployerContactInfo>
<LocationSummary id='58'>
<CountryCode>IN</CountryCode>
</LocationSummary>
</EmployerContactInfo>
<PositionHistory positionType='PERMANENT'>
<Title id='42_2_1'>Senior Development Project/Program Manager</Title>
<OrgName id='42_1'>CITI Private Bank</OrgName>



<Description>Managed a staff of 30 people, this included 2 Business Analyst and 3 Project Managers. Responsible for the day to day production support and development of 8 applications. This included ensuring all projects met the companies SDLC standards, and utilizing the Project Management Software Planview. Responsible for budgeting and forecasting projects and resources. Manage an IT budget of $5,000,000.
*  Managed the conversion of the Lending legacy system (Hogan) to a web based application (Flexcube). This was a $2,000,000 project which included 4 different technology groups. ; 
*  Created a long-term strategy for the retirement of 8 legacy mainframe applications. The applications were replaced by a combination of Retail banking applications, enhancement to the Transaction Services software, as well as Flexcube. ; 
*  Built SWIFT MT940 (Statement) and MT101 (Payment) messages for European Clients. ; 
*  Organized the reconciliation process for the Smith Barney to Pershing conversion across all business areas. ; 
*  Managed the FDIC Provisional Holds Program for CPB. This project put provisional holds on deposit accounts in the event of insolvency. The project involves three product processors and was mandated by the FDIC. Interface with Compliance, Legal and Finance departments. ; 
*  Built strong relationships with key business users by implementing a same day call back on client problems by my staff and a policy of not ``passing the buck'' on client issues, thus reducing client frustration. ; 
*  Utilized a staff of 16 low cost developers stationed in India. The use of these consultants saved over $1,500,000. ;</Description>
<StartDate id='42_3_1'><Year>2007</Year></StartDate>
<EndDate id='42_3_2'><Year>2011</Year></EndDate>



<JobLevelInfo>
<JobGrade>joblevel-management-low</JobGrade>
</JobLevelInfo>

<JobCategory>
<TaxonomyName>JOBAREA</TaxonomyName>
<CategoryCode>accountancy</CategoryCode>
</JobCategory>


<UserArea>
<DaxPositionHistoryUserArea>
<TLSPAN first_id='42' last_id='59' border_id='69'></TLSPAN>
<MonthsOfWork>48</MonthsOfWork>
</DaxPositionHistoryUserArea>
</UserArea>
</PositionHistory>
</EmployerOrg>

<EmployerOrg employerOrgType='soleEmployer'>
<EmployerOrgName id='67'>CITI Private Bank</EmployerOrgName>
<EmployerContactInfo>
<LocationSummary id='81'>
<Municipality>Hall</Municipality>
<CountryCode>DE</CountryCode>
</LocationSummary>
</EmployerContactInfo>
<PositionHistory positionType='PERMANENT'>
<Title id='75_1'>Level 1 support</Title>
<OrgName id='68'>Global</OrgName>



<Description>CITI Private Bank - Head of the Global Project Office           
Manage the creation of Monthly Senior Management Reports including: project costs versus forecast; organizational charts; top 20 project status; budget versus actual comparison; 2007 goals; and total cost of ownership analysis. My staff also handled Level 1 support for Planview. Ran bi-weekly budget and project meetings with Project Manager's. Responsible for the technology budget. Created presentations for the Head of Private Bank Technology. This included presentations to senior management as well as Town Hall presentations to staff.
*  Managed the conversion from Project Tracking System to Planview ; 
*  Created SDLC standards for Private Bank technology and ran training classes which helped to drive efficiencies in project management. ; 
*  Made many process and morale improvements including: early morning coverage for dealing with potential outages; cost savings contests to build staff morale and participation; rotation of the staff to increase knowledge; lunch time business sessions to increase staff business knowledge. ;</Description>
<StartDate id='69_1'><Year>2005</Year></StartDate>
<EndDate id='69_2'><Year>2007</Year></EndDate>




<JobCategory>
<TaxonomyName>JOBAREA</TaxonomyName>
<CategoryCode>mngm-consult</CategoryCode>
</JobCategory>


<UserArea>
<DaxPositionHistoryUserArea>
<TLSPAN first_id='67' last_id='86' border_id='87'></TLSPAN>
<MonthsOfWork>24</MonthsOfWork>
</DaxPositionHistoryUserArea>
</UserArea>
</PositionHistory>
</EmployerOrg>

<EmployerOrg employerOrgType='soleEmployer'>
<EmployerOrgName id='87_1'>Smith Barney</EmployerOrgName>

<PositionHistory positionType='PERMANENT'>
<Title id='87_2_1'>Software Quality Manager</Title>
<Title id='87_2_2'>Vice President</Title>
<OrgName id='87_1'>Smith Barney</OrgName>



<Description>Responsible for SQA (Software Quality Assurance) for a group of 140 technicians. The primarily responsible was for the evaluation of these groups adherence to the software product standards, processes, and procedures and assuring that standards and procedures were established and are followed throughout the software development life cycle. Ran weekly meetings with Project and Senior Manager's and staff to review SDLC adherence.
*  Created a Dashboard for SDLC compliance. This dashboard was used by Senior and Project Manager's. ; 
*  Ran training classes to teach PM's the Cititech process to ensure further compliance. ; 
*  Developed SDLC process for Large and Small Development, Vendor Development, and Production Support. ; 
*  Committee member for the improvement of the SQA Review process. ; 
*  Led a team to improve the document creation process for SDLC. ;</Description>
<StartDate id='87_3_1'><Year>2003</Year></StartDate>
<EndDate id='87_3_2'><Year>2005</Year></EndDate>



<JobLevelInfo>
<JobGrade>joblevel-management-senior</JobGrade>
</JobLevelInfo>

<JobCategory>
<TaxonomyName>JOBAREA</TaxonomyName>
<CategoryCode>it</CategoryCode>
</JobCategory>


<UserArea>
<DaxPositionHistoryUserArea>
<TLSPAN first_id='87' last_id='99' border_id='100'></TLSPAN>
<MonthsOfWork>24</MonthsOfWork>
</DaxPositionHistoryUserArea>
</UserArea>
</PositionHistory>
</EmployerOrg>

<EmployerOrg employerOrgType='soleEmployer'>
<EmployerOrgName id='100_1'>Smith Barney</EmployerOrgName>

<PositionHistory positionType='PERMANENT'>
<Title id='100_2_1'>Area Manager</Title>
<Title id='100_2_2'>Vice President</Title>
<OrgName id='100_1'>Smith Barney</OrgName>



<Description>Responsible for the development and production support for Asset Management Systems. Specifically the Billing, New Accounts, TRAK and Client Profile applications. These systems are a mix of Web sites, utilizing Java, Java Script, HTML, and legacy systems, using COBOL, CICS, and DB2. Managed a team of 40 developers, 2 Project Leaders and 3 Project Managers. Led both systems and user status meetings. Responsible for the coordination of all required documents for SDLC.
*  Managed the development of the Client Profile Website.  This site enables Financial Consultants to view information about their Managed Accounts.  This information includes general information about the client, Billing Information, and Performance of each account. ; 
*  Headed up an initiative to reduce the run time and DASD usage of our nightly batch cycle.  This resulted in savings of over $2,000,000 in CPU charge-backs and a reduction of 3 hours off our nightly batch cycle. ; 
*  Converted several mainframe legacy applications onto Web-based platforms. ; 
*    Developed and application for the SBAM product onto the FC New Accounts System.  The cost of the project was $1.8 Million.  The project allowed Smith Barney Asset Management to reduce the full time staff by 15. ; 
*  Converted 5 high performing consultants to employees, resulting in over $400,000 per year in consulting savings.  Three of these employees are consistently ranked high performers for the group ; 
*  Utilized 4 COSL consultants to handle programming on a number of projects.  This helped reduce cost and expanded the amount of projects we could deliver to the client. ;</Description>
<StartDate id='100_3_1'><Year>1996</Year></StartDate>
<EndDate id='100_3_2'><Year>2003</Year></EndDate>



<JobLevelInfo>
<JobGrade>joblevel-management-mid</JobGrade>
</JobLevelInfo>

<JobCategory>
<TaxonomyName>JOBAREA</TaxonomyName>
<CategoryCode>it</CategoryCode>
</JobCategory>


<UserArea>
<DaxPositionHistoryUserArea>
<TLSPAN first_id='100' last_id='118' border_id='0'></TLSPAN>
<MonthsOfWork>84</MonthsOfWork>
</DaxPositionHistoryUserArea>
</UserArea>
</PositionHistory>
</EmployerOrg>

</EmploymentHistory>
<EducationHistory>
<SchoolOrInstitution schoolType='university'>
<SchoolName id='138_2'>Stevens Institute of Technology</SchoolName>
<LocationSummary id='138_3'>
<Municipality>Weehawken</Municipality>
<Region>NJ</Region>
<CountryCode>US</CountryCode>
</LocationSummary>


<Degree degreeType='masters'>
<DegreeName id='138_1'>Master of Science</DegreeName>

</Degree>
<Major id='138_1'>Technology Management</Major>



<Comments>Bachelor of Science in Management Information Systems, Dowling College, Oakdale, NY
Certification in Project Management from the Project Management Institute</Comments>
</SchoolOrInstitution>

<SchoolOrInstitution schoolType='college'>
<SchoolName id='139_2'>Dowling College</SchoolName>
<LocationSummary id='139_3'>
<Municipality>Oakdale</Municipality>
<Region>NY</Region>
<CountryCode>US</CountryCode>
</LocationSummary>


<Degree degreeType='bachelors'>
<DegreeName id='139_1'>Bachelor of Science</DegreeName>

</Degree>
<Major id='139_1'>Management Information Systems</Major>



<Comments>Certification in Project Management from the Project Management Institute</Comments>
</SchoolOrInstitution>

</EducationHistory>











<Competency oids='46 92 93 99 112 ' description='Skill > IT' auth='yes' name='SDLC'>
<CompetencyEvidence name='Extent of Experience' typeDescription='Extent of Experience' type='MONTH' lastUsed='2011'><NumericValue description='MONTH'>156</NumericValue></CompetencyEvidence>

<CompetencyWeight type='skillLevel'><NumericValue minValue='0' maxValue='100'>72</NumericValue></CompetencyWeight>

<CompetencyWeight type='skillProficiency'><StringValue minValue='BASIC' maxValue='EXCELLENT'>GOOD</StringValue></CompetencyWeight>
</Competency>

<Competency oids='16 47 85 ' description='Skill' auth='yes' name='Project Management'>
<CompetencyEvidence name='Extent of Experience' typeDescription='Extent of Experience' type='MONTH' lastUsed='2011'><NumericValue description='MONTH'>72</NumericValue></CompetencyEvidence>

<CompetencyWeight type='skillLevel'><NumericValue minValue='0' maxValue='100'>72</NumericValue></CompetencyWeight>

<CompetencyWeight type='skillProficiency'><StringValue minValue='BASIC' maxValue='EXCELLENT'>GOOD</StringValue></CompetencyWeight>
</Competency>

<Competency oids='10 20 ' description='Skill' auth='no' name='Program Management'>
<CompetencyWeight type='skillLevel'><NumericValue minValue='0' maxValue='100'>85</NumericValue></CompetencyWeight>

<CompetencyWeight type='skillProficiency'><StringValue minValue='BASIC' maxValue='EXCELLENT'>EXCELLENT</StringValue></CompetencyWeight>
</Competency>

<Competency oids='98 101 ' description='Skill' auth='no' name='Production Support'>
<CompetencyEvidence name='Extent of Experience' typeDescription='Extent of Experience' type='MONTH' lastUsed='2005'><NumericValue description='MONTH'>108</NumericValue></CompetencyEvidence>

<CompetencyWeight type='skillLevel'><NumericValue minValue='0' maxValue='100'>24</NumericValue></CompetencyWeight>

<CompetencyWeight type='skillProficiency'><StringValue minValue='BASIC' maxValue='EXCELLENT'>BASIC</StringValue></CompetencyWeight>
</Competency>

<Competency oids='64 130 ' description='Skill > IT' auth='yes' name='Microsoft Office'>
<CompetencyEvidence typeDescription='Alias' name='Alias'><StringValue>office</StringValue></CompetencyEvidence>

<CompetencyEvidence typeDescription='Alias' name='Alias'><StringValue>MS Office</StringValue></CompetencyEvidence>

<CompetencyWeight type='skillLevel'><NumericValue minValue='0' maxValue='100'>13</NumericValue></CompetencyWeight>
</Competency>

<Competency oids='33 80 ' description='Skill' auth='yes' name='Managerial Skills'>
<CompetencyEvidence name='Extent of Experience' typeDescription='Extent of Experience' type='MONTH' lastUsed='2014'><NumericValue description='MONTH'>60</NumericValue></CompetencyEvidence>

<CompetencyEvidence typeDescription='Alias' name='Alias'><StringValue>Senior Management</StringValue></CompetencyEvidence>

<CompetencyWeight type='skillLevel'><NumericValue minValue='0' maxValue='100'>97</NumericValue></CompetencyWeight>

<CompetencyWeight type='skillProficiency'><StringValue minValue='BASIC' maxValue='EXCELLENT'>EXCELLENT</StringValue></CompetencyWeight>
</Competency>

<Competency oids='51 82 ' description='Skill' auth='no' name='Managed the conversion'>
<CompetencyEvidence name='Extent of Experience' typeDescription='Extent of Experience' type='MONTH' lastUsed='2011'><NumericValue description='MONTH'>72</NumericValue></CompetencyEvidence>

<CompetencyWeight type='skillLevel'><NumericValue minValue='0' maxValue='100'>69</NumericValue></CompetencyWeight>

<CompetencyWeight type='skillProficiency'><StringValue minValue='BASIC' maxValue='EXCELLENT'>GOOD</StringValue></CompetencyWeight>
</Competency>

<Competency oids='105 122 ' description='Skill > IT' auth='yes' name='JavaScript'>
<CompetencyEvidence name='Extent of Experience' typeDescription='Extent of Experience' type='MONTH' lastUsed='2003'><NumericValue description='MONTH'>84</NumericValue></CompetencyEvidence>

<CompetencyWeight type='skillLevel'><NumericValue minValue='0' maxValue='100'>27</NumericValue></CompetencyWeight>

<CompetencyWeight type='skillProficiency'><StringValue minValue='BASIC' maxValue='EXCELLENT'>BASIC</StringValue></CompetencyWeight>
</Competency>

<Competency oids='104 124 ' description='Skill > IT' auth='yes' name='Java'>
<CompetencyEvidence name='Extent of Experience' typeDescription='Extent of Experience' type='MONTH' lastUsed='2003'><NumericValue description='MONTH'>84</NumericValue></CompetencyEvidence>

<CompetencyWeight type='skillLevel'><NumericValue minValue='0' maxValue='100'>27</NumericValue></CompetencyWeight>

<CompetencyWeight type='skillProficiency'><StringValue minValue='BASIC' maxValue='EXCELLENT'>BASIC</StringValue></CompetencyWeight>
</Competency>

<Competency oids='106 123 ' description='Skill > IT' auth='yes' name='HTML'>
<CompetencyEvidence name='Extent of Experience' typeDescription='Extent of Experience' type='MONTH' lastUsed='2003'><NumericValue description='MONTH'>84</NumericValue></CompetencyEvidence>

<CompetencyWeight type='skillLevel'><NumericValue minValue='0' maxValue='100'>26</NumericValue></CompetencyWeight>

<CompetencyWeight type='skillProficiency'><StringValue minValue='BASIC' maxValue='EXCELLENT'>BASIC</StringValue></CompetencyWeight>
</Competency>

<Competency oids='109 127 ' description='Skill > IT' auth='yes' name='DB2'>
<CompetencyEvidence name='Extent of Experience' typeDescription='Extent of Experience' type='MONTH' lastUsed='2003'><NumericValue description='MONTH'>84</NumericValue></CompetencyEvidence>

<CompetencyWeight type='skillLevel'><NumericValue minValue='0' maxValue='100'>24</NumericValue></CompetencyWeight>

<CompetencyWeight type='skillProficiency'><StringValue minValue='BASIC' maxValue='EXCELLENT'>BASIC</StringValue></CompetencyWeight>
</Competency>

<Competency oids='65 113 ' description='Skill > IT' auth='yes' name='DASD'>
<CompetencyEvidence name='Extent of Experience' typeDescription='Extent of Experience' type='MONTH' lastUsed='2003'><NumericValue description='MONTH'>84</NumericValue></CompetencyEvidence>

<CompetencyWeight type='skillLevel'><NumericValue minValue='0' maxValue='100'>24</NumericValue></CompetencyWeight>

<CompetencyWeight type='skillProficiency'><StringValue minValue='BASIC' maxValue='EXCELLENT'>BASIC</StringValue></CompetencyWeight>
</Competency>

<Competency oids='107 125 ' description='Skill > IT' auth='yes' name='COBOL'>
<CompetencyEvidence name='Extent of Experience' typeDescription='Extent of Experience' type='MONTH' lastUsed='2003'><NumericValue description='MONTH'>84</NumericValue></CompetencyEvidence>

<CompetencyWeight type='skillLevel'><NumericValue minValue='0' maxValue='100'>25</NumericValue></CompetencyWeight>

<CompetencyWeight type='skillProficiency'><StringValue minValue='BASIC' maxValue='EXCELLENT'>BASIC</StringValue></CompetencyWeight>
</Competency>

<Competency oids='108 126 ' description='Skill > IT' auth='yes' name='CICS/ESA'>
<CompetencyEvidence name='Extent of Experience' typeDescription='Extent of Experience' type='MONTH' lastUsed='2003'><NumericValue description='MONTH'>84</NumericValue></CompetencyEvidence>

<CompetencyEvidence typeDescription='Alias' name='Alias'><StringValue>CICS</StringValue></CompetencyEvidence>

<CompetencyWeight type='skillLevel'><NumericValue minValue='0' maxValue='100'>24</NumericValue></CompetencyWeight>

<CompetencyWeight type='skillProficiency'><StringValue minValue='BASIC' maxValue='EXCELLENT'>BASIC</StringValue></CompetencyWeight>
</Competency>

<Competency oids='62 63 ' description='Skill' auth='yes' name='Audit'>
<CompetencyEvidence typeDescription='Alias' name='Alias'><StringValue>audits</StringValue></CompetencyEvidence>

<CompetencyWeight type='skillLevel'><NumericValue minValue='0' maxValue='100'>13</NumericValue></CompetencyWeight>
</Competency>

<Competency oids='74 ' description='Skill' auth='no' name='ownership analysis'>
<CompetencyEvidence name='Extent of Experience' typeDescription='Extent of Experience' type='MONTH' lastUsed='2007'><NumericValue description='MONTH'>24</NumericValue></CompetencyEvidence>

<CompetencyWeight type='skillLevel'><NumericValue minValue='0' maxValue='100'>24</NumericValue></CompetencyWeight>

<CompetencyWeight type='skillProficiency'><StringValue minValue='BASIC' maxValue='EXCELLENT'>BASIC</StringValue></CompetencyWeight>
</Competency>

<Competency oids='45 ' description='Skill' auth='no' name='day production support and development'>
<CompetencyEvidence name='Extent of Experience' typeDescription='Extent of Experience' type='MONTH' lastUsed='2011'><NumericValue description='MONTH'>48</NumericValue></CompetencyEvidence>

<CompetencyWeight type='skillLevel'><NumericValue minValue='0' maxValue='100'>73</NumericValue></CompetencyWeight>

<CompetencyWeight type='skillProficiency'><StringValue minValue='BASIC' maxValue='EXCELLENT'>GOOD</StringValue></CompetencyWeight>
</Competency>

<Competency oids='36 ' description='Skill' auth='no' name='conflict processing'>
<CompetencyEvidence name='Extent of Experience' typeDescription='Extent of Experience' type='MONTH' lastUsed='2014'><NumericValue description='MONTH'>36</NumericValue></CompetencyEvidence>

<CompetencyWeight type='skillLevel'><NumericValue minValue='0' maxValue='100'>95</NumericValue></CompetencyWeight>

<CompetencyWeight type='skillProficiency'><StringValue minValue='BASIC' maxValue='EXCELLENT'>EXCELLENT</StringValue></CompetencyWeight>
</Competency>

<Competency oids='32 ' description='Skill' auth='no' name='budgeting'>
<CompetencyEvidence name='Extent of Experience' typeDescription='Extent of Experience' type='MONTH' lastUsed='2014'><NumericValue description='MONTH'>36</NumericValue></CompetencyEvidence>

<CompetencyWeight type='skillLevel'><NumericValue minValue='0' maxValue='100'>96</NumericValue></CompetencyWeight>

<CompetencyWeight type='skillProficiency'><StringValue minValue='BASIC' maxValue='EXCELLENT'>EXCELLENT</StringValue></CompetencyWeight>
</Competency>

<Competency oids='31 ' description='Skill' auth='yes' name='Year-end'>
<CompetencyEvidence name='Extent of Experience' typeDescription='Extent of Experience' type='MONTH' lastUsed='2014'><NumericValue description='MONTH'>36</NumericValue></CompetencyEvidence>

<CompetencyWeight type='skillLevel'><NumericValue minValue='0' maxValue='100'>97</NumericValue></CompetencyWeight>

<CompetencyWeight type='skillProficiency'><StringValue minValue='BASIC' maxValue='EXCELLENT'>EXCELLENT</StringValue></CompetencyWeight>
</Competency>

<Competency oids='37 ' description='Skill' auth='no' name='Workflow management'>
<CompetencyEvidence name='Extent of Experience' typeDescription='Extent of Experience' type='MONTH' lastUsed='2014'><NumericValue description='MONTH'>36</NumericValue></CompetencyEvidence>

<CompetencyWeight type='skillLevel'><NumericValue minValue='0' maxValue='100'>95</NumericValue></CompetencyWeight>

<CompetencyWeight type='skillProficiency'><StringValue minValue='BASIC' maxValue='EXCELLENT'>EXCELLENT</StringValue></CompetencyWeight>
</Competency>

<Competency oids='97 ' description='Skill' auth='no' name='Vendor Development'>
<CompetencyEvidence name='Extent of Experience' typeDescription='Extent of Experience' type='MONTH' lastUsed='2005'><NumericValue description='MONTH'>24</NumericValue></CompetencyEvidence>

<CompetencyWeight type='skillLevel'><NumericValue minValue='0' maxValue='100'>21</NumericValue></CompetencyWeight>

<CompetencyWeight type='skillProficiency'><StringValue minValue='BASIC' maxValue='EXCELLENT'>BASIC</StringValue></CompetencyWeight>
</Competency>

<Competency oids='119 ' description='Skill > IT' auth='yes' name='UNIX'>
<CompetencyWeight type='skillLevel'><NumericValue minValue='0' maxValue='100'>13</NumericValue></CompetencyWeight>
</Competency>

<Competency oids='35 ' description='Skill > IT' auth='yes' name='Telekurs'>
<CompetencyEvidence name='Extent of Experience' typeDescription='Extent of Experience' type='MONTH' lastUsed='2014'><NumericValue description='MONTH'>36</NumericValue></CompetencyEvidence>

<CompetencyWeight type='skillLevel'><NumericValue minValue='0' maxValue='100'>95</NumericValue></CompetencyWeight>

<CompetencyWeight type='skillProficiency'><StringValue minValue='BASIC' maxValue='EXCELLENT'>EXCELLENT</StringValue></CompetencyWeight>
</Competency>

<Competency oids='110 ' description='Skill' auth='yes' name='Team Management'>
<CompetencyEvidence name='Extent of Experience' typeDescription='Extent of Experience' type='MONTH' lastUsed='2003'><NumericValue description='MONTH'>84</NumericValue></CompetencyEvidence>

<CompetencyEvidence typeDescription='Alias' name='Alias'><StringValue>Managed a team</StringValue></CompetencyEvidence>

<CompetencyWeight type='skillLevel'><NumericValue minValue='0' maxValue='100'>24</NumericValue></CompetencyWeight>

<CompetencyWeight type='skillProficiency'><StringValue minValue='BASIC' maxValue='EXCELLENT'>BASIC</StringValue></CompetencyWeight>
</Competency>

<Competency oids='18 ' description='Skill' auth='yes' name='System Strategy'>
<CompetencyEvidence typeDescription='Alias' name='Alias'><StringValue>Strategic Planning</StringValue></CompetencyEvidence>

<CompetencyWeight type='skillLevel'><NumericValue minValue='0' maxValue='100'>13</NumericValue></CompetencyWeight>
</Competency>

<Competency oids='15 ' description='Skill' auth='no' name='Solid management skills'>
<CompetencyWeight type='skillLevel'><NumericValue minValue='0' maxValue='100'>85</NumericValue></CompetencyWeight>

<CompetencyWeight type='skillProficiency'><StringValue minValue='BASIC' maxValue='EXCELLENT'>EXCELLENT</StringValue></CompetencyWeight>
</Competency>

<Competency oids='90 ' description='Skill > IT' auth='yes' name='Software Development Life Cycle'>
<CompetencyEvidence name='Extent of Experience' typeDescription='Extent of Experience' type='MONTH' lastUsed='2005'><NumericValue description='MONTH'>24</NumericValue></CompetencyEvidence>

<CompetencyWeight type='skillLevel'><NumericValue minValue='0' maxValue='100'>25</NumericValue></CompetencyWeight>

<CompetencyWeight type='skillProficiency'><StringValue minValue='BASIC' maxValue='EXCELLENT'>BASIC</StringValue></CompetencyWeight>
</Competency>

<Competency oids='96 ' description='Skill' auth='no' name='Small Development'>
<CompetencyEvidence name='Extent of Experience' typeDescription='Extent of Experience' type='MONTH' lastUsed='2005'><NumericValue description='MONTH'>24</NumericValue></CompetencyEvidence>

<CompetencyWeight type='skillLevel'><NumericValue minValue='0' maxValue='100'>22</NumericValue></CompetencyWeight>

<CompetencyWeight type='skillProficiency'><StringValue minValue='BASIC' maxValue='EXCELLENT'>BASIC</StringValue></CompetencyWeight>
</Competency>

<Competency oids='54 ' description='Skill' auth='yes' name='SWIFT'>
<CompetencyEvidence name='Extent of Experience' typeDescription='Extent of Experience' type='MONTH' lastUsed='2011'><NumericValue description='MONTH'>48</NumericValue></CompetencyEvidence>

<CompetencyWeight type='skillLevel'><NumericValue minValue='0' maxValue='100'>69</NumericValue></CompetencyWeight>

<CompetencyWeight type='skillProficiency'><StringValue minValue='BASIC' maxValue='EXCELLENT'>GOOD</StringValue></CompetencyWeight>
</Competency>

<Competency oids='23 ' description='Skill' auth='yes' name='Risk Management'>
<CompetencyWeight type='skillLevel'><NumericValue minValue='0' maxValue='100'>13</NumericValue></CompetencyWeight>
</Competency>

<Competency oids='53 ' description='Skill' auth='yes' name='Retail Banking'>
<CompetencyEvidence name='Extent of Experience' typeDescription='Extent of Experience' type='MONTH' lastUsed='2011'><NumericValue description='MONTH'>48</NumericValue></CompetencyEvidence>

<CompetencyWeight type='skillLevel'><NumericValue minValue='0' maxValue='100'>69</NumericValue></CompetencyWeight>

<CompetencyWeight type='skillProficiency'><StringValue minValue='BASIC' maxValue='EXCELLENT'>GOOD</StringValue></CompetencyWeight>
</Competency>

<Competency oids='78 ' description='Skill' auth='no' name='Responsible for the technology budget'>
<CompetencyEvidence name='Extent of Experience' typeDescription='Extent of Experience' type='MONTH' lastUsed='2007'><NumericValue description='MONTH'>24</NumericValue></CompetencyEvidence>

<CompetencyWeight type='skillLevel'><NumericValue minValue='0' maxValue='100'>23</NumericValue></CompetencyWeight>

<CompetencyWeight type='skillProficiency'><StringValue minValue='BASIC' maxValue='EXCELLENT'>BASIC</StringValue></CompetencyWeight>
</Competency>

<Competency oids='111 ' description='Skill' auth='no' name='Responsible for the coordination'>
<CompetencyEvidence name='Extent of Experience' typeDescription='Extent of Experience' type='MONTH' lastUsed='2003'><NumericValue description='MONTH'>84</NumericValue></CompetencyEvidence>

<CompetencyWeight type='skillLevel'><NumericValue minValue='0' maxValue='100'>24</NumericValue></CompetencyWeight>

<CompetencyWeight type='skillProficiency'><StringValue minValue='BASIC' maxValue='EXCELLENT'>BASIC</StringValue></CompetencyWeight>
</Competency>

<Competency oids='48 ' description='Skill' auth='no' name='Responsible for budgeting and forecasting'>
<CompetencyEvidence name='Extent of Experience' typeDescription='Extent of Experience' type='MONTH' lastUsed='2011'><NumericValue description='MONTH'>48</NumericValue></CompetencyEvidence>

<CompetencyWeight type='skillLevel'><NumericValue minValue='0' maxValue='100'>71</NumericValue></CompetencyWeight>

<CompetencyWeight type='skillProficiency'><StringValue minValue='BASIC' maxValue='EXCELLENT'>GOOD</StringValue></CompetencyWeight>
</Competency>

<Competency oids='30 ' description='Skill' auth='no' name='Responsible for all Human'>
<CompetencyEvidence name='Extent of Experience' typeDescription='Extent of Experience' type='MONTH' lastUsed='2014'><NumericValue description='MONTH'>36</NumericValue></CompetencyEvidence>

<CompetencyWeight type='skillLevel'><NumericValue minValue='0' maxValue='100'>98</NumericValue></CompetencyWeight>

<CompetencyWeight type='skillProficiency'><StringValue minValue='BASIC' maxValue='EXCELLENT'>EXCELLENT</StringValue></CompetencyWeight>
</Competency>

<Competency oids='88 ' description='Skill' auth='no' name='Responsible for SQA'>
<CompetencyEvidence name='Extent of Experience' typeDescription='Extent of Experience' type='MONTH' lastUsed='2005'><NumericValue description='MONTH'>24</NumericValue></CompetencyEvidence>

<CompetencyWeight type='skillLevel'><NumericValue minValue='0' maxValue='100'>26</NumericValue></CompetencyWeight>

<CompetencyWeight type='skillProficiency'><StringValue minValue='BASIC' maxValue='EXCELLENT'>BASIC</StringValue></CompetencyWeight>
</Competency>

<Competency oids='55 ' description='Skill' auth='yes' name='Reconciliations'>
<CompetencyEvidence name='Extent of Experience' typeDescription='Extent of Experience' type='MONTH' lastUsed='2011'><NumericValue description='MONTH'>48</NumericValue></CompetencyEvidence>

<CompetencyEvidence typeDescription='Alias' name='Alias'><StringValue>reconciliation</StringValue></CompetencyEvidence>

<CompetencyWeight type='skillLevel'><NumericValue minValue='0' maxValue='100'>69</NumericValue></CompetencyWeight>

<CompetencyWeight type='skillProficiency'><StringValue minValue='BASIC' maxValue='EXCELLENT'>GOOD</StringValue></CompetencyWeight>
</Competency>

<Competency oids='95 ' description='Skill' auth='no' name='Ran training'>
<CompetencyEvidence name='Extent of Experience' typeDescription='Extent of Experience' type='MONTH' lastUsed='2005'><NumericValue description='MONTH'>24</NumericValue></CompetencyEvidence>

<CompetencyWeight type='skillLevel'><NumericValue minValue='0' maxValue='100'>23</NumericValue></CompetencyWeight>

<CompetencyWeight type='skillProficiency'><StringValue minValue='BASIC' maxValue='EXCELLENT'>BASIC</StringValue></CompetencyWeight>
</Competency>

<Competency oids='19 ' description='Skill' auth='yes' name='Quality Assurance'>
<CompetencyWeight type='skillLevel'><NumericValue minValue='0' maxValue='100'>13</NumericValue></CompetencyWeight>
</Competency>

<Competency oids='21 ' description='Skill' auth='yes' name='Process Reengineering'>
<CompetencyWeight type='skillLevel'><NumericValue minValue='0' maxValue='100'>13</NumericValue></CompetencyWeight>
</Competency>

<Competency oids='39 ' description='Skill' auth='no' name='Pershing processing'>
<CompetencyEvidence name='Extent of Experience' typeDescription='Extent of Experience' type='MONTH' lastUsed='2014'><NumericValue description='MONTH'>36</NumericValue></CompetencyEvidence>

<CompetencyWeight type='skillLevel'><NumericValue minValue='0' maxValue='100'>95</NumericValue></CompetencyWeight>

<CompetencyWeight type='skillProficiency'><StringValue minValue='BASIC' maxValue='EXCELLENT'>EXCELLENT</StringValue></CompetencyWeight>
</Competency>

<Competency oids='128 ' description='Skill > IT' auth='yes' name='Oracle'>
<CompetencyWeight type='skillLevel'><NumericValue minValue='0' maxValue='100'>13</NumericValue></CompetencyWeight>
</Competency>

<Competency oids='28 ' description='Skill' auth='yes' name='Onshore Oil &#38; Gas'>
<CompetencyEvidence name='Extent of Experience' typeDescription='Extent of Experience' type='MONTH' lastUsed='2014'><NumericValue description='MONTH'>36</NumericValue></CompetencyEvidence>

<CompetencyEvidence typeDescription='Alias' name='Alias'><StringValue>onshore</StringValue></CompetencyEvidence>

<CompetencyWeight type='skillLevel'><NumericValue minValue='0' maxValue='100'>100</NumericValue></CompetencyWeight>

<CompetencyWeight type='skillProficiency'><StringValue minValue='BASIC' maxValue='EXCELLENT'>EXCELLENT</StringValue></CompetencyWeight>
</Competency>

<Competency oids='29 ' description='Skill' auth='yes' name='Offshore Oil &#38; Gas'>
<CompetencyEvidence name='Extent of Experience' typeDescription='Extent of Experience' type='MONTH' lastUsed='2014'><NumericValue description='MONTH'>36</NumericValue></CompetencyEvidence>

<CompetencyEvidence typeDescription='Alias' name='Alias'><StringValue>offshore</StringValue></CompetencyEvidence>

<CompetencyWeight type='skillLevel'><NumericValue minValue='0' maxValue='100'>99</NumericValue></CompetencyWeight>

<CompetencyWeight type='skillProficiency'><StringValue minValue='BASIC' maxValue='EXCELLENT'>EXCELLENT</StringValue></CompetencyWeight>
</Competency>

<Competency oids='133 ' description='Skill > IT' auth='yes' name='Microsoft Word'>
<CompetencyEvidence typeDescription='Alias' name='Alias'><StringValue>Word</StringValue></CompetencyEvidence>

<CompetencyWeight type='skillLevel'><NumericValue minValue='0' maxValue='100'>13</NumericValue></CompetencyWeight>
</Competency>

<Competency oids='120 ' description='Skill > IT' auth='yes' name='Microsoft Windows'>
<CompetencyEvidence typeDescription='Alias' name='Alias'><StringValue>Windows</StringValue></CompetencyEvidence>

<CompetencyWeight type='skillLevel'><NumericValue minValue='0' maxValue='100'>13</NumericValue></CompetencyWeight>
</Competency>

<Competency oids='135 ' description='Skill > IT' auth='yes' name='Microsoft Visio'>
<CompetencyEvidence typeDescription='Alias' name='Alias'><StringValue>MS Visio</StringValue></CompetencyEvidence>

<CompetencyWeight type='skillLevel'><NumericValue minValue='0' maxValue='100'>13</NumericValue></CompetencyWeight>
</Competency>

<Competency oids='136 ' description='Skill > IT' auth='yes' name='Microsoft Project'>
<CompetencyEvidence typeDescription='Alias' name='Alias'><StringValue>MS Project</StringValue></CompetencyEvidence>

<CompetencyWeight type='skillLevel'><NumericValue minValue='0' maxValue='100'>13</NumericValue></CompetencyWeight>
</Competency>

<Competency oids='134 ' description='Skill > IT' auth='yes' name='Microsoft PowerPoint'>
<CompetencyEvidence typeDescription='Alias' name='Alias'><StringValue>PowerPoint</StringValue></CompetencyEvidence>

<CompetencyWeight type='skillLevel'><NumericValue minValue='0' maxValue='100'>13</NumericValue></CompetencyWeight>
</Competency>

<Competency oids='131 ' description='Skill > IT' auth='yes' name='Microsoft Excel'>
<CompetencyEvidence typeDescription='Alias' name='Alias'><StringValue>Excel</StringValue></CompetencyEvidence>

<CompetencyWeight type='skillLevel'><NumericValue minValue='0' maxValue='100'>13</NumericValue></CompetencyWeight>
</Competency>

<Competency oids='132 ' description='Skill > IT' auth='yes' name='Microsoft Access'>
<CompetencyEvidence typeDescription='Alias' name='Alias'><StringValue>Access</StringValue></CompetencyEvidence>

<CompetencyWeight type='skillLevel'><NumericValue minValue='0' maxValue='100'>13</NumericValue></CompetencyWeight>
</Competency>

<Competency oids='71 ' description='Skill' auth='yes' name='Management Reporting'>
<CompetencyEvidence name='Extent of Experience' typeDescription='Extent of Experience' type='MONTH' lastUsed='2007'><NumericValue description='MONTH'>24</NumericValue></CompetencyEvidence>

<CompetencyEvidence typeDescription='Alias' name='Alias'><StringValue>Management Reports</StringValue></CompetencyEvidence>

<CompetencyWeight type='skillLevel'><NumericValue minValue='0' maxValue='100'>25</NumericValue></CompetencyWeight>

<CompetencyWeight type='skillProficiency'><StringValue minValue='BASIC' maxValue='EXCELLENT'>BASIC</StringValue></CompetencyWeight>
</Competency>

<Competency oids='56 ' description='Skill' auth='no' name='Managed the FDIC Provisional Holds Program'>
<CompetencyEvidence name='Extent of Experience' typeDescription='Extent of Experience' type='MONTH' lastUsed='2011'><NumericValue description='MONTH'>48</NumericValue></CompetencyEvidence>

<CompetencyWeight type='skillLevel'><NumericValue minValue='0' maxValue='100'>69</NumericValue></CompetencyWeight>

<CompetencyWeight type='skillProficiency'><StringValue minValue='BASIC' maxValue='EXCELLENT'>GOOD</StringValue></CompetencyWeight>
</Competency>

<Competency oids='43 ' description='Skill' auth='no' name='Managed a staff'>
<CompetencyEvidence name='Extent of Experience' typeDescription='Extent of Experience' type='MONTH' lastUsed='2011'><NumericValue description='MONTH'>48</NumericValue></CompetencyEvidence>

<CompetencyWeight type='skillLevel'><NumericValue minValue='0' maxValue='100'>74</NumericValue></CompetencyWeight>

<CompetencyWeight type='skillProficiency'><StringValue minValue='BASIC' maxValue='EXCELLENT'>GOOD</StringValue></CompetencyWeight>
</Competency>

<Competency oids='70 ' description='Skill' auth='no' name='Manage the creation'>
<CompetencyEvidence name='Extent of Experience' typeDescription='Extent of Experience' type='MONTH' lastUsed='2007'><NumericValue description='MONTH'>24</NumericValue></CompetencyEvidence>

<CompetencyWeight type='skillLevel'><NumericValue minValue='0' maxValue='100'>26</NumericValue></CompetencyWeight>

<CompetencyWeight type='skillProficiency'><StringValue minValue='BASIC' maxValue='EXCELLENT'>BASIC</StringValue></CompetencyWeight>
</Competency>

<Competency oids='49 ' description='Skill' auth='no' name='Manage an IT budget'>
<CompetencyEvidence name='Extent of Experience' typeDescription='Extent of Experience' type='MONTH' lastUsed='2011'><NumericValue description='MONTH'>48</NumericValue></CompetencyEvidence>

<CompetencyWeight type='skillLevel'><NumericValue minValue='0' maxValue='100'>70</NumericValue></CompetencyWeight>

<CompetencyWeight type='skillProficiency'><StringValue minValue='BASIC' maxValue='EXCELLENT'>GOOD</StringValue></CompetencyWeight>
</Competency>

<Competency oids='57 ' description='Skill' auth='yes' name='Insolvency Accounting'>
<CompetencyEvidence name='Extent of Experience' typeDescription='Extent of Experience' type='MONTH' lastUsed='2011'><NumericValue description='MONTH'>48</NumericValue></CompetencyEvidence>

<CompetencyEvidence typeDescription='Alias' name='Alias'><StringValue>insolvency</StringValue></CompetencyEvidence>

<CompetencyWeight type='skillLevel'><NumericValue minValue='0' maxValue='100'>69</NumericValue></CompetencyWeight>

<CompetencyWeight type='skillProficiency'><StringValue minValue='BASIC' maxValue='EXCELLENT'>GOOD</StringValue></CompetencyWeight>
</Competency>

<Competency oids='22 ' description='Skill' auth='no' name='Human Resource Management'>
<CompetencyWeight type='skillLevel'><NumericValue minValue='0' maxValue='100'>13</NumericValue></CompetencyWeight>
</Competency>

<Competency oids='72 ' description='Skill' auth='yes' name='Forecasting'>
<CompetencyEvidence name='Extent of Experience' typeDescription='Extent of Experience' type='MONTH' lastUsed='2007'><NumericValue description='MONTH'>24</NumericValue></CompetencyEvidence>

<CompetencyEvidence typeDescription='Alias' name='Alias'><StringValue>forecast</StringValue></CompetencyEvidence>

<CompetencyWeight type='skillLevel'><NumericValue minValue='0' maxValue='100'>24</NumericValue></CompetencyWeight>

<CompetencyWeight type='skillProficiency'><StringValue minValue='BASIC' maxValue='EXCELLENT'>BASIC</StringValue></CompetencyWeight>
</Competency>

<Competency oids='17 ' description='Skill' auth='no' name='Contract Management'>
<CompetencyWeight type='skillLevel'><NumericValue minValue='0' maxValue='100'>13</NumericValue></CompetencyWeight>
</Competency>

<Competency oids='121 ' description='Skill > IT' auth='yes' name='C++'>
<CompetencyWeight type='skillLevel'><NumericValue minValue='0' maxValue='100'>13</NumericValue></CompetencyWeight>
</Competency>

<Competency oids='102 ' description='Skill' auth='yes' name='Asset Allocation'>
<CompetencyEvidence name='Extent of Experience' typeDescription='Extent of Experience' type='MONTH' lastUsed='2003'><NumericValue description='MONTH'>84</NumericValue></CompetencyEvidence>

<CompetencyEvidence typeDescription='Alias' name='Alias'><StringValue>Asset Management</StringValue></CompetencyEvidence>

<CompetencyWeight type='skillLevel'><NumericValue minValue='0' maxValue='100'>28</NumericValue></CompetencyWeight>

<CompetencyWeight type='skillProficiency'><StringValue minValue='BASIC' maxValue='EXCELLENT'>BASIC</StringValue></CompetencyWeight>
</Competency>

<Competency oids='38 ' description='Skill > IT' auth='yes' name='AIX UNIX'>
<CompetencyEvidence name='Extent of Experience' typeDescription='Extent of Experience' type='MONTH' lastUsed='2014'><NumericValue description='MONTH'>36</NumericValue></CompetencyEvidence>

<CompetencyEvidence name='Application' typeDescription='Application' type='Upgrade'><StringValue>Upgrade</StringValue></CompetencyEvidence>

<CompetencyEvidence typeDescription='Alias' name='Alias'><StringValue>Upgrade AIX</StringValue></CompetencyEvidence>

<CompetencyWeight type='skillLevel'><NumericValue minValue='0' maxValue='100'>95</NumericValue></CompetencyWeight>

<CompetencyWeight type='skillProficiency'><StringValue minValue='BASIC' maxValue='EXCELLENT'>EXCELLENT</StringValue></CompetencyWeight>
</Competency>

<Competency oids='87_2_2 100_2_2 ' description='Held Position' auth='yes' name='VP'>
<CompetencyEvidence name='Extent of Experience' typeDescription='Extent of Experience' type='MONTH' lastUsed='2005'><NumericValue description='MONTH'>108</NumericValue></CompetencyEvidence>

<CompetencyEvidence typeDescription='Alias' name='Alias'><StringValue>Vice President</StringValue></CompetencyEvidence>

<CompetencyWeight type='skillLevel'><NumericValue minValue='0' maxValue='100'>29</NumericValue></CompetencyWeight>

<CompetencyWeight type='skillProficiency'><StringValue minValue='BASIC' maxValue='EXCELLENT'>BASIC</StringValue></CompetencyWeight>
</Competency>

<Competency oids='11_2 89_1 ' description='Held Position' auth='no' name='Software Quality Assurance'>
<CompetencyEvidence name='Extent of Experience' typeDescription='Extent of Experience' type='MONTH' lastUsed='2005'><NumericValue description='MONTH'>24</NumericValue></CompetencyEvidence>

<CompetencyWeight type='skillLevel'><NumericValue minValue='0' maxValue='100'>87</NumericValue></CompetencyWeight>

<CompetencyWeight type='skillProficiency'><StringValue minValue='BASIC' maxValue='EXCELLENT'>EXCELLENT</StringValue></CompetencyWeight>
</Competency>

<Competency oids='87_2_1 ' description='Held Position' auth='no' name='Software Quality Manager'>
<CompetencyEvidence name='Extent of Experience' typeDescription='Extent of Experience' type='MONTH' lastUsed='2005'><NumericValue description='MONTH'>24</NumericValue></CompetencyEvidence>

<CompetencyWeight type='skillLevel'><NumericValue minValue='0' maxValue='100'>26</NumericValue></CompetencyWeight>

<CompetencyWeight type='skillProficiency'><StringValue minValue='BASIC' maxValue='EXCELLENT'>BASIC</StringValue></CompetencyWeight>
</Competency>

<Competency oids='42_2_1 ' description='Held Position' auth='no' name='Senior Development Project/Program Manager'>
<CompetencyEvidence name='Extent of Experience' typeDescription='Extent of Experience' type='MONTH' lastUsed='2011'><NumericValue description='MONTH'>48</NumericValue></CompetencyEvidence>

<CompetencyWeight type='skillLevel'><NumericValue minValue='0' maxValue='100'>74</NumericValue></CompetencyWeight>

<CompetencyWeight type='skillProficiency'><StringValue minValue='BASIC' maxValue='EXCELLENT'>GOOD</StringValue></CompetencyWeight>
</Competency>

<Competency oids='11_1 ' description='Held Position' auth='no' name='Project Management'>
<CompetencyWeight type='skillLevel'><NumericValue minValue='0' maxValue='100'>85</NumericValue></CompetencyWeight>

<CompetencyWeight type='skillProficiency'><StringValue minValue='BASIC' maxValue='EXCELLENT'>EXCELLENT</StringValue></CompetencyWeight>
</Competency>

<Competency oids='9_1 ' description='Held Position' auth='no' name='Information Technology Manager'>
<CompetencyWeight type='skillLevel'><NumericValue minValue='0' maxValue='100'>85</NumericValue></CompetencyWeight>

<CompetencyWeight type='skillProficiency'><StringValue minValue='BASIC' maxValue='EXCELLENT'>EXCELLENT</StringValue></CompetencyWeight>
</Competency>

<Competency oids='44_1 ' description='Held Position' auth='no' name='Business Analyst'>
<CompetencyEvidence name='Extent of Experience' typeDescription='Extent of Experience' type='MONTH' lastUsed='2011'><NumericValue description='MONTH'>48</NumericValue></CompetencyEvidence>

<CompetencyWeight type='skillLevel'><NumericValue minValue='0' maxValue='100'>73</NumericValue></CompetencyWeight>

<CompetencyWeight type='skillProficiency'><StringValue minValue='BASIC' maxValue='EXCELLENT'>GOOD</StringValue></CompetencyWeight>
</Competency>

<Competency oids='100_2_1 ' description='Held Position' auth='no' name='Area Manager'>
<CompetencyEvidence name='Extent of Experience' typeDescription='Extent of Experience' type='MONTH' lastUsed='2003'><NumericValue description='MONTH'>84</NumericValue></CompetencyEvidence>

<CompetencyWeight type='skillLevel'><NumericValue minValue='0' maxValue='100'>29</NumericValue></CompetencyWeight>

<CompetencyWeight type='skillProficiency'><StringValue minValue='BASIC' maxValue='EXCELLENT'>BASIC</StringValue></CompetencyWeight>
</Competency>

<Competency oids='27_1_1 ' description='Held Position' auth='no' name='Application Services Manager'>
<CompetencyEvidence name='Extent of Experience' typeDescription='Extent of Experience' type='MONTH' lastUsed='2014'><NumericValue description='MONTH'>36</NumericValue></CompetencyEvidence>

<CompetencyWeight type='skillLevel'><NumericValue minValue='0' maxValue='100'>100</NumericValue></CompetencyWeight>

<CompetencyWeight type='skillProficiency'><StringValue minValue='BASIC' maxValue='EXCELLENT'>EXCELLENT</StringValue></CompetencyWeight>
</Competency>

<Competency oids='75_1 ' description='Held Position' auth='yes' name='1st Line Support'>
<CompetencyEvidence name='Extent of Experience' typeDescription='Extent of Experience' type='MONTH' lastUsed='2007'><NumericValue description='MONTH'>24</NumericValue></CompetencyEvidence>

<CompetencyEvidence typeDescription='Alias' name='Alias'><StringValue>Level 1 support</StringValue></CompetencyEvidence>

<CompetencyWeight type='skillLevel'><NumericValue minValue='0' maxValue='100'>26</NumericValue></CompetencyWeight>

<CompetencyWeight type='skillProficiency'><StringValue minValue='BASIC' maxValue='EXCELLENT'>BASIC</StringValue></CompetencyWeight>
</Competency>

<Competency oids='13 141 ' description='Degree/Qualification > Professional' auth='yes' name='PMI Qualification'>
<CompetencyEvidence typeDescription='Alias' name='Alias'><StringValue>Project Management Institute</StringValue></CompetencyEvidence>

<CompetencyWeight type='skillLevel'><NumericValue minValue='0' maxValue='100'>24</NumericValue></CompetencyWeight>
</Competency>

<Competency oids='3 ' description='Degree/Qualification > Professional' auth='yes' name='Project Management Professional'>
<CompetencyEvidence typeDescription='Alias' name='Alias'><StringValue>PMP</StringValue></CompetencyEvidence>

<CompetencyWeight type='skillLevel'><NumericValue minValue='0' maxValue='100'>12</NumericValue></CompetencyWeight>
</Competency>

<Competency oids='138_1 ' description='Degree/Qualification' auth='yes' name='Masters Degree > Master of Science > Master of Science Technology Management'>
<CompetencyEvidence name='Application' typeDescription='Application' type='Technology Management'><StringValue>Technology Management</StringValue></CompetencyEvidence>

<CompetencyEvidence typeDescription='Alias' name='Alias'><StringValue>Master of Science in Technology Management</StringValue></CompetencyEvidence>

<CompetencyWeight type='skillLevel'><NumericValue minValue='0' maxValue='100'>12</NumericValue></CompetencyWeight>
</Competency>

<Competency oids='12 ' description='Degree/Qualification > Professional' auth='no' name='Certified in Project Management'>
<CompetencyWeight type='skillLevel'><NumericValue minValue='0' maxValue='100'>12</NumericValue></CompetencyWeight>
</Competency>

<Competency oids='140 ' description='Degree/Qualification > Professional' auth='no' name='Certification in Project Management'>
<CompetencyWeight type='skillLevel'><NumericValue minValue='0' maxValue='100'>12</NumericValue></CompetencyWeight>
</Competency>

<Competency oids='139_1 ' description='Degree/Qualification' auth='yes' name='Bachelors Degree > Bachelor of Science > Bachelor of Science Management Information Systems'>
<CompetencyEvidence name='Application' typeDescription='Application' type='Management Information Systems'><StringValue>Management Information Systems</StringValue></CompetencyEvidence>

<CompetencyEvidence typeDescription='Alias' name='Alias'><StringValue>Bachelor of Science in Management Information Systems</StringValue></CompetencyEvidence>

<CompetencyWeight type='skillLevel'><NumericValue minValue='0' maxValue='100'>12</NumericValue></CompetencyWeight>
</Competency>

<Competency description='Industry' auth='yes' name='industry~accountancy'>
<CompetencyEvidence name='skillCount' typeDescription='skillCount'><NumericValue>2</NumericValue></CompetencyEvidence>

<CompetencyWeight type='skillLevel'><NumericValue minValue='0' maxValue='100'>100</NumericValue></CompetencyWeight>
</Competency>























<RevisionDate id='1'>2014-07-03</RevisionDate>
</StructuredXMLResume>
<NonXMLResume>

<TextResume>



<span inprof='n' id='1' class='date'>{{DOCUMENT_DATESTAMP}} 2014-7-3 {{END_DOCUMENT_DATESTAMP}}</span>


<span inprof='y' id='2' class='nominal'>Michael R. Carlson</span>, <span inprof='y' id='3' class='qualif'>PMP</span>
285 <span inprof='n' id='4' class='location'>West 7th St.</span>          <span inprof='y' id='5' class='telephone'>Phone: (631) 434-5315</span>



<span inprof='y' id='6' class='location'>Deer Park,  NY 11729</span>           <span inprof='y' id='7' class='email'>Email: mc24003a@gmail.com</span>





<span inprof='n' id='8' class='work-hist-mark'>Professional Experience</span>
A senior-level <span inprof='y' id='9_1' class='role'>Information Technology Manager</span> with extensive experience in <span inprof='y' id='10' class='skill'>Program Management</span>, <span inprof='y' id='11_1' class='role'>Project Management</span>, and <span inprof='y' id='11_2' class='role'>Software Quality Assurance</span>. Expertise in developing applications for Banking, Lending and Investments environments. <span inprof='y' id='12' class='qualif'>Certified in Project Management</span> by the <span inprof='y' id='13' class='qualif'>Project Management Institute</span>. Ability to bridge <span inprof='n' id='14' class='qualif'>business and technology</span> goals to provide productive solutions. Well-organized individual with proven track record of implementing standards, procedures, and processes that improve technology and business performance. Exceptional communicator with emphasis on building strong client relationships. <span inprof='y' id='15' class='skill'>Solid management skills</span> with emphasis on leading and motivating individuals to maximize levels of productivity and forming a strong team environment. Quick learner that rapidly adapt to changing technologies and environments.

Areas of Expertise




*  <span inprof='y' id='16' class='skill'>Project Management</span>
*  Vendor/<span inprof='y' id='17' class='skill'>Contract Management</span>
*  <span inprof='y' id='18' class='skill'>Strategic Planning</span>
*  <span inprof='y' id='19' class='skill'>Quality Assurance</span>
*  PMI Methodology
*  <span inprof='y' id='20' class='skill'>Program Management</span>
*  <span inprof='y' id='21' class='skill'>Process Reengineering</span>
*  Oversees Outsourcing
*  Budget, Forecast, Planning
*  <span inprof='y' id='22' class='skill'>Human Resource Management</span>
*  <span inprof='y' id='23' class='skill'>Risk Management</span>
*  Productivity Improvements




<span inprof='n' id='24' class='work-hist-mark'>Professional Experience</span>

<span inprof='n' id='25' class='company'>BNY Mellon</span>, <span inprof='n' id='26' class='location'>New York, NY</span>
<span inprof='y' id='27_1_1' class='role'>Application Services Manager</span> <span inprof='y' id='27_2' class='company'>III</span>          <span inprof='y' id='27_3_1' class='date'>2011</span> - <span inprof='y' id='27_3_2' class='date'>2014</span>
Currently managing a staff of 22 people, this includes both <span inprof='y' id='28' class='skill'>onshore</span> and <span inprof='y' id='29' class='skill'>offshore</span> associates. During peak times staff had been as many as 45 people. <span inprof='y' id='30' class='skill'>Responsible for all Human</span> Resource aspects for the staff. This includes hiring, <span inprof='y' id='31' class='skill'>year-end</span> reviews and <span inprof='y' id='32' class='skill'>budgeting</span>. Oversee all project tasks and report status to <span inprof='y' id='33' class='skill'>Senior Management</span>.
*  Managing the Security Servicing Program for SMDB. This is a multiple year program that includes 7 different technology areas. To date 12 projects have been delivered and 2 more will be delivered by <span inprof='n' id='34' class='date'>mid-2014</span>. This program included the following high level enhancements: 
    *  Introduced SWIFT-based Vendor Feeds (IDC &#38; <span inprof='y' id='35' class='sofwr'>Telekurs</span>) ; 
    *  Added Business Rules to improve processing of events, including improved Event Matching Logic ; 
    *  Added Dashboard functionality to view/repair SWIFT messages. ; 
    *  Introduction of new SMDB event data structure (pVER) to allow for Market/Location specific information. Begin to receive full benefit of Determine Interest Engine (DIE) introduced in Release 1. Automation Rules used to determine when an event is Preliminary or Complete, and Confirmed versus Unconfirmed. ; 
    *  Enhancements to improve Text processing.  Efficiency gains through improved manual e New Data Source Hierarchy for <span inprof='y' id='36' class='skill'>conflict processing</span>. Enrichment functions in SMDB/PSS. Break Generation Table and Break Definition Table concept. ; 
    *  New Conflict Break Resolution flow. Improvements to <span inprof='y' id='37' class='skill'>Workflow management</span>, including new assignment rules and out of office functionality. 2 Staged Event Processing. Standardize the event names.  Review the options and payouts associated with these event types. ; 
    *  Total cost of the Program is over $20MM. ; 
*  Managed <span inprof='y' id='38' class='sofwr'>Upgrade AIX</span> from 5.2 to 6.0. This included 13 environments. ; 
*  Managed Pershing Project - Provide Pershing with Corporate Action "golden event" record at the security level for the assets Pershing is subscribed to. SMDB will scrub the announcement data sourced from different vendors or from Pershing sub-custodians and produce a ``Golden'' (DER) Corporate Action event that is pushed to MDI for <span inprof='y' id='39' class='skill'>Pershing processing</span>. ; 
*  Managed Outsourcing Project - this project will ccreate a Corporate Action solution that can be leveraged by both the custody and outsourcing businesses. ; 
*  ILM&#38;G Archiving - utilizing cheaper storage medium to save achieved data, thus reducing storage costs.

<span inprof='n' id='40' class='company'>Citigroup, Inc.</span>, <span inprof='n' id='41' class='location'>New York, NY</span>
<span inprof='y' id='42_1' class='company'>CITI Private Bank</span> - <span inprof='y' id='42_2_1' class='role'>Senior Development Project/Program Manager</span>             <span inprof='y' id='42_3_1' class='date'>2007</span> - <span inprof='y' id='42_3_2' class='date'>2011</span>
<span inprof='y' id='43' class='skill'>Managed a staff</span> of 30 people, this included 2 <span inprof='y' id='44_1' class='role'>Business Analyst</span> and 3 Project Managers. Responsible for the day to <span inprof='y' id='45' class='skill'>day production support and development</span> of 8 applications. This included ensuring all projects met the companies <span inprof='y' id='46' class='sofwr'>SDLC</span> standards, and utilizing the <span inprof='y' id='47' class='skill'>Project Management</span> Software Planview. <span inprof='y' id='48' class='skill'>Responsible for budgeting and forecasting</span> projects and resources. <span inprof='y' id='49' class='skill'>Manage an IT budget</span> of <span inprof='n' id='50' class='money'>$5</span>,000,000.
*  <span inprof='y' id='51' class='skill'>Managed the conversion</span> of the Lending legacy system (Hogan) to a web based application (Flexcube). This was a <span inprof='n' id='52' class='money'>$2,000,000</span> project which included 4 different technology groups. ; 
*  Created a long-term strategy for the retirement of 8 legacy mainframe applications. The applications were replaced by a combination of <span inprof='y' id='53' class='skill'>Retail banking</span> applications, enhancement to the Transaction Services software, as well as Flexcube. ; 
*  Built <span inprof='y' id='54' class='skill'>SWIFT</span> MT940 (Statement) and MT101 (Payment) messages for European Clients. ; 
*  Organized the <span inprof='y' id='55' class='skill'>reconciliation</span> process for the Smith Barney to Pershing conversion across all business areas. ; 
*  <span inprof='y' id='56' class='skill'>Managed the FDIC Provisional Holds Program</span> for CPB. This project put provisional holds on deposit accounts in the event of <span inprof='y' id='57' class='skill'>insolvency</span>. The project involves three product processors and was mandated by the FDIC. Interface with Compliance, Legal and Finance departments. ; 
*  Built strong relationships with key business users by implementing a same day call back on client problems by my staff and a policy of not ``passing the buck'' on client issues, thus reducing client frustration. ; 
*  Utilized a staff of 16 low cost developers stationed in <span inprof='y' id='58' class='location'>India</span>. The use of these consultants saved over <span inprof='n' id='59' class='money'>$1,500,000</span>. ; 
*  Coordinated the gathering of information for the <span inprof='n' id='60' class='date-range'>2008/2009</span>/2010 <span inprof='n' id='61' class='company'>KPMG</span> and Development Unit <span inprof='y' id='62' class='skill'>audits</span>. All <span inprof='y' id='63' class='skill'>audits</span> received a satisfactory rating. ; 
*  Reduced real estate costs by implementing an Alternative Workspace Initiative. This was achieved by creating a virtual office for sharing <span inprof='y' id='64' class='sofwr'>office</span> space. ; 
*  Improved COB readiness by converting over to ``mirrored'' <span inprof='y' id='65' class='sofwr'>DASD</span> storage. This reduced the return to operations for Mainframe applications from <span inprof='n' id='66' class='duration'>72 to 3 hours</span>.

<span inprof='y' id='67' class='company'>CITI Private Bank</span> - Head of the <span inprof='y' id='68' class='company'>Global Project Office</span>          <span inprof='y' id='69_1' class='date'>2005</span>-<span inprof='y' id='69_2' class='date'>2007</span>
<span inprof='y' id='70' class='skill'>Manage the creation</span> of Monthly Senior <span inprof='y' id='71' class='skill'>Management Reports</span> including: project costs versus <span inprof='y' id='72' class='skill'>forecast</span>; organizational charts; top 20 project status; budget versus actual comparison; <span inprof='n' id='73' class='date'>2007</span> goals; and total cost of <span inprof='y' id='74' class='skill'>ownership analysis</span>. My staff also handled <span inprof='y' id='75_1' class='role'>Level 1 support</span> for <span inprof='n' id='76' class='company'>Planview</span>. Ran bi-weekly budget and project meetings <span inprof='n' id='77' class='bad-occupation'>with Project Manager</span>'s. <span inprof='y' id='78' class='skill'>Responsible for the technology budget</span>. Created presentations <span inprof='n' id='79' class='bad-occupation'>for the Head of Private Bank Technology</span>. This included presentations to <span inprof='y' id='80' class='skill'>senior management</span> as well as <span inprof='y' id='81' class='location'>Town Hall</span> presentations to staff.
*  <span inprof='y' id='82' class='skill'>Managed the conversion</span> from Project Tracking System to <span inprof='n' id='83' class='company'>Planview</span> ; 
*  Created SDLC standards for <span inprof='n' id='84' class='company'>Private Bank</span> technology and ran training classes which helped to drive efficiencies in <span inprof='y' id='85' class='skill'>project management</span>. ; 
*  Made many process and morale improvements including: <span inprof='n' id='86' class='date-time'>early morning</span> coverage for dealing with potential outages; cost savings contests to build staff morale and participation; rotation of the staff to increase knowledge; lunch time business sessions to increase staff business knowledge.

<span inprof='y' id='87_1' class='company'>Smith Barney</span> - <span inprof='y' id='87_2_1' class='role'>Software Quality Manager</span> - <span inprof='y' id='87_2_2' class='role'>Vice President</span>           <span inprof='y' id='87_3_1' class='date'>2003</span> - <span inprof='y' id='87_3_2' class='date'>2005</span>
<span inprof='y' id='88' class='skill'>Responsible for SQA</span> (<span inprof='y' id='89_1' class='role'>Software Quality Assurance</span>) for a group of 140 technicians. The primarily responsible was for the evaluation of these groups adherence to the software product standards, processes, and procedures and assuring that standards and procedures were established and are followed throughout the <span inprof='y' id='90' class='sofwr'>software development life cycle</span>. Ran weekly meetings <span inprof='n' id='91' class='bad-occupation'>with Project and Senior Manager</span>'s and staff to review <span inprof='y' id='92' class='sofwr'>SDLC</span> adherence. 
*  Created a Dashboard for <span inprof='y' id='93' class='sofwr'>SDLC</span> compliance. This dashboard was used by <span inprof='n' id='94' class='bad-occupation'>Senior and Project Manager's</span>. ; 
*  <span inprof='y' id='95' class='skill'>Ran training</span> classes to teach PM's the Cititech process to ensure further compliance. ; 
*  Developed SDLC process for Large and <span inprof='y' id='96' class='skill'>Small Development</span>, <span inprof='y' id='97' class='skill'>Vendor Development</span>, and <span inprof='y' id='98' class='skill'>Production Support</span>. ; 
*  Committee member for the improvement of the SQA Review process. ; 
*  Led a team to improve the document creation process for <span inprof='y' id='99' class='sofwr'>SDLC</span>.

<span inprof='y' id='100_1' class='company'>Smith Barney</span> - <span inprof='y' id='100_2_1' class='role'>Area Manager</span> - <span inprof='y' id='100_2_2' class='role'>Vice President</span>           <span inprof='y' id='100_3_1' class='date'>1996</span> - <span inprof='y' id='100_3_2' class='date'>2003</span>
Responsible for the development and <span inprof='y' id='101' class='skill'>production support</span> for <span inprof='y' id='102' class='skill'>Asset Management</span> Systems. Specifically the Billing, New Accounts, <span inprof='n' id='103' class='company'>TRAK</span> and Client Profile applications. These systems are a mix of Web sites, utilizing <span inprof='y' id='104' class='sofwr'>Java</span>, <span inprof='y' id='105' class='sofwr'>Java Script</span>, <span inprof='y' id='106' class='sofwr'>HTML</span>, and legacy systems, using <span inprof='y' id='107' class='sofwr'>COBOL</span>, <span inprof='y' id='108' class='sofwr'>CICS</span>, and <span inprof='y' id='109' class='sofwr'>DB2</span>. <span inprof='y' id='110' class='skill'>Managed a team</span> of 40 developers, 2 Project Leaders and 3 Project Managers. Led both systems and user status meetings. <span inprof='y' id='111' class='skill'>Responsible for the coordination</span> of all required documents for <span inprof='y' id='112' class='sofwr'>SDLC</span>.
*  Managed the development of the Client Profile Website.  This site enables Financial Consultants to view information about their Managed Accounts.  This information includes general information about the client, Billing Information, and Performance of each account. ; 
*  Headed up an initiative to reduce the run time and <span inprof='y' id='113' class='sofwr'>DASD</span> usage of our nightly batch cycle.  This resulted in savings of over <span inprof='n' id='114' class='money'>$2,000,000</span> in CPU charge-backs and a reduction of <span inprof='n' id='115' class='duration'>3 hours</span> off our nightly batch cycle. ; 
*  Converted several mainframe legacy applications onto Web-based platforms. ; 
*   Developed and application for the SBAM product onto the FC New Accounts System.  The cost of the project was <span inprof='n' id='116' class='money'>$1.8 Million</span>.  The project allowed <span inprof='n' id='117' class='company'>Smith Barney Asset Management</span> to reduce the full time staff by 15. ; 
*  Converted 5 high performing consultants to employees, resulting in over <span inprof='n' id='118' class='salary'>$400,000 per year</span> in consulting savings.  Three of these employees are consistently ranked high performers for the group ; 
*  Utilized 4 COSL consultants to handle programming on a number of projects.  This helped reduce cost and expanded the amount of projects we could deliver to the client.


Technical Expertise

Systems:           <span inprof='y' id='119' class='sofwr'>UNIX</span>, <span inprof='y' id='120' class='sofwr'>Windows</span>, Mainframe
Languages
<span inprof='y' id='121' class='sofwr'>C++</span>, <span inprof='y' id='122' class='sofwr'>JavaScript</span>, <span inprof='y' id='123' class='sofwr'>HTML</span>, <span inprof='y' id='124' class='sofwr'>Java</span>, <span inprof='y' id='125' class='sofwr'>COBOL</span>, <span inprof='y' id='126' class='sofwr'>CICS</span>
Databases          <span inprof='y' id='127' class='sofwr'>DB2</span>, <span inprof='y' id='128' class='sofwr'>Oracle</span>
<span inprof='n' id='129' class='skills-qualif-mark'>Software</span>           <span inprof='y' id='130' class='sofwr'>MS Office</span> (<span inprof='y' id='131' class='sofwr'>Excel</span>, <span inprof='y' id='132' class='sofwr'>Access</span>, <span inprof='y' id='133' class='sofwr'>Word</span>, <span inprof='y' id='134' class='sofwr'>PowerPoint</span>), <span inprof='y' id='135' class='sofwr'>MS Visio</span>, <span inprof='y' id='136' class='sofwr'>MS Project</span>

<span inprof='n' id='137' class='edu-hist-mark'>Education &#38; Professional Development</span>

<span inprof='y' id='138_1' class='qualif'>Master of Science in Technology Management</span>, <span inprof='y' id='138_2' class='educational'>Stevens Institute of Technology</span>, <span inprof='y' id='138_3' class='location'>Weehawken, NJ</span>
<span inprof='y' id='139_1' class='qualif'>Bachelor of Science in Management Information Systems</span>, <span inprof='y' id='139_2' class='educational'>Dowling College</span>, <span inprof='y' id='139_3' class='location'>Oakdale, NY</span>
<span inprof='y' id='140' class='qualif'>Certification in Project Management</span> from the <span inprof='y' id='141' class='qualif'>Project Management Institute</span>










{{FOOTER}}



2




{{END_FOOTER}}

</TextResume>

</NonXMLResume>



<UserArea>
<DaxResumeUserArea>
<AdditionalPersonalData>
<ExperienceSummary>
<TotalMonthsOfWorkExperience>216</TotalMonthsOfWorkExperience>
<TotalYearsOfWorkExperience>18</TotalYearsOfWorkExperience>
<TotalMonthsOfManagementWorkExperience>192</TotalMonthsOfManagementWorkExperience>
<TotalYearsOfManagementWorkExperience>16</TotalYearsOfManagementWorkExperience>
<TotalMonthsOfSeniorManagementWorkExperience>24</TotalMonthsOfSeniorManagementWorkExperience>
<TotalYearsOfSeniorManagementWorkExperience>2</TotalYearsOfSeniorManagementWorkExperience>
<TotalMonthsOfMidLevelManagementWorkExperience>120</TotalMonthsOfMidLevelManagementWorkExperience>
<TotalYearsOfMidLevelManagementWorkExperience>10</TotalYearsOfMidLevelManagementWorkExperience>
<TotalMonthsOfLowLevelManagementWorkExperience>48</TotalMonthsOfLowLevelManagementWorkExperience>
<TotalYearsOfLowLevelManagementWorkExperience>4</TotalYearsOfLowLevelManagementWorkExperience>
<ExecutiveBrief>Michael R. Carlson is a resident of Deer Park, NY, US. He has been working in the Accountancy  occupational sector for more than 18 years. During his last employment he was working as an Application Services Manager at III. Michael has an extensive management experience (16 years) with exposure to senior management positions.</ExecutiveBrief>
<ManagementRecord>Since 2011 for 36 months the candidate had experience at a executive/middle management level working as a Application Services Manager/Vice President at III.
Since 2007 for 48 months the candidate had experience at a lower grade management level working as a Senior Development Project/Program Manager/Vice President at CITI Private Bank.
Since 2003 for 24 months the candidate had experience at a senior management level working as a Software Quality Manager/Vice President at Smith Barney.
Since 1996 for 84 months the candidate had experience at a executive/middle management level working as a Area Manager/Vice President at Smith Barney.
</ManagementRecord>
</ExperienceSummary>
</AdditionalPersonalData>
<ParserInfo>
<ParserConfiguration>{max_len=50000} {tel_flag=} {send_zip=} {fast_conv=} {DEF_LOCAL=} {sdate=0} {no_email_body=0} {do_clever_zoning=1} {keep_span=1} {complex=1} {accept_langs=} {not_accept_langs=} {prefer_lang_cv=EN} {pers_only=0} {turbo=0} {split_language=0} {picture=0} {picture_inline=0} {name_space=0} {charset=} {hrxml_upgrade_edu_hist=0}{hrxml_add_languages_section=0}{spool=} {docID=} {user=DEFAULT} </ParserConfiguration>
<ParserRelease>0.12.3.32629</ParserRelease>
<ParserReleaseDate>2014-06-18</ParserReleaseDate>
<ParserSchema>2.0.29</ParserSchema>
<ParserSchemaLocation>http://cvx.daxtra.com/cvts/xsd/candidate/2.0.29/Resume.xsd</ParserSchemaLocation>
<ConverterRelease>0.5.2.32629</ConverterRelease>
<ConverterReleaseDate>2014-06-18</ConverterReleaseDate>
</ParserInfo>
<FileStruct filename='/home/izoom/anazarov/grammar/analysis/3rconnect/doc/100_Resume-ApTask/michael.carlson.resume4.doc'>

<attachment fname='michael.carlson.resume4.doc' ftype='doc' conv='yes' doc_type='cv' lang='EN'>/home/izoom/anazarov/grammar/analysis/3rconnect/doc/100_Resume-ApTask/michael.carlson.resume4.doc</attachment>


</FileStruct>
</DaxResumeUserArea>
</UserArea>
</Resume>
