<?xml version='1.0' encoding='ISO-8859-1'?>
<Resume lang='en' src='DAXTRA-CVX schema:2.0.29 release:0.12.3.32629 rdate:2014-06-18'>
<StructuredXMLResume>
<ContactInfo>
<PersonName id='2'>
<FormattedName>Nand Rathour</FormattedName>
<GivenName>Nand</GivenName>
<FamilyName>Rathour</FamilyName>
<sex>Male</sex>
</PersonName>
<ContactMethod>
<Telephone id='4' type='home'>
<InternationalCountryCode>1</InternationalCountryCode>
<SubscriberNumber>617 963-8407</SubscriberNumber>
<Extension>8507</Extension>
<FormattedNumber>+1 617 963-8407 ext. 8507</FormattedNumber></Telephone>

<InternetEmailAddress id='5' oids='5 6 ' type='main'>ram@tanishasystems.com</InternetEmailAddress>
</ContactMethod>
</ContactInfo>


<EmploymentHistory>
<EmployerOrg employerOrgType='soleEmployer'>
<EmployerOrgName id='87_2'>AT&#38;T</EmployerOrgName>
<EmployerContactInfo>
<LocationSummary id='87_3'>
<Municipality>Bothell</Municipality>
</LocationSummary>
</EmployerContactInfo>
<PositionHistory positionType='PERMANENT'>
<Title id='87_1_1'>Sr. Quality Assurance Analyst</Title>
<Title id='87_1_2'>Application Support</Title>
<OrgName id='87_2'>AT&#38;T</OrgName>



<Description>Project Description: Retail Testing is a project where web applications which are used for retail outlet are tested the various applications which are used like Opus, Phoenix, and System-X. My area of testing is System-X application.
Responsibilities:
*    Responsible for System X application Triage. ; 
*    Application Support in OMS-LIC System X integration. ; 
*    Responsible for designing, developing test plans use cases and executing test scripts. ; 
*    Performed Integration, functional, Regression, and system testing. ; 
*    Preparing System test Cases (Functional, Negative, Boundary, GUI, Interface, Regression, Database saving) Using HP Quality Center ; 
*    Web based application testing System-X (Call Centre application for AT&#38;T). ; 
*    Black Box and white Box testing of the application ; 
*    Workaround/Defect management through share point. ; 
*    Production DB changes/updates for defect resolution. ; 
*    Data management through DB Viz.SQL and TOAD. ; 
*    Verification &#38; Validation of End to End Scenarios of System-X. ; 
*    Data Modelling, Decoration UAT env's DB.
*    Worked on OMS 7.5 and 8.1
*    Test Planning, Review participation.
*    Data support for Production team.
*    Manage a team of 2-3 resources. ; 
*    Defect reporting and tracking through ALMQC. ; 
*    AMDOCs application Suite testing for LIC System X. ; 
*    AMDOC OMS/CRM for Customer management ordering process. ; 
*    Analysis, Reporting &#38; Verification of defects &#38; bugs. ; 
*    Creating the data set for execution of UAT and E2E Teams. ; 
*    Setup of catalog in the Data Base for test environments. ; 
*    Data Creation and Support in Amdocs TLG for UAT/Stage. ; 
*    Staging Support in catalog decoration.
*    Test environment tracking and management
*    UNIX for log fetch.
*    SOAPUI for API Sanity Shakeout API testing</Description>
<StartDate id='87_4_1'><AnyDate>2012-07-09</AnyDate></StartDate>
<EndDate id='87_4_2'>notApplicable</EndDate>




<JobCategory>
<TaxonomyName>JOBAREA</TaxonomyName>
<CategoryCode>it</CategoryCode>
</JobCategory>


<UserArea>
<DaxPositionHistoryUserArea>
<TLSPAN first_id='87' last_id='113' border_id='117'></TLSPAN>
<MonthsOfWork>24</MonthsOfWork>
</DaxPositionHistoryUserArea>
</UserArea>
</PositionHistory>
</EmployerOrg>

<EmployerOrg employerOrgType='soleEmployer'>
<EmployerOrgName id='115'>AT&#38;T</EmployerOrgName>
<EmployerContactInfo>
<LocationSummary id='120'>
<Municipality>Phoenix</Municipality>
</LocationSummary>
</EmployerContactInfo>
<PositionHistory positionType='PERMANENT'>
<Title id='114_1'>Quality Assurance Analyst</Title>
<OrgName id='115'>AT&#38;T</OrgName>



<Description>Project Description: Retail Testing is a project where web applications which are used for retail outlet are tested the various applications which are used like Opus, Phoenix, and System-X. My area of testing is System-X application.
Responsibilities:
    *    Developed and maintained test plans for each of the modules. ; 
    *    Executed Test Scripts ; 
    *    Performed both Automated &#38; Manual Testing ; 
    *    Performed End-to-End UAT. ; 
    *    Involved in DATA WAREHOUSE testing using SQL Queries. ; 
    *    Wrote SQL to validate or retrieve data and tested batch jobs. ; 
    *    Developed test processes, procedures and practices for testing. ; 
    *    Performed Formal, Integration, System, Regression, Performance and User Acceptance testing. ; 
    *    Performing queries to the database using 'SQL' to check successful Transaction &#38; to create particular test cases ; 
    *    Analyzing the results and preparing the documentation. ; 
    *    Performed defect management using ALMQC. ; 
    *    Implemented regression methodology over iterations. ; 
    *    Expert in Root cause analysis of a defect. ; 
    *    Performed black box functional, data driven, database GUI and cross browser testing. ; 
    *    Developed Test Scripts using Mercury Quick Test Pro. ; 
    *    Performed unit testing, white box testing. ; 
    *    Verification &#38; Validation of End to End Scenarios of System-X. ; 
    *    Catalog for activation (Postpaid and Prepaid). ; 
    *    Data Team handling for system-X.
    *    Test data creation.
    *    IVR &#38; CTI process handling. ; 
    *    Responsible for resolving the application issues in predefined SLA. ; 
    *    Involve in Test case execution Planning. ; 
    *    Analysis, Reporting &#38; Verification of defects &#38; bugs. ; 
    *    Creating the data set for execution of UAT and E2E Teams. ; 
    *    Setup of catalog in the Data Base for test environments. ; 
    *    Test environment Data base management. ; 
    *    Coordination with team in different time zones. ; 
    *    Quarterly review MIS report. ; 
    *    Create test data, and test conditions and coordinate with the database team for creation of testing database.</Description>
<StartDate id='117_1'><AnyDate>2010-04-14</AnyDate></StartDate>
<EndDate id='117_2'><AnyDate>2012-05-09</AnyDate></EndDate>




<JobCategory>
<TaxonomyName>JOBAREA</TaxonomyName>
<CategoryCode>it</CategoryCode>
</JobCategory>


<UserArea>
<DaxPositionHistoryUserArea>
<TLSPAN first_id='114' last_id='132' border_id='133'></TLSPAN>
<MonthsOfWork>26</MonthsOfWork>
</DaxPositionHistoryUserArea>
</UserArea>
</PositionHistory>
</EmployerOrg>

<EmployerOrg employerOrgType='soleEmployer'>
<EmployerOrgName id='133_2'>ITC &#38; Uninor DMS</EmployerOrgName>
<EmployerContactInfo>
<LocationSummary id='133_3'>
<CountryCode>IN</CountryCode>
</LocationSummary>
</EmployerContactInfo>
<PositionHistory positionType='PERMANENT'>
<Title id='133_1_1'>QA Analyst</Title>
<Title id='133_1_2'>Team leader</Title>
<OrgName id='133_2'>ITC &#38; Uninor DMS</OrgName>



<Description>Project Description: Training on Uninor applications that for distributor, Salesman, Employees developed by Wipro Limited. ITC ,(Dealer Management System Application) and Hand Held  Device as Vajra , complete ownership of delivery to end users
Responsibilities:
*    Reviewed Business requirement document and Functional Specifications document. ; 
*    Providing training to End Users. ; 
*    Responsible for Application operations and MIS audit ; 
*    Developing &#38; Delivering the MIS to the business users ; 
*    Coordinating the training programs. ; 
*    Reporting the defects and issues in distributor application. ; 
*    MIS publication on weekly bases.
*    HH (Hand Held) devices live testing.
*    Application defect reporting and logging.
*    Post release testing. ; 
*    Responsible for resolving the application issues in predefined SLA. ; 
*    Application Provisioning Monitoring to ensure maximum uptime. ; 
*    Training of end user at various locations across North India. ; 
*    UAT (User acceptance team) participation. ; 
*    Centralized Service Desk issue reporting and coordinating for North India. ; 
*    Implementation of HH (Hand Held Device) across North India. ; 
*    Reporting of 15 resource team. ; 
*    Providing technical support to resources and client. ; 
*    Monthly publication of MIS reports. ; 
*    Coordination with different teams at different location across India.</Description>
<StartDate id='133_4_1'><AnyDate>2007-07-16</AnyDate></StartDate>
<EndDate id='133_4_2'><AnyDate>2010-02-04</AnyDate></EndDate>



<JobLevelInfo>
<JobGrade>joblevel-management-low</JobGrade>
</JobLevelInfo>

<JobCategory>
<TaxonomyName>JOBAREA</TaxonomyName>
<CategoryCode>it</CategoryCode>
</JobCategory>


<UserArea>
<DaxPositionHistoryUserArea>
<TLSPAN first_id='133' last_id='144' border_id='145'></TLSPAN>
<MonthsOfWork>32</MonthsOfWork>
</DaxPositionHistoryUserArea>
</UserArea>
</PositionHistory>
</EmployerOrg>

<EmployerOrg employerOrgType='soleEmployer'>
<EmployerOrgName id='145_2'>DOIT -INDIA</EmployerOrgName>

<PositionHistory>
<Title id='145_1_1'>QA Analyst</Title>
<OrgName id='145_2'>DOIT -INDIA</OrgName>



<Description>Project Description: Quality assurance and Support training at Dept of information and technology.

Responsibilities:
*    Reviewed Business requirement document and Functional Specifications document. ; 
*    Providing training to End Users.
*    Black and White Box testing. ; 
*    Responsible for Application operations and MIS audit ; 
*    Developing &#38; Delivering the MIS to the business users ; 
*    Coordinating the training programs. ; 
*    Understanding the Government model of working in DOIT.</Description>
<StartDate id='145_3_1'><AnyDate>2007-07-30</AnyDate></StartDate>
<EndDate id='145_3_2'><AnyDate>2006-12-30</AnyDate></EndDate>




<JobCategory>
<TaxonomyName>JOBAREA</TaxonomyName>
<CategoryCode>it</CategoryCode>
</JobCategory>


<UserArea>
<DaxPositionHistoryUserArea>
<TLSPAN first_id='145' last_id='152' border_id='0'></TLSPAN>
</DaxPositionHistoryUserArea>
</UserArea>
</PositionHistory>
</EmployerOrg>

</EmploymentHistory>












<Competency oids='42 44 59 69 71 100 122 124 ' description='Skill > IT' auth='yes' name='SQL'>
<CompetencyEvidence name='Extent of Experience' typeDescription='Extent of Experience' type='MONTH' lastUsed='2014'><NumericValue description='MONTH'>50</NumericValue></CompetencyEvidence>

<CompetencyEvidence typeDescription='Alias' name='Alias'><StringValue>Knowledge in SQL</StringValue></CompetencyEvidence>

<CompetencyEvidence typeDescription='Alias' name='Alias'><StringValue>SQL Queries</StringValue></CompetencyEvidence>

<CompetencyWeight type='skillLevel'><NumericValue minValue='0' maxValue='100'>51</NumericValue></CompetencyWeight>

<CompetencyWeight type='skillProficiency'><StringValue minValue='BASIC' maxValue='EXCELLENT'>WORKING</StringValue></CompetencyWeight>
</Competency>

<Competency oids='46 73 77 101 ' description='Skill > IT' auth='yes' name='TOAD'>
<CompetencyEvidence name='Extent of Experience' typeDescription='Extent of Experience' type='MONTH' lastUsed='2014'><NumericValue description='MONTH'>24</NumericValue></CompetencyEvidence>

<CompetencyWeight type='skillLevel'><NumericValue minValue='0' maxValue='100'>92</NumericValue></CompetencyWeight>

<CompetencyWeight type='skillProficiency'><StringValue minValue='BASIC' maxValue='EXCELLENT'>EXCELLENT</StringValue></CompetencyWeight>
</Competency>

<Competency oids='98 129 149 ' description='Skill > IT' auth='yes' name='White-Box Testing'>
<CompetencyEvidence name='Extent of Experience' typeDescription='Extent of Experience' type='MONTH' lastUsed='2014'><NumericValue description='MONTH'>44</NumericValue></CompetencyEvidence>

<CompetencyWeight type='skillLevel'><NumericValue minValue='0' maxValue='100'>95</NumericValue></CompetencyWeight>

<CompetencyWeight type='skillProficiency'><StringValue minValue='BASIC' maxValue='EXCELLENT'>EXCELLENT</StringValue></CompetencyWeight>
</Competency>

<Competency oids='48 50 113 ' description='Skill > IT' auth='yes' name='UNIX'>
<CompetencyEvidence name='Extent of Experience' typeDescription='Extent of Experience' type='MONTH' lastUsed='2014'><NumericValue description='MONTH'>24</NumericValue></CompetencyEvidence>

<CompetencyEvidence typeDescription='Alias' name='Alias'><StringValue>UNIX server</StringValue></CompetencyEvidence>

<CompetencyWeight type='skillLevel'><NumericValue minValue='0' maxValue='100'>92</NumericValue></CompetencyWeight>

<CompetencyWeight type='skillProficiency'><StringValue minValue='BASIC' maxValue='EXCELLENT'>EXCELLENT</StringValue></CompetencyWeight>
</Competency>

<Competency oids='17 40 94 ' description='Skill' auth='yes' name='System Testing'>
<CompetencyEvidence name='Extent of Experience' typeDescription='Extent of Experience' type='MONTH' lastUsed='2014'><NumericValue description='MONTH'>24</NumericValue></CompetencyEvidence>

<CompetencyWeight type='skillLevel'><NumericValue minValue='0' maxValue='100'>94</NumericValue></CompetencyWeight>

<CompetencyWeight type='skillProficiency'><StringValue minValue='BASIC' maxValue='EXCELLENT'>EXCELLENT</StringValue></CompetencyWeight>
</Competency>

<Competency oids='12 28 82 ' description='Skill > IT' auth='yes' name='Rational ClearQuest'>
<CompetencyEvidence typeDescription='Alias' name='Alias'><StringValue>Clear Quest</StringValue></CompetencyEvidence>

<CompetencyWeight type='skillLevel'><NumericValue minValue='0' maxValue='100'>13</NumericValue></CompetencyWeight>
</Competency>

<Competency oids='3 78 146 ' description='Skill > IT' auth='yes' name='Quality Assurance'>


<CompetencyEvidence typeDescription='Alias' name='Alias'><StringValue>QA</StringValue></CompetencyEvidence>

<CompetencyWeight type='skillLevel'><NumericValue minValue='0' maxValue='100'>21</NumericValue></CompetencyWeight>

<CompetencyWeight type='skillProficiency'><StringValue minValue='BASIC' maxValue='EXCELLENT'>BASIC</StringValue></CompetencyWeight>
</Competency>

<Competency oids='43 60 70 ' description='Skill > IT' auth='yes' name='Oracle PL/SQL'>
<CompetencyEvidence typeDescription='Alias' name='Alias'><StringValue>PLSQL</StringValue></CompetencyEvidence>

<CompetencyEvidence typeDescription='Alias' name='Alias'><StringValue>PL/SQL</StringValue></CompetencyEvidence>

<CompetencyWeight type='skillLevel'><NumericValue minValue='0' maxValue='100'>48</NumericValue></CompetencyWeight>

<CompetencyWeight type='skillProficiency'><StringValue minValue='BASIC' maxValue='EXCELLENT'>WORKING</StringValue></CompetencyWeight>
</Competency>

<Competency oids='29 79 96 ' description='Skill > IT' auth='no' name='HP Quality Center'>
<CompetencyEvidence name='Extent of Experience' typeDescription='Extent of Experience' type='MONTH' lastUsed='2014'><NumericValue description='MONTH'>24</NumericValue></CompetencyEvidence>

<CompetencyWeight type='skillLevel'><NumericValue minValue='0' maxValue='100'>93</NumericValue></CompetencyWeight>

<CompetencyWeight type='skillProficiency'><StringValue minValue='BASIC' maxValue='EXCELLENT'>EXCELLENT</StringValue></CompetencyWeight>
</Competency>

<Competency oids='74 95 128 ' description='Skill > IT' auth='yes' name='GUI Applications'>
<CompetencyEvidence name='Extent of Experience' typeDescription='Extent of Experience' type='MONTH' lastUsed='2014'><NumericValue description='MONTH'>50</NumericValue></CompetencyEvidence>

<CompetencyEvidence typeDescription='Alias' name='Alias'><StringValue>GUI</StringValue></CompetencyEvidence>

<CompetencyWeight type='skillLevel'><NumericValue minValue='0' maxValue='100'>97</NumericValue></CompetencyWeight>

<CompetencyWeight type='skillProficiency'><StringValue minValue='BASIC' maxValue='EXCELLENT'>EXCELLENT</StringValue></CompetencyWeight>
</Competency>

<Competency oids='19 123 ' description='Skill' auth='yes' name='User Acceptance Testing'>
<CompetencyEvidence name='Extent of Experience' typeDescription='Extent of Experience' type='MONTH' lastUsed='2012'><NumericValue description='MONTH'>26</NumericValue></CompetencyEvidence>

<CompetencyWeight type='skillLevel'><NumericValue minValue='0' maxValue='100'>68</NumericValue></CompetencyWeight>

<CompetencyWeight type='skillProficiency'><StringValue minValue='BASIC' maxValue='EXCELLENT'>GOOD</StringValue></CompetencyWeight>
</Competency>

<Competency oids='88 118 ' description='Skill' auth='no' name='Retail Testing'>
<CompetencyEvidence name='Extent of Experience' typeDescription='Extent of Experience' type='MONTH' lastUsed='2014'><NumericValue description='MONTH'>50</NumericValue></CompetencyEvidence>

<CompetencyWeight type='skillLevel'><NumericValue minValue='0' maxValue='100'>100</NumericValue></CompetencyWeight>

<CompetencyWeight type='skillProficiency'><StringValue minValue='BASIC' maxValue='EXCELLENT'>EXCELLENT</StringValue></CompetencyWeight>
</Competency>

<Competency oids='89 119 ' description='Skill' auth='yes' name='Retail Outlets'>
<CompetencyEvidence name='Extent of Experience' typeDescription='Extent of Experience' type='MONTH' lastUsed='2014'><NumericValue description='MONTH'>50</NumericValue></CompetencyEvidence>

<CompetencyEvidence typeDescription='Alias' name='Alias'><StringValue>retail outlet</StringValue></CompetencyEvidence>

<CompetencyWeight type='skillLevel'><NumericValue minValue='0' maxValue='100'>99</NumericValue></CompetencyWeight>

<CompetencyWeight type='skillProficiency'><StringValue minValue='BASIC' maxValue='EXCELLENT'>EXCELLENT</StringValue></CompetencyWeight>
</Competency>

<Competency oids='137 150 ' description='Skill' auth='no' name='Responsible for Application operations'>
<CompetencyEvidence name='Extent of Experience' typeDescription='Extent of Experience' type='MONTH' lastUsed='2010'><NumericValue description='MONTH'>26</NumericValue></CompetencyEvidence>

<CompetencyWeight type='skillLevel'><NumericValue minValue='0' maxValue='100'>53</NumericValue></CompetencyWeight>

<CompetencyWeight type='skillProficiency'><StringValue minValue='BASIC' maxValue='EXCELLENT'>WORKING</StringValue></CompetencyWeight>
</Competency>

<Competency oids='11 83 ' description='Skill > IT' auth='yes' name='Mercury Interactive Quicktest'>
<CompetencyEvidence typeDescription='Alias' name='Alias'><StringValue>Quick Test Pro</StringValue></CompetencyEvidence>

<CompetencyEvidence typeDescription='Alias' name='Alias'><StringValue>QTP (Basic)</StringValue></CompetencyEvidence>

<CompetencyWeight type='skillLevel'><NumericValue minValue='0' maxValue='100'>22</NumericValue></CompetencyWeight>

<CompetencyWeight type='skillProficiency'><StringValue minValue='BASIC' maxValue='EXCELLENT'>BASIC</StringValue></CompetencyWeight>
</Competency>

<Competency oids='139 152 ' description='Skill' auth='yes' name='Management Information System'>
<CompetencyEvidence name='Extent of Experience' typeDescription='Extent of Experience' type='MONTH' lastUsed='2010'><NumericValue description='MONTH'>26</NumericValue></CompetencyEvidence>

<CompetencyEvidence typeDescription='Alias' name='Alias'><StringValue>MIS</StringValue></CompetencyEvidence>

<CompetencyWeight type='skillLevel'><NumericValue minValue='0' maxValue='100'>51</NumericValue></CompetencyWeight>

<CompetencyWeight type='skillProficiency'><StringValue minValue='BASIC' maxValue='EXCELLENT'>WORKING</StringValue></CompetencyWeight>
</Competency>

<Competency oids='33 108 ' description='Skill' auth='yes' name='Customer Relationship Management'>
<CompetencyEvidence name='Extent of Experience' typeDescription='Extent of Experience' type='MONTH' lastUsed='2014'><NumericValue description='MONTH'>24</NumericValue></CompetencyEvidence>

<CompetencyEvidence typeDescription='Alias' name='Alias'><StringValue>CRM</StringValue></CompetencyEvidence>

<CompetencyWeight type='skillLevel'><NumericValue minValue='0' maxValue='100'>92</NumericValue></CompetencyWeight>

<CompetencyWeight type='skillProficiency'><StringValue minValue='BASIC' maxValue='EXCELLENT'>EXCELLENT</StringValue></CompetencyWeight>
</Competency>

<Competency oids='138 151 ' description='Skill' auth='yes' name='Audit'>
<CompetencyEvidence name='Extent of Experience' typeDescription='Extent of Experience' type='MONTH' lastUsed='2010'><NumericValue description='MONTH'>26</NumericValue></CompetencyEvidence>

<CompetencyWeight type='skillLevel'><NumericValue minValue='0' maxValue='100'>52</NumericValue></CompetencyWeight>

<CompetencyWeight type='skillProficiency'><StringValue minValue='BASIC' maxValue='EXCELLENT'>WORKING</StringValue></CompetencyWeight>
</Competency>

<Competency oids='106 110 ' description='Skill > IT' auth='yes' name='Amdocs'>
<CompetencyEvidence name='Extent of Experience' typeDescription='Extent of Experience' type='MONTH' lastUsed='2014'><NumericValue description='MONTH'>24</NumericValue></CompetencyEvidence>

<CompetencyEvidence name='Application' typeDescription='Application' type='Support'><StringValue>Support</StringValue></CompetencyEvidence>

<CompetencyEvidence typeDescription='Alias' name='Alias'><StringValue>Support in Amdocs</StringValue></CompetencyEvidence>

<CompetencyWeight type='skillLevel'><NumericValue minValue='0' maxValue='100'>92</NumericValue></CompetencyWeight>

<CompetencyWeight type='skillProficiency'><StringValue minValue='BASIC' maxValue='EXCELLENT'>EXCELLENT</StringValue></CompetencyWeight>
</Competency>

<Competency oids='10 ' description='Skill' auth='no' name='user requirement analysis'>
<CompetencyWeight type='skillLevel'><NumericValue minValue='0' maxValue='100'>13</NumericValue></CompetencyWeight>
</Competency>

<Competency oids='143 ' description='Skill' auth='no' name='technical support'>
<CompetencyEvidence name='Extent of Experience' typeDescription='Extent of Experience' type='MONTH' lastUsed='2010'><NumericValue description='MONTH'>32</NumericValue></CompetencyEvidence>

<CompetencyWeight type='skillLevel'><NumericValue minValue='0' maxValue='100'>51</NumericValue></CompetencyWeight>

<CompetencyWeight type='skillProficiency'><StringValue minValue='BASIC' maxValue='EXCELLENT'>WORKING</StringValue></CompetencyWeight>
</Competency>

<Competency oids='8 ' description='Skill' auth='no' name='diversified experience'>
<CompetencyEvidence name='Extent of Experience' typeDescription='Extent of Experience' type='YEAR'><NumericValue description='YEAR'>7</NumericValue></CompetencyEvidence>

<CompetencyEvidence typeDescription='Alias' name='Alias'><StringValue>Seven years of diversified experience</StringValue></CompetencyEvidence>

<CompetencyWeight type='skillLevel'><NumericValue minValue='0' maxValue='100'>13</NumericValue></CompetencyWeight>
</Competency>

<Competency oids='39 ' description='Skill' auth='no' name='defect analysis'>
<CompetencyWeight type='skillLevel'><NumericValue minValue='0' maxValue='100'>13</NumericValue></CompetencyWeight>
</Competency>

<Competency oids='30 ' description='Skill' auth='no' name='data preparation'>
<CompetencyWeight type='skillLevel'><NumericValue minValue='0' maxValue='100'>13</NumericValue></CompetencyWeight>
</Competency>

<Competency oids='13 ' description='Skill' auth='no' name='Web Testing'>
<CompetencyWeight type='skillLevel'><NumericValue minValue='0' maxValue='100'>13</NumericValue></CompetencyWeight>
</Competency>

<Competency oids='76 ' description='Skill > IT' auth='yes' name='Visual Basic'>
<CompetencyWeight type='skillLevel'><NumericValue minValue='0' maxValue='100'>13</NumericValue></CompetencyWeight>
</Competency>

<Competency oids='16 ' description='Skill' auth='no' name='UI testing'>
<CompetencyWeight type='skillLevel'><NumericValue minValue='0' maxValue='100'>13</NumericValue></CompetencyWeight>
</Competency>

<Competency oids='23 ' description='Skill' auth='yes' name='Triage'>
<CompetencyWeight type='skillLevel'><NumericValue minValue='0' maxValue='100'>13</NumericValue></CompetencyWeight>
</Competency>

<Competency oids='132 ' description='Skill' auth='no' name='Test case execution Planning'>
<CompetencyEvidence name='Extent of Experience' typeDescription='Extent of Experience' type='MONTH' lastUsed='2012'><NumericValue description='MONTH'>26</NumericValue></CompetencyEvidence>

<CompetencyWeight type='skillLevel'><NumericValue minValue='0' maxValue='100'>67</NumericValue></CompetencyWeight>

<CompetencyWeight type='skillProficiency'><StringValue minValue='BASIC' maxValue='EXCELLENT'>GOOD</StringValue></CompetencyWeight>
</Competency>

<Competency oids='103 ' description='Skill' auth='no' name='Test Planning'>
<CompetencyEvidence name='Extent of Experience' typeDescription='Extent of Experience' type='MONTH' lastUsed='2014'><NumericValue description='MONTH'>24</NumericValue></CompetencyEvidence>

<CompetencyWeight type='skillLevel'><NumericValue minValue='0' maxValue='100'>92</NumericValue></CompetencyWeight>

<CompetencyWeight type='skillProficiency'><StringValue minValue='BASIC' maxValue='EXCELLENT'>EXCELLENT</StringValue></CompetencyWeight>
</Competency>

<Competency oids='105 ' description='Skill' auth='yes' name='Team Management'>
<CompetencyEvidence name='Extent of Experience' typeDescription='Extent of Experience' type='MONTH' lastUsed='2014'><NumericValue description='MONTH'>24</NumericValue></CompetencyEvidence>

<CompetencyEvidence typeDescription='Alias' name='Alias'><StringValue>Manage a team</StringValue></CompetencyEvidence>

<CompetencyWeight type='skillLevel'><NumericValue minValue='0' maxValue='100'>92</NumericValue></CompetencyWeight>

<CompetencyWeight type='skillProficiency'><StringValue minValue='BASIC' maxValue='EXCELLENT'>EXCELLENT</StringValue></CompetencyWeight>
</Competency>

<Competency oids='63 ' description='Skill > IT' auth='no' name='TSL'>
<CompetencyWeight type='skillLevel'><NumericValue minValue='0' maxValue='100'>13</NumericValue></CompetencyWeight>
</Competency>

<Competency oids='21 ' description='Skill' auth='no' name='System Specifications Analysis'>
<CompetencyWeight type='skillLevel'><NumericValue minValue='0' maxValue='100'>13</NumericValue></CompetencyWeight>
</Competency>

<Competency oids='147 ' description='Skill' auth='no' name='Support training'>


<CompetencyWeight type='skillLevel'><NumericValue minValue='0' maxValue='100'>20</NumericValue></CompetencyWeight>

<CompetencyWeight type='skillProficiency'><StringValue minValue='BASIC' maxValue='EXCELLENT'>BASIC</StringValue></CompetencyWeight>
</Competency>

<Competency oids='112 ' description='Skill' auth='no' name='Staging Support'>
<CompetencyEvidence name='Extent of Experience' typeDescription='Extent of Experience' type='MONTH' lastUsed='2014'><NumericValue description='MONTH'>24</NumericValue></CompetencyEvidence>

<CompetencyWeight type='skillLevel'><NumericValue minValue='0' maxValue='100'>92</NumericValue></CompetencyWeight>

<CompetencyWeight type='skillProficiency'><StringValue minValue='BASIC' maxValue='EXCELLENT'>EXCELLENT</StringValue></CompetencyWeight>
</Competency>

<Competency oids='61 ' description='Skill > IT' auth='no' name='SQA Basic'>
<CompetencyWeight type='skillLevel'><NumericValue minValue='0' maxValue='100'>13</NumericValue></CompetencyWeight>
</Competency>

<Competency oids='25 ' description='Skill > IT' auth='no' name='SQA'>
<CompetencyEvidence typeDescription='Alias' name='Alias'><StringValue>(SQA)</StringValue></CompetencyEvidence>

<CompetencyWeight type='skillLevel'><NumericValue minValue='0' maxValue='100'>13</NumericValue></CompetencyWeight>
</Competency>

<Competency oids='127 ' description='Skill' auth='yes' name='Root Cause Analysis'>
<CompetencyEvidence name='Extent of Experience' typeDescription='Extent of Experience' type='MONTH' lastUsed='2012'><NumericValue description='MONTH'>26</NumericValue></CompetencyEvidence>

<CompetencyWeight type='skillLevel'><NumericValue minValue='0' maxValue='100'>67</NumericValue></CompetencyWeight>

<CompetencyWeight type='skillProficiency'><StringValue minValue='BASIC' maxValue='EXCELLENT'>GOOD</StringValue></CompetencyWeight>
</Competency>

<Competency oids='91 ' description='Skill' auth='no' name='Responsible for System X application Triage'>
<CompetencyEvidence name='Extent of Experience' typeDescription='Extent of Experience' type='MONTH' lastUsed='2014'><NumericValue description='MONTH'>24</NumericValue></CompetencyEvidence>

<CompetencyWeight type='skillLevel'><NumericValue minValue='0' maxValue='100'>95</NumericValue></CompetencyWeight>

<CompetencyWeight type='skillProficiency'><StringValue minValue='BASIC' maxValue='EXCELLENT'>EXCELLENT</StringValue></CompetencyWeight>
</Competency>

<Competency oids='41 ' description='Skill > IT' auth='yes' name='Relational Database'>
<CompetencyWeight type='skillLevel'><NumericValue minValue='0' maxValue='100'>13</NumericValue></CompetencyWeight>
</Competency>

<Competency oids='18 ' description='Skill > IT' auth='yes' name='Regression Testing'>
<CompetencyWeight type='skillLevel'><NumericValue minValue='0' maxValue='100'>13</NumericValue></CompetencyWeight>
</Competency>

<Competency oids='68 ' description='Skill > IT' auth='yes' name='RDBMS'>
<CompetencyWeight type='skillLevel'><NumericValue minValue='0' maxValue='100'>13</NumericValue></CompetencyWeight>
</Competency>

<Competency oids='125 ' description='Skill' auth='no' name='Performed defect management'>
<CompetencyEvidence name='Extent of Experience' typeDescription='Extent of Experience' type='MONTH' lastUsed='2012'><NumericValue description='MONTH'>26</NumericValue></CompetencyEvidence>

<CompetencyWeight type='skillLevel'><NumericValue minValue='0' maxValue='100'>67</NumericValue></CompetencyWeight>

<CompetencyWeight type='skillProficiency'><StringValue minValue='BASIC' maxValue='EXCELLENT'>GOOD</StringValue></CompetencyWeight>
</Competency>

<Competency oids='62 ' description='Skill > IT' auth='yes' name='Pascal'>
<CompetencyWeight type='skillLevel'><NumericValue minValue='0' maxValue='100'>13</NumericValue></CompetencyWeight>
</Competency>

<Competency oids='75 ' description='Skill > IT' auth='yes' name='Oracle Developer 2000'>
<CompetencyEvidence typeDescription='Alias' name='Alias'><StringValue>Developer 2000</StringValue></CompetencyEvidence>

<CompetencyWeight type='skillLevel'><NumericValue minValue='0' maxValue='100'>13</NumericValue></CompetencyWeight>
</Competency>

<Competency oids='116 ' description='Skill' auth='yes' name='Offshore Oil &#38; Gas'>
<CompetencyEvidence name='Extent of Experience' typeDescription='Extent of Experience' type='MONTH' lastUsed='2012'><NumericValue description='MONTH'>26</NumericValue></CompetencyEvidence>

<CompetencyEvidence typeDescription='Alias' name='Alias'><StringValue>Offshore</StringValue></CompetencyEvidence>

<CompetencyWeight type='skillLevel'><NumericValue minValue='0' maxValue='100'>71</NumericValue></CompetencyWeight>

<CompetencyWeight type='skillProficiency'><StringValue minValue='BASIC' maxValue='EXCELLENT'>GOOD</StringValue></CompetencyWeight>
</Competency>

<Competency oids='35 ' description='Skill > IT' auth='yes' name='Microsoft Word'>
<CompetencyEvidence typeDescription='Alias' name='Alias'><StringValue>MS Word</StringValue></CompetencyEvidence>

<CompetencyWeight type='skillLevel'><NumericValue minValue='0' maxValue='100'>13</NumericValue></CompetencyWeight>
</Competency>

<Competency oids='54 ' description='Skill > IT' auth='yes' name='Microsoft Windows XP'>
<CompetencyEvidence typeDescription='Alias' name='Alias'><StringValue>XP</StringValue></CompetencyEvidence>

<CompetencyWeight type='skillLevel'><NumericValue minValue='0' maxValue='100'>13</NumericValue></CompetencyWeight>
</Competency>

<Competency oids='52 ' description='Skill > IT' auth='yes' name='Microsoft Windows NT'>
<CompetencyEvidence typeDescription='Alias' name='Alias'><StringValue>Windows NT</StringValue></CompetencyEvidence>

<CompetencyWeight type='skillLevel'><NumericValue minValue='0' maxValue='100'>13</NumericValue></CompetencyWeight>
</Competency>

<Competency oids='53 ' description='Skill > IT' auth='yes' name='Microsoft Windows 9x'>
<CompetencyEvidence typeDescription='Alias' name='Alias'><StringValue>Windows 95 &#38; 98</StringValue></CompetencyEvidence>

<CompetencyWeight type='skillLevel'><NumericValue minValue='0' maxValue='100'>13</NumericValue></CompetencyWeight>
</Competency>

<Competency oids='48 ' description='Skill > IT' auth='yes' name='Microsoft Windows 2000 Server'>
<CompetencyEvidence typeDescription='Alias' name='Alias'><StringValue>UNIX server</StringValue></CompetencyEvidence>

<CompetencyWeight type='skillLevel'><NumericValue minValue='0' maxValue='100'>13</NumericValue></CompetencyWeight>
</Competency>

<Competency oids='55 ' description='Skill > IT' auth='yes' name='Microsoft Windows 2000 Professional'>
<CompetencyEvidence typeDescription='Alias' name='Alias'><StringValue>2000</StringValue></CompetencyEvidence>

<CompetencyWeight type='skillLevel'><NumericValue minValue='0' maxValue='100'>13</NumericValue></CompetencyWeight>
</Competency>

<Competency oids='67 ' description='Skill > IT' auth='yes' name='Microsoft Visual C/C++'>
<CompetencyEvidence typeDescription='Alias' name='Alias'><StringValue>VC++</StringValue></CompetencyEvidence>

<CompetencyWeight type='skillLevel'><NumericValue minValue='0' maxValue='100'>13</NumericValue></CompetencyWeight>
</Competency>

<Competency oids='34 ' description='Skill > IT' auth='yes' name='Microsoft Office'>
<CompetencyEvidence typeDescription='Alias' name='Alias'><StringValue>MS Office</StringValue></CompetencyEvidence>

<CompetencyWeight type='skillLevel'><NumericValue minValue='0' maxValue='100'>13</NumericValue></CompetencyWeight>
</Competency>

<Competency oids='38 ' description='Skill > IT' auth='yes' name='Microsoft FrontPage'>
<CompetencyEvidence typeDescription='Alias' name='Alias'><StringValue>MS Front Page</StringValue></CompetencyEvidence>

<CompetencyWeight type='skillLevel'><NumericValue minValue='0' maxValue='100'>13</NumericValue></CompetencyWeight>
</Competency>

<Competency oids='37 ' description='Skill > IT' auth='yes' name='Microsoft Excel'>
<CompetencyEvidence typeDescription='Alias' name='Alias'><StringValue>MS-Excel</StringValue></CompetencyEvidence>

<CompetencyWeight type='skillLevel'><NumericValue minValue='0' maxValue='100'>13</NumericValue></CompetencyWeight>
</Competency>

<Competency oids='56 ' description='Skill > IT' auth='yes' name='Microsoft DOS'>
<CompetencyEvidence typeDescription='Alias' name='Alias'><StringValue>MS-DOS</StringValue></CompetencyEvidence>

<CompetencyWeight type='skillLevel'><NumericValue minValue='0' maxValue='100'>13</NumericValue></CompetencyWeight>
</Competency>

<Competency oids='36 ' description='Skill > IT' auth='yes' name='Microsoft Access'>
<CompetencyEvidence typeDescription='Alias' name='Alias'><StringValue>MS Access</StringValue></CompetencyEvidence>

<CompetencyWeight type='skillLevel'><NumericValue minValue='0' maxValue='100'>13</NumericValue></CompetencyWeight>
</Competency>

<Competency oids='121 ' description='Skill > IT' auth='yes' name='Manual Testing'>
<CompetencyEvidence name='Extent of Experience' typeDescription='Extent of Experience' type='MONTH' lastUsed='2012'><NumericValue description='MONTH'>26</NumericValue></CompetencyEvidence>

<CompetencyWeight type='skillLevel'><NumericValue minValue='0' maxValue='100'>69</NumericValue></CompetencyWeight>

<CompetencyWeight type='skillProficiency'><StringValue minValue='BASIC' maxValue='EXCELLENT'>GOOD</StringValue></CompetencyWeight>
</Competency>

<Competency oids='64 ' description='Skill > IT' auth='yes' name='Java'>
<CompetencyWeight type='skillLevel'><NumericValue minValue='0' maxValue='100'>13</NumericValue></CompetencyWeight>
</Competency>

<Competency oids='20 ' description='Skill' auth='no' name='Integration Testing'>
<CompetencyWeight type='skillLevel'><NumericValue minValue='0' maxValue='100'>13</NumericValue></CompetencyWeight>
</Competency>

<Competency oids='130 ' description='Skill > IT' auth='yes' name='IVR'>
<CompetencyEvidence name='Extent of Experience' typeDescription='Extent of Experience' type='MONTH' lastUsed='2012'><NumericValue description='MONTH'>26</NumericValue></CompetencyEvidence>

<CompetencyWeight type='skillLevel'><NumericValue minValue='0' maxValue='100'>67</NumericValue></CompetencyWeight>

<CompetencyWeight type='skillProficiency'><StringValue minValue='BASIC' maxValue='EXCELLENT'>GOOD</StringValue></CompetencyWeight>
</Competency>

<Competency oids='14 ' description='Skill' auth='no' name='Functionality Testing'>
<CompetencyWeight type='skillLevel'><NumericValue minValue='0' maxValue='100'>13</NumericValue></CompetencyWeight>
</Competency>

<Competency oids='65 ' description='Skill > IT' auth='yes' name='Enterprise Java Beans'>
<CompetencyEvidence typeDescription='Alias' name='Alias'><StringValue>EJB</StringValue></CompetencyEvidence>

<CompetencyWeight type='skillLevel'><NumericValue minValue='0' maxValue='100'>13</NumericValue></CompetencyWeight>
</Competency>

<Competency oids='47 ' description='Skill > IT' auth='yes' name='ETL'>
<CompetencyEvidence typeDescription='Alias' name='Alias'><StringValue>Proficient in ETL</StringValue></CompetencyEvidence>

<CompetencyWeight type='skillLevel'><NumericValue minValue='0' maxValue='100'>84</NumericValue></CompetencyWeight>

<CompetencyWeight type='skillProficiency'><StringValue minValue='BASIC' maxValue='EXCELLENT'>EXCELLENT</StringValue></CompetencyWeight>
</Competency>

<Competency oids='136 ' description='Skill' auth='no' name='Dealer Management'>
<CompetencyEvidence name='Extent of Experience' typeDescription='Extent of Experience' type='MONTH' lastUsed='2010'><NumericValue description='MONTH'>32</NumericValue></CompetencyEvidence>

<CompetencyWeight type='skillLevel'><NumericValue minValue='0' maxValue='100'>54</NumericValue></CompetencyWeight>

<CompetencyWeight type='skillProficiency'><StringValue minValue='BASIC' maxValue='EXCELLENT'>WORKING</StringValue></CompetencyWeight>
</Competency>

<Competency oids='104 ' description='Skill' auth='no' name='Data support'>
<CompetencyEvidence name='Extent of Experience' typeDescription='Extent of Experience' type='MONTH' lastUsed='2014'><NumericValue description='MONTH'>24</NumericValue></CompetencyEvidence>

<CompetencyWeight type='skillLevel'><NumericValue minValue='0' maxValue='100'>92</NumericValue></CompetencyWeight>

<CompetencyWeight type='skillProficiency'><StringValue minValue='BASIC' maxValue='EXCELLENT'>EXCELLENT</StringValue></CompetencyWeight>
</Competency>

<Competency oids='99 ' description='Skill' auth='no' name='Data management'>
<CompetencyEvidence name='Extent of Experience' typeDescription='Extent of Experience' type='MONTH' lastUsed='2014'><NumericValue description='MONTH'>24</NumericValue></CompetencyEvidence>

<CompetencyWeight type='skillLevel'><NumericValue minValue='0' maxValue='100'>92</NumericValue></CompetencyWeight>

<CompetencyWeight type='skillProficiency'><StringValue minValue='BASIC' maxValue='EXCELLENT'>EXCELLENT</StringValue></CompetencyWeight>
</Competency>

<Competency oids='109 ' description='Skill' auth='no' name='Customer management'>
<CompetencyEvidence name='Extent of Experience' typeDescription='Extent of Experience' type='MONTH' lastUsed='2014'><NumericValue description='MONTH'>24</NumericValue></CompetencyEvidence>

<CompetencyWeight type='skillLevel'><NumericValue minValue='0' maxValue='100'>92</NumericValue></CompetencyWeight>

<CompetencyWeight type='skillProficiency'><StringValue minValue='BASIC' maxValue='EXCELLENT'>EXCELLENT</StringValue></CompetencyWeight>
</Competency>

<Competency oids='131 ' description='Skill > IT' auth='yes' name='CTI'>
<CompetencyEvidence name='Extent of Experience' typeDescription='Extent of Experience' type='MONTH' lastUsed='2012'><NumericValue description='MONTH'>26</NumericValue></CompetencyEvidence>

<CompetencyWeight type='skillLevel'><NumericValue minValue='0' maxValue='100'>67</NumericValue></CompetencyWeight>

<CompetencyWeight type='skillProficiency'><StringValue minValue='BASIC' maxValue='EXCELLENT'>GOOD</StringValue></CompetencyWeight>
</Competency>

<Competency oids='66 ' description='Skill > IT' auth='yes' name='C++'>
<CompetencyWeight type='skillLevel'><NumericValue minValue='0' maxValue='100'>13</NumericValue></CompetencyWeight>
</Competency>

<Competency oids='58 ' description='Skill > IT' auth='yes' name='C Programming Language'>
<CompetencyEvidence typeDescription='Alias' name='Alias'><StringValue>C</StringValue></CompetencyEvidence>

<CompetencyWeight type='skillLevel'><NumericValue minValue='0' maxValue='100'>13</NumericValue></CompetencyWeight>
</Competency>

<Competency oids='27 ' description='Skill > IT' auth='yes' name='Bug Tracking System'>
<CompetencyWeight type='skillLevel'><NumericValue minValue='0' maxValue='100'>13</NumericValue></CompetencyWeight>
</Competency>

<Competency oids='15 ' description='Skill > IT' auth='yes' name='Black-Box Testing'>
<CompetencyWeight type='skillLevel'><NumericValue minValue='0' maxValue='100'>13</NumericValue></CompetencyWeight>
</Competency>

<Competency oids='31 ' description='Skill' auth='no' name='Backend manual testing'>
<CompetencyWeight type='skillLevel'><NumericValue minValue='0' maxValue='100'>13</NumericValue></CompetencyWeight>
</Competency>

<Competency oids='51 ' description='Skill > IT' auth='yes' name='AIX UNIX'>
<CompetencyEvidence typeDescription='Alias' name='Alias'><StringValue>AIX</StringValue></CompetencyEvidence>

<CompetencyWeight type='skillLevel'><NumericValue minValue='0' maxValue='100'>13</NumericValue></CompetencyWeight>
</Competency>

<Competency oids='22_1 26_1 87_1_2 92_1 ' description='Held Position' auth='no' name='Application Support'>
<CompetencyEvidence name='Extent of Experience' typeDescription='Extent of Experience' type='MONTH' lastUsed='2014'><NumericValue description='MONTH'>24</NumericValue></CompetencyEvidence>

<CompetencyWeight type='skillLevel'><NumericValue minValue='0' maxValue='100'>97</NumericValue></CompetencyWeight>

<CompetencyWeight type='skillProficiency'><StringValue minValue='BASIC' maxValue='EXCELLENT'>EXCELLENT</StringValue></CompetencyWeight>
</Competency>

<Competency oids='45_1 72_1 ' description='Held Position' auth='no' name='developer'>
<CompetencyWeight type='skillLevel'><NumericValue minValue='0' maxValue='100'>13</NumericValue></CompetencyWeight>
</Competency>

<Competency oids='133_1_1 145_1_1 ' description='Held Position' auth='no' name='QA Analyst'>
<CompetencyEvidence name='Extent of Experience' typeDescription='Extent of Experience' type='MONTH' lastUsed='2010'><NumericValue description='MONTH'>26</NumericValue></CompetencyEvidence>

<CompetencyWeight type='skillLevel'><NumericValue minValue='0' maxValue='100'>54</NumericValue></CompetencyWeight>

<CompetencyWeight type='skillProficiency'><StringValue minValue='BASIC' maxValue='EXCELLENT'>WORKING</StringValue></CompetencyWeight>
</Competency>

<Competency oids='9_1 ' description='Held Position' auth='no' name='application Support/production'>
<CompetencyWeight type='skillLevel'><NumericValue minValue='0' maxValue='100'>13</NumericValue></CompetencyWeight>
</Competency>

<Competency oids='133_1_2 ' description='Held Position' auth='no' name='Team leader'>
<CompetencyEvidence name='Extent of Experience' typeDescription='Extent of Experience' type='MONTH' lastUsed='2010'><NumericValue description='MONTH'>32</NumericValue></CompetencyEvidence>

<CompetencyWeight type='skillLevel'><NumericValue minValue='0' maxValue='100'>54</NumericValue></CompetencyWeight>

<CompetencyWeight type='skillProficiency'><StringValue minValue='BASIC' maxValue='EXCELLENT'>WORKING</StringValue></CompetencyWeight>
</Competency>

<Competency oids='111_1 ' description='Held Position' auth='no' name='Stage'>
<CompetencyEvidence name='Extent of Experience' typeDescription='Extent of Experience' type='MONTH' lastUsed='2014'><NumericValue description='MONTH'>24</NumericValue></CompetencyEvidence>

<CompetencyWeight type='skillLevel'><NumericValue minValue='0' maxValue='100'>94</NumericValue></CompetencyWeight>

<CompetencyWeight type='skillProficiency'><StringValue minValue='BASIC' maxValue='EXCELLENT'>EXCELLENT</StringValue></CompetencyWeight>
</Competency>

<Competency oids='87_1_1 ' description='Held Position' auth='no' name='Sr. Quality Assurance Analyst'>
<CompetencyEvidence name='Extent of Experience' typeDescription='Extent of Experience' type='MONTH' lastUsed='2014'><NumericValue description='MONTH'>24</NumericValue></CompetencyEvidence>

<CompetencyWeight type='skillLevel'><NumericValue minValue='0' maxValue='100'>97</NumericValue></CompetencyWeight>

<CompetencyWeight type='skillProficiency'><StringValue minValue='BASIC' maxValue='EXCELLENT'>EXCELLENT</StringValue></CompetencyWeight>
</Competency>

<Competency oids='24_1 ' description='Held Position' auth='no' name='Software Quality Assurance'>
<CompetencyWeight type='skillLevel'><NumericValue minValue='0' maxValue='100'>13</NumericValue></CompetencyWeight>
</Competency>

<Competency oids='134_1 ' description='Held Position' auth='no' name='Salesman'>
<CompetencyEvidence name='Extent of Experience' typeDescription='Extent of Experience' type='MONTH' lastUsed='2010'><NumericValue description='MONTH'>32</NumericValue></CompetencyEvidence>

<CompetencyWeight type='skillLevel'><NumericValue minValue='0' maxValue='100'>52</NumericValue></CompetencyWeight>

<CompetencyWeight type='skillProficiency'><StringValue minValue='BASIC' maxValue='EXCELLENT'>WORKING</StringValue></CompetencyWeight>
</Competency>

<Competency oids='114_1 ' description='Held Position' auth='no' name='Quality Assurance Analyst'>
<CompetencyEvidence name='Extent of Experience' typeDescription='Extent of Experience' type='MONTH' lastUsed='2012'><NumericValue description='MONTH'>26</NumericValue></CompetencyEvidence>

<CompetencyWeight type='skillLevel'><NumericValue minValue='0' maxValue='100'>71</NumericValue></CompetencyWeight>

<CompetencyWeight type='skillProficiency'><StringValue minValue='BASIC' maxValue='EXCELLENT'>GOOD</StringValue></CompetencyWeight>
</Competency>

<Competency oids='32_1 ' description='Held Position' auth='no' name='Expert with complete AMDOCS'>
<CompetencyWeight type='skillLevel'><NumericValue minValue='0' maxValue='100'>13</NumericValue></CompetencyWeight>
</Competency>

<Competency oids='126_1 ' description='Held Position' auth='no' name='Expert'>
<CompetencyEvidence name='Extent of Experience' typeDescription='Extent of Experience' type='MONTH' lastUsed='2012'><NumericValue description='MONTH'>26</NumericValue></CompetencyEvidence>

<CompetencyWeight type='skillLevel'><NumericValue minValue='0' maxValue='100'>71</NumericValue></CompetencyWeight>

<CompetencyWeight type='skillProficiency'><StringValue minValue='BASIC' maxValue='EXCELLENT'>GOOD</StringValue></CompetencyWeight>
</Competency>

<Competency oids='84 ' description='Degree/Qualification' auth='no' name='Master&#39;s > Master&#39;s IT'>
<CompetencyEvidence name='Application' typeDescription='Application' type='IT'><StringValue>IT</StringValue></CompetencyEvidence>

<CompetencyEvidence typeDescription='Alias' name='Alias'><StringValue>EDUCATION: Master's in IT</StringValue></CompetencyEvidence>

<CompetencyWeight type='skillLevel'><NumericValue minValue='0' maxValue='100'>12</NumericValue></CompetencyWeight>
</Competency>

<Competency oids='81 ' description='Degree/Qualification > Professional' auth='no' name='IBM'>
<CompetencyWeight type='skillLevel'><NumericValue minValue='0' maxValue='100'>12</NumericValue></CompetencyWeight>
</Competency>

<Competency oids='85 ' description='Degree/Qualification' auth='yes' name='Bachelors Degree > Bachelors Degree Computer Science &#38; engineering'>
<CompetencyEvidence name='Application' typeDescription='Application' type='Computer Science &#38; engineering'><StringValue>Computer Science &#38; engineering</StringValue></CompetencyEvidence>

<CompetencyEvidence typeDescription='Alias' name='Alias'><StringValue>Bachelor in Computer Science &#38; engineering</StringValue></CompetencyEvidence>

<CompetencyWeight type='skillLevel'><NumericValue minValue='0' maxValue='100'>12</NumericValue></CompetencyWeight>
</Competency>

<Competency description='Industry' auth='yes' name='industry~it'>
<CompetencyEvidence name='skillCount' typeDescription='skillCount'><NumericValue>4</NumericValue></CompetencyEvidence>

<CompetencyWeight type='skillLevel'><NumericValue minValue='0' maxValue='100'>100</NumericValue></CompetencyWeight>
</Competency>























<RevisionDate id='1'>2014-06-09</RevisionDate>
</StructuredXMLResume>
<NonXMLResume>

<TextResume>



<span inprof='n' id='1' class='date'>{{DOCUMENT_DATESTAMP}} 2014-06-09 {{END_DOCUMENT_DATESTAMP}}</span> 

<span inprof='y' id='2' class='nominal'>Nand Rathour</span> - Senior <span inprof='y' id='3' class='sofwr'>Quality Assurance</span> Analyst &#38; Production Support
<span inprof='y' id='4' class='telephone'>617-963-8407 Ext 8507</span>
<span inprof='y' id='5' class='email'>ram@tanishasystems.com</span> - <span inprof='y' id='6' class='email'>email: ram@tanishasystems.com</span>

<span inprof='n' id='7' class='objectives-mark'>SUMMARY:</span>
*    <span inprof='y' id='8' class='skill'>Seven years of diversified experience</span> in testing and implementing software and <span inprof='y' id='9_1' class='role'>application Support/production</span> Support Tier 2 team. ; 
*    Specialized in <span inprof='y' id='10' class='skill'>user requirement analysis</span>, documenting test plans, execution of test cases to verify application functionality against business requirements, manually and by using <span inprof='y' id='11' class='sofwr'>Quick Test Pro</span>, <span inprof='y' id='12' class='sofwr'>Clear Quest</span>, and E-helpline. ; 
*    Expertise Includes: GUI Testing, <span inprof='y' id='13' class='skill'>Web Testing</span>, <span inprof='y' id='14' class='skill'>Functionality Testing</span>, <span inprof='y' id='15' class='sofwr'>Black Box Testing</span>, <span inprof='y' id='16' class='skill'>UI testing</span>, <span inprof='y' id='17' class='skill'>System testing</span>, <span inprof='y' id='18' class='sofwr'>Regression Testing</span>, <span inprof='y' id='19' class='skill'>User Acceptance Testing</span>, <span inprof='y' id='20' class='skill'>Integration Testing</span>, <span inprof='y' id='21' class='skill'>System Specifications Analysis</span> and formulation of Test Plan, <span inprof='y' id='22_1' class='role'>Application Support</span>, <span inprof='y' id='23' class='skill'>Triage</span>. ; 
*    Expertise in <span inprof='y' id='24_1' class='role'>Software Quality Assurance</span> <span inprof='y' id='25' class='sofwr'>(SQA)</span> of Web and ERP applications. ; 
*    AT&#38;T Bronze certified in Agile. ; 
*    Expertise in Unit, Regression, Integration and System, E2E Testing, <span inprof='y' id='26_1' class='role'>Application Support</span>. ; 
*    Experienced in Analyzing of Bug Severity, <span inprof='y' id='27' class='sofwr'>Bug Tracking system</span> and Bug Reporting ; 
*    Experience in using bug-reporting tools like Rational <span inprof='y' id='28' class='sofwr'>Clear Quest</span>, <span inprof='y' id='29' class='sofwr'>HP Quality Center</span> (HP QC) and ehelpline. ; 
*    Expertise in supporting Productions and UAT issues including, UAT catalog decoration and <span inprof='y' id='30' class='skill'>data preparation</span>. ; 
*    Expertise in developing Test Plans, Test Case, Test Scripts, Test Procedures and Testing Standards. ; 
*    Proficient in performing both Front-end and <span inprof='y' id='31' class='skill'>Backend manual testing</span>. ; 
*    Good understanding of software Testing Methodologies like AGILE (SCRUM), and Waterfall. ; 
*    <span inprof='y' id='32_1' class='role'>Expert with complete AMDOCS</span> Suite knowledge <span inprof='y' id='33' class='skill'>CRM</span>/ACS/OMS/Enabler/MTLG. ; 
*    Strong Experience in <span inprof='y' id='34' class='sofwr'>MS Office</span> (<span inprof='y' id='35' class='sofwr'>MS Word</span>, <span inprof='y' id='36' class='sofwr'>MS Access</span>, <span inprof='y' id='37' class='sofwr'>MS-Excel</span>, <span inprof='y' id='38' class='sofwr'>MS Front Page</span>). ; 
*    Used SOAPUI for <span inprof='y' id='39' class='skill'>defect analysis</span> as a part of integrated <span inprof='y' id='40' class='skill'>system testing</span>. ; 
*    Experience on large-scale <span inprof='y' id='41' class='sofwr'>relational database</span> environment ; 
*    <span inprof='y' id='42' class='sofwr'>Knowledge in SQL</span>/<span inprof='y' id='43' class='sofwr'>PLSQL</span>, <span inprof='y' id='44' class='sofwr'>SQL</span> <span inprof='y' id='45_1' class='role'>developer</span>, DB Viz, <span inprof='y' id='46' class='sofwr'>TOAD</span>. ; 
*    <span inprof='y' id='47' class='sofwr'>Proficient in ETL</span> testing as part of IST &#38; UAT ; 
*    Worked on SOAPUI for API call Testing.
*    Knowledge of SEI CMM levels.
*    Worked on Auto Spy Xml. ; 
*    Experience working with multi-tiered application ; 
*    Experience in working SOA architecture applications. ; 
*    Used <span inprof='y' id='48' class='sofwr'>UNIX server</span> for cart retrieval and logs fetch. ; 
*    Excellent Team player with concern for quality at all levels and ability to perform under stress. ; 
*    Experience in leading a team.

<span inprof='n' id='49' class='skills-qualif-mark'>SKILLS:</span>
Operating Systems:    <span inprof='y' id='50' class='sofwr'>UNIX</span>, <span inprof='y' id='51' class='sofwr'>AIX</span>, <span inprof='y' id='52' class='sofwr'>Windows NT</span>, and <span inprof='y' id='53' class='sofwr'>Windows 95 &#38; 98</span>, <span inprof='y' id='54' class='sofwr'>XP</span> &#38; <span inprof='y' id='55' class='sofwr'>2000</span>, <span inprof='y' id='56' class='sofwr'>MS-DOS</span>
<span inprof='n' id='57' class='skills-qualif-mark'>Languages:</span>
<span inprof='y' id='58' class='sofwr'>C</span>, <span inprof='y' id='59' class='sofwr'>SQL</span>, <span inprof='y' id='60' class='sofwr'>PL/SQL</span>, <span inprof='y' id='61' class='sofwr'>SQA Basic</span>, <span inprof='y' id='62' class='sofwr'>Pascal</span>, <span inprof='y' id='63' class='sofwr'>TSL</span>, <span inprof='y' id='64' class='sofwr'>Java</span>, <span inprof='y' id='65' class='sofwr'>EJB</span>, <span inprof='y' id='66' class='sofwr'>C++</span>, and <span inprof='y' id='67' class='sofwr'>VC++</span>
<span inprof='y' id='68' class='sofwr'>RDBMS</span>:        <span inprof='y' id='69' class='sofwr'>SQL</span>/<span inprof='y' id='70' class='sofwr'>PLSQL</span>, <span inprof='y' id='71' class='sofwr'>SQL</span> <span inprof='y' id='72_1' class='role'>developer</span>, DB Viz, <span inprof='y' id='73' class='sofwr'>TOAD</span>
<span inprof='y' id='74' class='sofwr'>GUI</span>:            <span inprof='y' id='75' class='sofwr'>Developer 2000</span> (Forms 4.5, Reports 2.5), <span inprof='y' id='76' class='sofwr'>Visual Basic</span>, and <span inprof='y' id='77' class='sofwr'>TOAD</span>
<span inprof='y' id='78' class='sofwr'>QA</span> Tools:    <span inprof='y' id='79' class='sofwr'>HP Quality Center</span> /<span inprof='n' id='80' class='nominal'>Jack Track</span>, <span inprof='y' id='81' class='qualif'>IBM</span> Rational <span inprof='y' id='82' class='sofwr'>Clear Quest</span>, <span inprof='y' id='83' class='sofwr'>QTP (Basic)</span>, E-Helpline (Wipro), SOD. Remedy.

<span inprof='y' id='84' class='qualif'>EDUCATION:
Master's in IT</span> and <span inprof='y' id='85' class='qualif'>Bachelor in Computer Science &#38; engineering</span>.

<span inprof='n' id='86' class='work-hist-mark'>EXPERIENCE:</span>


<span inprof='y' id='87_1_1' class='role'>Sr. Quality Assurance Analyst</span> &#38; <span inprof='y' id='87_1_2' class='role'>Application Support</span>
<span inprof='y' id='87_2' class='company'>AT&#38;T</span> -<span inprof='y' id='87_3' class='location'>Bothell</span>
<span inprof='y' id='87_4_1' class='date'>09/07/2012</span> -<span inprof='y' id='87_4_2' class='date'>Till date</span>
Project Description: <span inprof='y' id='88' class='skill'>Retail Testing</span> is a project where web applications which are used for <span inprof='y' id='89' class='skill'>retail outlet</span> are tested the various applications which are used like Opus, <span inprof='n' id='90' class='location'>Phoenix</span>, and System-X. My area of testing is System-X application.
Responsibilities:
*    <span inprof='y' id='91' class='skill'>Responsible for System X application Triage</span>. ; 
*    <span inprof='y' id='92_1' class='role'>Application Support</span> in <span inprof='n' id='93' class='company'>OMS-LIC System X</span> integration. ; 
*    Responsible for designing, developing test plans use cases and executing test scripts. ; 
*    Performed Integration, functional, Regression, and <span inprof='y' id='94' class='skill'>system testing</span>. ; 
*    Preparing System test Cases (Functional, Negative, Boundary, <span inprof='y' id='95' class='sofwr'>GUI</span>, Interface, Regression, Database saving) Using <span inprof='y' id='96' class='sofwr'>HP Quality Center</span> ; 
*    Web based application testing System-X (Call Centre application for <span inprof='y' id='97' class='company'>AT&#38;T</span>). ; 
*    Black Box and <span inprof='y' id='98' class='sofwr'>white Box testing</span> of the application ; 
*    Workaround/Defect management through share point. ; 
*    Production DB changes/updates for defect resolution. ; 
*    <span inprof='y' id='99' class='skill'>Data management</span> through DB Viz.<span inprof='y' id='100' class='sofwr'>SQL</span> and <span inprof='y' id='101' class='sofwr'>TOAD</span>. ; 
*    Verification &#38; Validation of End to End Scenarios of System-X. ; 
*    Data Modelling, Decoration UAT env's DB.
*    Worked on <span inprof='n' id='102' class='company'>OMS</span> 7.5 and 8.1
*    <span inprof='y' id='103' class='skill'>Test Planning</span>, Review participation.
*    <span inprof='y' id='104' class='skill'>Data support</span> for Production team.
*    <span inprof='y' id='105' class='skill'>Manage a team</span> of 2-3 resources. ; 
*    Defect reporting and tracking through ALMQC. ; 
*    <span inprof='y' id='106' class='sofwr'>AMDOCs</span> application Suite testing for <span inprof='n' id='107' class='company'>LIC System X</span>. ; 
*    AMDOC OMS/<span inprof='y' id='108' class='skill'>CRM</span> for <span inprof='y' id='109' class='skill'>Customer management</span> ordering process. ; 
*    Analysis, Reporting &#38; Verification of defects &#38; bugs. ; 
*    Creating the data set for execution of UAT and E2E Teams. ; 
*    Setup of catalog in the Data Base for test environments. ; 
*    Data Creation and <span inprof='y' id='110' class='sofwr'>Support in Amdocs</span> TLG for UAT/<span inprof='y' id='111_1' class='role'>Stage</span>. ; 
*    <span inprof='y' id='112' class='skill'>Staging Support</span> in catalog decoration.
*    Test environment tracking and management
*    <span inprof='y' id='113' class='sofwr'>UNIX</span> for log fetch.
*    SOAPUI for API Sanity Shakeout API testing

<span inprof='y' id='114_1' class='role'>Quality Assurance Analyst</span>
<span inprof='y' id='115' class='company'>AT&#38;T</span> -<span inprof='y' id='116' class='skill'>Offshore</span>
<span inprof='y' id='117_1' class='date'>04/14/2010</span> - <span inprof='y' id='117_2' class='date'>09/05/2012</span>
Project Description: <span inprof='y' id='118' class='skill'>Retail Testing</span> is a project where web applications which are used for <span inprof='y' id='119' class='skill'>retail outlet</span> are tested the various applications which are used like Opus, <span inprof='y' id='120' class='location'>Phoenix</span>, and System-X. My area of testing is System-X application.
Responsibilities:
    *    Developed and maintained test plans for each of the modules. ; 
    *    Executed Test Scripts ; 
    *    Performed both Automated &#38; <span inprof='y' id='121' class='sofwr'>Manual Testing</span> ; 
    *    Performed End-to-End UAT. ; 
    *    Involved in DATA WAREHOUSE testing using <span inprof='y' id='122' class='sofwr'>SQL Queries</span>. ; 
    *    Wrote SQL to validate or retrieve data and tested batch jobs. ; 
    *    Developed test processes, procedures and practices for testing. ; 
    *    Performed Formal, Integration, System, Regression, Performance and <span inprof='y' id='123' class='skill'>User Acceptance testing</span>. ; 
    *    Performing queries to the database using '<span inprof='y' id='124' class='sofwr'>SQL</span>' to check successful Transaction &#38; to create particular test cases ; 
    *    Analyzing the results and preparing the documentation. ; 
    *    <span inprof='y' id='125' class='skill'>Performed defect management</span> using ALMQC. ; 
    *    Implemented regression methodology over iterations. ; 
    *    <span inprof='y' id='126_1' class='role'>Expert</span> in <span inprof='y' id='127' class='skill'>Root cause analysis</span> of a defect. ; 
    *    Performed black box functional, data driven, database <span inprof='y' id='128' class='sofwr'>GUI</span> and cross browser testing. ; 
    *    Developed Test Scripts using Mercury Quick Test Pro. ; 
    *    Performed unit testing, <span inprof='y' id='129' class='sofwr'>white box testing</span>. ; 
    *    Verification &#38; Validation of End to End Scenarios of System-X. ; 
    *    Catalog for activation (Postpaid and Prepaid). ; 
    *    Data Team handling for system-X.
    *    Test data creation.
    *    <span inprof='y' id='130' class='sofwr'>IVR</span> &#38; <span inprof='y' id='131' class='sofwr'>CTI</span> process handling. ; 
    *    Responsible for resolving the application issues in predefined SLA. ; 
    *    Involve in <span inprof='y' id='132' class='skill'>Test case execution Planning</span>. ; 
    *    Analysis, Reporting &#38; Verification of defects &#38; bugs. ; 
    *    Creating the data set for execution of UAT and E2E Teams. ; 
    *    Setup of catalog in the Data Base for test environments. ; 
    *    Test environment Data base management. ; 
    *    Coordination with team in different time zones. ; 
    *    Quarterly review MIS report. ; 
    *    Create test data, and test conditions and coordinate with the database team for creation of testing database.


<span inprof='y' id='133_1_1' class='role'>QA Analyst</span> -<span inprof='y' id='133_1_2' class='role'>Team leader</span>
<span inprof='y' id='133_2' class='company'>ITC &#38; Uninor DMS</span> -<span inprof='y' id='133_3' class='location'>INDIA</span>
<span inprof='y' id='133_4_1' class='date'>07/16/2007</span> - <span inprof='y' id='133_4_2' class='date'>04/02/2010</span>
Project Description: Training on Uninor applications that for distributor, <span inprof='y' id='134_1' class='role'>Salesman</span>, Employees developed by <span inprof='n' id='135' class='company'>Wipro Limited</span>. ITC ,(<span inprof='y' id='136' class='skill'>Dealer Management</span> System Application) and Hand Held  Device as Vajra , complete ownership of delivery to end users
Responsibilities:
*    Reviewed Business requirement document and Functional Specifications document. ; 
*    Providing training to End Users. ; 
*    <span inprof='y' id='137' class='skill'>Responsible for Application operations</span> and MIS <span inprof='y' id='138' class='skill'>audit</span> ; 
*    Developing &#38; Delivering the <span inprof='y' id='139' class='skill'>MIS</span> to the business users ; 
*    Coordinating the training programs. ; 
*    Reporting the defects and issues in distributor application. ; 
*    MIS publication on weekly bases.
*    HH (Hand Held) devices live testing.
*    Application defect reporting and logging.
*    Post release testing. ; 
*    Responsible for resolving the application issues in predefined SLA. ; 
*    Application Provisioning Monitoring to ensure maximum uptime. ; 
*    Training of end user at various locations across <span inprof='n' id='140' class='location'>North India</span>. ; 
*    UAT (User acceptance team) participation. ; 
*    Centralized Service Desk issue reporting and coordinating for <span inprof='n' id='141' class='location'>North India</span>. ; 
*    Implementation of HH (Hand Held Device) across <span inprof='n' id='142' class='location'>North India</span>. ; 
*    Reporting of 15 resource team. ; 
*    Providing <span inprof='y' id='143' class='skill'>technical support</span> to resources and client. ; 
*    Monthly publication of MIS reports. ; 
*    Coordination with different teams at different location across <span inprof='y' id='144' class='location'>India</span>.

<span inprof='y' id='145_1_1' class='role'>QA Analyst</span>
<span inprof='y' id='145_2' class='company'>DOIT -INDIA</span>
<span inprof='y' id='145_3_1' class='date'>07/30/2007</span> - <span inprof='y' id='145_3_2' class='date'>12/30/2006</span>
Project Description: <span inprof='y' id='146' class='skill'>Quality assurance</span> and <span inprof='y' id='147' class='skill'>Support training</span> at <span inprof='n' id='148' class='educational'>Dept of information and technology</span>.

Responsibilities:
*    Reviewed Business requirement document and Functional Specifications document. ; 
*    Providing training to End Users.
*    Black and <span inprof='y' id='149' class='sofwr'>White Box testing</span>. ; 
*    <span inprof='y' id='150' class='skill'>Responsible for Application operations</span> and MIS <span inprof='y' id='151' class='skill'>audit</span> ; 
*    Developing &#38; Delivering the <span inprof='y' id='152' class='skill'>MIS</span> to the business users ; 
*    Coordinating the training programs. ; 
*    Understanding the Government model of working in DOIT.

</TextResume>

</NonXMLResume>



<UserArea>
<DaxResumeUserArea>
<AdditionalPersonalData>
<ExperienceSummary>
<TotalMonthsOfWorkExperience>76</TotalMonthsOfWorkExperience>
<TotalYearsOfWorkExperience>6</TotalYearsOfWorkExperience>
<TotalMonthsOfManagementWorkExperience>32</TotalMonthsOfManagementWorkExperience>
<TotalYearsOfManagementWorkExperience>2.6</TotalYearsOfManagementWorkExperience>
<TotalMonthsOfLowLevelManagementWorkExperience>32</TotalMonthsOfLowLevelManagementWorkExperience>
<TotalYearsOfLowLevelManagementWorkExperience>2.6</TotalYearsOfLowLevelManagementWorkExperience>
<ExecutiveBrief>Nand Rathour has been working in the IT  occupational sector for more than 6 years. Currently he is employed as a Sr. Quality Assurance Analyst/Application Support at AT&amp;T. Nand has extensive knowledge of SQL, TOAD, White-Box Testing, UNIX, Quality Assurance, Oracle PL/SQL, HP Quality Center, GUI Applications, Mercury Interactive Quicktest, Amdocs, Manual Testing, IVR, ETL, CTI. Nand has a considerable management experience (2.6 years).</ExecutiveBrief>
<ManagementRecord>Since 2007-07-16 for 32 months the candidate had experience at a lower grade management level working as a QA Analyst/Application Support at ITC &amp; Uninor DMS.
</ManagementRecord>
</ExperienceSummary>
</AdditionalPersonalData>
<ParserInfo>
<ParserConfiguration>{max_len=50000} {tel_flag=} {send_zip=} {fast_conv=} {DEF_LOCAL=} {sdate=0} {no_email_body=0} {do_clever_zoning=1} {keep_span=1} {complex=1} {accept_langs=} {not_accept_langs=} {prefer_lang_cv=EN} {pers_only=0} {turbo=0} {split_language=0} {picture=0} {picture_inline=0} {name_space=0} {charset=} {hrxml_upgrade_edu_hist=0}{hrxml_add_languages_section=0}{spool=} {docID=} {user=DEFAULT} </ParserConfiguration>
<ParserRelease>0.12.3.32629</ParserRelease>
<ParserReleaseDate>2014-06-18</ParserReleaseDate>
<ParserSchema>2.0.29</ParserSchema>
<ParserSchemaLocation>http://cvx.daxtra.com/cvts/xsd/candidate/2.0.29/Resume.xsd</ParserSchemaLocation>
<ConverterRelease>0.5.2.32629</ConverterRelease>
<ConverterReleaseDate>2014-06-18</ConverterReleaseDate>
</ParserInfo>
<FileStruct filename='/home/izoom/anazarov/grammar/analysis/3rconnect/doc/100_Resume-ApTask/Nand Rathour  Senior Quality Assurance Analyst  Production Support.docx'>

<attachment fname='Nand Rathour  Senior Quality Assurance Analyst  Production Support.docx' ftype='docx' conv='yes' doc_type='cv' lang='EN'>/home/izoom/anazarov/grammar/analysis/3rconnect/doc/100_Resume-ApTask/Nand Rathour  Senior Quality Assurance Analyst  Production Support.docx</attachment>


</FileStruct>
</DaxResumeUserArea>
</UserArea>
</Resume>
