<?xml version='1.0' encoding='ISO-8859-1'?>
<Resume lang='en' src='DAXTRA-CVX schema:2.0.29 release:0.12.3.32629 rdate:2014-06-18'>
<StructuredXMLResume>
<ContactInfo>
<PersonName id='1'>
<FormattedName>Krishna Mohan Rao Dontineni</FormattedName>
<GivenName>Krishna</GivenName>
<MiddleName>Mohan</MiddleName>
<MiddleName>Rao</MiddleName>
<FamilyName>Dontineni</FamilyName>
<sex>Male</sex>
</PersonName>
<ContactMethod>
<Telephone id='2' type='home'>
<InternationalCountryCode>1</InternationalCountryCode>
<SubscriberNumber>409 365-4818</SubscriberNumber>
<FormattedNumber>+1 409 365-4818</FormattedNumber></Telephone>

<InternetEmailAddress id='3' type='main'>Krishna07514@gmail.com</InternetEmailAddress>
<PostalAddress id='2' type='main'>
<CountryCode>US</CountryCode>
<PostalCode>68154</PostalCode>
<Region>NE</Region>
<Municipality>Omaha</Municipality>
<DeliveryAddress>
<AddressLine>11322 Franklin Plaza, Apt #918</AddressLine>
<StreetName>Franklin Plaza</StreetName>
<BuildingNumber>11322</BuildingNumber>
<Unit>Apt #918</Unit>
</DeliveryAddress>

</PostalAddress>
</ContactMethod>
</ContactInfo>


<EmploymentHistory>
<EmployerOrg employerOrgType='soleEmployer'>
<EmployerOrgName id='28_2'>First National Bank</EmployerOrgName>
<EmployerContactInfo>
<LocationSummary id='28_3'>
<Municipality>Omaha</Municipality>
<Region>NE</Region>
<CountryCode>US</CountryCode>
</LocationSummary>
</EmployerContactInfo>
<PositionHistory>
<Title id='28_1_1'>Jr. Systems Engineer</Title>
<OrgName id='28_2'>First National Bank</OrgName>



<Description>*    Experience building servers (Virtual machines, Blade &#38; Rack Servers) according to organization requirements and user specifications. ; 
    *    Upgraded ESXi 4.1 to 5.0 and also from ESXi 5.0 to 5.1 on servers using update manager. ; 
    *    Experience on Host Profiles, Distributed Switch, DRS, VMotion, SV-Motion, Resource pools, permissions, Patches, Snapshots, Tools Upgrade, disk expansions, Templates &#38; RDM. ; 
    *    Experience with Windows Server 2008 R2/2012 R2 server operating system, installing it on virtual machines, rack servers and blade servers. ; 
    *    Built organization template for windows 2012 R2 OS with all the settings needed for the environment. ; 
    *    Experience working on Active Directory, DHCP &#38; DNS servers. Installed several roles and features. ; 
    *    Experience demoting Active Directory, uninstalled sccm, deleted DHCP scopes, DNS from remote location. ; 
    *    Experience installing IIS, Print server roles and features required, adding users and computers in AD. ; 
    *    Successfully converted physical servers to virtual servers (P2V migration) using VMware convertor. ; 
    *    Experience building SQL server, Print servers and assigning permissions to users. ; 
    *    Managed Virtual Machines, Installing VMware Tools, Creating Templates, Cloning, Deploy Virtual Machines using Templates, Converting Physical to Virtual Machines. ; 
    *    Experience building desktops using Citrix and also experience working with Citrix XenCenter. ; 
    *    Experience writing documentation for building file/print servers and also for other tasks. ; 
    *    Experience adding Datastores, Standard and Distributed Switches to the vCenter. ; 
    *    Done Nic-teaming, configured Pagefile on server and updated patches using WSUS. ; 
    *    Experience updating vlans, IP's, DNS and domains on servers. ; 
    *    Experience running PowerShell scripts for performing QA (Quality Analysis) of servers. ; 
    *    Experience with HP onboard administrator, upgraded RAM and firmware on HP servers. ; 
    *    Deployed OVF's and OVA's, Experience rising Tickets with HP to solve server issues. ; 
    *    Administration of environment running ESX/ESXi Hosts and Virtual Machines. ; 
    *    Experience solving various issues, requests for new Lun's, vlan's and switchs, handling tickets using Jira and AVAMAR backup tool.</Description>
<StartDate id='28_4_1'><YearMonth>2013-09</YearMonth></StartDate>
<EndDate id='28_4_2'>notApplicable</EndDate>



<JobLevelInfo>
<JobGrade>joblevel-nonmanager-low</JobGrade>
</JobLevelInfo>

<JobCategory>
<TaxonomyName>JOBAREA</TaxonomyName>
<CategoryCode>it</CategoryCode>
</JobCategory>


<UserArea>
<DaxPositionHistoryUserArea>
<TLSPAN first_id='28' last_id='52' border_id='53'></TLSPAN>
<MonthsOfWork>8</MonthsOfWork>
</DaxPositionHistoryUserArea>
</UserArea>
</PositionHistory>
</EmployerOrg>

<EmployerOrg employerOrgType='soleEmployer'>
<EmployerOrgName id='53_2'>Dakota State University</EmployerOrgName>
<EmployerContactInfo>
<LocationSummary id='53_3'>
<Municipality>Madison</Municipality>
<Region>SD</Region>
<CountryCode>US</CountryCode>
</LocationSummary>
</EmployerContactInfo>
<PositionHistory positionType='PERMANENT'>
<Title id='53_1_1'>Graduate Assistant</Title>
<OrgName id='53_2'>Dakota State University</OrgName>



<Description>*    Experience installing ESXi 5.0 on cisco and HP blade servers. ; 
    *    Done P2V and V2V migrations, Upgraded vSphere, ESXi and View from 5.0 to 5.1. ; 
    *    Implemented advanced features like v/svMotion, DRS, Snapshots, HA, FT. ; 
    *    Experience on Host profiles, Distributed Switch, Resource pools, Permissions, Patches, Tools upgrade, Disk expansions, Templates. ; 
    *    Upgraded servers from vSphere 5.0 to 5.1, View 5.0 to 5.1 and also VM's using update manager. ; 
    *    Experience deploying VMware View 5, ThinApp 4.6/4.7 environment. ; 
    *    Created base images, pools and deployed virtual desktops for all departments based on requirement. ; 
    *    Experience on Cisco UCS, Veeam backup and Solar wind monitoring tools. ; 
    *    Administration of Cisco and HP Chassis, created service templates and troubleshooting of issues. ; 
    *    Experience in installing &#38; Administration of Microsoft Active Directory 2003/2008/2008R2 server OS. ; 
    *    Created Group Policies, Parent-Child domains, 1/2 way Trusts, DHCP scopes. ; 
    *    Experience installing AD, DHCP, DNS, IIS, FTP, IIS roles and features like .Net framework, Multipath I/O, SNMP services, Telnet Client and WinRM. ; 
    *    Experience on failover clusters to provide high availability of applications. ; 
    *    Configured failover clustering, ODBC connections and also done documentation. ; 
    *    Experience with Microsoft exchange, SharePoint, IIS and SCCM and configured remote domain controller.</Description>
<StartDate id='53_4_1'><YearMonth>2012-01</YearMonth></StartDate>
<EndDate id='53_4_2'><YearMonth>2013-05</YearMonth></EndDate>



<JobLevelInfo>
<JobGrade>joblevel-entry</JobGrade>
</JobLevelInfo>

<JobCategory>
<TaxonomyName>JOBAREA</TaxonomyName>
<CategoryCode>it</CategoryCode>
</JobCategory>


<UserArea>
<DaxPositionHistoryUserArea>
<TLSPAN first_id='53' last_id='75' border_id='76'></TLSPAN>
<MonthsOfWork>17</MonthsOfWork>
</DaxPositionHistoryUserArea>
</UserArea>
</PositionHistory>
</EmployerOrg>

<EmployerOrg employerOrgType='soleEmployer'>
<EmployerOrgName id='76_2'>Saha Software Solutions</EmployerOrgName>
<EmployerContactInfo>
<LocationSummary id='76_3'>
<Municipality>Hyderabad</Municipality>
<Region>Andhra Pradesh</Region>
<CountryCode>IN</CountryCode>
</LocationSummary>
</EmployerContactInfo>
<PositionHistory positionType='CONTRACT'>
<Title id='76_1_1'>Intern</Title>
<OrgName id='76_2'>Saha Software Solutions</OrgName>



<Description>*    Experience on Installing ESX/ESXi 4.0/4.1 on blade servers. ; 
    *    Experience managing Virtual machines, Installing VMware tools, Creating Templates, Cloning, Deploy Virtual machines using Templates. ; 
    *    Experience on High Availability, DRS, vMotion and done P2V conversions using VMware Converter. ; 
    *    Deployed Virtual machines, Created Templates, done P2V migrations and troubleshoot Issues. ; 
    *    Experience on installing Windows 2003/2008/2008 R2 server OS and AD-DS, DNS, DHCP roles. ; 
    *    Configured Group policies, created groups in AD, Added users and Computers. ; 
    *    Experience on Testing and implementation of Group Policies, ODBC connections and Troubleshooting issues. ; 
    *    Worked closely with storage and Networking teams to manage the allocated EMC SAN, Fiber and Networking infrastructure.</Description>
<StartDate id='76_4_1'><YearMonth>2010-05</YearMonth></StartDate>
<EndDate id='76_4_2'><YearMonth>2010-07</YearMonth></EndDate>




<JobCategory>
<TaxonomyName>JOBAREA</TaxonomyName>
<CategoryCode>it</CategoryCode>
</JobCategory>


<UserArea>
<DaxPositionHistoryUserArea>
<TLSPAN first_id='76' last_id='87' border_id='0'></TLSPAN>
<MonthsOfWork>3</MonthsOfWork>
</DaxPositionHistoryUserArea>
</UserArea>
</PositionHistory>
</EmployerOrg>

</EmploymentHistory>
<EducationHistory>
<SchoolOrInstitution schoolType='university'>
<SchoolName id='21_2'>Dakota State University</SchoolName>
<LocationSummary id='21_3'>
<Municipality>Madison</Municipality>
<Region>SD</Region>
<CountryCode>US</CountryCode>
</LocationSummary>


<Degree degreeType='masters'>
<DegreeName id='21_1'>Masters</DegreeName>
<DegreeDate id='21_4'><YearMonth>2013-12</YearMonth></DegreeDate>
</Degree>




<Comments>Master of Science in Information Systems    GPA: 3.9 ,</Comments>
</SchoolOrInstitution>

<SchoolOrInstitution schoolType='college'>




<Degree degreeType='certification'>
<DegreeName id='25'>Certified Technical Solutions Professional</DegreeName>
<DegreeDate id='26'><YearMonth>2013-06</YearMonth></DegreeDate>
</Degree>





</SchoolOrInstitution>

<SchoolOrInstitution schoolType='university'>
<SchoolName id='23_2'>Jawaharlal Nehru Technological University</SchoolName>
<LocationSummary id='23_3'>
<Municipality>Hyderabad</Municipality>
<Region>Andhra Pradesh</Region>
<CountryCode>IN</CountryCode>
</LocationSummary>


<Degree degreeType='bachelors'>
<DegreeName id='23_1'>Bachelors Degree</DegreeName>
<DegreeDate id='23_4'><YearMonth>2011-05</YearMonth></DegreeDate>
</Degree>




<Comments>Bachelors in Computer Science &#38; Engineering    GPA: 3.6</Comments>
</SchoolOrInstitution>

</EducationHistory>











<Competency oids='14 33 36 63 65 85 ' description='Skill > IT' auth='yes' name='Dynamic Host Control protocol'>
<CompetencyEvidence name='Extent of Experience' typeDescription='Extent of Experience' type='MONTH' lastUsed='2014'><NumericValue description='MONTH'>28</NumericValue></CompetencyEvidence>

<CompetencyEvidence typeDescription='Alias' name='Alias'><StringValue>DHCP</StringValue></CompetencyEvidence>

<CompetencyWeight type='skillLevel'><NumericValue minValue='0' maxValue='100'>98</NumericValue></CompetencyWeight>

<CompetencyWeight type='skillProficiency'><StringValue minValue='BASIC' maxValue='EXCELLENT'>EXCELLENT</StringValue></CompetencyWeight>
</Competency>

<Competency oids='15 34 37 49 66 84 ' description='Skill > IT' auth='yes' name='Domain Name Server Protocol'>
<CompetencyEvidence name='Extent of Experience' typeDescription='Extent of Experience' type='MONTH' lastUsed='2014'><NumericValue description='MONTH'>28</NumericValue></CompetencyEvidence>

<CompetencyEvidence typeDescription='Alias' name='Alias'><StringValue>DNS</StringValue></CompetencyEvidence>

<CompetencyWeight type='skillLevel'><NumericValue minValue='0' maxValue='100'>97</NumericValue></CompetencyWeight>

<CompetencyWeight type='skillProficiency'><StringValue minValue='BASIC' maxValue='EXCELLENT'>EXCELLENT</StringValue></CompetencyWeight>
</Competency>

<Competency oids='40 43 77 79 ' description='Skill > IT' auth='yes' name='VMware'>
<CompetencyEvidence name='Extent of Experience' typeDescription='Extent of Experience' type='MONTH' lastUsed='2014'><NumericValue description='MONTH'>11</NumericValue></CompetencyEvidence>

<CompetencyEvidence name='Application' typeDescription='Application' type='Installing'><StringValue>Installing</StringValue></CompetencyEvidence>

<CompetencyEvidence typeDescription='Alias' name='Alias'><StringValue>Installing VMware</StringValue></CompetencyEvidence>

<CompetencyWeight type='skillLevel'><NumericValue minValue='0' maxValue='100'>91</NumericValue></CompetencyWeight>

<CompetencyWeight type='skillProficiency'><StringValue minValue='BASIC' maxValue='EXCELLENT'>EXCELLENT</StringValue></CompetencyWeight>
</Competency>

<Competency oids='16 38 67 69 75 ' description='Skill > IT' auth='yes' name='Microsoft Internet Information Server'>
<CompetencyEvidence name='Extent of Experience' typeDescription='Extent of Experience' type='MONTH' lastUsed='2014'><NumericValue description='MONTH'>25</NumericValue></CompetencyEvidence>

<CompetencyEvidence typeDescription='Alias' name='Alias'><StringValue>IIS</StringValue></CompetencyEvidence>

<CompetencyWeight type='skillLevel'><NumericValue minValue='0' maxValue='100'>96</NumericValue></CompetencyWeight>

<CompetencyWeight type='skillProficiency'><StringValue minValue='BASIC' maxValue='EXCELLENT'>EXCELLENT</StringValue></CompetencyWeight>
</Competency>

<Competency oids='32 35 58 60 ' description='Skill > IT' auth='yes' name='Active Directory'>
<CompetencyEvidence name='Extent of Experience' typeDescription='Extent of Experience' type='MONTH' lastUsed='2014'><NumericValue description='MONTH'>25</NumericValue></CompetencyEvidence>

<CompetencyEvidence name='Application' typeDescription='Application' type='installing'><StringValue>installing</StringValue></CompetencyEvidence>

<CompetencyEvidence name='Application' typeDescription='Application' type='Administration'><StringValue>Administration</StringValue></CompetencyEvidence>

<CompetencyEvidence typeDescription='Alias' name='Alias'><StringValue>installing &#38; Administration of Microsoft Active Directory</StringValue></CompetencyEvidence>

<CompetencyEvidence typeDescription='Alias' name='Alias'><StringValue>2008</StringValue></CompetencyEvidence>

<CompetencyWeight type='skillLevel'><NumericValue minValue='0' maxValue='100'>99</NumericValue></CompetencyWeight>

<CompetencyWeight type='skillProficiency'><StringValue minValue='BASIC' maxValue='EXCELLENT'>EXCELLENT</StringValue></CompetencyWeight>
</Competency>

<Competency oids='19 72 87 ' description='Skill > IT' auth='yes' name='ODBC'>
<CompetencyEvidence name='Extent of Experience' typeDescription='Extent of Experience' type='MONTH' lastUsed='2013'><NumericValue description='MONTH'>20</NumericValue></CompetencyEvidence>

<CompetencyWeight type='skillLevel'><NumericValue minValue='0' maxValue='100'>85</NumericValue></CompetencyWeight>

<CompetencyWeight type='skillProficiency'><StringValue minValue='BASIC' maxValue='EXCELLENT'>EXCELLENT</StringValue></CompetencyWeight>
</Competency>

<Competency oids='11 81 90 ' description='Skill > IT' auth='yes' name='Microsoft Windows 2008 Server'>
<CompetencyEvidence name='Extent of Experience' typeDescription='Extent of Experience' type='MONTH' lastUsed='2010'><NumericValue description='MONTH'>3</NumericValue></CompetencyEvidence>

<CompetencyEvidence typeDescription='Alias' name='Alias'><StringValue>2008</StringValue></CompetencyEvidence>

<CompetencyWeight type='skillLevel'><NumericValue minValue='0' maxValue='100'>46</NumericValue></CompetencyWeight>

<CompetencyWeight type='skillProficiency'><StringValue minValue='BASIC' maxValue='EXCELLENT'>WORKING</StringValue></CompetencyWeight>
</Competency>

<Competency oids='10 80 89 ' description='Skill > IT' auth='yes' name='Microsoft Windows 2003 Server'>
<CompetencyEvidence name='Extent of Experience' typeDescription='Extent of Experience' type='MONTH' lastUsed='2010'><NumericValue description='MONTH'>3</NumericValue></CompetencyEvidence>

<CompetencyEvidence name='Application' typeDescription='Application' type='installing'><StringValue>installing</StringValue></CompetencyEvidence>

<CompetencyEvidence typeDescription='Alias' name='Alias'><StringValue>Windows 2003</StringValue></CompetencyEvidence>

<CompetencyEvidence typeDescription='Alias' name='Alias'><StringValue>installing Windows 2003</StringValue></CompetencyEvidence>

<CompetencyWeight type='skillLevel'><NumericValue minValue='0' maxValue='100'>46</NumericValue></CompetencyWeight>

<CompetencyWeight type='skillProficiency'><StringValue minValue='BASIC' maxValue='EXCELLENT'>WORKING</StringValue></CompetencyWeight>
</Competency>

<Competency oids='44 45 88 ' description='Skill > IT' auth='yes' name='Citrix Winframe'>
<CompetencyEvidence name='Extent of Experience' typeDescription='Extent of Experience' type='MONTH' lastUsed='2014'><NumericValue description='MONTH'>8</NumericValue></CompetencyEvidence>

<CompetencyEvidence typeDescription='Alias' name='Alias'><StringValue>Citrix</StringValue></CompetencyEvidence>

<CompetencyEvidence typeDescription='Alias' name='Alias'><StringValue>working with Citrix</StringValue></CompetencyEvidence>

<CompetencyWeight type='skillLevel'><NumericValue minValue='0' maxValue='100'>64</NumericValue></CompetencyWeight>

<CompetencyWeight type='skillProficiency'><StringValue minValue='BASIC' maxValue='EXCELLENT'>GOOD</StringValue></CompetencyWeight>
</Competency>

<Competency oids='82 91 ' description='Skill > IT' auth='no' name='Windows 2008 R2'>
<CompetencyEvidence name='Extent of Experience' typeDescription='Extent of Experience' type='MONTH' lastUsed='2010'><NumericValue description='MONTH'>3</NumericValue></CompetencyEvidence>

<CompetencyEvidence typeDescription='Alias' name='Alias'><StringValue>2008 R2</StringValue></CompetencyEvidence>

<CompetencyWeight type='skillLevel'><NumericValue minValue='0' maxValue='100'>45</NumericValue></CompetencyWeight>

<CompetencyWeight type='skillProficiency'><StringValue minValue='BASIC' maxValue='EXCELLENT'>WORKING</StringValue></CompetencyWeight>
</Competency>

<Competency oids='39 42 ' description='Skill > IT' auth='yes' name='PRINT'>
<CompetencyEvidence name='Extent of Experience' typeDescription='Extent of Experience' type='MONTH' lastUsed='2014'><NumericValue description='MONTH'>8</NumericValue></CompetencyEvidence>

<CompetencyEvidence typeDescription='Alias' name='Alias'><StringValue>Print server</StringValue></CompetencyEvidence>

<CompetencyWeight type='skillLevel'><NumericValue minValue='0' maxValue='100'>91</NumericValue></CompetencyWeight>

<CompetencyWeight type='skillProficiency'><StringValue minValue='BASIC' maxValue='EXCELLENT'>EXCELLENT</StringValue></CompetencyWeight>
</Competency>

<Competency oids='17 73 ' description='Skill > IT' auth='yes' name='Microsoft Exchange Server'>
<CompetencyEvidence name='Extent of Experience' typeDescription='Extent of Experience' type='MONTH' lastUsed='2013'><NumericValue description='MONTH'>17</NumericValue></CompetencyEvidence>

<CompetencyEvidence typeDescription='Alias' name='Alias'><StringValue>Exchange</StringValue></CompetencyEvidence>

<CompetencyEvidence typeDescription='Alias' name='Alias'><StringValue>Microsoft exchange</StringValue></CompetencyEvidence>

<CompetencyWeight type='skillLevel'><NumericValue minValue='0' maxValue='100'>84</NumericValue></CompetencyWeight>

<CompetencyWeight type='skillProficiency'><StringValue minValue='BASIC' maxValue='EXCELLENT'>EXCELLENT</StringValue></CompetencyWeight>
</Competency>

<Competency oids='13 64 ' description='Skill > IT' auth='yes' name='AD'>
<CompetencyEvidence name='Extent of Experience' typeDescription='Extent of Experience' type='MONTH' lastUsed='2013'><NumericValue description='MONTH'>17</NumericValue></CompetencyEvidence>

<CompetencyEvidence name='Application' typeDescription='Application' type='installing'><StringValue>installing</StringValue></CompetencyEvidence>

<CompetencyEvidence typeDescription='Alias' name='Alias'><StringValue>installing AD</StringValue></CompetencyEvidence>

<CompetencyWeight type='skillLevel'><NumericValue minValue='0' maxValue='100'>84</NumericValue></CompetencyWeight>

<CompetencyWeight type='skillProficiency'><StringValue minValue='BASIC' maxValue='EXCELLENT'>EXCELLENT</StringValue></CompetencyWeight>
</Competency>

<Competency oids='9 ' description='Skill' auth='no' name='chassis administration'>
<CompetencyWeight type='skillLevel'><NumericValue minValue='0' maxValue='100'>13</NumericValue></CompetencyWeight>
</Competency>

<Competency oids='99 ' description='Skill > IT' auth='yes' name='XML'>
<CompetencyWeight type='skillLevel'><NumericValue minValue='0' maxValue='100'>13</NumericValue></CompetencyWeight>
</Competency>

<Competency oids='30 ' description='Skill > IT' auth='no' name='Windows Server 2008 R2'>
<CompetencyEvidence name='Extent of Experience' typeDescription='Extent of Experience' type='MONTH' lastUsed='2014'><NumericValue description='MONTH'>8</NumericValue></CompetencyEvidence>

<CompetencyWeight type='skillLevel'><NumericValue minValue='0' maxValue='100'>96</NumericValue></CompetencyWeight>

<CompetencyWeight type='skillProficiency'><StringValue minValue='BASIC' maxValue='EXCELLENT'>EXCELLENT</StringValue></CompetencyWeight>
</Competency>

<Competency oids='71 ' description='Skill > IT' auth='yes' name='SNMP'>
<CompetencyEvidence name='Extent of Experience' typeDescription='Extent of Experience' type='MONTH' lastUsed='2013'><NumericValue description='MONTH'>17</NumericValue></CompetencyEvidence>

<CompetencyWeight type='skillLevel'><NumericValue minValue='0' maxValue='100'>84</NumericValue></CompetencyWeight>

<CompetencyWeight type='skillProficiency'><StringValue minValue='BASIC' maxValue='EXCELLENT'>EXCELLENT</StringValue></CompetencyWeight>
</Competency>

<Competency oids='103 ' description='Skill > IT' auth='yes' name='Rational Rose'>
<CompetencyWeight type='skillLevel'><NumericValue minValue='0' maxValue='100'>13</NumericValue></CompetencyWeight>
</Competency>

<Competency oids='101 ' description='Skill > IT' auth='no' name='Murex MXML'>
<CompetencyEvidence typeDescription='Alias' name='Alias'><StringValue>MXML</StringValue></CompetencyEvidence>

<CompetencyWeight type='skillLevel'><NumericValue minValue='0' maxValue='100'>13</NumericValue></CompetencyWeight>
</Competency>

<Competency oids='94 ' description='Skill > IT' auth='yes' name='Microsoft Windows XP'>
<CompetencyEvidence typeDescription='Alias' name='Alias'><StringValue>XP</StringValue></CompetencyEvidence>

<CompetencyWeight type='skillLevel'><NumericValue minValue='0' maxValue='100'>13</NumericValue></CompetencyWeight>
</Competency>

<Competency oids='93 ' description='Skill > IT' auth='yes' name='Microsoft Windows Vista'>
<CompetencyEvidence typeDescription='Alias' name='Alias'><StringValue>Vista</StringValue></CompetencyEvidence>

<CompetencyWeight type='skillLevel'><NumericValue minValue='0' maxValue='100'>13</NumericValue></CompetencyWeight>
</Competency>

<Competency oids='46 ' description='Skill > IT' auth='yes' name='Microsoft Windows Server Update Services'>
<CompetencyEvidence name='Extent of Experience' typeDescription='Extent of Experience' type='MONTH' lastUsed='2014'><NumericValue description='MONTH'>8</NumericValue></CompetencyEvidence>

<CompetencyEvidence typeDescription='Alias' name='Alias'><StringValue>WSUS</StringValue></CompetencyEvidence>

<CompetencyWeight type='skillLevel'><NumericValue minValue='0' maxValue='100'>91</NumericValue></CompetencyWeight>

<CompetencyWeight type='skillProficiency'><StringValue minValue='BASIC' maxValue='EXCELLENT'>EXCELLENT</StringValue></CompetencyWeight>
</Competency>

<Competency oids='92 ' description='Skill > IT' auth='yes' name='Microsoft Windows 7'>
<CompetencyEvidence typeDescription='Alias' name='Alias'><StringValue>Win 7</StringValue></CompetencyEvidence>

<CompetencyWeight type='skillLevel'><NumericValue minValue='0' maxValue='100'>13</NumericValue></CompetencyWeight>
</Competency>

<Competency oids='39 ' description='Skill > IT' auth='yes' name='Microsoft Windows 2000 Server'>
<CompetencyEvidence name='Extent of Experience' typeDescription='Extent of Experience' type='MONTH' lastUsed='2014'><NumericValue description='MONTH'>8</NumericValue></CompetencyEvidence>

<CompetencyEvidence typeDescription='Alias' name='Alias'><StringValue>Print server</StringValue></CompetencyEvidence>

<CompetencyWeight type='skillLevel'><NumericValue minValue='0' maxValue='100'>91</NumericValue></CompetencyWeight>

<CompetencyWeight type='skillProficiency'><StringValue minValue='BASIC' maxValue='EXCELLENT'>EXCELLENT</StringValue></CompetencyWeight>
</Competency>

<Competency oids='18 ' description='Skill > IT' auth='yes' name='Microsoft Windows'>
<CompetencyEvidence typeDescription='Alias' name='Alias'><StringValue>Windows</StringValue></CompetencyEvidence>

<CompetencyWeight type='skillLevel'><NumericValue minValue='0' maxValue='100'>13</NumericValue></CompetencyWeight>
</Competency>

<Competency oids='74 ' description='Skill > IT' auth='yes' name='Microsoft SharePoint'>
<CompetencyEvidence name='Extent of Experience' typeDescription='Extent of Experience' type='MONTH' lastUsed='2013'><NumericValue description='MONTH'>17</NumericValue></CompetencyEvidence>

<CompetencyEvidence typeDescription='Alias' name='Alias'><StringValue>SharePoint</StringValue></CompetencyEvidence>

<CompetencyWeight type='skillLevel'><NumericValue minValue='0' maxValue='100'>84</NumericValue></CompetencyWeight>

<CompetencyWeight type='skillProficiency'><StringValue minValue='BASIC' maxValue='EXCELLENT'>EXCELLENT</StringValue></CompetencyWeight>
</Competency>

<Competency oids='41 ' description='Skill > IT' auth='yes' name='Microsoft SQL Server'>
<CompetencyEvidence name='Extent of Experience' typeDescription='Extent of Experience' type='MONTH' lastUsed='2014'><NumericValue description='MONTH'>8</NumericValue></CompetencyEvidence>

<CompetencyEvidence typeDescription='Alias' name='Alias'><StringValue>SQL server</StringValue></CompetencyEvidence>

<CompetencyWeight type='skillLevel'><NumericValue minValue='0' maxValue='100'>91</NumericValue></CompetencyWeight>

<CompetencyWeight type='skillProficiency'><StringValue minValue='BASIC' maxValue='EXCELLENT'>EXCELLENT</StringValue></CompetencyWeight>
</Competency>

<Competency oids='102 ' description='Skill > IT' auth='yes' name='Microsoft Office'>
<CompetencyEvidence typeDescription='Alias' name='Alias'><StringValue>MS office</StringValue></CompetencyEvidence>

<CompetencyWeight type='skillLevel'><NumericValue minValue='0' maxValue='100'>13</NumericValue></CompetencyWeight>
</Competency>

<Competency oids='70 ' description='Skill > IT' auth='yes' name='Microsoft .NET Technology'>
<CompetencyEvidence name='Extent of Experience' typeDescription='Extent of Experience' type='MONTH' lastUsed='2013'><NumericValue description='MONTH'>17</NumericValue></CompetencyEvidence>

<CompetencyEvidence typeDescription='Alias' name='Alias'><StringValue>.Net framework</StringValue></CompetencyEvidence>

<CompetencyWeight type='skillLevel'><NumericValue minValue='0' maxValue='100'>84</NumericValue></CompetencyWeight>

<CompetencyWeight type='skillProficiency'><StringValue minValue='BASIC' maxValue='EXCELLENT'>EXCELLENT</StringValue></CompetencyWeight>
</Competency>

<Competency oids='47 ' description='Skill > IT' auth='yes' name='LAN/WAN > VLAN'>
<CompetencyEvidence name='Extent of Experience' typeDescription='Extent of Experience' type='MONTH' lastUsed='2014'><NumericValue description='MONTH'>8</NumericValue></CompetencyEvidence>

<CompetencyEvidence typeDescription='Alias' name='Alias'><StringValue>vlans</StringValue></CompetencyEvidence>

<CompetencyWeight type='skillLevel'><NumericValue minValue='0' maxValue='100'>91</NumericValue></CompetencyWeight>

<CompetencyWeight type='skillProficiency'><StringValue minValue='BASIC' maxValue='EXCELLENT'>EXCELLENT</StringValue></CompetencyWeight>
</Competency>

<Competency oids='98 ' description='Skill > IT' auth='yes' name='Java'>
<CompetencyWeight type='skillLevel'><NumericValue minValue='0' maxValue='100'>13</NumericValue></CompetencyWeight>
</Competency>

<Competency oids='48 ' description='Skill > IT' auth='yes' name='IP'>
<CompetencyEvidence name='Extent of Experience' typeDescription='Extent of Experience' type='MONTH' lastUsed='2014'><NumericValue description='MONTH'>8</NumericValue></CompetencyEvidence>

<CompetencyWeight type='skillLevel'><NumericValue minValue='0' maxValue='100'>91</NumericValue></CompetencyWeight>

<CompetencyWeight type='skillProficiency'><StringValue minValue='BASIC' maxValue='EXCELLENT'>EXCELLENT</StringValue></CompetencyWeight>
</Competency>

<Competency oids='31 ' description='Skill > IT' auth='yes' name='IBM OS/2'>
<CompetencyEvidence name='Extent of Experience' typeDescription='Extent of Experience' type='MONTH' lastUsed='2014'><NumericValue description='MONTH'>8</NumericValue></CompetencyEvidence>

<CompetencyEvidence typeDescription='Alias' name='Alias'><StringValue>OS</StringValue></CompetencyEvidence>

<CompetencyWeight type='skillLevel'><NumericValue minValue='0' maxValue='100'>95</NumericValue></CompetencyWeight>

<CompetencyWeight type='skillProficiency'><StringValue minValue='BASIC' maxValue='EXCELLENT'>EXCELLENT</StringValue></CompetencyWeight>
</Competency>

<Competency oids='78 ' description='Skill > IT' auth='yes' name='High Availability'>
<CompetencyEvidence name='Extent of Experience' typeDescription='Extent of Experience' type='MONTH' lastUsed='2010'><NumericValue description='MONTH'>3</NumericValue></CompetencyEvidence>

<CompetencyWeight type='skillLevel'><NumericValue minValue='0' maxValue='100'>48</NumericValue></CompetencyWeight>

<CompetencyWeight type='skillProficiency'><StringValue minValue='BASIC' maxValue='EXCELLENT'>WORKING</StringValue></CompetencyWeight>
</Competency>

<Competency oids='100 ' description='Skill > IT' auth='yes' name='HTML'>
<CompetencyWeight type='skillLevel'><NumericValue minValue='0' maxValue='100'>13</NumericValue></CompetencyWeight>
</Competency>

<Competency oids='8 ' description='Skill' auth='no' name='HP chassis administration'>
<CompetencyWeight type='skillLevel'><NumericValue minValue='0' maxValue='100'>13</NumericValue></CompetencyWeight>
</Competency>

<Competency oids='54 ' description='Skill > IT' auth='yes' name='HP Server Hardware > HP Blade Servers'>
<CompetencyEvidence name='Extent of Experience' typeDescription='Extent of Experience' type='MONTH' lastUsed='2013'><NumericValue description='MONTH'>17</NumericValue></CompetencyEvidence>

<CompetencyEvidence typeDescription='Alias' name='Alias'><StringValue>HP blade servers</StringValue></CompetencyEvidence>

<CompetencyWeight type='skillLevel'><NumericValue minValue='0' maxValue='100'>88</NumericValue></CompetencyWeight>

<CompetencyWeight type='skillProficiency'><StringValue minValue='BASIC' maxValue='EXCELLENT'>EXCELLENT</StringValue></CompetencyWeight>
</Competency>

<Competency oids='51 ' description='Skill > IT' auth='yes' name='HP Server Hardware'>
<CompetencyEvidence name='Extent of Experience' typeDescription='Extent of Experience' type='MONTH' lastUsed='2014'><NumericValue description='MONTH'>8</NumericValue></CompetencyEvidence>

<CompetencyEvidence typeDescription='Alias' name='Alias'><StringValue>HP servers</StringValue></CompetencyEvidence>

<CompetencyWeight type='skillLevel'><NumericValue minValue='0' maxValue='100'>91</NumericValue></CompetencyWeight>

<CompetencyWeight type='skillProficiency'><StringValue minValue='BASIC' maxValue='EXCELLENT'>EXCELLENT</StringValue></CompetencyWeight>
</Competency>

<Competency oids='68 ' description='Skill > IT' auth='yes' name='FTP'>
<CompetencyEvidence name='Extent of Experience' typeDescription='Extent of Experience' type='MONTH' lastUsed='2013'><NumericValue description='MONTH'>17</NumericValue></CompetencyEvidence>

<CompetencyWeight type='skillLevel'><NumericValue minValue='0' maxValue='100'>84</NumericValue></CompetencyWeight>

<CompetencyWeight type='skillProficiency'><StringValue minValue='BASIC' maxValue='EXCELLENT'>EXCELLENT</StringValue></CompetencyWeight>
</Competency>

<Competency oids='83 ' description='Skill > IT' auth='yes' name='DS0'>
<CompetencyEvidence name='Extent of Experience' typeDescription='Extent of Experience' type='MONTH' lastUsed='2010'><NumericValue description='MONTH'>3</NumericValue></CompetencyEvidence>

<CompetencyEvidence typeDescription='Alias' name='Alias'><StringValue>DS</StringValue></CompetencyEvidence>

<CompetencyWeight type='skillLevel'><NumericValue minValue='0' maxValue='100'>44</NumericValue></CompetencyWeight>

<CompetencyWeight type='skillProficiency'><StringValue minValue='BASIC' maxValue='EXCELLENT'>WORKING</StringValue></CompetencyWeight>
</Competency>

<Competency oids='97 ' description='Skill > IT' auth='yes' name='C++'>
<CompetencyWeight type='skillLevel'><NumericValue minValue='0' maxValue='100'>13</NumericValue></CompetencyWeight>
</Competency>

<Competency oids='96 ' description='Skill > IT' auth='yes' name='C Programming Language'>
<CompetencyEvidence typeDescription='Alias' name='Alias'><StringValue>C</StringValue></CompetencyEvidence>

<CompetencyWeight type='skillLevel'><NumericValue minValue='0' maxValue='100'>13</NumericValue></CompetencyWeight>
</Competency>

<Competency oids='104 ' description='Skill > IT' auth='yes' name='Adobe Flex'>
<CompetencyWeight type='skillLevel'><NumericValue minValue='0' maxValue='100'>13</NumericValue></CompetencyWeight>
</Competency>

<Competency oids='57 ' description='Skill' auth='no' name='Administration of Cisco and HP Chassis'>
<CompetencyEvidence name='Extent of Experience' typeDescription='Extent of Experience' type='MONTH' lastUsed='2013'><NumericValue description='MONTH'>17</NumericValue></CompetencyEvidence>

<CompetencyWeight type='skillLevel'><NumericValue minValue='0' maxValue='100'>87</NumericValue></CompetencyWeight>

<CompetencyWeight type='skillProficiency'><StringValue minValue='BASIC' maxValue='EXCELLENT'>EXCELLENT</StringValue></CompetencyWeight>
</Competency>

<Competency oids='61 ' description='Skill > IT' auth='no' name='Active Directory 2008R2'>
<CompetencyEvidence name='Extent of Experience' typeDescription='Extent of Experience' type='MONTH' lastUsed='2013'><NumericValue description='MONTH'>17</NumericValue></CompetencyEvidence>

<CompetencyEvidence typeDescription='Alias' name='Alias'><StringValue>2008R2</StringValue></CompetencyEvidence>

<CompetencyWeight type='skillLevel'><NumericValue minValue='0' maxValue='100'>84</NumericValue></CompetencyWeight>

<CompetencyWeight type='skillProficiency'><StringValue minValue='BASIC' maxValue='EXCELLENT'>EXCELLENT</StringValue></CompetencyWeight>
</Competency>

<Competency oids='59 ' description='Skill > IT' auth='yes' name='Active Directory 2003'>
<CompetencyEvidence name='Extent of Experience' typeDescription='Extent of Experience' type='MONTH' lastUsed='2013'><NumericValue description='MONTH'>17</NumericValue></CompetencyEvidence>

<CompetencyEvidence typeDescription='Alias' name='Alias'><StringValue>2003</StringValue></CompetencyEvidence>

<CompetencyWeight type='skillLevel'><NumericValue minValue='0' maxValue='100'>86</NumericValue></CompetencyWeight>

<CompetencyWeight type='skillProficiency'><StringValue minValue='BASIC' maxValue='EXCELLENT'>EXCELLENT</StringValue></CompetencyWeight>
</Competency>

<Competency oids='29_1 55_1 ' description='Held Position' auth='no' name='Manager'>
<CompetencyEvidence name='Extent of Experience' typeDescription='Extent of Experience' type='MONTH' lastUsed='2014'><NumericValue description='MONTH'>25</NumericValue></CompetencyEvidence>

<CompetencyWeight type='skillLevel'><NumericValue minValue='0' maxValue='100'>100</NumericValue></CompetencyWeight>

<CompetencyWeight type='skillProficiency'><StringValue minValue='BASIC' maxValue='EXCELLENT'>EXCELLENT</StringValue></CompetencyWeight>
</Competency>

<Competency oids='28_1_1 ' description='Held Position' auth='no' name='Jr. Systems Engineer'>
<CompetencyEvidence name='Extent of Experience' typeDescription='Extent of Experience' type='MONTH' lastUsed='2014'><NumericValue description='MONTH'>8</NumericValue></CompetencyEvidence>

<CompetencyWeight type='skillLevel'><NumericValue minValue='0' maxValue='100'>96</NumericValue></CompetencyWeight>

<CompetencyWeight type='skillProficiency'><StringValue minValue='BASIC' maxValue='EXCELLENT'>EXCELLENT</StringValue></CompetencyWeight>
</Competency>

<Competency oids='76_1_1 ' description='Held Position' auth='no' name='Intern'>
<CompetencyEvidence name='Extent of Experience' typeDescription='Extent of Experience' type='MONTH' lastUsed='2010'><NumericValue description='MONTH'>3</NumericValue></CompetencyEvidence>

<CompetencyWeight type='skillLevel'><NumericValue minValue='0' maxValue='100'>49</NumericValue></CompetencyWeight>

<CompetencyWeight type='skillProficiency'><StringValue minValue='BASIC' maxValue='EXCELLENT'>WORKING</StringValue></CompetencyWeight>
</Competency>

<Competency oids='53_1_1 ' description='Held Position' auth='no' name='Graduate Assistant'>
<CompetencyEvidence name='Extent of Experience' typeDescription='Extent of Experience' type='MONTH' lastUsed='2013'><NumericValue description='MONTH'>17</NumericValue></CompetencyEvidence>

<CompetencyWeight type='skillLevel'><NumericValue minValue='0' maxValue='100'>88</NumericValue></CompetencyWeight>

<CompetencyWeight type='skillProficiency'><StringValue minValue='BASIC' maxValue='EXCELLENT'>EXCELLENT</StringValue></CompetencyWeight>
</Competency>

<Competency oids='23_1 24 ' description='Degree/Qualification' auth='yes' name='Bachelors Degree > Bachelors Degree Computer Science &#38; Engineering'>
<CompetencyEvidence name='Application' typeDescription='Application' type='Computer Science &#38; Engineering'><StringValue>Computer Science &#38; Engineering</StringValue></CompetencyEvidence>

<CompetencyEvidence typeDescription='Alias' name='Alias'><StringValue>Bachelors</StringValue></CompetencyEvidence>

<CompetencyEvidence typeDescription='Alias' name='Alias'><StringValue>Bachelors in Computer Science &#38; Engineering GPA: 3.6</StringValue></CompetencyEvidence>

<CompetencyWeight type='skillLevel'><NumericValue minValue='0' maxValue='100'>24</NumericValue></CompetencyWeight>

<CompetencyWeight type='skillProficiency'><StringValue minValue='BASIC' maxValue='EXCELLENT'>GPA: 3.6</StringValue></CompetencyWeight>
</Competency>

<Competency oids='22 ' description='Degree/Qualification' auth='yes' name='Masters Degree > Master of Science > Master of Science Information Systems'>
<CompetencyEvidence name='Application' typeDescription='Application' type='Information Systems'><StringValue>Information Systems</StringValue></CompetencyEvidence>

<CompetencyEvidence typeDescription='Alias' name='Alias'><StringValue>Master of Science in Information Systems GPA: 3.9</StringValue></CompetencyEvidence>

<CompetencyWeight type='skillLevel'><NumericValue minValue='0' maxValue='100'>12</NumericValue></CompetencyWeight>

<CompetencyWeight type='skillProficiency'><StringValue minValue='BASIC' maxValue='EXCELLENT'>GPA: 3.9</StringValue></CompetencyWeight>
</Competency>

<Competency oids='21_1 ' description='Degree/Qualification' auth='no' name='Masters'>
<CompetencyWeight type='skillLevel'><NumericValue minValue='0' maxValue='100'>12</NumericValue></CompetencyWeight>
</Competency>

<Competency oids='25 ' description='Degree/Qualification > Professional' auth='no' name='Certified Technical Solutions Professional'>
<CompetencyEvidence typeDescription='Alias' name='Alias'><StringValue>VMware Certified Technical Solutions Professional</StringValue></CompetencyEvidence>

<CompetencyWeight type='skillLevel'><NumericValue minValue='0' maxValue='100'>12</NumericValue></CompetencyWeight>
</Competency>

<Competency description='Industry' auth='yes' name='industry~it'>
<CompetencyEvidence name='skillCount' typeDescription='skillCount'><NumericValue>3</NumericValue></CompetencyEvidence>

<CompetencyWeight type='skillLevel'><NumericValue minValue='0' maxValue='100'>100</NumericValue></CompetencyWeight>
</Competency>























<RevisionDate id='5'>2014-04-22</RevisionDate>
</StructuredXMLResume>
<NonXMLResume>

<TextResume>



{{HEADER}}



<span inprof='y' id='1' class='nominal'>Krishna Mohan Rao Dontineni</span> Venkata

<span inprof='y' id='2' class='location'>11322 Franklin Plaza, Apt #918,                                      Phone: 409-365-4818
Omaha, NE - 68154</span>.                                                           <span inprof='y' id='3' class='email'>Krishna07514@gmail.com</span>



{{END_HEADER}}


{{FOOTER}}

Visa Status-F1 	 <span inprof='n' id='4' class='percent'>100%</span> open to relocate




{{END_FOOTER}}


<span inprof='n' id='5' class='date'>{{DOCUMENT_DATESTAMP}} 2014-04-22 {{END_DOCUMENT_DATESTAMP}}</span> 

<span inprof='n' id='6' class='edu-hist-mark'>SUMMARY OF QUALIFICATIONS</span>
    *    Experience on VMware vSphere, VDI View, SRM and Microsoft Server OS. ; 
    *    Experience with VMware vSphere 4.0/4.1/5.0/5.1 and v/svMotion, HA, DRS, SDRS, FT, Permissions &#38; D-switch. ; 
    *    Hands on experience with <span inprof='n' id='7' class='location'>VMware View</span> 5/5.1, ThinApp 4.6/4.7, Cisco UCS and <span inprof='y' id='8' class='skill'>HP chassis administration</span>. ; 
    *    Experience in EMC SAN LUN creation, LUN masking, Raw Disk Mapping, Snapshots and Storage pools. ; 
    *    Done POC on VMware SRM 5.0 and also have good knowledge on Raid groups and storage concepts. ; 
    *    Hands on experience with Cisco UCS 5108/HP C7000 <span inprof='y' id='9' class='skill'>chassis administration</span>. ; 
    *    Experience in <span inprof='y' id='10' class='sofwr'>Windows 2003</span>/<span inprof='y' id='11' class='sofwr'>2008</span>/<span inprof='n' id='12' class='date-range'>2008R2/2012R2</span> Server operating systems. ; 
    *    Experience on <span inprof='y' id='13' class='sofwr'>AD</span>, <span inprof='y' id='14' class='sofwr'>DHCP</span>, <span inprof='y' id='15' class='sofwr'>DNS</span>, <span inprof='y' id='16' class='sofwr'>IIS</span>, <span inprof='y' id='17' class='sofwr'>Exchange</span>, <span inprof='y' id='18' class='sofwr'>Windows</span> clustering and <span inprof='y' id='19' class='sofwr'>ODBC</span> connections. ; 
    *    Experience on Group policies, SCOM, SCCM and configuring file/print services.


<span inprof='n' id='20' class='edu-hist-mark'>EDUCATION</span>
<span inprof='y' id='21_1' class='qualif'>Masters</span>                                                         <span inprof='y' id='21_2' class='educational'>Dakota State University</span>, <span inprof='y' id='21_3' class='location'>Madison, SD</span>                                                                         <span inprof='y' id='21_4' class='date'>Dec 2013</span>
<span inprof='y' id='22' class='qualif'>Master of Science in Information Systems                                                                        GPA: 3.9</span>
<span inprof='y' id='23_1' class='qualif'>Bachelors</span>     <span inprof='y' id='23_2' class='educational'>Jawaharlal Nehru Technological University</span>, <span inprof='y' id='23_3' class='location'>Hyderabad, India</span>                          <span inprof='y' id='23_4' class='date'>May 2011</span>
<span inprof='y' id='24' class='qualif'>Bachelors in Computer Science &#38; Engineering                                                                        GPA: 3.6</span>


CERTIFICATIONS
    *    <span inprof='y' id='25' class='qualif'>VMware Certified Technical Solutions Professional</span> (VTSP 5.0/5.1)                                                <span inprof='y' id='26' class='date'>June 2013</span>


<span inprof='n' id='27' class='work-hist-mark'>PROFESSIONAL EXPERIENCE</span>
<span inprof='y' id='28_1_1' class='role'>Jr. Systems Engineer</span>, <span inprof='y' id='28_2' class='company'>First National Bank</span>, <span inprof='y' id='28_3' class='location'>Omaha, NE</span>                                                                   <span inprof='y' id='28_4_1' class='date'>Sep 2013</span> - <span inprof='y' id='28_4_2' class='date'>Till Date</span>
     *    Experience building servers (Virtual machines, Blade &#38; Rack Servers) according to organization requirements and user specifications. ; 
     *    Upgraded ESXi 4.1 to 5.0 and also from ESXi 5.0 to 5.1 on servers using update <span inprof='y' id='29_1' class='role'>manager</span>. ; 
     *    Experience on Host Profiles, Distributed Switch, DRS, VMotion, SV-Motion, Resource pools, permissions, Patches, Snapshots, Tools Upgrade, disk expansions, Templates &#38; RDM. ; 
     *    Experience with <span inprof='y' id='30' class='sofwr'>Windows Server 2008 R2</span>/2012 R2 server operating system, installing it on virtual machines, rack servers and blade servers. ; 
     *    Built organization template for windows 2012 R2 <span inprof='y' id='31' class='sofwr'>OS</span> with all the settings needed for the environment. ; 
     *    Experience working on <span inprof='y' id='32' class='sofwr'>Active Directory</span>, <span inprof='y' id='33' class='sofwr'>DHCP</span> &#38; <span inprof='y' id='34' class='sofwr'>DNS</span> servers. Installed several roles and features. ; 
     *    Experience demoting <span inprof='y' id='35' class='sofwr'>Active Directory</span>, uninstalled sccm, deleted <span inprof='y' id='36' class='sofwr'>DHCP</span> scopes, <span inprof='y' id='37' class='sofwr'>DNS</span> from remote location. ; 
     *    Experience installing <span inprof='y' id='38' class='sofwr'>IIS</span>, <span inprof='y' id='39' class='sofwr'>Print server</span> roles and features required, adding users and computers in AD. ; 
     *    Successfully converted physical servers to virtual servers (P2V migration) using <span inprof='y' id='40' class='sofwr'>VMware</span> convertor. ; 
     *    Experience building <span inprof='y' id='41' class='sofwr'>SQL server</span>, <span inprof='y' id='42' class='sofwr'>Print</span> servers and assigning permissions to users. ; 
     *    Managed Virtual Machines, <span inprof='y' id='43' class='sofwr'>Installing VMware</span> Tools, Creating Templates, Cloning, Deploy Virtual Machines using Templates, Converting Physical to Virtual Machines. ; 
     *    Experience building desktops using <span inprof='y' id='44' class='sofwr'>Citrix</span> and also experience <span inprof='y' id='45' class='sofwr'>working with Citrix</span> XenCenter. ; 
     *    Experience writing documentation for building file/print servers and also for other tasks. ; 
     *    Experience adding Datastores, Standard and Distributed Switches to the vCenter. ; 
     *    Done Nic-teaming, configured Pagefile on server and updated patches using <span inprof='y' id='46' class='sofwr'>WSUS</span>. ; 
     *    Experience updating <span inprof='y' id='47' class='sofwr'>vlans</span>, <span inprof='y' id='48' class='sofwr'>IP</span>'s, <span inprof='y' id='49' class='sofwr'>DNS</span> and domains on servers. ; 
     *    Experience running PowerShell scripts for performing QA (Quality Analysis) of servers. ; 
     *    Experience <span inprof='n' id='50' class='bad-occupation'>with HP onboard administrator</span>, upgraded RAM and firmware on <span inprof='y' id='51' class='sofwr'>HP servers</span>. ; 
     *    Deployed OVF's and OVA's, Experience rising Tickets with HP to solve server issues. ; 
     *    Administration of environment running ESX/ESXi Hosts and Virtual Machines. ; 
     *    Experience solving various issues, requests for new Lun's, vlan's and switchs, handling tickets using <span inprof='n' id='52' class='company'>Jira and AVAMAR</span> backup tool.

<span inprof='y' id='53_1_1' class='role'>Graduate Assistant</span>, <span inprof='y' id='53_2' class='educational'>Dakota State University</span>, <span inprof='y' id='53_3' class='location'>Madison, SD</span>                                                <span inprof='y' id='53_4_1' class='date'>Jan 2012</span> - <span inprof='y' id='53_4_2' class='date'>May 2013</span>
     *    Experience installing ESXi 5.0 on cisco and <span inprof='y' id='54' class='sofwr'>HP blade servers</span>. ; 
     *    Done P2V and V2V migrations, Upgraded vSphere, ESXi and View from 5.0 to 5.1. ; 
     *    Implemented advanced features like v/svMotion, DRS, Snapshots, HA, FT. ; 
     *    Experience on Host profiles, Distributed Switch, Resource pools, Permissions, Patches, Tools upgrade, Disk expansions, Templates. ; 
     *    Upgraded servers from vSphere 5.0 to 5.1, View 5.0 to 5.1 and also VM's using update <span inprof='y' id='55_1' class='role'>manager</span>. ; 
     *    Experience deploying <span inprof='n' id='56' class='location'>VMware View</span> 5, ThinApp 4.6/4.7 environment. ; 
     *    Created base images, pools and deployed virtual desktops for all departments based on requirement. ; 
     *    Experience on Cisco UCS, Veeam backup and Solar wind monitoring tools. ; 
     *    <span inprof='y' id='57' class='skill'>Administration of Cisco and HP Chassis</span>, created service templates and troubleshooting of issues. ; 
     *    Experience in <span inprof='y' id='58' class='sofwr'>installing &#38; Administration of Microsoft Active Directory</span> <span inprof='y' id='59' class='sofwr'>2003</span>/<span inprof='y' id='60' class='sofwr'>2008</span>/<span inprof='y' id='61' class='sofwr'>2008R2</span> server OS. ; 
     *    <span inprof='n' id='62' class='company'>Created Group</span> Policies, Parent-Child domains, 1/2 way Trusts, <span inprof='y' id='63' class='sofwr'>DHCP</span> scopes. ; 
     *    Experience <span inprof='y' id='64' class='sofwr'>installing AD</span>, <span inprof='y' id='65' class='sofwr'>DHCP</span>, <span inprof='y' id='66' class='sofwr'>DNS</span>, <span inprof='y' id='67' class='sofwr'>IIS</span>, <span inprof='y' id='68' class='sofwr'>FTP</span>, <span inprof='y' id='69' class='sofwr'>IIS</span> roles and features like <span inprof='y' id='70' class='sofwr'>.Net framework</span>, Multipath I/O, <span inprof='y' id='71' class='sofwr'>SNMP</span> services, Telnet Client and WinRM. ; 
     *    Experience on failover clusters to provide high availability of applications. ; 
     *    Configured failover clustering, <span inprof='y' id='72' class='sofwr'>ODBC</span> connections and also done documentation. ; 
     *    Experience with <span inprof='y' id='73' class='sofwr'>Microsoft exchange</span>, <span inprof='y' id='74' class='sofwr'>SharePoint</span>, <span inprof='y' id='75' class='sofwr'>IIS</span> and SCCM and configured remote domain controller.


<span inprof='y' id='76_1_1' class='role'>Intern</span>, <span inprof='y' id='76_2' class='company'>Saha Software Solutions</span>, <span inprof='y' id='76_3' class='location'>Hyderabad, India</span>                                                                           <span inprof='y' id='76_4_1' class='date'>May 2010</span> - <span inprof='y' id='76_4_2' class='date'>July 2010</span>
     *    Experience on Installing ESX/ESXi 4.0/4.1 on blade servers. ; 
     *    Experience managing Virtual machines, <span inprof='y' id='77' class='sofwr'>Installing VMware</span> tools, Creating Templates, Cloning, Deploy Virtual machines using Templates. ; 
     *    Experience on <span inprof='y' id='78' class='sofwr'>High Availability</span>, DRS, vMotion and done P2V conversions using <span inprof='y' id='79' class='sofwr'>VMware</span> Converter. ; 
     *    Deployed Virtual machines, Created Templates, done P2V migrations and troubleshoot Issues. ; 
     *    Experience on <span inprof='y' id='80' class='sofwr'>installing Windows 2003</span>/<span inprof='y' id='81' class='sofwr'>2008</span>/<span inprof='y' id='82' class='sofwr'>2008 R2</span> server OS and AD-<span inprof='y' id='83' class='sofwr'>DS</span>, <span inprof='y' id='84' class='sofwr'>DNS</span>, <span inprof='y' id='85' class='sofwr'>DHCP</span> roles. ; 
     *    <span inprof='n' id='86' class='company'>Configured Group</span> policies, created groups in AD, Added users and Computers. ; 
     *    Experience on Testing and implementation of Group Policies, <span inprof='y' id='87' class='sofwr'>ODBC</span> connections and Troubleshooting issues. ; 
     *    Worked closely with storage and Networking teams to manage the allocated EMC SAN, Fiber and Networking infrastructure.

TECHNICAL SKILLS
Virtualization: VMware vSphere 5.1/5.0/4.1/4.0, VDI view 5.0/5.1, ThinApp 4.6/4.7 and VMware SRM 5/5.1, <span inprof='y' id='88' class='sofwr'>Citrix</span>
Operating Systems: <span inprof='y' id='89' class='sofwr'>Windows 2003</span>/<span inprof='y' id='90' class='sofwr'>2008</span>/<span inprof='y' id='91' class='sofwr'>2008R2</span>/2012, <span inprof='y' id='92' class='sofwr'>Win 7</span>, <span inprof='y' id='93' class='sofwr'>Vista</span>, <span inprof='y' id='94' class='sofwr'>XP</span>.
Storage &#38; Tools: EMC VNX 5300, HP storage P4500, <span inprof='n' id='95' class='company'>Veeam &#38; AVAMAR</span> backup, solar wind monitoring tools.
Languages &#38; others: <span inprof='y' id='96' class='sofwr'>C</span>, <span inprof='y' id='97' class='sofwr'>C++</span> &#38; <span inprof='y' id='98' class='sofwr'>Java</span>, <span inprof='y' id='99' class='sofwr'>XML</span>, <span inprof='y' id='100' class='sofwr'>HTML</span>, <span inprof='y' id='101' class='sofwr'>MXML</span>, <span inprof='y' id='102' class='sofwr'>MS office</span>, <span inprof='y' id='103' class='sofwr'>Rational Rose</span>, <span inprof='y' id='104' class='sofwr'>Adobe Flex</span>.

</TextResume>

</NonXMLResume>



<UserArea>
<DaxResumeUserArea>
<AdditionalPersonalData>
<ExperienceSummary>
<TotalMonthsOfWorkExperience>28</TotalMonthsOfWorkExperience>
<TotalYearsOfWorkExperience>2</TotalYearsOfWorkExperience>
<ExecutiveBrief>Krishna Mohan Rao Dontineni is a resident of Omaha, NE, US. He has been working in the IT  occupational sector for more than 2 years. Currently he is employed as a Jr. Systems Engineer at First National Bank. Krishna has extensive knowledge of Dynamic Host Control protocol, Domain Name Server Protocol, VMware, Microsoft Internet Information Server, Active Directory, ODBC, Citrix Winframe, Windows 2008 R2, PRINT, Microsoft Exchange Server, AD, Windows Server 2008 R2, SNMP, Microsoft SharePoint, Microsoft SQL Server, Microsoft .NET Technology, LAN/WAN > VLAN, IP, IBM OS/2, High Availability, HP Server Hardware > HP Blade Servers, HP Server Hardware, FTP, DS0, Active Directory 2008R2, Active Directory 2003. So far Krishna has not gained any managerial experience.</ExecutiveBrief>
</ExperienceSummary>
</AdditionalPersonalData>
<ParserInfo>
<ParserConfiguration>{max_len=50000} {tel_flag=} {send_zip=} {fast_conv=} {DEF_LOCAL=} {sdate=0} {no_email_body=0} {do_clever_zoning=1} {keep_span=1} {complex=1} {accept_langs=} {not_accept_langs=} {prefer_lang_cv=EN} {pers_only=0} {turbo=0} {split_language=0} {picture=0} {picture_inline=0} {name_space=0} {charset=} {hrxml_upgrade_edu_hist=0}{hrxml_add_languages_section=0}{spool=} {docID=} {user=DEFAULT} </ParserConfiguration>
<ParserRelease>0.12.3.32629</ParserRelease>
<ParserReleaseDate>2014-06-18</ParserReleaseDate>
<ParserSchema>2.0.29</ParserSchema>
<ParserSchemaLocation>http://cvx.daxtra.com/cvts/xsd/candidate/2.0.29/Resume.xsd</ParserSchemaLocation>
<ConverterRelease>0.5.2.32629</ConverterRelease>
<ConverterReleaseDate>2014-06-18</ConverterReleaseDate>
</ParserInfo>
<FileStruct filename='/home/izoom/anazarov/grammar/analysis/3rconnect/doc/100_Resume-ApTask/New_Resume.docx'>

<attachment fname='New_Resume.docx' ftype='docx' conv='yes' doc_type='cv' lang='EN'>/home/izoom/anazarov/grammar/analysis/3rconnect/doc/100_Resume-ApTask/New_Resume.docx</attachment>


</FileStruct>
</DaxResumeUserArea>
</UserArea>
</Resume>
