<?xml version='1.0' encoding='ISO-8859-1'?>
<Resume lang='en' src='DAXTRA-CVX schema:2.0.29 release:0.12.3.32629 rdate:2014-06-18'>
<StructuredXMLResume>
<ContactInfo>
<PersonName id='2'>
<FormattedName>Pradip Pathare</FormattedName>
<GivenName>Pradip</GivenName>
<FamilyName>Pathare</FamilyName>
<sex>Male</sex>
</PersonName>
<ContactMethod>
<Telephone id='4' type='home'>
<InternationalCountryCode>1</InternationalCountryCode>
<SubscriberNumber>732 662 9713</SubscriberNumber>
<FormattedNumber>+1 732 662 9713</FormattedNumber></Telephone>

<Mobile id='3'>
<InternationalCountryCode>1</InternationalCountryCode>
<SubscriberNumber>732 742 7329</SubscriberNumber>
<FormattedNumber>+1 732 742 7329</FormattedNumber></Mobile>

<InternetEmailAddress id='5' type='main'>pradip2500@yahoo.com</InternetEmailAddress>
</ContactMethod>
</ContactInfo>

<Nationality id='6_1'>US</Nationality>

<EmploymentHistory>
<EmployerOrg employerOrgType='soleEmployer'>
<EmployerOrgName id='54_1'>GroupM (A WPP Company, New York) SQL</EmployerOrgName>

<PositionHistory positionType='PERMANENT'>
<Title id='54_2_1'>Server DBA</Title>
<OrgName id='54_1'>GroupM (A WPP Company, New York) SQL</OrgName>



<Description>Environment is comprised of more than 80 Windows 2003/2008 Servers, running SQL Server 2005/2008/2012 in clustered, replicated environment

As a Global SQL DBA my main role is to support GroupM Applications in Clustered Environment, Responsible for Managing SQL Server databases globally and supporting multiple applications and working closely with Developers and Business Analyst.

Responsibilities

  *  To provide 24x7 production support for SQL Server databases (VLDB) on Clustered Servers to achieve maximum performance and uptime in production environment. ; 
  *  Rebuilding / monitoring the indexes at regular intervals for better performance. ; 
  *  Recovering the databases from backup in disasters. ; 
  *  Involved in trouble shooting and fine-tuning of databases for its performance ; 
  *  Facilitates application deployment and joint effort deployments. ; 
  *  Performed daily tasks including backup and restore by using SQL Server tools like SQL Server Management Studio, SQL Server Profiler, SQL Server Agent, and Database Engine Tuning Advisor. ; 
  *  To provide 24x7 production support for SQL Server databases on Clustered Servers with size up to 4 Terabytes to achieve maximum performance and uptime in production environment. ; 
  *  Responsible for monitoring and making recommendations for performance improvement in hosted databases. This involved index creation, index removal, index modification, file group modifications, and adding scheduled jobs to re-index and update statistics in databases. ; 
  *  Performed installation of SQL Enterprise 2005/2008/2012 64bit version on Windows 2003/2008 servers on Enterprise systems of clustered and standalone servers in enterprise Data Centers. ;</Description>
<StartDate id='54_3_1'><YearMonth>2007-08</YearMonth></StartDate>
<EndDate id='54_3_2'>notApplicable</EndDate>




<JobCategory>
<TaxonomyName>JOBAREA</TaxonomyName>
<CategoryCode>it</CategoryCode>
</JobCategory>


<UserArea>
<DaxPositionHistoryUserArea>
<TLSPAN first_id='54' last_id='73' border_id='74'></TLSPAN>
<MonthsOfWork>84</MonthsOfWork>
</DaxPositionHistoryUserArea>
</UserArea>
</PositionHistory>
</EmployerOrg>

<EmployerOrg employerOrgType='soleEmployer'>
<EmployerOrgName id='74_1'>Deutsche Bank</EmployerOrgName>
<EmployerContactInfo>
<LocationSummary id='74_2'>
<Municipality>Jersey City</Municipality>
<Region>NJ</Region>
<CountryCode>US</CountryCode>
</LocationSummary>
</EmployerContactInfo>
<PositionHistory positionType='PERMANENT'>
<Title id='74_3_1'>SQL Server DBA</Title>
<OrgName id='74_1'>Deutsche Bank</OrgName>



<Description>My Role was a Global DBA Support for more than 30 online Trading Applications for SQL 2000/2005 database in a Clustered Windows 2003 environment

Responsibilities
*  Installation, configuration and maintenance of SQL Server 2000/2005 ; 
*  Upgrade current applications to SQL 2005 ; 
*  Day to Day Maintenance and resolve the system problems ; 
*  Software upgrade and Installation of the Service packs for SQL Server ; 
*  Work on SQL Server Clustering. ; 
*  Write Simple and Complex Queries using Transact SQL ; 
*  Creating Database, Indexes, Rules, and Defaults. ; 
*  Backup and Recovery procedures for production and development servers. ; 
*  Setup and maintaining the Replication server. ; 
*  Using DTS to Import and Export Data.
*  Involved in 24x7 Production support.
*  Database modeling using ERWIN. ;</Description>
<StartDate id='74_4_1'><YearMonth>2006-08</YearMonth></StartDate>
<EndDate id='74_4_2'><YearMonth>2007-07</YearMonth></EndDate>




<JobCategory>
<TaxonomyName>JOBAREA</TaxonomyName>
<CategoryCode>it</CategoryCode>
</JobCategory>


<UserArea>
<DaxPositionHistoryUserArea>
<TLSPAN first_id='74' last_id='89' border_id='90'></TLSPAN>
<MonthsOfWork>12</MonthsOfWork>
</DaxPositionHistoryUserArea>
</UserArea>
</PositionHistory>
</EmployerOrg>

<EmployerOrg employerOrgType='soleEmployer'>
<EmployerOrgName id='90_1'>IBM Global Services</EmployerOrgName>
<EmployerContactInfo>
<LocationSummary id='90_2'>
<Region>NY</Region>
</LocationSummary>
</EmployerContactInfo>
<PositionHistory positionType='PERMANENT'>
<Title id='90_3_1'>SQL Server DBA</Title>
<OrgName id='90_1'>IBM Global Services</OrgName>



<Description>I was working for PEARSON TECHNOLOGIES as a SQL DBA. I was supporting many MS SQL databases for their ongoing projects like Royalty system, Account tracking.

Responsibilities

*  Installation, configuration and maintenance of SQL Server 7.0/2000 ; 
*  Day to Day Maintenance and resolve the system problems ; 
*  Data Analysis and Check the Integrity of the data. ; 
*  Work with SQL Server Enterprise Manager and Query Analyzer ; 
*  Write Simple and Complex Queries/ Stored Procedures using Transact SQL ; 
*  Create and Test DTS packages ; 
*  Manage SQL Server Cluster. ; 
*  Troubleshooting, Monitoring and Tuning the MS SQL Server for optimum performance. ; 
*  Work on Log Shipping instance of SQL Server. ; 
*  Backup and Recovery procedures for production and development servers. ; 
*  Setup and maintaining the Replication server. ; 
*  Involved in 24x7 Production supports. ;</Description>
<StartDate id='90_4_1'><YearMonth>2002-12</YearMonth></StartDate>
<EndDate id='90_4_2'><YearMonth>2006-07</YearMonth></EndDate>




<JobCategory>
<TaxonomyName>JOBAREA</TaxonomyName>
<CategoryCode>it</CategoryCode>
</JobCategory>


<UserArea>
<DaxPositionHistoryUserArea>
<TLSPAN first_id='90' last_id='102' border_id='103'></TLSPAN>
<MonthsOfWork>44</MonthsOfWork>
</DaxPositionHistoryUserArea>
</UserArea>
</PositionHistory>
</EmployerOrg>

<EmployerOrg employerOrgType='soleEmployer'>
<EmployerOrgName id='103_1'>IBM</EmployerOrgName>
<EmployerContactInfo>
<LocationSummary id='103_2'>
<Municipality>Raleigh</Municipality>
<Region>NC</Region>
<CountryCode>US</CountryCode>
</LocationSummary>
</EmployerContactInfo>
<PositionHistory positionType='PERMANENT'>
<Title id='103_3_1'>SQL Server DBA</Title>
<OrgName id='103_1'>IBM</OrgName>



<Description>IBM's Customer Support division uses Clarify based CRM application to Log Customers complaints. The System uses SQL Server Database in Win NT Environment.
The primary role is to Support and maintain the SQL Server Databases on TOMCAT and JAGUAR Servers which are the main servers for the Clarify Application.
 Environment is comprised of Win NT Servers running SQL Server 6.5, SQL Server 7 and SQL Server 2000.

Responsibilities
*  Installation, configuration and maintenance of SQL Server 2000 ; 
*  User Account creation, group creation and setting up privileges. ; 
*  Day to Day Maintenance and resolve the system problems ; 
*  Software upgrade and Installation of the Service packs for SQL Server ; 
*  Copy, Move Database from one server to another ; 
*  Work with SQL Server Enterprise Manager and Query Analyzer ; 
*  Write Simple and Complex Queries using Transact SQL ; 
*  Creating Database, Indexes, Rules, and Defaults. ; 
*  Backup and Recovery procedures for production and development servers. ; 
*  Setup and maintaining the Replication server. ; 
*  Using DTS to Import and Export Data.
*  Involved in 24x7 Production support.
*  Database modeling using ERWIN.
*  Performance Analysis and optimization ;</Description>
<StartDate id='103_4_1'><YearMonth>2001-04</YearMonth></StartDate>
<EndDate id='103_4_2'><YearMonth>2002-11</YearMonth></EndDate>




<JobCategory>
<TaxonomyName>JOBAREA</TaxonomyName>
<CategoryCode>it</CategoryCode>
</JobCategory>


<UserArea>
<DaxPositionHistoryUserArea>
<TLSPAN first_id='103' last_id='122' border_id='123'></TLSPAN>
<MonthsOfWork>20</MonthsOfWork>
</DaxPositionHistoryUserArea>
</UserArea>
</PositionHistory>
</EmployerOrg>

<EmployerOrg employerOrgType='soleEmployer'>
<EmployerOrgName id='123_1'>DELL</EmployerOrgName>
<EmployerContactInfo>
<LocationSummary id='123_2'>
<Municipality>AUSTIN</Municipality>
<Region>TX</Region>
<CountryCode>US</CountryCode>
</LocationSummary>
</EmployerContactInfo>
<PositionHistory positionType='PERMANENT'>
<Title id='123_3_1'>SQL Server DBA</Title>
<OrgName id='123_1'>DELL</OrgName>



<Description>Current project involved the design, testing and implementation of Dell's Premier Online server ordering system. 
Environment is comprised of 78 Win NT Servers/Win 2K Servers, running SQL Server 7 and 2000 in clustered, replicated environment. The main goal in this project was to keep the site up and running 24 hours a day.

Responsibilities

*  Installation, configuration and maintenance of SQL Server 7.0. ; 
*  Installation of SQL 2000 and Upgrade DB to SQL 2000 from existing 7.0. ; 
*  User Account creation, group creation and setting up privileges. ; 
*  Software upgrade and Installation of the Service packs for SQL Server ; 
*  Creating Database, Indexes, Rules, and Defaults. ; 
*  Used DTS to import an export data. ; 
*  Work with SQL Server Enterprise Manager and Query Analyzer ; 
*  Write Simple and Complex Queries using Transact SQL ; 
*  Backup and Recovery procedures for production and development servers. ; 
*  Creation of Triggers, Stored Procedure, Tables and Indexes. ; 
*  Performance monitoring and tuning SQL Server. ; 
*  Setup and maintaining the Replication server. ; 
*  Provided analysis and recommendations for setting up a comprehensive Backup and Recovery Strategy for all the SQL Servers. ; 
*  Day to Day Maintenance and resolve the system problems ; 
*  Data Analysis and Check the Integrity of the data. ;</Description>
<StartDate id='123_4_1'><YearMonth>2000-03</YearMonth></StartDate>
<EndDate id='123_4_2'><YearMonth>2001-03</YearMonth></EndDate>




<JobCategory>
<TaxonomyName>JOBAREA</TaxonomyName>
<CategoryCode>it</CategoryCode>
</JobCategory>


<UserArea>
<DaxPositionHistoryUserArea>
<TLSPAN first_id='123' last_id='143' border_id='144'></TLSPAN>
<MonthsOfWork>12</MonthsOfWork>
</DaxPositionHistoryUserArea>
</UserArea>
</PositionHistory>
</EmployerOrg>

<EmployerOrg employerOrgType='soleEmployer'>
<EmployerOrgName id='144_1'>HDFC Bank</EmployerOrgName>
<EmployerContactInfo>
<LocationSummary id='144_2'>
<CountryCode>IN</CountryCode>
</LocationSummary>
</EmployerContactInfo>
<PositionHistory positionType='PERMANENT'>
<Title id='144_3_1'>Senior Officer Information Technology</Title>
<OrgName id='144_1'>HDFC Bank</OrgName>



<Description>Project involved maintenance of the SQL Server and Oracle for the Banking software. 
The environment consists of Sun Solaris Servers and Win NT Servers.

Responsibilities:
*  Installing SQL Server. ; 
*  User Account creation, group creation and setting up privileges. ; 
*  Planning the future hardware and software requirements. ; 
*  Providing day-to-day Administration tasks like Space Management, Log Management, Error Logs, Current Activities and Scheduled Tasks. ; 
*  Also involved in NT Administration. ;</Description>
<StartDate id='144_4_1'><YearMonth>1998-02</YearMonth></StartDate>
<EndDate id='144_4_2'><YearMonth>1999-11</YearMonth></EndDate>




<JobCategory>
<TaxonomyName>JOBAREA</TaxonomyName>
<CategoryCode>it</CategoryCode>
</JobCategory>


<UserArea>
<DaxPositionHistoryUserArea>
<TLSPAN first_id='144' last_id='152' border_id='0'></TLSPAN>
<MonthsOfWork>22</MonthsOfWork>
</DaxPositionHistoryUserArea>
</UserArea>
</PositionHistory>
</EmployerOrg>

</EmploymentHistory>
<EducationHistory>
<SchoolOrInstitution schoolType='university'>
<SchoolName id='154_1'>B.S. Bombay University</SchoolName>
<LocationSummary id='154_2'>
<CountryCode>IN</CountryCode>
</LocationSummary>


<Degree degreeType='some post-graduate'>
<DegreeName id='154_3'>Advanced Diploma</DegreeName>

</Degree>
<Major id='154_3'>Computer Science</Major>




</SchoolOrInstitution>

</EducationHistory>











<Competency oids='8 9 18 23 29 30 32 34 38 42 61 63 64 65 66 68 80 85 86 92 93 101 102 114 117 127 131 136 141 145 148 ' description='Skill > IT' auth='yes' name='Microsoft SQL Server'>
<CompetencyEvidence name='Extent of Experience' typeDescription='Extent of Experience' type='MONTH' lastUsed='2014'><NumericValue description='MONTH'>194</NumericValue></CompetencyEvidence>

<CompetencyEvidence name='Application' typeDescription='Application' type='Administering'><StringValue>Administering</StringValue></CompetencyEvidence>

<CompetencyEvidence name='Application' typeDescription='Application' type='support'><StringValue>support</StringValue></CompetencyEvidence>

<CompetencyEvidence name='Application' typeDescription='Application' type='configuration'><StringValue>configuration</StringValue></CompetencyEvidence>

<CompetencyEvidence name='Application' typeDescription='Application' type='maintenance'><StringValue>maintenance</StringValue></CompetencyEvidence>

<CompetencyEvidence name='Application' typeDescription='Application' type='Installation'><StringValue>Installation</StringValue></CompetencyEvidence>

<CompetencyEvidence name='Application' typeDescription='Application' type='Installing'><StringValue>Installing</StringValue></CompetencyEvidence>

<CompetencyEvidence typeDescription='Alias' name='Alias'><StringValue>SQL Server</StringValue></CompetencyEvidence>

<CompetencyEvidence typeDescription='Alias' name='Alias'><StringValue>Administering SQL Server</StringValue></CompetencyEvidence>

<CompetencyEvidence typeDescription='Alias' name='Alias'><StringValue>MS SQL Server</StringValue></CompetencyEvidence>

<CompetencyEvidence typeDescription='Alias' name='Alias'><StringValue>support for SQL Server</StringValue></CompetencyEvidence>

<CompetencyEvidence typeDescription='Alias' name='Alias'><StringValue>configuration and maintenance of SQL Server</StringValue></CompetencyEvidence>

<CompetencyEvidence typeDescription='Alias' name='Alias'><StringValue>MS SQL</StringValue></CompetencyEvidence>

<CompetencyEvidence typeDescription='Alias' name='Alias'><StringValue>Installation, configuration and maintenance of SQL Server</StringValue></CompetencyEvidence>

<CompetencyEvidence typeDescription='Alias' name='Alias'><StringValue>maintenance of the SQL Server</StringValue></CompetencyEvidence>

<CompetencyEvidence typeDescription='Alias' name='Alias'><StringValue>Installing SQL Server</StringValue></CompetencyEvidence>

<CompetencyWeight type='skillLevel'><NumericValue minValue='0' maxValue='100'>97</NumericValue></CompetencyWeight>

<CompetencyWeight type='skillProficiency'><StringValue minValue='BASIC' maxValue='EXCELLENT'>EXCELLENT</StringValue></CompetencyWeight>
</Competency>

<Competency oids='12 45 76 81 95 112 115 129 133 134 ' description='Skill > IT' auth='yes' name='Microsoft SQL Server 2000'>
<CompetencyEvidence name='Extent of Experience' typeDescription='Extent of Experience' type='MONTH' lastUsed='2007'><NumericValue description='MONTH'>88</NumericValue></CompetencyEvidence>

<CompetencyEvidence name='Application' typeDescription='Application' type='Installation'><StringValue>Installation</StringValue></CompetencyEvidence>

<CompetencyEvidence typeDescription='Alias' name='Alias'><StringValue>2000</StringValue></CompetencyEvidence>

<CompetencyEvidence typeDescription='Alias' name='Alias'><StringValue>SQL 2000</StringValue></CompetencyEvidence>

<CompetencyEvidence typeDescription='Alias' name='Alias'><StringValue>SQL Server 2000</StringValue></CompetencyEvidence>

<CompetencyEvidence typeDescription='Alias' name='Alias'><StringValue>Installation of SQL 2000</StringValue></CompetencyEvidence>

<CompetencyWeight type='skillLevel'><NumericValue minValue='0' maxValue='100'>28</NumericValue></CompetencyWeight>

<CompetencyWeight type='skillProficiency'><StringValue minValue='BASIC' maxValue='EXCELLENT'>BASIC</StringValue></CompetencyWeight>
</Competency>

<Competency oids='13 46 94 111 128 132 135 ' description='Skill > IT' auth='yes' name='Microsoft SQL Server 7.0'>
<CompetencyEvidence name='Extent of Experience' typeDescription='Extent of Experience' type='MONTH' lastUsed='2006'><NumericValue description='MONTH'>76</NumericValue></CompetencyEvidence>

<CompetencyEvidence typeDescription='Alias' name='Alias'><StringValue>7</StringValue></CompetencyEvidence>

<CompetencyEvidence typeDescription='Alias' name='Alias'><StringValue>7.0</StringValue></CompetencyEvidence>

<CompetencyEvidence typeDescription='Alias' name='Alias'><StringValue>SQL Server 7</StringValue></CompetencyEvidence>

<CompetencyWeight type='skillLevel'><NumericValue minValue='0' maxValue='100'>27</NumericValue></CompetencyWeight>

<CompetencyWeight type='skillProficiency'><StringValue minValue='BASIC' maxValue='EXCELLENT'>BASIC</StringValue></CompetencyWeight>
</Competency>

<Competency oids='11 39 44 57 77 82 ' description='Skill > IT' auth='yes' name='Microsoft SQL Server 2005'>
<CompetencyEvidence name='Extent of Experience' typeDescription='Extent of Experience' type='MONTH' lastUsed='2014'><NumericValue description='MONTH'>96</NumericValue></CompetencyEvidence>

<CompetencyEvidence typeDescription='Alias' name='Alias'><StringValue>2005</StringValue></CompetencyEvidence>

<CompetencyEvidence typeDescription='Alias' name='Alias'><StringValue>SQL Server 2005</StringValue></CompetencyEvidence>

<CompetencyWeight type='skillLevel'><NumericValue minValue='0' maxValue='100'>98</NumericValue></CompetencyWeight>

<CompetencyWeight type='skillProficiency'><StringValue minValue='BASIC' maxValue='EXCELLENT'>EXCELLENT</StringValue></CompetencyWeight>
</Competency>

<Competency oids='51 107 109 125 147 ' description='Skill > IT' auth='yes' name='Microsoft Windows NT'>
<CompetencyEvidence name='Extent of Experience' typeDescription='Extent of Experience' type='MONTH' lastUsed='2002'><NumericValue description='MONTH'>54</NumericValue></CompetencyEvidence>

<CompetencyEvidence typeDescription='Alias' name='Alias'><StringValue>NT</StringValue></CompetencyEvidence>

<CompetencyEvidence typeDescription='Alias' name='Alias'><StringValue>Win NT Environment</StringValue></CompetencyEvidence>

<CompetencyWeight type='skillLevel'><NumericValue minValue='0' maxValue='100'>27</NumericValue></CompetencyWeight>

<CompetencyWeight type='skillProficiency'><StringValue minValue='BASIC' maxValue='EXCELLENT'>BASIC</StringValue></CompetencyWeight>
</Competency>

<Competency oids='17 87 100 119 138 ' description='Skill > IT' auth='yes' name='Microsoft Transact-SQL'>
<CompetencyEvidence name='Extent of Experience' typeDescription='Extent of Experience' type='MONTH' lastUsed='2007'><NumericValue description='MONTH'>88</NumericValue></CompetencyEvidence>

<CompetencyEvidence typeDescription='Alias' name='Alias'><StringValue>T-SQL</StringValue></CompetencyEvidence>

<CompetencyEvidence typeDescription='Alias' name='Alias'><StringValue>Transact SQL</StringValue></CompetencyEvidence>

<CompetencyWeight type='skillLevel'><NumericValue minValue='0' maxValue='100'>24</NumericValue></CompetencyWeight>

<CompetencyWeight type='skillProficiency'><StringValue minValue='BASIC' maxValue='EXCELLENT'>BASIC</StringValue></CompetencyWeight>
</Competency>

<Competency oids='84 96 116 142 ' description='Skill' auth='no' name='Day Maintenance'>
<CompetencyEvidence name='Extent of Experience' typeDescription='Extent of Experience' type='MONTH' lastUsed='2007'><NumericValue description='MONTH'>88</NumericValue></CompetencyEvidence>

<CompetencyWeight type='skillLevel'><NumericValue minValue='0' maxValue='100'>24</NumericValue></CompetencyWeight>

<CompetencyWeight type='skillProficiency'><StringValue minValue='BASIC' maxValue='EXCELLENT'>BASIC</StringValue></CompetencyWeight>
</Competency>

<Competency oids='48 56 73 ' description='Skill > IT' auth='yes' name='Microsoft Windows 2008 Server'>
<CompetencyEvidence name='Extent of Experience' typeDescription='Extent of Experience' type='MONTH' lastUsed='2014'><NumericValue description='MONTH'>84</NumericValue></CompetencyEvidence>

<CompetencyEvidence typeDescription='Alias' name='Alias'><StringValue>Windows 2008</StringValue></CompetencyEvidence>

<CompetencyEvidence typeDescription='Alias' name='Alias'><StringValue>2008</StringValue></CompetencyEvidence>

<CompetencyWeight type='skillLevel'><NumericValue minValue='0' maxValue='100'>99</NumericValue></CompetencyWeight>

<CompetencyWeight type='skillProficiency'><StringValue minValue='BASIC' maxValue='EXCELLENT'>EXCELLENT</StringValue></CompetencyWeight>
</Competency>

<Competency oids='49 55 72 ' description='Skill > IT' auth='yes' name='Microsoft Windows 2003 Server'>
<CompetencyEvidence name='Extent of Experience' typeDescription='Extent of Experience' type='MONTH' lastUsed='2014'><NumericValue description='MONTH'>84</NumericValue></CompetencyEvidence>

<CompetencyEvidence typeDescription='Alias' name='Alias'><StringValue>2003</StringValue></CompetencyEvidence>

<CompetencyEvidence typeDescription='Alias' name='Alias'><StringValue>Windows 2003</StringValue></CompetencyEvidence>

<CompetencyWeight type='skillLevel'><NumericValue minValue='0' maxValue='100'>100</NumericValue></CompetencyWeight>

<CompetencyWeight type='skillProficiency'><StringValue minValue='BASIC' maxValue='EXCELLENT'>EXCELLENT</StringValue></CompetencyWeight>
</Competency>

<Competency oids='14 47 110 ' description='Skill > IT' auth='yes' name='Microsoft SQL Server 6.5'>
<CompetencyEvidence name='Extent of Experience' typeDescription='Extent of Experience' type='MONTH' lastUsed='2002'><NumericValue description='MONTH'>20</NumericValue></CompetencyEvidence>

<CompetencyEvidence typeDescription='Alias' name='Alias'><StringValue>6.5</StringValue></CompetencyEvidence>

<CompetencyEvidence typeDescription='Alias' name='Alias'><StringValue>SQL Server 6.5</StringValue></CompetencyEvidence>

<CompetencyWeight type='skillLevel'><NumericValue minValue='0' maxValue='100'>22</NumericValue></CompetencyWeight>

<CompetencyWeight type='skillProficiency'><StringValue minValue='BASIC' maxValue='EXCELLENT'>BASIC</StringValue></CompetencyWeight>
</Competency>

<Competency oids='10 35 40 ' description='Skill > IT' auth='no' name='MS-SQLServer 2008 R2'>
<CompetencyEvidence typeDescription='Alias' name='Alias'><StringValue>2008 R2</StringValue></CompetencyEvidence>

<CompetencyWeight type='skillLevel'><NumericValue minValue='0' maxValue='100'>13</NumericValue></CompetencyWeight>
</Competency>

<Competency oids='24 89 121 ' description='Skill > IT' auth='yes' name='Logic Works ERwin/ERX'>
<CompetencyEvidence name='Extent of Experience' typeDescription='Extent of Experience' type='MONTH' lastUsed='2007'><NumericValue description='MONTH'>32</NumericValue></CompetencyEvidence>

<CompetencyEvidence typeDescription='Alias' name='Alias'><StringValue>ERWIN</StringValue></CompetencyEvidence>

<CompetencyWeight type='skillLevel'><NumericValue minValue='0' maxValue='100'>22</NumericValue></CompetencyWeight>

<CompetencyWeight type='skillProficiency'><StringValue minValue='BASIC' maxValue='EXCELLENT'>BASIC</StringValue></CompetencyWeight>
</Competency>

<Competency oids='7 15 75 ' description='Skill > IT' auth='yes' name='Database Administration'>
<CompetencyEvidence name='Extent of Experience' typeDescription='Extent of Experience' type='YEAR' lastUsed='2007'><NumericValue description='YEAR'>10</NumericValue></CompetencyEvidence>

<CompetencyEvidence name='Application' typeDescription='Application' type='Support'><StringValue>Support</StringValue></CompetencyEvidence>

<CompetencyEvidence typeDescription='Alias' name='Alias'><StringValue>Around 10+ years of experience in Database Administration</StringValue></CompetencyEvidence>

<CompetencyEvidence typeDescription='Alias' name='Alias'><StringValue>DBA Support</StringValue></CompetencyEvidence>

<CompetencyWeight type='skillLevel'><NumericValue minValue='0' maxValue='100'>22</NumericValue></CompetencyWeight>

<CompetencyWeight type='skillProficiency'><StringValue minValue='BASIC' maxValue='EXCELLENT'>BASIC</StringValue></CompetencyWeight>
</Competency>

<Competency oids='22 88 120 ' description='Skill > IT' auth='yes' name='Data Transformation Services'>
<CompetencyEvidence name='Extent of Experience' typeDescription='Extent of Experience' type='MONTH' lastUsed='2007'><NumericValue description='MONTH'>32</NumericValue></CompetencyEvidence>

<CompetencyEvidence typeDescription='Alias' name='Alias'><StringValue>DTS</StringValue></CompetencyEvidence>

<CompetencyWeight type='skillLevel'><NumericValue minValue='0' maxValue='100'>22</NumericValue></CompetencyWeight>

<CompetencyWeight type='skillProficiency'><StringValue minValue='BASIC' maxValue='EXCELLENT'>BASIC</StringValue></CompetencyWeight>
</Competency>

<Competency oids='99 139 ' description='Skill > IT' auth='yes' name='Stored Procedures'>
<CompetencyEvidence name='Extent of Experience' typeDescription='Extent of Experience' type='MONTH' lastUsed='2006'><NumericValue description='MONTH'>56</NumericValue></CompetencyEvidence>

<CompetencyEvidence typeDescription='Alias' name='Alias'><StringValue>Stored Procedure</StringValue></CompetencyEvidence>

<CompetencyWeight type='skillLevel'><NumericValue minValue='0' maxValue='100'>24</NumericValue></CompetencyWeight>

<CompetencyWeight type='skillProficiency'><StringValue minValue='BASIC' maxValue='EXCELLENT'>BASIC</StringValue></CompetencyWeight>
</Competency>

<Competency oids='70 83 ' description='Skill > IT' auth='yes' name='SQL'>
<CompetencyEvidence name='Extent of Experience' typeDescription='Extent of Experience' type='MONTH' lastUsed='2014'><NumericValue description='MONTH'>96</NumericValue></CompetencyEvidence>

<CompetencyEvidence name='Application' typeDescription='Application' type='installation'><StringValue>installation</StringValue></CompetencyEvidence>

<CompetencyEvidence typeDescription='Alias' name='Alias'><StringValue>installation of SQL Enterprise Enterprise</StringValue></CompetencyEvidence>

<CompetencyEvidence typeDescription='Alias' name='Alias'><StringValue>SQL 2005</StringValue></CompetencyEvidence>

<CompetencyWeight type='skillLevel'><NumericValue minValue='0' maxValue='100'>95</NumericValue></CompetencyWeight>

<CompetencyWeight type='skillProficiency'><StringValue minValue='BASIC' maxValue='EXCELLENT'>EXCELLENT</StringValue></CompetencyWeight>
</Competency>

<Competency oids='19 27 ' description='Skill' auth='yes' name='Disaster Recovery'>
<CompetencyWeight type='skillLevel'><NumericValue minValue='0' maxValue='100'>13</NumericValue></CompetencyWeight>
</Competency>

<Competency oids='97 143 ' description='Skill' auth='no' name='Data Analysis'>
<CompetencyEvidence name='Extent of Experience' typeDescription='Extent of Experience' type='MONTH' lastUsed='2006'><NumericValue description='MONTH'>56</NumericValue></CompetencyEvidence>

<CompetencyWeight type='skillLevel'><NumericValue minValue='0' maxValue='100'>25</NumericValue></CompetencyWeight>

<CompetencyWeight type='skillProficiency'><StringValue minValue='BASIC' maxValue='EXCELLENT'>BASIC</StringValue></CompetencyWeight>
</Competency>

<Competency oids='25 28 ' description='Skill' auth='yes' name='Consolidations'>
<CompetencyEvidence typeDescription='Alias' name='Alias'><StringValue>consolidation</StringValue></CompetencyEvidence>

<CompetencyWeight type='skillLevel'><NumericValue minValue='0' maxValue='100'>13</NumericValue></CompetencyWeight>
</Competency>

<Competency oids='149 ' description='Skill' auth='no' name='day-to-day Administration'>
<CompetencyEvidence name='Extent of Experience' typeDescription='Extent of Experience' type='MONTH' lastUsed='1999'><NumericValue description='MONTH'>22</NumericValue></CompetencyEvidence>

<CompetencyWeight type='skillLevel'><NumericValue minValue='0' maxValue='100'>22</NumericValue></CompetencyWeight>

<CompetencyWeight type='skillProficiency'><StringValue minValue='BASIC' maxValue='EXCELLENT'>BASIC</StringValue></CompetencyWeight>
</Competency>

<Competency oids='150 ' description='Skill' auth='no' name='Space Management'>
<CompetencyEvidence name='Extent of Experience' typeDescription='Extent of Experience' type='MONTH' lastUsed='1999'><NumericValue description='MONTH'>22</NumericValue></CompetencyEvidence>

<CompetencyWeight type='skillLevel'><NumericValue minValue='0' maxValue='100'>22</NumericValue></CompetencyWeight>

<CompetencyWeight type='skillProficiency'><StringValue minValue='BASIC' maxValue='EXCELLENT'>BASIC</StringValue></CompetencyWeight>
</Competency>

<Competency oids='21 ' description='Skill > IT' auth='yes' name='SQL Server Integration Services'>
<CompetencyEvidence typeDescription='Alias' name='Alias'><StringValue>SSIS</StringValue></CompetencyEvidence>

<CompetencyWeight type='skillLevel'><NumericValue minValue='0' maxValue='100'>13</NumericValue></CompetencyWeight>
</Competency>

<Competency oids='69 ' description='Skill' auth='no' name='Responsible for monitoring'>
<CompetencyEvidence name='Extent of Experience' typeDescription='Extent of Experience' type='MONTH' lastUsed='2014'><NumericValue description='MONTH'>84</NumericValue></CompetencyEvidence>

<CompetencyWeight type='skillLevel'><NumericValue minValue='0' maxValue='100'>95</NumericValue></CompetencyWeight>

<CompetencyWeight type='skillProficiency'><StringValue minValue='BASIC' maxValue='EXCELLENT'>EXCELLENT</StringValue></CompetencyWeight>
</Competency>

<Competency oids='59 ' description='Skill' auth='no' name='Responsible for Managing SQL Server'>
<CompetencyEvidence name='Extent of Experience' typeDescription='Extent of Experience' type='MONTH' lastUsed='2014'><NumericValue description='MONTH'>84</NumericValue></CompetencyEvidence>

<CompetencyWeight type='skillLevel'><NumericValue minValue='0' maxValue='100'>97</NumericValue></CompetencyWeight>

<CompetencyWeight type='skillProficiency'><StringValue minValue='BASIC' maxValue='EXCELLENT'>EXCELLENT</StringValue></CompetencyWeight>
</Competency>

<Competency oids='140 ' description='Skill' auth='no' name='Performance monitoring'>
<CompetencyEvidence name='Extent of Experience' typeDescription='Extent of Experience' type='MONTH' lastUsed='2001'><NumericValue description='MONTH'>12</NumericValue></CompetencyEvidence>

<CompetencyWeight type='skillLevel'><NumericValue minValue='0' maxValue='100'>18</NumericValue></CompetencyWeight>

<CompetencyWeight type='skillProficiency'><StringValue minValue='BASIC' maxValue='EXCELLENT'>BASIC</StringValue></CompetencyWeight>
</Competency>

<Competency oids='122 ' description='Skill' auth='no' name='Performance Analysis'>
<CompetencyEvidence name='Extent of Experience' typeDescription='Extent of Experience' type='MONTH' lastUsed='2002'><NumericValue description='MONTH'>20</NumericValue></CompetencyEvidence>

<CompetencyWeight type='skillLevel'><NumericValue minValue='0' maxValue='100'>21</NumericValue></CompetencyWeight>

<CompetencyWeight type='skillProficiency'><StringValue minValue='BASIC' maxValue='EXCELLENT'>BASIC</StringValue></CompetencyWeight>
</Competency>

<Competency oids='146 ' description='Skill > IT' auth='yes' name='Oracle'>
<CompetencyEvidence name='Extent of Experience' typeDescription='Extent of Experience' type='MONTH' lastUsed='1999'><NumericValue description='MONTH'>22</NumericValue></CompetencyEvidence>

<CompetencyWeight type='skillLevel'><NumericValue minValue='0' maxValue='100'>25</NumericValue></CompetencyWeight>

<CompetencyWeight type='skillProficiency'><StringValue minValue='BASIC' maxValue='EXCELLENT'>BASIC</StringValue></CompetencyWeight>
</Competency>

<Competency oids='152 ' description='Skill' auth='no' name='NT Administration'>
<CompetencyEvidence name='Extent of Experience' typeDescription='Extent of Experience' type='MONTH' lastUsed='1999'><NumericValue description='MONTH'>22</NumericValue></CompetencyEvidence>

<CompetencyWeight type='skillLevel'><NumericValue minValue='0' maxValue='100'>21</NumericValue></CompetencyWeight>

<CompetencyWeight type='skillProficiency'><StringValue minValue='BASIC' maxValue='EXCELLENT'>BASIC</StringValue></CompetencyWeight>
</Competency>

<Competency oids='126 ' description='Skill > IT' auth='yes' name='Microsoft Windows 2000 Professional'>
<CompetencyEvidence name='Extent of Experience' typeDescription='Extent of Experience' type='MONTH' lastUsed='2001'><NumericValue description='MONTH'>12</NumericValue></CompetencyEvidence>

<CompetencyEvidence typeDescription='Alias' name='Alias'><StringValue>Win 2K</StringValue></CompetencyEvidence>

<CompetencyWeight type='skillLevel'><NumericValue minValue='0' maxValue='100'>22</NumericValue></CompetencyWeight>

<CompetencyWeight type='skillProficiency'><StringValue minValue='BASIC' maxValue='EXCELLENT'>BASIC</StringValue></CompetencyWeight>
</Competency>

<Competency oids='50 ' description='Skill > IT' auth='yes' name='Microsoft Windows 2000 Advanced Server'>
<CompetencyEvidence typeDescription='Alias' name='Alias'><StringValue>Advanced Server</StringValue></CompetencyEvidence>

<CompetencyWeight type='skillLevel'><NumericValue minValue='0' maxValue='100'>13</NumericValue></CompetencyWeight>
</Competency>

<Competency oids='52 ' description='Skill > IT' auth='yes' name='Microsoft Windows'>
<CompetencyEvidence typeDescription='Alias' name='Alias'><StringValue>Windows</StringValue></CompetencyEvidence>

<CompetencyWeight type='skillLevel'><NumericValue minValue='0' maxValue='100'>13</NumericValue></CompetencyWeight>
</Competency>

<Competency oids='151 ' description='Skill' auth='no' name='Log Management'>
<CompetencyEvidence name='Extent of Experience' typeDescription='Extent of Experience' type='MONTH' lastUsed='1999'><NumericValue description='MONTH'>22</NumericValue></CompetencyEvidence>

<CompetencyWeight type='skillLevel'><NumericValue minValue='0' maxValue='100'>21</NumericValue></CompetencyWeight>

<CompetencyWeight type='skillProficiency'><StringValue minValue='BASIC' maxValue='EXCELLENT'>BASIC</StringValue></CompetencyWeight>
</Competency>

<Competency oids='108 ' description='Skill > IT' auth='yes' name='Jakarta TOMCAT Servlet Engine'>
<CompetencyEvidence name='Extent of Experience' typeDescription='Extent of Experience' type='MONTH' lastUsed='2002'><NumericValue description='MONTH'>20</NumericValue></CompetencyEvidence>

<CompetencyEvidence typeDescription='Alias' name='Alias'><StringValue>TOMCAT</StringValue></CompetencyEvidence>

<CompetencyWeight type='skillLevel'><NumericValue minValue='0' maxValue='100'>23</NumericValue></CompetencyWeight>

<CompetencyWeight type='skillProficiency'><StringValue minValue='BASIC' maxValue='EXCELLENT'>BASIC</StringValue></CompetencyWeight>
</Competency>

<Competency oids='62 ' description='Skill' auth='no' name='Facilitates application deployment'>
<CompetencyEvidence name='Extent of Experience' typeDescription='Extent of Experience' type='MONTH' lastUsed='2014'><NumericValue description='MONTH'>84</NumericValue></CompetencyEvidence>

<CompetencyWeight type='skillLevel'><NumericValue minValue='0' maxValue='100'>96</NumericValue></CompetencyWeight>

<CompetencyWeight type='skillProficiency'><StringValue minValue='BASIC' maxValue='EXCELLENT'>EXCELLENT</StringValue></CompetencyWeight>
</Competency>

<Competency oids='36 ' description='Skill' auth='no' name='Database Monitoring'>
<CompetencyWeight type='skillLevel'><NumericValue minValue='0' maxValue='100'>13</NumericValue></CompetencyWeight>
</Competency>

<Competency oids='106 ' description='Skill' auth='yes' name='Customer Relationship Management'>
<CompetencyEvidence name='Extent of Experience' typeDescription='Extent of Experience' type='MONTH' lastUsed='2002'><NumericValue description='MONTH'>20</NumericValue></CompetencyEvidence>

<CompetencyEvidence typeDescription='Alias' name='Alias'><StringValue>CRM</StringValue></CompetencyEvidence>

<CompetencyWeight type='skillLevel'><NumericValue minValue='0' maxValue='100'>25</NumericValue></CompetencyWeight>

<CompetencyWeight type='skillProficiency'><StringValue minValue='BASIC' maxValue='EXCELLENT'>BASIC</StringValue></CompetencyWeight>
</Competency>

<Competency oids='105 ' description='Skill > IT' auth='yes' name='Clarify'>
<CompetencyEvidence name='Extent of Experience' typeDescription='Extent of Experience' type='MONTH' lastUsed='2002'><NumericValue description='MONTH'>20</NumericValue></CompetencyEvidence>

<CompetencyWeight type='skillLevel'><NumericValue minValue='0' maxValue='100'>25</NumericValue></CompetencyWeight>

<CompetencyWeight type='skillProficiency'><StringValue minValue='BASIC' maxValue='EXCELLENT'>BASIC</StringValue></CompetencyWeight>
</Competency>

<Competency oids='41 ' description='Skill' auth='no' name='Call Support'>
<CompetencyWeight type='skillLevel'><NumericValue minValue='0' maxValue='100'>13</NumericValue></CompetencyWeight>
</Competency>

<Competency oids='16 ' description='Skill' auth='yes' name='Business Analysis'>
<CompetencyWeight type='skillLevel'><NumericValue minValue='0' maxValue='100'>13</NumericValue></CompetencyWeight>
</Competency>

<Competency oids='74_3_1 90_3_1 103_3_1 123_3_1 ' description='Held Position' auth='no' name='SQL Server DBA'>
<CompetencyEvidence name='Extent of Experience' typeDescription='Extent of Experience' type='MONTH' lastUsed='2007'><NumericValue description='MONTH'>88</NumericValue></CompetencyEvidence>

<CompetencyWeight type='skillLevel'><NumericValue minValue='0' maxValue='100'>28</NumericValue></CompetencyWeight>

<CompetencyWeight type='skillProficiency'><StringValue minValue='BASIC' maxValue='EXCELLENT'>BASIC</StringValue></CompetencyWeight>
</Competency>

<Competency oids='79_2 113_2 ' description='Held Position' auth='no' name='Installation'>
<CompetencyEvidence name='Extent of Experience' typeDescription='Extent of Experience' type='MONTH' lastUsed='2007'><NumericValue description='MONTH'>32</NumericValue></CompetencyEvidence>

<CompetencyWeight type='skillLevel'><NumericValue minValue='0' maxValue='100'>26</NumericValue></CompetencyWeight>

<CompetencyWeight type='skillProficiency'><StringValue minValue='BASIC' maxValue='EXCELLENT'>BASIC</StringValue></CompetencyWeight>
</Competency>

<Competency oids='54_2_1 ' description='Held Position' auth='no' name='Server DBA'>
<CompetencyEvidence name='Extent of Experience' typeDescription='Extent of Experience' type='MONTH' lastUsed='2014'><NumericValue description='MONTH'>84</NumericValue></CompetencyEvidence>

<CompetencyWeight type='skillLevel'><NumericValue minValue='0' maxValue='100'>100</NumericValue></CompetencyWeight>

<CompetencyWeight type='skillProficiency'><StringValue minValue='BASIC' maxValue='EXCELLENT'>EXCELLENT</StringValue></CompetencyWeight>
</Competency>

<Competency oids='144_3_1 ' description='Held Position' auth='no' name='Senior Officer Information Technology'>
<CompetencyEvidence name='Extent of Experience' typeDescription='Extent of Experience' type='MONTH' lastUsed='1999'><NumericValue description='MONTH'>22</NumericValue></CompetencyEvidence>

<CompetencyWeight type='skillLevel'><NumericValue minValue='0' maxValue='100'>25</NumericValue></CompetencyWeight>

<CompetencyWeight type='skillProficiency'><StringValue minValue='BASIC' maxValue='EXCELLENT'>BASIC</StringValue></CompetencyWeight>
</Competency>

<Competency oids='20_1 ' description='Held Position' auth='no' name='Expert in data transformation'>
<CompetencyWeight type='skillLevel'><NumericValue minValue='0' maxValue='100'>13</NumericValue></CompetencyWeight>
</Competency>

<Competency oids='67_1 ' description='Held Position' auth='no' name='Database Engine Tuning Advisor'>
<CompetencyEvidence name='Extent of Experience' typeDescription='Extent of Experience' type='MONTH' lastUsed='2014'><NumericValue description='MONTH'>84</NumericValue></CompetencyEvidence>

<CompetencyWeight type='skillLevel'><NumericValue minValue='0' maxValue='100'>99</NumericValue></CompetencyWeight>

<CompetencyWeight type='skillProficiency'><StringValue minValue='BASIC' maxValue='EXCELLENT'>EXCELLENT</StringValue></CompetencyWeight>
</Competency>

<Competency oids='37_1 ' description='Held Position' auth='no' name='Application support'>
<CompetencyWeight type='skillLevel'><NumericValue minValue='0' maxValue='100'>13</NumericValue></CompetencyWeight>
</Competency>

<Competency oids='154_3 ' description='Degree/Qualification' auth='no' name='Advanced Diploma > Advanced Diploma Computer Science'>
<CompetencyEvidence name='Application' typeDescription='Application' type='Computer Science'><StringValue>Computer Science</StringValue></CompetencyEvidence>

<CompetencyEvidence typeDescription='Alias' name='Alias'><StringValue>Advanced Diploma in Computer Science</StringValue></CompetencyEvidence>

<CompetencyWeight type='skillLevel'><NumericValue minValue='0' maxValue='100'>12</NumericValue></CompetencyWeight>
</Competency>

<Competency description='Industry' auth='yes' name='industry~it'>
<CompetencyEvidence name='skillCount' typeDescription='skillCount'><NumericValue>6</NumericValue></CompetencyEvidence>

<CompetencyWeight type='skillLevel'><NumericValue minValue='0' maxValue='100'>100</NumericValue></CompetencyWeight>
</Competency>























<RevisionDate id='1'>2014-07-02</RevisionDate>
</StructuredXMLResume>
<NonXMLResume>

<TextResume>



<span inprof='n' id='1' class='date'>{{DOCUMENT_DATESTAMP}} 2014-7-2 {{END_DOCUMENT_DATESTAMP}}</span>



<span inprof='y' id='2' class='nominal'>PRADIP PATHARE</span>
<span inprof='y' id='3' class='telephone'>Cell (732) 742 7329</span>
<span inprof='y' id='4' class='telephone'>Home (732) 662 9713</span>

<span inprof='y' id='5' class='email'>Email: pradip2500@yahoo.com</span>

Visa Status:  <span inprof='y' id='6_1' class='nat-country'>US</span> Citizen

  *  <span inprof='y' id='7' class='skill'>Around 10+ years of experience in Database Administration</span> for very large and complex databases in <span inprof='y' id='8' class='sofwr'>SQL Server</span> 2012, <span inprof='y' id='9' class='sofwr'>SQL Server</span> <span inprof='y' id='10' class='sofwr'>2008 R2</span>/ <span inprof='y' id='11' class='sofwr'>2005</span>/<span inprof='y' id='12' class='sofwr'>2000</span>/<span inprof='y' id='13' class='sofwr'>7</span>/<span inprof='y' id='14' class='sofwr'>6.5</span>. ; 
  *  Expertise in <span inprof='y' id='15' class='skill'>Database Administration</span> on Production Servers with server configuration, performance tuning and maintenance ; 
  *  Strong technical background along with the ability to perform <span inprof='y' id='16' class='skill'>business analysis</span> and write effective documentation and specifications ; 
  *  Expertise in <span inprof='y' id='17' class='sofwr'>T-SQL</span> writing stored procedures, triggers and functions. ; 
  *  <span inprof='y' id='18' class='sofwr'>Administering SQL Server</span> High Availability and <span inprof='y' id='19' class='skill'>Disaster Recovery</span> strategies. ; 
  *  <span inprof='y' id='20_1' class='role'>Expert in data transformation</span> services like <span inprof='y' id='21' class='sofwr'>SSIS</span>, <span inprof='y' id='22' class='sofwr'>DTS</span>, BCP and Bulk Insert. ; 
  *  Implemented the new <span inprof='y' id='23' class='sofwr'>SQL Server</span> 2012 mechanisms like data compressions, online indexing, ; 
  *  Worked on logical and physical data base modeling with <span inprof='y' id='24' class='sofwr'>ERWIN</span> tools ; 
  *  Worked extensively on Clustering and server <span inprof='y' id='25' class='skill'>consolidation</span>. Troubleshooting production issues and raising high availability. ; 
  *  Experience in <span inprof='n' id='26' class='qualif'>Disaster Recovery Planning and Security Management</span> operations. ; 
  *  Proficiency and expertise in SQL Server Replication, Backup/Recovery, <span inprof='y' id='27' class='skill'>Disaster recovery</span> and planning. ; 
  *  Having hands on experience in DR processes including Log shipping and Database Mirroring. ; 
  *  Handled multiple SQL Instances on Cluster environment for Server <span inprof='y' id='28' class='skill'>Consolidation</span> projects. ; 
  *  Worked on <span inprof='y' id='29' class='sofwr'>SQL Server</span> 2012 migration from <span inprof='y' id='30' class='sofwr'>SQL Server</span> <span inprof='n' id='31' class='date-range'>2008 / 2005. ;</span> 
  *  Experience on 64 bit <span inprof='y' id='32' class='sofwr'>SQL Server</span> <span inprof='n' id='33' class='date'>2012</span> / <span inprof='y' id='34' class='sofwr'>SQL Server</span> <span inprof='y' id='35' class='sofwr'>2008 R2</span> systems and MSCS Configurations. ; 
  *  Having Experience on Microsoft PDW for Data Warehouse ; 
  *  Experience in Batch processes, Import, Export, Backup, <span inprof='y' id='36' class='skill'>Database Monitoring</span> tools like Solar Winds and <span inprof='y' id='37_1' class='role'>Application support</span>. ; 
  *  Created Linked Servers for <span inprof='y' id='38' class='sofwr'>SQL Server</span> <span inprof='y' id='39' class='sofwr'>2005</span> and <span inprof='y' id='40' class='sofwr'>2008 R2</span> ; 
  *  Working knowledge in Analysis Services(SSAS), Reporting Services(SSRS) ; 
  *  Experience in supporting Very Large databases (VLDB) and troubleshooting the problems. ; 
  *  Strong experience in mentoring team members and writing documentation. ; 
  *  24 X 7 Production Database on <span inprof='y' id='41' class='skill'>Call Support</span>

Technical Expertise
Databases:  <span inprof='y' id='42' class='sofwr'>MS SQL Server</span> <span inprof='n' id='43' class='date-range'>2012/ 2008</span>/<span inprof='y' id='44' class='sofwr'>2005</span>/<span inprof='y' id='45' class='sofwr'>2000</span>/<span inprof='y' id='46' class='sofwr'>7</span>/<span inprof='y' id='47' class='sofwr'>6.5</span>

Operating System: <span inprof='y' id='48' class='sofwr'>Windows 2008</span>/<span inprof='y' id='49' class='sofwr'>2003</span> <span inprof='y' id='50' class='sofwr'>Advanced Server</span>, <span inprof='y' id='51' class='sofwr'>NT</span> &#38; <span inprof='y' id='52' class='sofwr'>Windows</span>

Tools:  SQL LiteSpeed, CommVault , SQL Native backup, Solarwinds


<span inprof='n' id='53' class='work-hist-mark'>WORK EXPERIENCE</span>

<span inprof='y' id='54_1' class='company'>GroupM (A WPP Company, New York) SQL</span> <span inprof='y' id='54_2_1' class='role'>Server DBA</span>     <span inprof='y' id='54_3_1' class='date'>Aug 2007</span>- <span inprof='y' id='54_3_2' class='date'>Present</span>

Environment is comprised of more than 80 <span inprof='y' id='55' class='sofwr'>Windows 2003</span>/<span inprof='y' id='56' class='sofwr'>2008</span> Servers, running <span inprof='y' id='57' class='sofwr'>SQL Server 2005</span>/<span inprof='n' id='58' class='date-range'>2008/2012</span> in clustered, replicated environment

As a Global SQL DBA my main role is to support GroupM Applications in Clustered Environment, <span inprof='y' id='59' class='skill'>Responsible for Managing SQL Server</span> databases globally and supporting multiple applications and working closely <span inprof='n' id='60' class='bad-occupation'>with Developers and Business Analyst</span>.

Responsibilities

  *  To provide 24x7 production <span inprof='y' id='61' class='sofwr'>support for SQL Server</span> databases (VLDB) on Clustered Servers to achieve maximum performance and uptime in production environment. ; 
  *  Rebuilding / monitoring the indexes at regular intervals for better performance. ; 
  *  Recovering the databases from backup in disasters. ; 
  *  Involved in trouble shooting and fine-tuning of databases for its performance ; 
  *  <span inprof='y' id='62' class='skill'>Facilitates application deployment</span> and joint effort deployments. ; 
  *  Performed daily tasks including backup and restore by using <span inprof='y' id='63' class='sofwr'>SQL Server</span> tools like <span inprof='y' id='64' class='sofwr'>SQL Server</span> Management Studio, <span inprof='y' id='65' class='sofwr'>SQL Server</span> Profiler, <span inprof='y' id='66' class='sofwr'>SQL Server</span> Agent, and <span inprof='y' id='67_1' class='role'>Database Engine Tuning Advisor</span>. ; 
  *  To provide 24x7 production <span inprof='y' id='68' class='sofwr'>support for SQL Server</span> databases on Clustered Servers with size up to 4 Terabytes to achieve maximum performance and uptime in production environment. ; 
  *  <span inprof='y' id='69' class='skill'>Responsible for monitoring</span> and making recommendations for performance improvement in hosted databases. This involved index creation, index removal, index modification, file group modifications, and adding scheduled jobs to re-index and update statistics in databases. ; 
  *  Performed <span inprof='y' id='70' class='sofwr'>installation of SQL Enterprise</span> <span inprof='n' id='71' class='date-range'>2005/2008</span>/2012 64bit version on <span inprof='y' id='72' class='sofwr'>Windows 2003</span>/<span inprof='y' id='73' class='sofwr'>2008</span> servers on Enterprise systems of clustered and standalone servers in enterprise Data Centers.



<span inprof='y' id='74_1' class='company'>Deutsche Bank</span> (<span inprof='y' id='74_2' class='location'>Jersey City, NJ</span>)   <span inprof='y' id='74_3_1' class='role'>SQL Server DBA</span>                <span inprof='y' id='74_4_1' class='date'>Aug 2006</span> - <span inprof='y' id='74_4_2' class='date'>July 2007</span>

My Role was a Global <span inprof='y' id='75' class='sofwr'>DBA Support</span> for more than 30 online Trading Applications for <span inprof='y' id='76' class='sofwr'>SQL 2000</span>/<span inprof='y' id='77' class='sofwr'>2005</span> database in a Clustered Windows <span inprof='n' id='78' class='date'>2003</span> environment

<span inprof='n' id='79_1' class='some-position'>Responsibilities
*</span>  <span inprof='y' id='79_2' class='role'>Installation</span>, <span inprof='y' id='80' class='sofwr'>configuration and maintenance of SQL Server</span> <span inprof='y' id='81' class='sofwr'>2000</span>/<span inprof='y' id='82' class='sofwr'>2005</span> ; 
*  Upgrade current applications to <span inprof='y' id='83' class='sofwr'>SQL 2005</span> ; 
*  Day to <span inprof='y' id='84' class='skill'>Day Maintenance</span> and resolve the system problems ; 
*  Software upgrade and Installation of the Service packs for <span inprof='y' id='85' class='sofwr'>SQL Server</span> ; 
*  Work on <span inprof='y' id='86' class='sofwr'>SQL Server</span> Clustering. ; 
*  Write Simple and Complex Queries using <span inprof='y' id='87' class='sofwr'>Transact SQL</span> ; 
*  Creating Database, Indexes, Rules, and Defaults. ; 
*  Backup and Recovery procedures for production and development servers. ; 
*  Setup and maintaining the Replication server. ; 
*  Using <span inprof='y' id='88' class='sofwr'>DTS</span> to Import and Export Data.
*  Involved in 24x7 Production support.
*  Database modeling using <span inprof='y' id='89' class='sofwr'>ERWIN</span>.

<span inprof='y' id='90_1' class='company'>IBM Global Services</span> (<span inprof='y' id='90_2' class='location'>NY</span>) <span inprof='y' id='90_3_1' class='role'>SQL Server DBA</span>                               <span inprof='y' id='90_4_1' class='date'>Dec 2002</span>- <span inprof='y' id='90_4_2' class='date'>July 2006</span>

I was working for <span inprof='n' id='91' class='company'>PEARSON TECHNOLOGIES</span> as a SQL DBA. I was supporting many <span inprof='y' id='92' class='sofwr'>MS SQL</span> databases for their ongoing projects like Royalty system, Account tracking.

Responsibilities

*  <span inprof='y' id='93' class='sofwr'>Installation, configuration and maintenance of SQL Server</span> <span inprof='y' id='94' class='sofwr'>7.0</span>/<span inprof='y' id='95' class='sofwr'>2000</span> ; 
*  Day to <span inprof='y' id='96' class='skill'>Day Maintenance</span> and resolve the system problems ; 
*  <span inprof='y' id='97' class='skill'>Data Analysis</span> and Check the Integrity of the data. ; 
*  Work <span inprof='n' id='98' class='bad-occupation'>with SQL Server Enterprise Manager</span> and Query Analyzer ; 
*  Write Simple and Complex Queries/ <span inprof='y' id='99' class='sofwr'>Stored Procedures</span> using <span inprof='y' id='100' class='sofwr'>Transact SQL</span> ; 
*  Create and Test DTS packages ; 
*  Manage SQL Server Cluster. ; 
*  Troubleshooting, Monitoring and Tuning the <span inprof='y' id='101' class='sofwr'>MS SQL Server</span> for optimum performance. ; 
*  Work on Log Shipping instance of <span inprof='y' id='102' class='sofwr'>SQL Server</span>. ; 
*  Backup and Recovery procedures for production and development servers. ; 
*  Setup and maintaining the Replication server. ; 
*  Involved in 24x7 Production supports.



<span inprof='y' id='103_1' class='company'>IBM</span>, <span inprof='y' id='103_2' class='location'>Raleigh (North Carolina)</span>   <span inprof='y' id='103_3_1' class='role'>SQL Server DBA</span>            <span inprof='y' id='103_4_1' class='date'>Apr 2001</span> to <span inprof='y' id='103_4_2' class='date'>Nov 2002</span>

<span inprof='n' id='104' class='company'>IBM's Customer Support division</span> uses <span inprof='y' id='105' class='sofwr'>Clarify</span> based <span inprof='y' id='106' class='skill'>CRM</span> application to Log Customers complaints. The System uses SQL Server Database in <span inprof='y' id='107' class='sofwr'>Win NT Environment</span>.
The primary role is to Support and maintain the SQL Server Databases on <span inprof='y' id='108' class='sofwr'>TOMCAT</span> and JAGUAR Servers which are the main servers for the Clarify Application.
 Environment is comprised of Win <span inprof='y' id='109' class='sofwr'>NT</span> Servers running <span inprof='y' id='110' class='sofwr'>SQL Server 6.5</span>, <span inprof='y' id='111' class='sofwr'>SQL Server 7</span> and <span inprof='y' id='112' class='sofwr'>SQL Server 2000</span>.

<span inprof='n' id='113_1' class='some-position'>Responsibilities
*</span>  <span inprof='y' id='113_2' class='role'>Installation</span>, <span inprof='y' id='114' class='sofwr'>configuration and maintenance of SQL Server</span> <span inprof='y' id='115' class='sofwr'>2000</span> ; 
*  User Account creation, group creation and setting up privileges. ; 
*  Day to <span inprof='y' id='116' class='skill'>Day Maintenance</span> and resolve the system problems ; 
*  Software upgrade and Installation of the Service packs for <span inprof='y' id='117' class='sofwr'>SQL Server</span> ; 
*  Copy, Move Database from one server to another ; 
*  Work <span inprof='n' id='118' class='bad-occupation'>with SQL Server Enterprise Manager</span> and Query Analyzer ; 
*  Write Simple and Complex Queries using <span inprof='y' id='119' class='sofwr'>Transact SQL</span> ; 
*  Creating Database, Indexes, Rules, and Defaults. ; 
*  Backup and Recovery procedures for production and development servers. ; 
*  Setup and maintaining the Replication server. ; 
*  Using <span inprof='y' id='120' class='sofwr'>DTS</span> to Import and Export Data.
*  Involved in 24x7 Production support.
*  Database modeling using <span inprof='y' id='121' class='sofwr'>ERWIN</span>.
*  <span inprof='y' id='122' class='skill'>Performance Analysis</span> and optimization

<span inprof='y' id='123_1' class='company'>DELL</span>, <span inprof='y' id='123_2' class='location'>AUSTIN (TX</span>)                        <span inprof='y' id='123_3_1' class='role'>SQL Server DBA</span>          <span inprof='y' id='123_4_1' class='date'>Mar 2000</span> to <span inprof='y' id='123_4_2' class='date'>Mar 2001</span>
Current project involved the design, testing and implementation of <span inprof='y' id='124' class='company'>Dell</span>'s Premier Online server ordering system. 
Environment is comprised of 78 Win <span inprof='y' id='125' class='sofwr'>NT</span> Servers/<span inprof='y' id='126' class='sofwr'>Win 2K</span> Servers, running <span inprof='y' id='127' class='sofwr'>SQL Server</span> <span inprof='y' id='128' class='sofwr'>7</span> and <span inprof='y' id='129' class='sofwr'>2000</span> in clustered, replicated environment. The main goal in this project was to keep the site up and running <span inprof='n' id='130' class='duration'>24 hours</span> a day.


Responsibilities

*  <span inprof='y' id='131' class='sofwr'>Installation, configuration and maintenance of SQL Server</span> <span inprof='y' id='132' class='sofwr'>7.0</span>. ; 
*  <span inprof='y' id='133' class='sofwr'>Installation of SQL 2000</span> and Upgrade DB to <span inprof='y' id='134' class='sofwr'>SQL 2000</span> from existing <span inprof='y' id='135' class='sofwr'>7.0</span>. ; 
*  User Account creation, group creation and setting up privileges. ; 
*  Software upgrade and Installation of the Service packs for <span inprof='y' id='136' class='sofwr'>SQL Server</span> ; 
*  Creating Database, Indexes, Rules, and Defaults. ; 
*  Used DTS to import an export data. ; 
*  Work <span inprof='n' id='137' class='bad-occupation'>with SQL Server Enterprise Manager</span> and Query Analyzer ; 
*  Write Simple and Complex Queries using <span inprof='y' id='138' class='sofwr'>Transact SQL</span> ; 
*  Backup and Recovery procedures for production and development servers. ; 
*  Creation of Triggers, <span inprof='y' id='139' class='sofwr'>Stored Procedure</span>, Tables and Indexes. ; 
*  <span inprof='y' id='140' class='skill'>Performance monitoring</span> and tuning <span inprof='y' id='141' class='sofwr'>SQL Server</span>. ; 
*  Setup and maintaining the Replication server. ; 
*  Provided analysis and recommendations for setting up a comprehensive Backup and Recovery Strategy for all the SQL Servers. ; 
*  Day to <span inprof='y' id='142' class='skill'>Day Maintenance</span> and resolve the system problems ; 
*  <span inprof='y' id='143' class='skill'>Data Analysis</span> and Check the Integrity of the data.



<span inprof='y' id='144_1' class='company'>HDFC Bank</span>, <span inprof='y' id='144_2' class='location'>India</span>             <span inprof='y' id='144_3_1' class='role'>Senior Officer Information Technology</span>	 <span inprof='y' id='144_4_1' class='date'>Feb 98</span> to <span inprof='y' id='144_4_2' class='date'>Nov 99</span>

Project involved <span inprof='y' id='145' class='sofwr'>maintenance of the SQL Server</span> and <span inprof='y' id='146' class='sofwr'>Oracle</span> for the Banking software. 
The environment consists of Sun Solaris Servers and Win <span inprof='y' id='147' class='sofwr'>NT</span> Servers.

Responsibilities:
*  <span inprof='y' id='148' class='sofwr'>Installing SQL Server</span>. ; 
*  User Account creation, group creation and setting up privileges. ; 
*  Planning the future hardware and software requirements. ; 
*  Providing <span inprof='y' id='149' class='skill'>day-to-day Administration</span> tasks like <span inprof='y' id='150' class='skill'>Space Management</span>, <span inprof='y' id='151' class='skill'>Log Management</span>, Error Logs, Current Activities and Scheduled Tasks. ; 
*  Also involved in <span inprof='y' id='152' class='skill'>NT Administration</span>.

<span inprof='n' id='153' class='edu-hist-mark'>EDUCATION</span>
<span inprof='y' id='154_1' class='educational'>B.S.  Bombay University</span>, <span inprof='y' id='154_2' class='location'>India</span>
<span inprof='y' id='154_3' class='qualif'>Advanced Diploma in Computer Science</span> from NIIT

</TextResume>

</NonXMLResume>



<UserArea>
<DaxResumeUserArea>
<AdditionalPersonalData>
<ExperienceSummary>
<TotalMonthsOfWorkExperience>194</TotalMonthsOfWorkExperience>
<TotalYearsOfWorkExperience>16</TotalYearsOfWorkExperience>
<ExecutiveBrief>Pradip Pathare has been working in the IT  occupational sector for more than 16 years. Currently he is employed as a Server DBA at GroupM (A WPP Company, New York) SQL. Pradip has extensive knowledge of Microsoft SQL Server, Microsoft SQL Server 2000, Microsoft SQL Server 7.0, Microsoft SQL Server 2005, Microsoft Transact-SQL, Microsoft SQL Server 6.5, Logic Works ERwin/ERX, Database Administration, Data Transformation Services, Stored Procedures, SQL, Oracle, Jakarta TOMCAT Servlet Engine, Clarify. So far Pradip has not gained any managerial experience.</ExecutiveBrief>
</ExperienceSummary>
</AdditionalPersonalData>
<ParserInfo>
<ParserConfiguration>{max_len=50000} {tel_flag=} {send_zip=} {fast_conv=} {DEF_LOCAL=} {sdate=0} {no_email_body=0} {do_clever_zoning=1} {keep_span=1} {complex=1} {accept_langs=} {not_accept_langs=} {prefer_lang_cv=EN} {pers_only=0} {turbo=0} {split_language=0} {picture=0} {picture_inline=0} {name_space=0} {charset=} {hrxml_upgrade_edu_hist=0}{hrxml_add_languages_section=0}{spool=} {docID=} {user=DEFAULT} </ParserConfiguration>
<ParserRelease>0.12.3.32629</ParserRelease>
<ParserReleaseDate>2014-06-18</ParserReleaseDate>
<ParserSchema>2.0.29</ParserSchema>
<ParserSchemaLocation>http://cvx.daxtra.com/cvts/xsd/candidate/2.0.29/Resume.xsd</ParserSchemaLocation>
<ConverterRelease>0.5.2.32629</ConverterRelease>
<ConverterReleaseDate>2014-06-18</ConverterReleaseDate>
</ParserInfo>
<FileStruct filename='/home/izoom/anazarov/grammar/analysis/3rconnect/doc/100_Resume-ApTask/pradip_new1.doc'>

<attachment fname='pradip_new1.doc' ftype='doc' conv='yes' doc_type='cv' lang='EN'>/home/izoom/anazarov/grammar/analysis/3rconnect/doc/100_Resume-ApTask/pradip_new1.doc</attachment>


</FileStruct>
</DaxResumeUserArea>
</UserArea>
</Resume>
