<?xml version='1.0' encoding='ISO-8859-1'?>
<Resume lang='en' src='DAXTRA-CVX schema:2.0.29 release:0.12.3.32629 rdate:2014-06-18'>
<StructuredXMLResume>
<ContactInfo>
<PersonName id='2'>
<FormattedName>Kennedy Prince</FormattedName>
<GivenName>Kennedy</GivenName>
<FamilyName>Prince</FamilyName>
<sex>Male</sex>
</PersonName>
<ContactMethod>
<Telephone id='4' type='home'>
<InternationalCountryCode>1</InternationalCountryCode>
<SubscriberNumber>401 499-8230</SubscriberNumber>
<FormattedNumber>+1 401 499-8230</FormattedNumber></Telephone>

<InternetEmailAddress id='3' type='main'>PKennedy@lanwanprofessional.com</InternetEmailAddress>
</ContactMethod>
</ContactInfo>
<ExecutiveSummary>	Cisco Certified IT professional with over 8 years of experience in planning, designing, implementing and troubleshooting seeks a Network Engineer position with a quality organization who will utilize my skills and knowledge in LAN/WAN routing/switching and VOIP using protocols which include OSPF, BGP, EIGRP, MPLS, and Juniper.  Also experienced with various firewalls and load balancers while working in team environments or independently.</ExecutiveSummary>


<EmploymentHistory>
<EmployerOrg employerOrgType='soleEmployer'>
<EmployerOrgName id='88'>United Nations</EmployerOrgName>

<PositionHistory positionType='PERMANENT'>
<Title id='89_1'>LAN/WAN Administrator</Title>
<OrgName id='88'>United Nations</OrgName>



<Description>*    Member of a team responsible for installation, configuration, monitoring and maintenance of communication equipment for wired and wireless physical and logical networks including Cisco Switches and Routers using protocols including EIGRP, OSPF, BGP and more. ; 
    *    Responsible for providing level 1/2 network support for internal and external clients globally using a proprietary helpdesk system. ; 
    *    Day-to-day activities include being responsible for monitoring, maintaining and analyzing network utilization to ensure optimal network performance and avoid misuse of network resources.  Also identified and tested new software and hardware for improvement of network performance.</Description>
<StartDate id='90_1'><Year>2008</Year></StartDate>
<EndDate id='90_2'><Year>2013</Year></EndDate>




<JobCategory>
<TaxonomyName>JOBAREA</TaxonomyName>
<CategoryCode>it</CategoryCode>
</JobCategory>


<UserArea>
<DaxPositionHistoryUserArea>
<TLSPAN first_id='88' last_id='99' border_id='102'></TLSPAN>
<MonthsOfWork>60</MonthsOfWork>
</DaxPositionHistoryUserArea>
</UserArea>
</PositionHistory>
</EmployerOrg>

<EmployerOrg employerOrgType='soleEmployer'>
<EmployerOrgName id='100'>DataSoft ICT</EmployerOrgName>

<PositionHistory positionType='PERMANENT'>
<Title id='101_1'>Network Engineer</Title>
<OrgName id='100'>DataSoft ICT</OrgName>



<Description>*    Member of a team of professionals responsible for the analysis, developing, implementing and supporting LAN/WAN projects in accordance with DataSoft's security policies and procedures while maintaining detailed documentation. ; 
*    Technical responsibilities included, but were not limited to, the installation, configuration, administration, and troubleshooting of various enterprises LAN/WAN technologies including enterprise Routing, Switching, VOIP, and Wireless infrastructure. ; 
*    Responsible for the design, implementation and maintenance of Data Security Projects with emphasis on Firewalls, VPN and Data Integrity while also analyzing, proposing and enforcing strict security processes and procedures.</Description>
<StartDate id='102_1'><Year>2004</Year></StartDate>
<EndDate id='102_2'><Year>2007</Year></EndDate>



<JobLevelInfo>
<JobGrade>joblevel-nonmanager-low</JobGrade>
</JobLevelInfo>

<JobCategory>
<TaxonomyName>JOBAREA</TaxonomyName>
<CategoryCode>it</CategoryCode>
</JobCategory>


<UserArea>
<DaxPositionHistoryUserArea>
<TLSPAN first_id='100' last_id='109' border_id='0'></TLSPAN>
<MonthsOfWork>36</MonthsOfWork>
</DaxPositionHistoryUserArea>
</UserArea>
</PositionHistory>
</EmployerOrg>

</EmploymentHistory>












<Competency oids='10 66 71 108 ' description='Skill > IT' auth='yes' name='VoIP (Voice over IP)'>
<CompetencyEvidence name='Extent of Experience' typeDescription='Extent of Experience' type='MONTH' lastUsed='2007'><NumericValue description='MONTH'>36</NumericValue></CompetencyEvidence>

<CompetencyEvidence typeDescription='Alias' name='Alias'><StringValue>VOIP</StringValue></CompetencyEvidence>

<CompetencyWeight type='skillLevel'><NumericValue minValue='0' maxValue='100'>56</NumericValue></CompetencyWeight>

<CompetencyWeight type='skillProficiency'><StringValue minValue='BASIC' maxValue='EXCELLENT'>WORKING</StringValue></CompetencyWeight>
</Competency>

<Competency oids='11 42 95 ' description='Skill > IT' auth='yes' name='OSPF (Open Shortest Path First)'>
<CompetencyEvidence name='Extent of Experience' typeDescription='Extent of Experience' type='MONTH' lastUsed='2013'><NumericValue description='MONTH'>60</NumericValue></CompetencyEvidence>

<CompetencyEvidence typeDescription='Alias' name='Alias'><StringValue>OSPF</StringValue></CompetencyEvidence>

<CompetencyWeight type='skillLevel'><NumericValue minValue='0' maxValue='100'>57</NumericValue></CompetencyWeight>

<CompetencyWeight type='skillProficiency'><StringValue minValue='BASIC' maxValue='EXCELLENT'>WORKING</StringValue></CompetencyWeight>
</Competency>

<Competency oids='13 43 94 ' description='Skill > IT' auth='yes' name='EIGRP (Enhanced Interior Gateway Routing Protocol)'>
<CompetencyEvidence name='Extent of Experience' typeDescription='Extent of Experience' type='MONTH' lastUsed='2013'><NumericValue description='MONTH'>60</NumericValue></CompetencyEvidence>

<CompetencyEvidence typeDescription='Alias' name='Alias'><StringValue>EIGRP</StringValue></CompetencyEvidence>

<CompetencyWeight type='skillLevel'><NumericValue minValue='0' maxValue='100'>58</NumericValue></CompetencyWeight>

<CompetencyWeight type='skillProficiency'><StringValue minValue='BASIC' maxValue='EXCELLENT'>WORKING</StringValue></CompetencyWeight>
</Competency>

<Competency oids='28 59 93 ' description='Skill > IT' auth='yes' name='Cisco Switches/Routers'>
<CompetencyEvidence name='Extent of Experience' typeDescription='Extent of Experience' type='MONTH' lastUsed='2013'><NumericValue description='MONTH'>60</NumericValue></CompetencyEvidence>

<CompetencyEvidence typeDescription='Alias' name='Alias'><StringValue>Cisco Routers/Switches</StringValue></CompetencyEvidence>

<CompetencyEvidence typeDescription='Alias' name='Alias'><StringValue>Cisco</StringValue></CompetencyEvidence>

<CompetencyEvidence typeDescription='Alias' name='Alias'><StringValue>Cisco Switches and Routers</StringValue></CompetencyEvidence>

<CompetencyWeight type='skillLevel'><NumericValue minValue='0' maxValue='100'>98</NumericValue></CompetencyWeight>

<CompetencyWeight type='skillProficiency'><StringValue minValue='BASIC' maxValue='EXCELLENT'>EXCELLENT</StringValue></CompetencyWeight>
</Competency>

<Competency description='Skill > IT' auth='yes' name='CCNA'>
<CompetencyWeight type='skillLevel'><NumericValue minValue='0' maxValue='100'>14</NumericValue></CompetencyWeight>
</Competency>

<Competency oids='12 44 96 ' description='Skill > IT' auth='yes' name='BGP (Border Gateway Protocol)'>
<CompetencyEvidence name='Extent of Experience' typeDescription='Extent of Experience' type='MONTH' lastUsed='2013'><NumericValue description='MONTH'>60</NumericValue></CompetencyEvidence>

<CompetencyEvidence typeDescription='Alias' name='Alias'><StringValue>BGP</StringValue></CompetencyEvidence>

<CompetencyWeight type='skillLevel'><NumericValue minValue='0' maxValue='100'>56</NumericValue></CompetencyWeight>

<CompetencyWeight type='skillProficiency'><StringValue minValue='BASIC' maxValue='EXCELLENT'>WORKING</StringValue></CompetencyWeight>
</Competency>

<Competency oids='36 51 ' description='Skill > IT' auth='yes' name='TCP/IP'>
<CompetencyEvidence typeDescription='Alias' name='Alias'><StringValue>TCP</StringValue></CompetencyEvidence>

<CompetencyWeight type='skillLevel'><NumericValue minValue='0' maxValue='100'>14</NumericValue></CompetencyWeight>
</Competency>

<Competency oids='61 62 ' description='Skill > IT' auth='yes' name='PKI'>
<CompetencyEvidence typeDescription='Alias' name='Alias'><StringValue>Public Key Infrastructure</StringValue></CompetencyEvidence>

<CompetencyEvidence typeDescription='Alias' name='Alias'><StringValue>(PKI)</StringValue></CompetencyEvidence>

<CompetencyWeight type='skillLevel'><NumericValue minValue='0' maxValue='100'>14</NumericValue></CompetencyWeight>
</Competency>

<Competency oids='14 45 ' description='Skill > IT' auth='yes' name='MPLS (MultiProtocol Label Switching)'>
<CompetencyEvidence typeDescription='Alias' name='Alias'><StringValue>MPLS</StringValue></CompetencyEvidence>

<CompetencyWeight type='skillLevel'><NumericValue minValue='0' maxValue='100'>53</NumericValue></CompetencyWeight>

<CompetencyWeight type='skillProficiency'><StringValue minValue='BASIC' maxValue='EXCELLENT'>WORKING</StringValue></CompetencyWeight>
</Competency>

<Competency oids='9 104 ' description='Skill > IT' auth='yes' name='LAN/WAN'>
<CompetencyEvidence name='Extent of Experience' typeDescription='Extent of Experience' type='MONTH' lastUsed='2007'><NumericValue description='MONTH'>36</NumericValue></CompetencyEvidence>

<CompetencyEvidence name='Application' typeDescription='Application' type='supporting'><StringValue>supporting</StringValue></CompetencyEvidence>

<CompetencyEvidence typeDescription='Alias' name='Alias'><StringValue>knowledge in LAN/WAN</StringValue></CompetencyEvidence>

<CompetencyEvidence typeDescription='Alias' name='Alias'><StringValue>supporting LAN/WAN</StringValue></CompetencyEvidence>

<CompetencyWeight type='skillLevel'><NumericValue minValue='0' maxValue='100'>97</NumericValue></CompetencyWeight>

<CompetencyWeight type='skillProficiency'><StringValue minValue='BASIC' maxValue='EXCELLENT'>EXCELLENT</StringValue></CompetencyWeight>
</Competency>

<Competency oids='55 64 ' description='Skill > IT' auth='yes' name='Intrusion Prevention System'>
<CompetencyEvidence typeDescription='Alias' name='Alias'><StringValue>IPS</StringValue></CompetencyEvidence>

<CompetencyWeight type='skillLevel'><NumericValue minValue='0' maxValue='100'>14</NumericValue></CompetencyWeight>
</Competency>

<Competency oids='56 65 ' description='Skill > IT' auth='yes' name='Intrusion Detection System'>
<CompetencyEvidence typeDescription='Alias' name='Alias'><StringValue>IDS</StringValue></CompetencyEvidence>

<CompetencyWeight type='skillLevel'><NumericValue minValue='0' maxValue='100'>14</NumericValue></CompetencyWeight>
</Competency>

<Competency oids='107 ' description='Skill' auth='no' name='troubleshooting of various enterprises LAN/WAN technologies'>
<CompetencyEvidence name='Extent of Experience' typeDescription='Extent of Experience' type='MONTH' lastUsed='2007'><NumericValue description='MONTH'>36</NumericValue></CompetencyEvidence>

<CompetencyWeight type='skillLevel'><NumericValue minValue='0' maxValue='100'>27</NumericValue></CompetencyWeight>

<CompetencyWeight type='skillProficiency'><StringValue minValue='BASIC' maxValue='EXCELLENT'>BASIC</StringValue></CompetencyWeight>
</Competency>

<Competency oids='103 ' description='Skill' auth='no' name='responsible for the analysis'>
<CompetencyEvidence name='Extent of Experience' typeDescription='Extent of Experience' type='MONTH' lastUsed='2007'><NumericValue description='MONTH'>36</NumericValue></CompetencyEvidence>

<CompetencyWeight type='skillLevel'><NumericValue minValue='0' maxValue='100'>30</NumericValue></CompetencyWeight>

<CompetencyWeight type='skillProficiency'><StringValue minValue='BASIC' maxValue='EXCELLENT'>BASIC</StringValue></CompetencyWeight>
</Competency>

<Competency oids='99 ' description='Skill' auth='no' name='responsible for monitoring'>
<CompetencyEvidence name='Extent of Experience' typeDescription='Extent of Experience' type='MONTH' lastUsed='2013'><NumericValue description='MONTH'>60</NumericValue></CompetencyEvidence>

<CompetencyWeight type='skillLevel'><NumericValue minValue='0' maxValue='100'>95</NumericValue></CompetencyWeight>

<CompetencyWeight type='skillProficiency'><StringValue minValue='BASIC' maxValue='EXCELLENT'>EXCELLENT</StringValue></CompetencyWeight>
</Competency>

<Competency oids='91 ' description='Skill' auth='no' name='responsible for installation'>
<CompetencyEvidence name='Extent of Experience' typeDescription='Extent of Experience' type='MONTH' lastUsed='2013'><NumericValue description='MONTH'>60</NumericValue></CompetencyEvidence>

<CompetencyWeight type='skillLevel'><NumericValue minValue='0' maxValue='100'>100</NumericValue></CompetencyWeight>

<CompetencyWeight type='skillProficiency'><StringValue minValue='BASIC' maxValue='EXCELLENT'>EXCELLENT</StringValue></CompetencyWeight>
</Competency>

<Competency oids='97 ' description='Skill' auth='no' name='network support'>
<CompetencyEvidence name='Extent of Experience' typeDescription='Extent of Experience' type='MONTH' lastUsed='2013'><NumericValue description='MONTH'>60</NumericValue></CompetencyEvidence>

<CompetencyWeight type='skillLevel'><NumericValue minValue='0' maxValue='100'>95</NumericValue></CompetencyWeight>

<CompetencyWeight type='skillProficiency'><StringValue minValue='BASIC' maxValue='EXCELLENT'>EXCELLENT</StringValue></CompetencyWeight>
</Competency>

<Competency oids='98 ' description='Skill' auth='no' name='helpdesk'>
<CompetencyEvidence name='Extent of Experience' typeDescription='Extent of Experience' type='MONTH' lastUsed='2013'><NumericValue description='MONTH'>60</NumericValue></CompetencyEvidence>

<CompetencyWeight type='skillLevel'><NumericValue minValue='0' maxValue='100'>95</NumericValue></CompetencyWeight>

<CompetencyWeight type='skillProficiency'><StringValue minValue='BASIC' maxValue='EXCELLENT'>EXCELLENT</StringValue></CompetencyWeight>
</Competency>

<Competency oids='92 ' description='Skill' auth='no' name='configuration'>
<CompetencyEvidence name='Extent of Experience' typeDescription='Extent of Experience' type='MONTH' lastUsed='2013'><NumericValue description='MONTH'>60</NumericValue></CompetencyEvidence>

<CompetencyEvidence typeDescription='Alias' name='Alias'><StringValue>, configuration</StringValue></CompetencyEvidence>

<CompetencyWeight type='skillLevel'><NumericValue minValue='0' maxValue='100'>99</NumericValue></CompetencyWeight>

<CompetencyWeight type='skillProficiency'><StringValue minValue='BASIC' maxValue='EXCELLENT'>EXCELLENT</StringValue></CompetencyWeight>
</Competency>

<Competency oids='68 ' description='Skill > IT' auth='yes' name='WAP'>
<CompetencyWeight type='skillLevel'><NumericValue minValue='0' maxValue='100'>14</NumericValue></CompetencyWeight>
</Competency>

<Competency oids='46 ' description='Skill > IT' auth='no' name='VTP'>
<CompetencyWeight type='skillLevel'><NumericValue minValue='0' maxValue='100'>14</NumericValue></CompetencyWeight>
</Competency>

<Competency oids='58 ' description='Skill > IT' auth='yes' name='VPN'>
<CompetencyWeight type='skillLevel'><NumericValue minValue='0' maxValue='100'>14</NumericValue></CompetencyWeight>
</Competency>

<Competency oids='85 ' description='Skill > IT' auth='yes' name='VMware'>
<CompetencyWeight type='skillLevel'><NumericValue minValue='0' maxValue='100'>14</NumericValue></CompetencyWeight>
</Competency>

<Competency oids='52 ' description='Skill > IT' auth='yes' name='UDP'>
<CompetencyWeight type='skillLevel'><NumericValue minValue='0' maxValue='100'>14</NumericValue></CompetencyWeight>
</Competency>

<Competency oids='57 ' description='Skill > IT' auth='yes' name='Secure Shell'>
<CompetencyEvidence typeDescription='Alias' name='Alias'><StringValue>SSH</StringValue></CompetencyEvidence>

<CompetencyWeight type='skillLevel'><NumericValue minValue='0' maxValue='100'>14</NumericValue></CompetencyWeight>
</Competency>

<Competency oids='53 ' description='Skill > IT' auth='yes' name='SONET'>
<CompetencyWeight type='skillLevel'><NumericValue minValue='0' maxValue='100'>14</NumericValue></CompetencyWeight>
</Competency>

<Competency oids='48 ' description='Skill > IT' auth='no' name='SNMPv 3'>
<CompetencyEvidence typeDescription='Alias' name='Alias'><StringValue>SNMPv3 3</StringValue></CompetencyEvidence>

<CompetencyWeight type='skillLevel'><NumericValue minValue='0' maxValue='100'>14</NumericValue></CompetencyWeight>
</Competency>

<Competency oids='47 ' description='Skill > IT' auth='yes' name='SNMP'>
<CompetencyWeight type='skillLevel'><NumericValue minValue='0' maxValue='100'>14</NumericValue></CompetencyWeight>
</Competency>

<Competency oids='49 ' description='Skill > IT' auth='yes' name='SMTP'>
<CompetencyWeight type='skillLevel'><NumericValue minValue='0' maxValue='100'>14</NumericValue></CompetencyWeight>
</Competency>

<Competency oids='75 ' description='Skill > IT' auth='yes' name='SIP'>
<CompetencyWeight type='skillLevel'><NumericValue minValue='0' maxValue='100'>14</NumericValue></CompetencyWeight>
</Competency>

<Competency oids='30 ' description='Skill > IT' auth='yes' name='Router'>
<CompetencyEvidence typeDescription='Alias' name='Alias'><StringValue>Routers</StringValue></CompetencyEvidence>

<CompetencyWeight type='skillLevel'><NumericValue minValue='0' maxValue='100'>14</NumericValue></CompetencyWeight>
</Competency>

<Competency oids='109 ' description='Skill' auth='no' name='Responsible for the design'>
<CompetencyEvidence name='Extent of Experience' typeDescription='Extent of Experience' type='MONTH' lastUsed='2007'><NumericValue description='MONTH'>36</NumericValue></CompetencyEvidence>

<CompetencyWeight type='skillLevel'><NumericValue minValue='0' maxValue='100'>26</NumericValue></CompetencyWeight>

<CompetencyWeight type='skillProficiency'><StringValue minValue='BASIC' maxValue='EXCELLENT'>BASIC</StringValue></CompetencyWeight>
</Competency>

<Competency oids='83 ' description='Skill > IT' auth='yes' name='Remedy'>
<CompetencyWeight type='skillLevel'><NumericValue minValue='0' maxValue='100'>14</NumericValue></CompetencyWeight>
</Competency>

<Competency oids='77 ' description='Skill > IT' auth='yes' name='RTP'>
<CompetencyWeight type='skillLevel'><NumericValue minValue='0' maxValue='100'>14</NumericValue></CompetencyWeight>
</Competency>

<Competency oids='37 ' description='Skill > IT' auth='yes' name='RAID'>
<CompetencyWeight type='skillLevel'><NumericValue minValue='0' maxValue='100'>14</NumericValue></CompetencyWeight>
</Competency>

<Competency oids='73 ' description='Skill > IT' auth='yes' name='QoS (Quality of Service)'>
<CompetencyEvidence typeDescription='Alias' name='Alias'><StringValue>QoS</StringValue></CompetencyEvidence>

<CompetencyWeight type='skillLevel'><NumericValue minValue='0' maxValue='100'>14</NumericValue></CompetencyWeight>
</Competency>

<Competency oids='40 ' description='Skill > IT' auth='yes' name='PPP'>
<CompetencyWeight type='skillLevel'><NumericValue minValue='0' maxValue='100'>14</NumericValue></CompetencyWeight>
</Competency>

<Competency oids='60 ' description='Skill > IT' auth='yes' name='PGP'>
<CompetencyWeight type='skillLevel'><NumericValue minValue='0' maxValue='100'>14</NumericValue></CompetencyWeight>
</Competency>

<Competency oids='32 ' description='Skill > IT' auth='yes' name='Microsoft Exchange Server'>
<CompetencyEvidence typeDescription='Alias' name='Alias'><StringValue>Exchange Server</StringValue></CompetencyEvidence>

<CompetencyWeight type='skillLevel'><NumericValue minValue='0' maxValue='100'>14</NumericValue></CompetencyWeight>
</Competency>

<Competency oids='76 ' description='Skill > IT' auth='no' name='MGCP'>
<CompetencyWeight type='skillLevel'><NumericValue minValue='0' maxValue='100'>14</NumericValue></CompetencyWeight>
</Competency>

<Competency oids='87 ' description='Skill > IT' auth='no' name='LogicMonitor'>
<CompetencyWeight type='skillLevel'><NumericValue minValue='0' maxValue='100'>14</NumericValue></CompetencyWeight>
</Competency>

<Competency oids='67 ' description='Skill > IT' auth='yes' name='LAN/WAN > WLAN'>
<CompetencyEvidence typeDescription='Alias' name='Alias'><StringValue>WLAN</StringValue></CompetencyEvidence>

<CompetencyWeight type='skillLevel'><NumericValue minValue='0' maxValue='100'>14</NumericValue></CompetencyWeight>
</Competency>

<Competency oids='34 ' description='Skill > IT' auth='yes' name='LAN/WAN > WAN'>
<CompetencyEvidence typeDescription='Alias' name='Alias'><StringValue>WAN</StringValue></CompetencyEvidence>

<CompetencyWeight type='skillLevel'><NumericValue minValue='0' maxValue='100'>14</NumericValue></CompetencyWeight>
</Competency>

<Competency oids='54 ' description='Skill > IT' auth='yes' name='LAN/WAN > VLAN'>
<CompetencyEvidence typeDescription='Alias' name='Alias'><StringValue>VLAN</StringValue></CompetencyEvidence>

<CompetencyWeight type='skillLevel'><NumericValue minValue='0' maxValue='100'>14</NumericValue></CompetencyWeight>
</Competency>

<Competency oids='35 ' description='Skill > IT' auth='yes' name='LAN/WAN > LAN'>
<CompetencyEvidence typeDescription='Alias' name='Alias'><StringValue>LAN</StringValue></CompetencyEvidence>

<CompetencyWeight type='skillLevel'><NumericValue minValue='0' maxValue='100'>14</NumericValue></CompetencyWeight>
</Competency>

<Competency oids='29 ' description='Skill > IT' auth='yes' name='IOS'>
<CompetencyEvidence typeDescription='Alias' name='Alias'><StringValue>Cisco IOS</StringValue></CompetencyEvidence>

<CompetencyWeight type='skillLevel'><NumericValue minValue='0' maxValue='100'>14</NumericValue></CompetencyWeight>
</Competency>

<Competency oids='84 ' description='Skill > IT' auth='yes' name='HP OpenView'>
<CompetencyEvidence typeDescription='Alias' name='Alias'><StringValue>Openview</StringValue></CompetencyEvidence>

<CompetencyWeight type='skillLevel'><NumericValue minValue='0' maxValue='100'>14</NumericValue></CompetencyWeight>
</Competency>

<Competency oids='39 ' description='Skill > IT' auth='yes' name='Frame Relay'>
<CompetencyWeight type='skillLevel'><NumericValue minValue='0' maxValue='100'>14</NumericValue></CompetencyWeight>
</Competency>

<Competency oids='33 ' description='Skill > IT' auth='yes' name='Fast Ethernet'>
<CompetencyWeight type='skillLevel'><NumericValue minValue='0' maxValue='100'>14</NumericValue></CompetencyWeight>
</Competency>

<Competency oids='70 ' description='Skill > IT' auth='yes' name='Computer Associates Unicenter CA-7'>
<CompetencyEvidence typeDescription='Alias' name='Alias'><StringValue>CA</StringValue></CompetencyEvidence>

<CompetencyWeight type='skillLevel'><NumericValue minValue='0' maxValue='100'>14</NumericValue></CompetencyWeight>
</Competency>

<Competency oids='86 ' description='Skill > IT' auth='yes' name='CiscoWorks'>
<CompetencyWeight type='skillLevel'><NumericValue minValue='0' maxValue='100'>14</NumericValue></CompetencyWeight>
</Competency>

<Competency oids='31 ' description='Skill > IT' auth='yes' name='Cisco Switches/Routers > Catalyst Switches'>
<CompetencyEvidence typeDescription='Alias' name='Alias'><StringValue>Cisco Catalyst</StringValue></CompetencyEvidence>

<CompetencyWeight type='skillLevel'><NumericValue minValue='0' maxValue='100'>14</NumericValue></CompetencyWeight>
</Competency>

<Competency oids='38 ' description='Skill > IT' auth='yes' name='Cisco ASA'>
<CompetencyWeight type='skillLevel'><NumericValue minValue='0' maxValue='100'>14</NumericValue></CompetencyWeight>
</Competency>

<Competency oids='72 ' description='Skill > IT' auth='no' name='CUCM'>
<CompetencyWeight type='skillLevel'><NumericValue minValue='0' maxValue='100'>14</NumericValue></CompetencyWeight>
</Competency>

<Competency oids='69 ' description='Skill > IT' auth='yes' name='CSMA/CD'>
<CompetencyEvidence typeDescription='Alias' name='Alias'><StringValue>CSMA</StringValue></CompetencyEvidence>

<CompetencyWeight type='skillLevel'><NumericValue minValue='0' maxValue='100'>14</NumericValue></CompetencyWeight>
</Competency>

<Competency oids='106 ' description='Skill' auth='no' name='Administration'>
<CompetencyEvidence name='Extent of Experience' typeDescription='Extent of Experience' type='MONTH' lastUsed='2007'><NumericValue description='MONTH'>36</NumericValue></CompetencyEvidence>

<CompetencyEvidence typeDescription='Alias' name='Alias'><StringValue>administration, and</StringValue></CompetencyEvidence>

<CompetencyWeight type='skillLevel'><NumericValue minValue='0' maxValue='100'>28</NumericValue></CompetencyWeight>

<CompetencyWeight type='skillProficiency'><StringValue minValue='BASIC' maxValue='EXCELLENT'>BASIC</StringValue></CompetencyWeight>
</Competency>

<Competency oids='50 ' description='Skill > IT' auth='yes' name='ARP'>
<CompetencyWeight type='skillLevel'><NumericValue minValue='0' maxValue='100'>14</NumericValue></CompetencyWeight>
</Competency>

<Competency oids='8_1 101_1 ' description='Held Position' auth='no' name='a Network Engineer'>
<CompetencyEvidence name='Extent of Experience' typeDescription='Extent of Experience' type='MONTH' lastUsed='2007'><NumericValue description='MONTH'>36</NumericValue></CompetencyEvidence>

<CompetencyEvidence typeDescription='Alias' name='Alias'><StringValue>Network Engineer</StringValue></CompetencyEvidence>

<CompetencyWeight type='skillLevel'><NumericValue minValue='0' maxValue='100'>98</NumericValue></CompetencyWeight>

<CompetencyWeight type='skillProficiency'><StringValue minValue='BASIC' maxValue='EXCELLENT'>EXCELLENT</StringValue></CompetencyWeight>
</Competency>

<Competency oids='89_1 ' description='Held Position' auth='no' name='LAN/WAN Administrator'>
<CompetencyEvidence name='Extent of Experience' typeDescription='Extent of Experience' type='MONTH' lastUsed='2013'><NumericValue description='MONTH'>60</NumericValue></CompetencyEvidence>

<CompetencyWeight type='skillLevel'><NumericValue minValue='0' maxValue='100'>100</NumericValue></CompetencyWeight>

<CompetencyWeight type='skillProficiency'><StringValue minValue='BASIC' maxValue='EXCELLENT'>EXCELLENT</StringValue></CompetencyWeight>
</Competency>

<Competency oids='22_1 ' description='Held Position' auth='no' name='Cisco Certified Network Associate - Routing'>
<CompetencyWeight type='skillLevel'><NumericValue minValue='0' maxValue='100'>14</NumericValue></CompetencyWeight>
</Competency>

<Competency oids='16 17 ' description='Degree/Qualification > Professional' auth='yes' name='Cisco Certified Network Professional'>
<CompetencyEvidence typeDescription='Alias' name='Alias'><StringValue>CCNP</StringValue></CompetencyEvidence>

<CompetencyWeight type='skillLevel'><NumericValue minValue='0' maxValue='100'>24</NumericValue></CompetencyWeight>
</Competency>

<Competency oids='105 ' description='Degree/Qualification > Professional' auth='yes' name='Security Clearance > Security Clearance SECRET'>
<CompetencyEvidence typeDescription='Alias' name='Alias'><StringValue>s security</StringValue></CompetencyEvidence>

<CompetencyWeight type='skillLevel'><NumericValue minValue='0' maxValue='100'>12</NumericValue></CompetencyWeight>
</Competency>

<Competency oids='24 ' description='Degree/Qualification > Professional' auth='yes' name='Microsoft Certified Systems Administrator'>
<CompetencyEvidence typeDescription='Alias' name='Alias'><StringValue>Microsoft Certified Systems Administrator MCSA</StringValue></CompetencyEvidence>

<CompetencyWeight type='skillLevel'><NumericValue minValue='0' maxValue='100'>12</NumericValue></CompetencyWeight>
</Competency>

<Competency oids='26 ' description='Degree/Qualification > Professional' auth='yes' name='Microsoft Certified Professional'>
<CompetencyEvidence typeDescription='Alias' name='Alias'><StringValue>Microsoft Certified Professional MCP</StringValue></CompetencyEvidence>

<CompetencyWeight type='skillLevel'><NumericValue minValue='0' maxValue='100'>12</NumericValue></CompetencyWeight>
</Competency>

<Competency oids='25 ' description='Degree/Qualification > Professional' auth='yes' name='Microsoft Certified Database Administrator'>
<CompetencyEvidence typeDescription='Alias' name='Alias'><StringValue>Microsoft Certified Database Administrator MCDBA</StringValue></CompetencyEvidence>

<CompetencyWeight type='skillLevel'><NumericValue minValue='0' maxValue='100'>12</NumericValue></CompetencyWeight>
</Competency>

<Competency oids='20 ' description='Degree/Qualification > Professional' auth='yes' name='Cisco Certified Network Associate Wireless'>
<CompetencyEvidence typeDescription='Alias' name='Alias'><StringValue>Cisco Certified Network Associate - Wireless CCNA</StringValue></CompetencyEvidence>

<CompetencyWeight type='skillLevel'><NumericValue minValue='0' maxValue='100'>12</NumericValue></CompetencyWeight>
</Competency>

<Competency oids='19 ' description='Degree/Qualification > Professional' auth='yes' name='Cisco Certified Network Associate Voice'>
<CompetencyEvidence typeDescription='Alias' name='Alias'><StringValue>Cisco Certified Network Associate - Voice CCNA</StringValue></CompetencyEvidence>

<CompetencyWeight type='skillLevel'><NumericValue minValue='0' maxValue='100'>12</NumericValue></CompetencyWeight>
</Competency>

<Competency oids='21 ' description='Degree/Qualification > Professional' auth='yes' name='Cisco Certified Network Associate Security'>
<CompetencyEvidence typeDescription='Alias' name='Alias'><StringValue>Cisco Certified Network Associate - Security CCNA</StringValue></CompetencyEvidence>

<CompetencyWeight type='skillLevel'><NumericValue minValue='0' maxValue='100'>12</NumericValue></CompetencyWeight>
</Competency>

<Competency oids='23 ' description='Degree/Qualification > Professional' auth='yes' name='Cisco Certified Network Associate'>
<CompetencyEvidence typeDescription='Alias' name='Alias'><StringValue>CCNA</StringValue></CompetencyEvidence>

<CompetencyWeight type='skillLevel'><NumericValue minValue='0' maxValue='100'>12</NumericValue></CompetencyWeight>
</Competency>

<Competency oids='6 ' description='Degree/Qualification > Professional' auth='no' name='Cisco Certified IT professional'>
<CompetencyWeight type='skillLevel'><NumericValue minValue='0' maxValue='100'>12</NumericValue></CompetencyWeight>
</Competency>

<Competency oids='27 ' description='Degree/Qualification > Professional' auth='no' name='Certified WAN Professional'>
<CompetencyEvidence typeDescription='Alias' name='Alias'><StringValue>Certified WAN Professional CWP</StringValue></CompetencyEvidence>

<CompetencyWeight type='skillLevel'><NumericValue minValue='0' maxValue='100'>12</NumericValue></CompetencyWeight>
</Competency>

<Competency oids='18 ' description='Degree/Qualification > Professional' auth='no' name='Certified WAN Enterprise Administrator'>
<CompetencyWeight type='skillLevel'><NumericValue minValue='0' maxValue='100'>12</NumericValue></CompetencyWeight>
</Competency>

<Competency description='Industry' auth='yes' name='industry~it'>
<CompetencyEvidence name='skillCount' typeDescription='skillCount'><NumericValue>2</NumericValue></CompetencyEvidence>

<CompetencyWeight type='skillLevel'><NumericValue minValue='0' maxValue='100'>100</NumericValue></CompetencyWeight>
</Competency>























<RevisionDate id='1'>2014-06-30</RevisionDate>
</StructuredXMLResume>
<NonXMLResume>

<TextResume>



<span inprof='n' id='1' class='date'>{{DOCUMENT_DATESTAMP}} 30 June 2014 {{END_DOCUMENT_DATESTAMP}}</span>






	<span inprof='y' id='2' class='nominal'>Prince Kennedy</span>
<span inprof='y' id='3' class='email'>PKennedy@lanwanprofessional.com</span>	 <span inprof='y' id='4' class='telephone'>(401) 499-8230</span>
	<span inprof='n' id='5' class='title-line'>Summary</span>
	<span inprof='y' id='6' class='qualif'>Cisco Certified IT professional</span> with <span inprof='n' id='7' class='duration'>over 8 years</span> of experience in planning, designing, implementing and troubleshooting seeks <span inprof='y' id='8_1' class='role'>a Network Engineer</span> position with a quality organization who will utilize my skills and <span inprof='y' id='9' class='sofwr'>knowledge in LAN/WAN</span> routing/switching and <span inprof='y' id='10' class='sofwr'>VOIP</span> using protocols which include <span inprof='y' id='11' class='sofwr'>OSPF</span>, <span inprof='y' id='12' class='sofwr'>BGP</span>, <span inprof='y' id='13' class='sofwr'>EIGRP</span>, <span inprof='y' id='14' class='sofwr'>MPLS</span>, and Juniper.  Also experienced with various firewalls and load balancers while working in team environments or independently.
<span inprof='n' id='15' class='title-line'>Technical Certifications &#38; Skills</span>
*      <span inprof='y' id='16' class='qualif'>Cisco Certified Network Professional</span>  -  Switching              <span inprof='y' id='17' class='qualif'>CCNP</span> - Switching ; 
*      <span inprof='y' id='18' class='qualif'>Certified WAN Enterprise Administrator</span>                          CWEA ; 
*      <span inprof='y' id='19' class='qualif'>Cisco Certified Network Associate  -  Voice                     CCNA</span> - Voice ; 
*      <span inprof='y' id='20' class='qualif'>Cisco Certified Network Associate  -  Wireless                  CCNA</span> - Wireless ; 
*      <span inprof='y' id='21' class='qualif'>Cisco Certified Network Associate  -  Security                  CCNA</span> - Security ; 
*      <span inprof='y' id='22_1' class='role'>Cisco Certified Network Associate  -  Routing</span>/Switching         <span inprof='y' id='23' class='qualif'>CCNA</span> - R/S ; 
*      <span inprof='y' id='24' class='qualif'>Microsoft Certified Systems Administrator                       MCSA</span> ; 
*      <span inprof='y' id='25' class='qualif'>Microsoft Certified Database Administrator                      MCDBA</span> ; 
*      <span inprof='y' id='26' class='qualif'>Microsoft Certified Professional                                MCP</span>
*      <span inprof='y' id='27' class='qualif'>Certified WAN Professional                                      CWP</span>

	Technical Skills Detail
<span inprof='y' id='28' class='sofwr'>Cisco Routers/Switches</span>:              <span inprof='y' id='29' class='sofwr'>Cisco IOS</span>, <span inprof='y' id='30' class='sofwr'>Routers</span> (3900, 2900, 1900, 800), <span inprof='y' id='31' class='sofwr'>Cisco Catalyst</span> (6500, 5500, 4900, 4500, 3000, 3100), Cisco Nexus (1010/1010x, 2000, 5010, 5020, 5548P, 5548UP, 7000).
Connectivity &#38; Hardware:             <span inprof='y' id='32' class='sofwr'>Exchange Server</span>, Blade Servers, Web Servers, <span inprof='y' id='33' class='sofwr'>Fast Ethernet</span>, <span inprof='y' id='34' class='sofwr'>WAN</span>, <span inprof='y' id='35' class='sofwr'>LAN</span>, <span inprof='y' id='36' class='sofwr'>TCP/IP</span>, <span inprof='y' id='37' class='sofwr'>RAID</span> systems, <span inprof='y' id='38' class='sofwr'>Cisco ASA</span> 5500, CDP, <span inprof='y' id='39' class='sofwr'>Frame-relay</span>, <span inprof='y' id='40' class='sofwr'>PPP</span>, ACL, Network Address Translation (<span inprof='n' id='41' class='company'>NAT</span>), Port Address Translation (PAT), RIP, RIPv2, <span inprof='y' id='42' class='sofwr'>OSPF</span>, <span inprof='y' id='43' class='sofwr'>EIGRP</span>, <span inprof='y' id='44' class='sofwr'>BGP</span>, <span inprof='y' id='45' class='sofwr'>MPLS</span>, <span inprof='y' id='46' class='sofwr'>VTP</span>, <span inprof='y' id='47' class='sofwr'>SNMP</span>, <span inprof='y' id='48' class='sofwr'>SNMPv3</span>, <span inprof='y' id='49' class='sofwr'>SMTP</span>, <span inprof='y' id='50' class='sofwr'>ARP</span>, <span inprof='y' id='51' class='sofwr'>TCP</span>, <span inprof='y' id='52' class='sofwr'>UDP</span>, Static Routing, Stub Routing, NBMA, <span inprof='y' id='53' class='sofwr'>Sonet</span>, <span inprof='y' id='54' class='sofwr'>VLAN</span>, VTP, HSRP, STP, SVI, CEF, Etherchannel, BPDU, Portfast, GLBP, VRRP.
Security Technologies:               AAA, <span inprof='y' id='55' class='sofwr'>IPS</span>/<span inprof='y' id='56' class='sofwr'>IDS</span>, TACACS+, RADIUS, <span inprof='y' id='57' class='sofwr'>SSH</span>, <span inprof='y' id='58' class='sofwr'>VPN</span>, <span inprof='y' id='59' class='sofwr'>Cisco</span> ACS, Data Loss Prevention, IPSec, Data Management Zone, Pretty Good Protection (<span inprof='y' id='60' class='sofwr'>PGP</span>), <span inprof='y' id='61' class='sofwr'>Public Key Infrastructure</span> <span inprof='y' id='62' class='sofwr'>(PKI)</span>, <span inprof='n' id='63' class='location'>Port Security</span>, MAC Address Filtering, <span inprof='y' id='64' class='sofwr'>IPS</span>/<span inprof='y' id='65' class='sofwr'>IDS</span>, NPS.
<span inprof='y' id='66' class='sofwr'>VoIP</span>/Wireless Technologies:          802.11 a/b/g/n, <span inprof='y' id='67' class='sofwr'>WLAN</span>, <span inprof='y' id='68' class='sofwr'>WAP</span>, AP, SSID, LWAPP, <span inprof='y' id='69' class='sofwr'>CSMA</span>/<span inprof='y' id='70' class='sofwr'>CA</span>, Cisco ACS, <span inprof='y' id='71' class='sofwr'>VoIP</span>, <span inprof='y' id='72' class='sofwr'>CUCM</span>, <span inprof='y' id='73' class='sofwr'>QoS</span>, PoE, CME, CUE, <span inprof='n' id='74' class='location'>Port Security</span>, MAC Address Filtering, <span inprof='y' id='75' class='sofwr'>SIP</span>, <span inprof='y' id='76' class='sofwr'>MGCP</span>, <span inprof='y' id='77' class='sofwr'>RTP</span>, SCCP, SRTP, UCCM, UCCX.
Juniper Technologies:                JUNOS, Juniper E-Series, Juniper M-Series, Juniper MX-Series, Juniper T-Series, <span inprof='n' id='78' class='location'>Juniper E120</span>, <span inprof='n' id='79' class='location'>Juniper E320</span>, Juniper ERX1440, <span inprof='n' id='80' class='location'>Juniper M160</span>, <span inprof='n' id='81' class='location'>Juniper M320</span>, <span inprof='n' id='82' class='location'>Juniper MX480</span>, Juniper MX2010, Juniper MX2020, Juniper T4000, Juniper TX Matrix, ScreenOS.
Monitoring Tools/Apps:               Finisar, Wireshark, <span inprof='y' id='83' class='sofwr'>Remedy</span>, <span inprof='y' id='84' class='sofwr'>Openview</span>, Cacti, Nagios, <span inprof='y' id='85' class='sofwr'>VMware</span>, Solarwinds, F5, <span inprof='y' id='86' class='sofwr'>Cisco Works</span>, <span inprof='y' id='87' class='sofwr'>LogicMonitor</span>, Cisco Security Manager Suite, DNS Servers, DHCP Servers,

Summary of Professional Experience
<span inprof='y' id='88' class='company'>United Nations</span>                               <span inprof='y' id='89_1' class='role'>LAN/WAN Administrator</span> (ICTA)    <span inprof='y' id='90_1' class='date'>2008</span>  - <span inprof='y' id='90_2' class='date'>2013</span>
    *         Member of a team <span inprof='y' id='91' class='skill'>responsible for installation</span><span inprof='y' id='92' class='skill'>, configuration</span>, monitoring and maintenance of communication equipment for wired and wireless physical and logical networks including <span inprof='y' id='93' class='sofwr'>Cisco Switches and Routers</span> using protocols including <span inprof='y' id='94' class='sofwr'>EIGRP</span>, <span inprof='y' id='95' class='sofwr'>OSPF</span>, <span inprof='y' id='96' class='sofwr'>BGP</span> and more. ; 
    *         Responsible for providing level 1/2 <span inprof='y' id='97' class='skill'>network support</span> for internal and external clients globally using a proprietary <span inprof='y' id='98' class='skill'>helpdesk</span> system. ; 
    *         Day-to-day activities include being <span inprof='y' id='99' class='skill'>responsible for monitoring</span>, maintaining and analyzing network utilization to ensure optimal network performance and avoid misuse of network resources.  Also identified and tested new software and hardware for improvement of network performance.

<span inprof='y' id='100' class='company'>DataSoft ICT</span>                                 <span inprof='y' id='101_1' class='role'>Network Engineer</span> (ACITSO)                                                                                                    <span inprof='y' id='102_1' class='date'>2004</span>  -  <span inprof='y' id='102_2' class='date'>2007</span>
*          Member of a team of professionals <span inprof='y' id='103' class='skill'>responsible for the analysis</span>, developing, implementing and <span inprof='y' id='104' class='sofwr'>supporting LAN/WAN</span> projects in accordance with DataSoft'<span inprof='y' id='105' class='qualif'>s security</span> policies and procedures while maintaining detailed documentation. ; 
*          Technical responsibilities included, but were not limited to, the installation, configuration, <span inprof='y' id='106' class='skill'>administration, and</span> <span inprof='y' id='107' class='skill'>troubleshooting of various enterprises LAN/WAN technologies</span> including enterprise Routing, Switching, <span inprof='y' id='108' class='sofwr'>VOIP</span>, and Wireless infrastructure. ; 
*          <span inprof='y' id='109' class='skill'>Responsible for the design</span>, implementation and maintenance of Data Security Projects with emphasis on Firewalls, VPN and Data Integrity while also analyzing, proposing and enforcing strict security processes and procedures.

</TextResume>

</NonXMLResume>



<UserArea>
<DaxResumeUserArea>
<AdditionalPersonalData>
<ExperienceSummary>
<TotalMonthsOfWorkExperience>96</TotalMonthsOfWorkExperience>
<TotalYearsOfWorkExperience>8</TotalYearsOfWorkExperience>
<ExecutiveBrief>Kennedy Prince has been working in the IT  occupational sector for more than 8 years. During his last employment he was working as a LAN/WAN Administrator at United Nations. Kennedy has extensive knowledge of VoIP (Voice over IP), OSPF (Open Shortest Path First), EIGRP (Enhanced Interior Gateway Routing Protocol), Cisco Switches/Routers, BGP (Border Gateway Protocol), MPLS (MultiProtocol Label Switching), LAN/WAN. So far Kennedy has not gained any managerial experience.</ExecutiveBrief>
</ExperienceSummary>
</AdditionalPersonalData>
<ParserInfo>
<ParserConfiguration>{max_len=50000} {tel_flag=} {send_zip=} {fast_conv=} {DEF_LOCAL=} {sdate=0} {no_email_body=0} {do_clever_zoning=1} {keep_span=1} {complex=1} {accept_langs=} {not_accept_langs=} {prefer_lang_cv=EN} {pers_only=0} {turbo=0} {split_language=0} {picture=0} {picture_inline=0} {name_space=0} {charset=} {hrxml_upgrade_edu_hist=0}{hrxml_add_languages_section=0}{spool=} {docID=} {user=DEFAULT} </ParserConfiguration>
<ParserRelease>0.12.3.32629</ParserRelease>
<ParserReleaseDate>2014-06-18</ParserReleaseDate>
<ParserSchema>2.0.29</ParserSchema>
<ParserSchemaLocation>http://cvx.daxtra.com/cvts/xsd/candidate/2.0.29/Resume.xsd</ParserSchemaLocation>
<ConverterRelease>0.5.2.32629</ConverterRelease>
<ConverterReleaseDate>2014-06-18</ConverterReleaseDate>
</ParserInfo>
<FileStruct filename='/home/izoom/anazarov/grammar/analysis/3rconnect/doc/100_Resume-ApTask/Prince Kenney_Network Engineer  July 2014.rtf'>

<attachment fname='Prince Kenney_Network Engineer  July 2014.rtf' ftype='rtf' conv='yes' doc_type='cv' lang='EN'>/home/izoom/anazarov/grammar/analysis/3rconnect/doc/100_Resume-ApTask/Prince Kenney_Network Engineer  July 2014.rtf</attachment>


</FileStruct>
</DaxResumeUserArea>
</UserArea>
</Resume>
