<?xml version='1.0' encoding='ISO-8859-1'?>
<Resume lang='en' src='DAXTRA-CVX schema:2.0.29 release:0.12.3.32629 rdate:2014-06-18'>
<StructuredXMLResume>
<ContactInfo>
<PersonName id='2'>
<FormattedName>Rahul Kandimalla</FormattedName>
<GivenName>Rahul</GivenName>
<FamilyName>Kandimalla</FamilyName>
<sex>Male</sex>
</PersonName>
<ContactMethod>
</ContactMethod>
</ContactInfo>
<ExecutiveSummary>*  Over 6 years of strong experience in Data Warehousing and ETL using Informatica Power Center 9.X/8.X/7.X, Informatica PowerExchange, Informatica administration, IDQ. ; 
    *  Extensive experience in Business Analysis, Application Design Development, Implementation and Testing Data warehouse and Database applications for Health Care,  Insurance, Automotives, Retail, Commercial and Financial Services. ; 
    *  Experience in various phases of IT projects Software Development Life Cycle (SDLC) such as analysis, design, coding and testing, deployment and production support. ; 
    *  Extensive Experience on End-To-End implementation of Data warehouse and Strong understanding of Data warehouse concepts, ETL, Star Schema, Data modeling experience using Normalization, Business Process Analysis, Dimensional Data modeling, FACT &#38; Dimensions tables, Physical &#38; Logical data modeling, Erwin 4.5/4.x/3.0. ; 
    *  Strong skills in data mapping for the Slowly Changing Dimensions - SCD1, SCD2    (Flagging, Time Stamping and Version), and SCD3. Implemented the complex business rules by creating reusable transformations and Mappings / Mapplets. ; 
    *  Experience in debugging and Performance tuning of targets, sources, mappings and Sessions. ; 
    *  Extensive experience in the implementation of Data warehouse/ Data marts. ; 
    *  Experience in all phases of software development life cycle - Project Analysis, Requirements, Design Documentation, Development, Unit Testing, User Acceptance Testing, Implementation, Post Implementation ; 
    *  Experience in full life cycle implementations in Data Warehouse area from designing Logical and Physical Data ; 
    *  Expertise in creating mappings, mapplets and reusable transformations using Informatica. ;</ExecutiveSummary>


<EmploymentHistory>
<EmployerOrg employerOrgType='soleEmployer'>
<EmployerOrgName id='72'>Bank Of America</EmployerOrgName>

<PositionHistory positionType='PERMANENT'>
<Title id='74_2'>Sr. ETL Consultant</Title>
<OrgName id='72'>Bank Of America</OrgName>



<Description>Responsibilities:
    *  Involved in ETL process from development to testing and production environments. ; 
    *  Involved in Data Extraction from SQL, Oracle, Db2, Flat files and other sources using Informatica. ; 
    *  Prepared ETL flow of data from Staging to Data Mart. ; 
    *  Used Source Analyzer and Warehouse designer to import the source and target database schemas. ; 
    *  Created mappings from source systems to target systems. Implemented Join, Expression, Aggregate, Sort, Rank, Lookup, Update Strategy, Filter and Router Transformations in Mappings. ; 
    *  Worked on Designer tool -Source Analyzer, warehouse designer, Mapping Designer &#38; Mapplet Designer and Transformation Developer. ; 
    *  Involved in complete software development life cycle (SDLC) of the project. ; 
    *  Used Mapplets and Reusable Transformations were used to prevent redundancy of transformation usage and maintainability. ; 
    *  Involved in Data Analysis, Requirement gathering. ; 
    *  Involved in setting standards and Warehouse maintenance ; 
    *  Created standard templates or patterns to standardize the process. ; 
    *  Involved in Performance tuning by determining bottlenecks and increased better throughput of sessions containing Rank, Lookup, Joiner, Sorter and Aggregator transformations and involved in partitioning. ; 
    *  Involved in development and maintenance of the data warehouse for reporting and consolidations of the operations. ; 
    *  Extensively used mapping parameters, mapping variables and parameter files. ; 
    *  Designed load the data by starting the batches using indicator files. ; 
    *  Wrote batch files for different functionalities to run them as pre and post session scripts. Developed and tested stored procedures, functions and packages in PL/SQL. ; 
    *  Troubleshoot the loading failure cases, including database problems. ; 
    *  Prepared Documents like Technical Design Doc, Production Support Doc, and Deployment Document. ; 
    *  Used Deployment groups for code migration. ; 
    *  Obtained data from different interface like Relational databases, Flat files and XML.

 Environment: Informatica Power Center 9.1, Oracle 11g,10g/9i, SQL Server 2003, Toad 8.6, Solaris 8/10, Windows XP,IDQ</Description>
<StartDate id='73_1'><YearMonth>2012-03</YearMonth></StartDate>
<EndDate id='73_2'>notApplicable</EndDate>



<JobLevelInfo>
<JobGrade>joblevel-nonmanager-low</JobGrade>
</JobLevelInfo>

<JobCategory>
<TaxonomyName>JOBAREA</TaxonomyName>
<CategoryCode>it</CategoryCode>
</JobCategory>


<UserArea>
<DaxPositionHistoryUserArea>
<TLSPAN first_id='72' last_id='103' border_id='104'></TLSPAN>
<MonthsOfWork>27</MonthsOfWork>
</DaxPositionHistoryUserArea>
</UserArea>
</PositionHistory>
</EmployerOrg>

<EmployerOrg employerOrgType='soleEmployer'>

<PositionHistory positionType='PERMANENT'>
<Title id='105_2'>Sr. ETL Consultant</Title>




<Description>Responsibilities:
    *  Involved in designing the Workflows, Worklets, Mappings, Sessions and configuring the Informatica Server using Informatica Power Center 8.1 and scheduling the Workflows and sessions using scheduling tools. ; 
    *  Involved in Designing and developing complex mappings from varied transformation logic like Unconnected and Connected lookups, Source Qualifier, Router, Filter, Expression, Aggregator, Joiner, Update Strategy etc. ; 
    *  Involved in Debugging and Performance tuning of targets, sources, mappings and sessions. ; 
    *    Experience in optimizing the Mappings and implementing the complex business rules by creating re-usable transformations, Mapplets and PL/SQL stored procedures, Triggers, Funcation and packages to suit JC Penny requirements. ; 
    *  Involved in logical and physical database design. ; 
    *  Error handling in ETL Process. ; 
    *  Responsible for utilizing technological analysis and design principles to formulate detailed application plans and processes in order to implement clients' requests for new or modified functionalities. ; 
    *  Designed and developed Oracle PL/SQL Procedures, wrote SQL, PL/SQL scripts, Functions and Package code for extracting data to system. ; 
    *  Liaison between the client team and the offshore team and ensure the common understanding on the requirements specified ; 
    *  Used Explain Plan for monitoring query performance and for taking necessary action. ; 
    *  Optimized SQL queries using hints and indexes. ; 
    *  Performed scrubbing and cleaning of the data. ; 
    *  Worked with offshore team and engaged in development and support activities. ; 
    *  Transformed, versioned and summarized the data. ; 
    *  Extensively involved in ETL code using Informatica Power Center in order to meet requirements for extract, transformation, cleansing, and loading of data from source to target data structures. ; 
    *  Responsible for weekly status updates showing the progress of the ETL process. ; 
    *  Documented Process Flow for mappings and sessions ; 
    *  Created Run and wrapper Scripts to call set of Informatica workflows and shell scripts to insert the records in ETL control table. ; 
    *  Involved impact analysis to upgrade Informatica Power Center 8.1 to Informatica Power Center 8.6 ; 
    *  Developed reusable transformations, Mapplets and Worklets to reduce development.

Environment: Informatica Power Center 8.1/8.6, Power Exchange for Web Services 8.6, Oracle 10g/9i, SQL Server 2003, Toad 8.6, , Windows XP.</Description>
<StartDate id='104_1'><YearMonth>2010-01</YearMonth></StartDate>
<EndDate id='104_2'><YearMonth>2012-02</YearMonth></EndDate>



<JobLevelInfo>
<JobGrade>joblevel-nonmanager-low</JobGrade>
</JobLevelInfo>

<JobCategory>
<TaxonomyName>JOBAREA</TaxonomyName>
<CategoryCode>it</CategoryCode>
</JobCategory>


<UserArea>
<DaxPositionHistoryUserArea>
<TLSPAN first_id='104' last_id='132' border_id='134'></TLSPAN>
<MonthsOfWork>26</MonthsOfWork>
</DaxPositionHistoryUserArea>
</UserArea>
</PositionHistory>
</EmployerOrg>

<EmployerOrg employerOrgType='soleEmployer'>
<EmployerOrgName id='133'>Pfizer</EmployerOrgName>

<PositionHistory positionType='PERMANENT'>
<Title id='135_2'>ETL Developer</Title>
<OrgName id='133'>Pfizer</OrgName>



<Description>Responsibilities
    *  Analyze source Systems, met with end users and business units to define the requirements ; 
    *  Involved in different roles that includes Data Analyst, ETL architecture and high level design. ; 
    *  Develop and Unit test the ETL Mapping and workflows ; 
    *  Developed and implemented Error Handling Strategies and physical database design. ; 
    *  Use SQL query overrides for better performance ; 
    *  Involved in design and development of Informatica mappings, UNIX Scripts, PL/SQL Procedures, wrote SQL, PL/SQL scripts, Function and  Package code ; 
    *  Extensively worked in the Performance tuning of the programs, ETL Procedures and Processes ; 
    *  Handled large data volume transformation and scrubbing with Informatica ; 
    *  Used SQL tools like TOAD to run SQL queries and validate the data loaded in to the target tables. ; 
    *  Applied partitioning at session level for the mappings which involved loading data to target using target lookup to avoid duplicates records. ; 
    *  Performance tuning by session partitions, dynamic cache memory, and index cache. ; 
    *  Created mapplets in place of mappings which were repeatedly used like formatting date or data type conversion. ; 
    *  Created flexible mappings/sessions using parameters, variables and heavily using parameter files. ; 
    *  Improved session run times by partitioning the sessions. Was also involved into database fine tuning (creating indexes, stored procedures, etc), partitioning oracle databases. ; 
    *  Involved in the performance tuning with DBAs to tune SQLs for better performance. ; 
    *  Created variable ports to compare the current record with previous records and calculated the required values. ; 
    *  Executed sessions, sequential and concurrent batches for proper execution of mappings and setup email delivery after execution. ; 
    *  Used Teradata utilities like fast load, multiload, fast export, BTEQ ; 
    *  Extracted data from Teradata source systems to a flat file. ; 
    *  Developed Unix Shell scripts to validate the daily and monthly feeds, file movements, error handling,  feed validations and to invoke Informatica PowerCenter jobs to load the data into stage tables, data warehouse table ; 
    *  Performed Unit Test and Integration Test for the ETL Processes. ; 
    *  Implemented the error handling and exception reporting as per the user requirements.

Environment: Informatica Power Center 8.1, Oracle 10g, PL/SQL, SQL loader, Teradata, Toad, Windows XP pro, UNIX.</Description>
<StartDate id='134_1'><YearMonth>2008-09</YearMonth></StartDate>
<EndDate id='134_2'><YearMonth>2009-12</YearMonth></EndDate>




<JobCategory>
<TaxonomyName>JOBAREA</TaxonomyName>
<CategoryCode>it</CategoryCode>
</JobCategory>


<UserArea>
<DaxPositionHistoryUserArea>
<TLSPAN first_id='133' last_id='164' border_id='167'></TLSPAN>
<MonthsOfWork>16</MonthsOfWork>
</DaxPositionHistoryUserArea>
</UserArea>
</PositionHistory>
</EmployerOrg>

<EmployerOrg employerOrgType='soleEmployer'>
<EmployerOrgName id='165'>HCL Technology</EmployerOrgName>
<EmployerContactInfo>
<LocationSummary id='166'>
<CountryCode>IN</CountryCode>
</LocationSummary>
</EmployerContactInfo>
<PositionHistory positionType='CONTRACT'>
<Title id='168_2'>Informatica Developer</Title>
<OrgName id='165'>HCL Technology</OrgName>



<Description>Responsibilities:
    *  Analyze the source systems data and the current reports at the client side to gather the requirements for the Data Warehouse Data Model ; 
    *  Managing Team, Timelines and Coordinating with the Business Partners ; 
    *  Worked as part of the architect team to develop complete star schema (Snow Flake)for the Phase I of the Data Warehouse ; 
    *  Create the naming standards for the DW team ; 
    *  Worked on developing all the mapping needed to load the staging area of the DW ; 
    *  Lead the development team during the development process, this include provide help with the tasks and transfer knowledge of Informatica ; 
    *  Coordinates migration of data during the development effort. ; 
    *  Performs high-level architectural planning and proof-of-concept. ; 
    *  Defining and implementing the standards, shared components and approaches as per the American Express Standards. ; 
    *  Perform QA and Code review for my code and other developers code ; 
    *  Worked on various drill through reports, conditional formatting, toggle reports and master detail relationships. ; 
    *  Created complex reports using calculated data items, multiple lists in a single report. ; 
    *  Prepared functional and technical documentation of the reports created for future references.

Environment: Informatica Power Center 7.1.2, Oracle 9i, PL/SQL, MS SQL Server, TOAD, Windows NT,</Description>
<StartDate id='167_1'><YearMonth>2006-06</YearMonth></StartDate>
<EndDate id='167_2'><YearMonth>2006-12</YearMonth></EndDate>




<JobCategory>
<TaxonomyName>JOBAREA</TaxonomyName>
<CategoryCode>it</CategoryCode>
</JobCategory>


<UserArea>
<DaxPositionHistoryUserArea>
<TLSPAN first_id='165' last_id='179' border_id='0'></TLSPAN>
<MonthsOfWork>7</MonthsOfWork>
</DaxPositionHistoryUserArea>
</UserArea>
</PositionHistory>
</EmployerOrg>

</EmploymentHistory>
<EducationHistory>
<SchoolOrInstitution schoolType='university'>
<SchoolName id='36_2'>Anna University</SchoolName>
<LocationSummary id='37'>
<CountryCode>IN</CountryCode>
</LocationSummary>


<Degree degreeType='bachelors'>
<DegreeName id='36_1'>Bachelor of Engineering</DegreeName>

</Degree>




<Comments>*  Master in Science, SUNY-New Paltz, NY. ;</Comments>
</SchoolOrInstitution>

<SchoolOrInstitution schoolType='college'>
<SchoolName id='38_2'>SUNY</SchoolName>
<LocationSummary id='38_3'>
<Municipality>New Paltz</Municipality>
<Region>NY</Region>
<CountryCode>US</CountryCode>
</LocationSummary>


<Degree degreeType='masters'>
<DegreeName id='38_1'>Master</DegreeName>

</Degree>
<Major id='38_1'>Science</Major>




</SchoolOrInstitution>

</EducationHistory>











<Competency oids='5 16 50 76 81 113 120 122 123 138 139 147 156 ' description='Skill > IT' auth='yes' name='ETL'>
<CompetencyEvidence name='Extent of Experience' typeDescription='Extent of Experience' type='MONTH' lastUsed='2014'><NumericValue description='MONTH'>69</NumericValue></CompetencyEvidence>

<CompetencyWeight type='skillLevel'><NumericValue minValue='0' maxValue='100'>99</NumericValue></CompetencyWeight>

<CompetencyWeight type='skillProficiency'><StringValue minValue='BASIC' maxValue='EXCELLENT'>EXCELLENT</StringValue></CompetencyWeight>
</Competency>

<Competency oids='6 41 98 108 121 124 125 126 153 157 174 ' description='Skill > IT' auth='yes' name='Informatica Analytics Package > Informatica PowerCenter'>
<CompetencyEvidence name='Extent of Experience' typeDescription='Extent of Experience' type='MONTH' lastUsed='2014'><NumericValue description='MONTH'>76</NumericValue></CompetencyEvidence>

<CompetencyEvidence name='Application' typeDescription='Application' type='upgrade'><StringValue>upgrade</StringValue></CompetencyEvidence>

<CompetencyEvidence typeDescription='Alias' name='Alias'><StringValue>Informatica Power Center 9.X/8.X/7.X 9.X/8.X/7.X</StringValue></CompetencyEvidence>

<CompetencyEvidence typeDescription='Alias' name='Alias'><StringValue>Informatica Power Center 9.1 9.1</StringValue></CompetencyEvidence>

<CompetencyEvidence typeDescription='Alias' name='Alias'><StringValue>Informatica Power Center 8.1 8.1</StringValue></CompetencyEvidence>

<CompetencyEvidence typeDescription='Alias' name='Alias'><StringValue>Informatica Power Center</StringValue></CompetencyEvidence>

<CompetencyEvidence typeDescription='Alias' name='Alias'><StringValue>upgrade Informatica Power Center 8.1 8.1</StringValue></CompetencyEvidence>

<CompetencyEvidence typeDescription='Alias' name='Alias'><StringValue>Informatica Power Center 8.6 8.6</StringValue></CompetencyEvidence>

<CompetencyEvidence typeDescription='Alias' name='Alias'><StringValue>Informatica Power Center 8.1/8.6 8.1/8.6</StringValue></CompetencyEvidence>

<CompetencyEvidence typeDescription='Alias' name='Alias'><StringValue>Informatica Power Center 7.1.2 7.1.2</StringValue></CompetencyEvidence>

<CompetencyWeight type='skillLevel'><NumericValue minValue='0' maxValue='100'>95</NumericValue></CompetencyWeight>

<CompetencyWeight type='skillProficiency'><StringValue minValue='BASIC' maxValue='EXCELLENT'>EXCELLENT</StringValue></CompetencyWeight>
</Competency>

<Competency oids='30 59 95 111 115 117 144 146 159 176 ' description='Skill > IT' auth='yes' name='Oracle PL/SQL'>
<CompetencyEvidence name='Extent of Experience' typeDescription='Extent of Experience' type='MONTH' lastUsed='2014'><NumericValue description='MONTH'>76</NumericValue></CompetencyEvidence>

<CompetencyEvidence typeDescription='Alias' name='Alias'><StringValue>PL/SQL</StringValue></CompetencyEvidence>

<CompetencyWeight type='skillLevel'><NumericValue minValue='0' maxValue='100'>95</NumericValue></CompetencyWeight>

<CompetencyWeight type='skillProficiency'><StringValue minValue='BASIC' maxValue='EXCELLENT'>EXCELLENT</StringValue></CompetencyWeight>
</Competency>

<Competency oids='29 31 58 77 116 141 145 149 ' description='Skill > IT' auth='yes' name='SQL'>
<CompetencyEvidence name='Extent of Experience' typeDescription='Extent of Experience' type='MONTH' lastUsed='2014'><NumericValue description='MONTH'>69</NumericValue></CompetencyEvidence>

<CompetencyEvidence typeDescription='Alias' name='Alias'><StringValue>SQL queries</StringValue></CompetencyEvidence>

<CompetencyWeight type='skillLevel'><NumericValue minValue='0' maxValue='100'>98</NumericValue></CompetencyWeight>

<CompetencyWeight type='skillProficiency'><StringValue minValue='BASIC' maxValue='EXCELLENT'>EXCELLENT</StringValue></CompetencyWeight>
</Competency>

<Competency oids='8 27 49 75 80 106 107 136 ' description='Skill > IT' auth='yes' name='Informatica'>
<CompetencyEvidence name='Extent of Experience' typeDescription='Extent of Experience' type='MONTH' lastUsed='2014'><NumericValue description='MONTH'>69</NumericValue></CompetencyEvidence>

<CompetencyEvidence name='Application' typeDescription='Application' type='administration'><StringValue>administration</StringValue></CompetencyEvidence>

<CompetencyEvidence name='Application' typeDescription='Application' type='configuring'><StringValue>configuring</StringValue></CompetencyEvidence>

<CompetencyEvidence typeDescription='Alias' name='Alias'><StringValue>Informatica administration</StringValue></CompetencyEvidence>

<CompetencyEvidence typeDescription='Alias' name='Alias'><StringValue>Informatica server</StringValue></CompetencyEvidence>

<CompetencyEvidence typeDescription='Alias' name='Alias'><StringValue>configuring the Informatica Server</StringValue></CompetencyEvidence>

<CompetencyWeight type='skillLevel'><NumericValue minValue='0' maxValue='100'>100</NumericValue></CompetencyWeight>

<CompetencyWeight type='skillProficiency'><StringValue minValue='BASIC' maxValue='EXCELLENT'>EXCELLENT</StringValue></CompetencyWeight>
</Competency>

<Competency oids='63 101 148 162 178 ' description='Skill > IT' auth='yes' name='TOAD'>
<CompetencyEvidence name='Extent of Experience' typeDescription='Extent of Experience' type='MONTH' lastUsed='2014'><NumericValue description='MONTH'>50</NumericValue></CompetencyEvidence>

<CompetencyEvidence typeDescription='Alias' name='Alias'><StringValue>Toad 8.6 8.6</StringValue></CompetencyEvidence>

<CompetencyWeight type='skillLevel'><NumericValue minValue='0' maxValue='100'>95</NumericValue></CompetencyWeight>

<CompetencyWeight type='skillProficiency'><StringValue minValue='BASIC' maxValue='EXCELLENT'>EXCELLENT</StringValue></CompetencyWeight>
</Competency>

<Competency oids='12 22 87 ' description='Skill > IT' auth='yes' name='Software Development Life Cycle'>
<CompetencyEvidence name='Extent of Experience' typeDescription='Extent of Experience' type='MONTH' lastUsed='2014'><NumericValue description='MONTH'>27</NumericValue></CompetencyEvidence>

<CompetencyWeight type='skillLevel'><NumericValue minValue='0' maxValue='100'>94</NumericValue></CompetencyWeight>

<CompetencyWeight type='skillProficiency'><StringValue minValue='BASIC' maxValue='EXCELLENT'>EXCELLENT</StringValue></CompetencyWeight>
</Competency>

<Competency oids='49 66 107 ' description='Skill > IT' auth='yes' name='Microsoft Windows 2000 Server'>
<CompetencyEvidence name='Extent of Experience' typeDescription='Extent of Experience' type='MONTH' lastUsed='2012'><NumericValue description='MONTH'>26</NumericValue></CompetencyEvidence>

<CompetencyEvidence name='Application' typeDescription='Application' type='configuring'><StringValue>configuring</StringValue></CompetencyEvidence>

<CompetencyEvidence typeDescription='Alias' name='Alias'><StringValue>Informatica server</StringValue></CompetencyEvidence>

<CompetencyEvidence typeDescription='Alias' name='Alias'><StringValue>Windows Server 2000</StringValue></CompetencyEvidence>

<CompetencyEvidence typeDescription='Alias' name='Alias'><StringValue>configuring the Informatica Server</StringValue></CompetencyEvidence>

<CompetencyWeight type='skillLevel'><NumericValue minValue='0' maxValue='100'>71</NumericValue></CompetencyWeight>

<CompetencyWeight type='skillProficiency'><StringValue minValue='BASIC' maxValue='EXCELLENT'>GOOD</StringValue></CompetencyWeight>
</Competency>

<Competency oids='54 131 177 ' description='Skill > IT' auth='yes' name='Microsoft SQL Server'>
<CompetencyEvidence name='Extent of Experience' typeDescription='Extent of Experience' type='MONTH' lastUsed='2012'><NumericValue description='MONTH'>33</NumericValue></CompetencyEvidence>

<CompetencyEvidence typeDescription='Alias' name='Alias'><StringValue>MSSQL Server</StringValue></CompetencyEvidence>

<CompetencyEvidence typeDescription='Alias' name='Alias'><StringValue>8.6</StringValue></CompetencyEvidence>

<CompetencyWeight type='skillLevel'><NumericValue minValue='0' maxValue='100'>67</NumericValue></CompetencyWeight>

<CompetencyWeight type='skillProficiency'><StringValue minValue='BASIC' maxValue='EXCELLENT'>GOOD</StringValue></CompetencyWeight>
</Competency>

<Competency oids='28 97 ' description='Skill > IT' auth='yes' name='XML'>
<CompetencyEvidence name='Extent of Experience' typeDescription='Extent of Experience' type='MONTH' lastUsed='2014'><NumericValue description='MONTH'>27</NumericValue></CompetencyEvidence>

<CompetencyWeight type='skillLevel'><NumericValue minValue='0' maxValue='100'>94</NumericValue></CompetencyWeight>

<CompetencyWeight type='skillProficiency'><StringValue minValue='BASIC' maxValue='EXCELLENT'>EXCELLENT</StringValue></CompetencyWeight>
</Competency>

<Competency oids='69 164 ' description='Skill > IT' auth='yes' name='UNIX'>
<CompetencyEvidence name='Extent of Experience' typeDescription='Extent of Experience' type='MONTH' lastUsed='2009'><NumericValue description='MONTH'>16</NumericValue></CompetencyEvidence>

<CompetencyWeight type='skillLevel'><NumericValue minValue='0' maxValue='100'>46</NumericValue></CompetencyWeight>

<CompetencyWeight type='skillProficiency'><StringValue minValue='BASIC' maxValue='EXCELLENT'>WORKING</StringValue></CompetencyWeight>
</Competency>

<Competency oids='151 161 ' description='Skill > IT' auth='yes' name='Teradata'>
<CompetencyEvidence name='Extent of Experience' typeDescription='Extent of Experience' type='MONTH' lastUsed='2009'><NumericValue description='MONTH'>16</NumericValue></CompetencyEvidence>

<CompetencyWeight type='skillLevel'><NumericValue minValue='0' maxValue='100'>46</NumericValue></CompetencyWeight>

<CompetencyWeight type='skillProficiency'><StringValue minValue='BASIC' maxValue='EXCELLENT'>WORKING</StringValue></CompetencyWeight>
</Competency>

<Competency oids='13 88 ' description='Skill > IT' auth='yes' name='SDLC'>
<CompetencyEvidence name='Extent of Experience' typeDescription='Extent of Experience' type='MONTH' lastUsed='2014'><NumericValue description='MONTH'>27</NumericValue></CompetencyEvidence>

<CompetencyEvidence typeDescription='Alias' name='Alias'><StringValue>(SDLC)</StringValue></CompetencyEvidence>

<CompetencyWeight type='skillLevel'><NumericValue minValue='0' maxValue='100'>94</NumericValue></CompetencyWeight>

<CompetencyWeight type='skillProficiency'><StringValue minValue='BASIC' maxValue='EXCELLENT'>EXCELLENT</StringValue></CompetencyWeight>
</Competency>

<Competency oids='53 99 ' description='Skill > IT' auth='yes' name='Oracle 11g'>
<CompetencyEvidence name='Extent of Experience' typeDescription='Extent of Experience' type='MONTH' lastUsed='2014'><NumericValue description='MONTH'>27</NumericValue></CompetencyEvidence>

<CompetencyWeight type='skillLevel'><NumericValue minValue='0' maxValue='100'>94</NumericValue></CompetencyWeight>

<CompetencyWeight type='skillProficiency'><StringValue minValue='BASIC' maxValue='EXCELLENT'>EXCELLENT</StringValue></CompetencyWeight>
</Competency>

<Competency oids='129 158 ' description='Skill > IT' auth='yes' name='Oracle 10G'>
<CompetencyEvidence name='Extent of Experience' typeDescription='Extent of Experience' type='MONTH' lastUsed='2012'><NumericValue description='MONTH'>42</NumericValue></CompetencyEvidence>

<CompetencyEvidence typeDescription='Alias' name='Alias'><StringValue>Oracle 10g/9i 9i</StringValue></CompetencyEvidence>

<CompetencyWeight type='skillLevel'><NumericValue minValue='0' maxValue='100'>68</NumericValue></CompetencyWeight>

<CompetencyWeight type='skillProficiency'><StringValue minValue='BASIC' maxValue='EXCELLENT'>GOOD</StringValue></CompetencyWeight>
</Competency>

<Competency oids='78 150 ' description='Skill > IT' auth='yes' name='Oracle'>
<CompetencyEvidence name='Extent of Experience' typeDescription='Extent of Experience' type='MONTH' lastUsed='2014'><NumericValue description='MONTH'>43</NumericValue></CompetencyEvidence>

<CompetencyWeight type='skillLevel'><NumericValue minValue='0' maxValue='100'>97</NumericValue></CompetencyWeight>

<CompetencyWeight type='skillProficiency'><StringValue minValue='BASIC' maxValue='EXCELLENT'>EXCELLENT</StringValue></CompetencyWeight>
</Competency>

<Competency oids='118 119 ' description='Skill' auth='yes' name='Offshore Oil &#38; Gas'>
<CompetencyEvidence name='Extent of Experience' typeDescription='Extent of Experience' type='MONTH' lastUsed='2012'><NumericValue description='MONTH'>26</NumericValue></CompetencyEvidence>

<CompetencyEvidence typeDescription='Alias' name='Alias'><StringValue>offshore</StringValue></CompetencyEvidence>

<CompetencyWeight type='skillLevel'><NumericValue minValue='0' maxValue='100'>67</NumericValue></CompetencyWeight>

<CompetencyWeight type='skillProficiency'><StringValue minValue='BASIC' maxValue='EXCELLENT'>GOOD</StringValue></CompetencyWeight>
</Competency>

<Competency oids='68 163 ' description='Skill > IT' auth='yes' name='Microsoft Windows XP Professional'>
<CompetencyEvidence name='Extent of Experience' typeDescription='Extent of Experience' type='MONTH' lastUsed='2009'><NumericValue description='MONTH'>16</NumericValue></CompetencyEvidence>

<CompetencyEvidence typeDescription='Alias' name='Alias'><StringValue>XP Professional</StringValue></CompetencyEvidence>

<CompetencyEvidence typeDescription='Alias' name='Alias'><StringValue>Windows XP pro</StringValue></CompetencyEvidence>

<CompetencyWeight type='skillLevel'><NumericValue minValue='0' maxValue='100'>46</NumericValue></CompetencyWeight>

<CompetencyWeight type='skillProficiency'><StringValue minValue='BASIC' maxValue='EXCELLENT'>WORKING</StringValue></CompetencyWeight>
</Competency>

<Competency oids='103 132 ' description='Skill > IT' auth='yes' name='Microsoft Windows XP'>
<CompetencyEvidence name='Extent of Experience' typeDescription='Extent of Experience' type='MONTH' lastUsed='2014'><NumericValue description='MONTH'>53</NumericValue></CompetencyEvidence>

<CompetencyEvidence typeDescription='Alias' name='Alias'><StringValue>Windows XP</StringValue></CompetencyEvidence>

<CompetencyWeight type='skillLevel'><NumericValue minValue='0' maxValue='100'>95</NumericValue></CompetencyWeight>

<CompetencyWeight type='skillProficiency'><StringValue minValue='BASIC' maxValue='EXCELLENT'>EXCELLENT</StringValue></CompetencyWeight>
</Competency>

<Competency oids='65 179 ' description='Skill > IT' auth='yes' name='Microsoft Windows NT'>
<CompetencyEvidence name='Extent of Experience' typeDescription='Extent of Experience' type='MONTH' lastUsed='2006'><NumericValue description='MONTH'>7</NumericValue></CompetencyEvidence>

<CompetencyEvidence typeDescription='Alias' name='Alias'><StringValue>Win NT</StringValue></CompetencyEvidence>

<CompetencyEvidence typeDescription='Alias' name='Alias'><StringValue>Windows NT</StringValue></CompetencyEvidence>

<CompetencyWeight type='skillLevel'><NumericValue minValue='0' maxValue='100'>18</NumericValue></CompetencyWeight>

<CompetencyWeight type='skillProficiency'><StringValue minValue='BASIC' maxValue='EXCELLENT'>BASIC</StringValue></CompetencyWeight>
</Competency>

<Competency oids='100 130 ' description='Skill > IT' auth='yes' name='Microsoft SQL Server 2003'>
<CompetencyEvidence name='Extent of Experience' typeDescription='Extent of Experience' type='MONTH' lastUsed='2014'><NumericValue description='MONTH'>53</NumericValue></CompetencyEvidence>

<CompetencyEvidence typeDescription='Alias' name='Alias'><StringValue>SQL Server 2003</StringValue></CompetencyEvidence>

<CompetencyWeight type='skillLevel'><NumericValue minValue='0' maxValue='100'>95</NumericValue></CompetencyWeight>

<CompetencyWeight type='skillProficiency'><StringValue minValue='BASIC' maxValue='EXCELLENT'>EXCELLENT</StringValue></CompetencyWeight>
</Competency>

<Competency oids='112 152 ' description='Skill' auth='no' name='Error handling'>
<CompetencyEvidence name='Extent of Experience' typeDescription='Extent of Experience' type='MONTH' lastUsed='2012'><NumericValue description='MONTH'>42</NumericValue></CompetencyEvidence>

<CompetencyWeight type='skillLevel'><NumericValue minValue='0' maxValue='100'>68</NumericValue></CompetencyWeight>

<CompetencyWeight type='skillProficiency'><StringValue minValue='BASIC' maxValue='EXCELLENT'>GOOD</StringValue></CompetencyWeight>
</Competency>

<Competency oids='4 40 ' description='Skill > IT' auth='yes' name='Data Warehousing'>
<CompetencyEvidence name='Extent of Experience' typeDescription='Extent of Experience' type='YEAR'><NumericValue description='YEAR'>6</NumericValue></CompetencyEvidence>

<CompetencyEvidence typeDescription='Alias' name='Alias'><StringValue>Over 6 years of strong experience in Data Warehousing</StringValue></CompetencyEvidence>

<CompetencyWeight type='skillLevel'><NumericValue minValue='0' maxValue='100'>13</NumericValue></CompetencyWeight>
</Competency>

<Competency oids='109 ' description='Skill' auth='no' name='using scheduling'>
<CompetencyEvidence name='Extent of Experience' typeDescription='Extent of Experience' type='MONTH' lastUsed='2012'><NumericValue description='MONTH'>26</NumericValue></CompetencyEvidence>

<CompetencyWeight type='skillLevel'><NumericValue minValue='0' maxValue='100'>68</NumericValue></CompetencyWeight>

<CompetencyWeight type='skillProficiency'><StringValue minValue='BASIC' maxValue='EXCELLENT'>GOOD</StringValue></CompetencyWeight>
</Competency>

<Competency oids='114 ' description='Skill' auth='no' name='technological analysis and design'>
<CompetencyEvidence name='Extent of Experience' typeDescription='Extent of Experience' type='MONTH' lastUsed='2012'><NumericValue description='MONTH'>26</NumericValue></CompetencyEvidence>

<CompetencyWeight type='skillLevel'><NumericValue minValue='0' maxValue='100'>67</NumericValue></CompetencyWeight>

<CompetencyWeight type='skillProficiency'><StringValue minValue='BASIC' maxValue='EXCELLENT'>GOOD</StringValue></CompetencyWeight>
</Competency>

<Competency oids='60 ' description='Skill > IT' auth='yes' name='shell scripting'>
<CompetencyEvidence typeDescription='Alias' name='Alias'><StringValue>shell scripts</StringValue></CompetencyEvidence>

<CompetencyWeight type='skillLevel'><NumericValue minValue='0' maxValue='100'>13</NumericValue></CompetencyWeight>
</Competency>

<Competency oids='14 ' description='Skill' auth='no' name='production support'>
<CompetencyWeight type='skillLevel'><NumericValue minValue='0' maxValue='100'>13</NumericValue></CompetencyWeight>
</Competency>

<Competency oids='34 ' description='Skill' auth='no' name='presentation skills'>
<CompetencyWeight type='skillLevel'><NumericValue minValue='0' maxValue='100'>13</NumericValue></CompetencyWeight>
</Competency>

<Competency oids='140 ' description='Skill' auth='no' name='physical database design'>
<CompetencyEvidence name='Extent of Experience' typeDescription='Extent of Experience' type='MONTH' lastUsed='2009'><NumericValue description='MONTH'>16</NumericValue></CompetencyEvidence>

<CompetencyWeight type='skillLevel'><NumericValue minValue='0' maxValue='100'>48</NumericValue></CompetencyWeight>

<CompetencyWeight type='skillProficiency'><StringValue minValue='BASIC' maxValue='EXCELLENT'>WORKING</StringValue></CompetencyWeight>
</Competency>

<Competency oids='32 ' description='Skill' auth='no' name='off-shore development'>
<CompetencyWeight type='skillLevel'><NumericValue minValue='0' maxValue='100'>13</NumericValue></CompetencyWeight>
</Competency>

<Competency oids='17 ' description='Skill' auth='no' name='modeling experience'>
<CompetencyWeight type='skillLevel'><NumericValue minValue='0' maxValue='100'>13</NumericValue></CompetencyWeight>
</Competency>

<Competency oids='21 ' description='Skill' auth='no' name='implementation of Data warehouse/ Data marts'>
<CompetencyWeight type='skillLevel'><NumericValue minValue='0' maxValue='100'>13</NumericValue></CompetencyWeight>
</Competency>

<Competency oids='15 ' description='Skill' auth='no' name='implementation of Data warehouse and Strong understanding'>
<CompetencyWeight type='skillLevel'><NumericValue minValue='0' maxValue='100'>13</NumericValue></CompetencyWeight>
</Competency>

<Competency oids='170 ' description='Skill' auth='no' name='develop complete star schema'>
<CompetencyEvidence name='Extent of Experience' typeDescription='Extent of Experience' type='MONTH' lastUsed='2006'><NumericValue description='MONTH'>7</NumericValue></CompetencyEvidence>

<CompetencyWeight type='skillLevel'><NumericValue minValue='0' maxValue='100'>22</NumericValue></CompetencyWeight>

<CompetencyWeight type='skillProficiency'><StringValue minValue='BASIC' maxValue='EXCELLENT'>BASIC</StringValue></CompetencyWeight>
</Competency>

<Competency oids='172 ' description='Skill' auth='no' name='architectural planning'>
<CompetencyEvidence name='Extent of Experience' typeDescription='Extent of Experience' type='MONTH' lastUsed='2006'><NumericValue description='MONTH'>7</NumericValue></CompetencyEvidence>

<CompetencyWeight type='skillLevel'><NumericValue minValue='0' maxValue='100'>21</NumericValue></CompetencyWeight>

<CompetencyWeight type='skillProficiency'><StringValue minValue='BASIC' maxValue='EXCELLENT'>BASIC</StringValue></CompetencyWeight>
</Competency>

<Competency oids='128 ' description='Skill > IT' auth='yes' name='Web Services'>
<CompetencyEvidence name='Extent of Experience' typeDescription='Extent of Experience' type='MONTH' lastUsed='2012'><NumericValue description='MONTH'>26</NumericValue></CompetencyEvidence>

<CompetencyEvidence typeDescription='Alias' name='Alias'><StringValue>Web Services 8.6 8.6</StringValue></CompetencyEvidence>

<CompetencyWeight type='skillLevel'><NumericValue minValue='0' maxValue='100'>67</NumericValue></CompetencyWeight>

<CompetencyWeight type='skillProficiency'><StringValue minValue='BASIC' maxValue='EXCELLENT'>GOOD</StringValue></CompetencyWeight>
</Competency>

<Competency oids='91 ' description='Skill' auth='no' name='Warehouse maintenance'>
<CompetencyEvidence name='Extent of Experience' typeDescription='Extent of Experience' type='MONTH' lastUsed='2014'><NumericValue description='MONTH'>27</NumericValue></CompetencyEvidence>

<CompetencyWeight type='skillLevel'><NumericValue minValue='0' maxValue='100'>94</NumericValue></CompetencyWeight>

<CompetencyWeight type='skillProficiency'><StringValue minValue='BASIC' maxValue='EXCELLENT'>EXCELLENT</StringValue></CompetencyWeight>
</Competency>

<Competency oids='25 ' description='Skill' auth='yes' name='User Acceptance Testing'>
<CompetencyWeight type='skillLevel'><NumericValue minValue='0' maxValue='100'>13</NumericValue></CompetencyWeight>
</Competency>

<Competency oids='96 ' description='Skill' auth='no' name='Used Deployment'>
<CompetencyEvidence name='Extent of Experience' typeDescription='Extent of Experience' type='MONTH' lastUsed='2014'><NumericValue description='MONTH'>27</NumericValue></CompetencyEvidence>

<CompetencyWeight type='skillLevel'><NumericValue minValue='0' maxValue='100'>94</NumericValue></CompetencyWeight>

<CompetencyWeight type='skillProficiency'><StringValue minValue='BASIC' maxValue='EXCELLENT'>EXCELLENT</StringValue></CompetencyWeight>
</Competency>

<Competency oids='24 ' description='Skill' auth='no' name='Unit Testing'>
<CompetencyWeight type='skillLevel'><NumericValue minValue='0' maxValue='100'>13</NumericValue></CompetencyWeight>
</Competency>

<Competency oids='102 ' description='Skill > IT' auth='yes' name='Sun Solaris'>
<CompetencyEvidence name='Extent of Experience' typeDescription='Extent of Experience' type='MONTH' lastUsed='2014'><NumericValue description='MONTH'>27</NumericValue></CompetencyEvidence>

<CompetencyEvidence typeDescription='Alias' name='Alias'><StringValue>Solaris 8/10 8/10</StringValue></CompetencyEvidence>

<CompetencyWeight type='skillLevel'><NumericValue minValue='0' maxValue='100'>94</NumericValue></CompetencyWeight>

<CompetencyWeight type='skillProficiency'><StringValue minValue='BASIC' maxValue='EXCELLENT'>EXCELLENT</StringValue></CompetencyWeight>
</Competency>

<Competency oids='20 ' description='Skill' auth='no' name='Strong skills'>
<CompetencyWeight type='skillLevel'><NumericValue minValue='0' maxValue='100'>13</NumericValue></CompetencyWeight>
</Competency>

<Competency oids='62 ' description='Skill > IT' auth='yes' name='SQLPlus'>
<CompetencyEvidence typeDescription='Alias' name='Alias'><StringValue>SQL*Plus</StringValue></CompetencyEvidence>

<CompetencyWeight type='skillLevel'><NumericValue minValue='0' maxValue='100'>13</NumericValue></CompetencyWeight>
</Competency>

<Competency oids='90 ' description='Skill' auth='yes' name='Requirements Gathering'>
<CompetencyEvidence name='Extent of Experience' typeDescription='Extent of Experience' type='MONTH' lastUsed='2014'><NumericValue description='MONTH'>27</NumericValue></CompetencyEvidence>

<CompetencyEvidence typeDescription='Alias' name='Alias'><StringValue>Requirement gathering</StringValue></CompetencyEvidence>

<CompetencyWeight type='skillLevel'><NumericValue minValue='0' maxValue='100'>94</NumericValue></CompetencyWeight>

<CompetencyWeight type='skillProficiency'><StringValue minValue='BASIC' maxValue='EXCELLENT'>EXCELLENT</StringValue></CompetencyWeight>
</Competency>

<Competency oids='23 ' description='Skill' auth='no' name='Project Analysis'>
<CompetencyWeight type='skillLevel'><NumericValue minValue='0' maxValue='100'>13</NumericValue></CompetencyWeight>
</Competency>

<Competency oids='142 ' description='Skill' auth='yes' name='Product Development'>
<CompetencyEvidence name='Extent of Experience' typeDescription='Extent of Experience' type='MONTH' lastUsed='2009'><NumericValue description='MONTH'>16</NumericValue></CompetencyEvidence>

<CompetencyEvidence typeDescription='Alias' name='Alias'><StringValue>design and development</StringValue></CompetencyEvidence>

<CompetencyWeight type='skillLevel'><NumericValue minValue='0' maxValue='100'>47</NumericValue></CompetencyWeight>

<CompetencyWeight type='skillProficiency'><StringValue minValue='BASIC' maxValue='EXCELLENT'>WORKING</StringValue></CompetencyWeight>
</Competency>

<Competency oids='26 ' description='Skill' auth='no' name='Post Implementation'>
<CompetencyWeight type='skillLevel'><NumericValue minValue='0' maxValue='100'>13</NumericValue></CompetencyWeight>
</Competency>

<Competency oids='61 ' description='Skill > IT' auth='yes' name='Perl Programming'>
<CompetencyEvidence typeDescription='Alias' name='Alias'><StringValue>Perl</StringValue></CompetencyEvidence>

<CompetencyWeight type='skillLevel'><NumericValue minValue='0' maxValue='100'>13</NumericValue></CompetencyWeight>
</Competency>

<Competency oids='175 ' description='Skill > IT' auth='yes' name='Oracle 9i'>
<CompetencyEvidence name='Extent of Experience' typeDescription='Extent of Experience' type='MONTH' lastUsed='2006'><NumericValue description='MONTH'>7</NumericValue></CompetencyEvidence>

<CompetencyWeight type='skillLevel'><NumericValue minValue='0' maxValue='100'>20</NumericValue></CompetencyWeight>

<CompetencyWeight type='skillProficiency'><StringValue minValue='BASIC' maxValue='EXCELLENT'>BASIC</StringValue></CompetencyWeight>
</Competency>

<Competency oids='52 ' description='Skill > IT' auth='yes' name='OLTP'>
<CompetencyWeight type='skillLevel'><NumericValue minValue='0' maxValue='100'>13</NumericValue></CompetencyWeight>
</Competency>

<Competency oids='51 ' description='Skill > IT' auth='yes' name='OLAP'>
<CompetencyWeight type='skillLevel'><NumericValue minValue='0' maxValue='100'>13</NumericValue></CompetencyWeight>
</Competency>

<Competency oids='67 ' description='Skill > IT' auth='yes' name='Microsoft Windows 2003 Server'>
<CompetencyEvidence typeDescription='Alias' name='Alias'><StringValue>2003</StringValue></CompetencyEvidence>

<CompetencyWeight type='skillLevel'><NumericValue minValue='0' maxValue='100'>13</NumericValue></CompetencyWeight>
</Competency>

<Competency oids='160 ' description='Skill > IT' auth='yes' name='Microsoft SQL*Loader'>
<CompetencyEvidence name='Extent of Experience' typeDescription='Extent of Experience' type='MONTH' lastUsed='2009'><NumericValue description='MONTH'>16</NumericValue></CompetencyEvidence>

<CompetencyEvidence typeDescription='Alias' name='Alias'><StringValue>SQL loader</StringValue></CompetencyEvidence>

<CompetencyWeight type='skillLevel'><NumericValue minValue='0' maxValue='100'>46</NumericValue></CompetencyWeight>

<CompetencyWeight type='skillProficiency'><StringValue minValue='BASIC' maxValue='EXCELLENT'>WORKING</StringValue></CompetencyWeight>
</Competency>

<Competency oids='56 ' description='Skill > IT' auth='yes' name='Microsoft SQL Server 2008'>
<CompetencyEvidence typeDescription='Alias' name='Alias'><StringValue>2008</StringValue></CompetencyEvidence>

<CompetencyWeight type='skillLevel'><NumericValue minValue='0' maxValue='100'>13</NumericValue></CompetencyWeight>
</Competency>

<Competency oids='55 ' description='Skill > IT' auth='yes' name='Microsoft SQL Server 2005'>
<CompetencyEvidence typeDescription='Alias' name='Alias'><StringValue>2005</StringValue></CompetencyEvidence>

<CompetencyWeight type='skillLevel'><NumericValue minValue='0' maxValue='100'>13</NumericValue></CompetencyWeight>
</Competency>

<Competency oids='19 ' description='Skill > IT' auth='yes' name='Logic Works ERwin/ERX'>
<CompetencyEvidence typeDescription='Alias' name='Alias'><StringValue>Erwin 4.5/4.x/3.0 4.5/4.x/3.0</StringValue></CompetencyEvidence>

<CompetencyWeight type='skillLevel'><NumericValue minValue='0' maxValue='100'>13</NumericValue></CompetencyWeight>
</Competency>

<Competency oids='70 ' description='Skill > IT' auth='yes' name='Linux'>
<CompetencyWeight type='skillLevel'><NumericValue minValue='0' maxValue='100'>13</NumericValue></CompetencyWeight>
</Competency>

<Competency oids='7 ' description='Skill > IT' auth='yes' name='Informatica Analytics Package > Informatica PowerExchange'>
<CompetencyEvidence typeDescription='Alias' name='Alias'><StringValue>Informatica PowerExchange</StringValue></CompetencyEvidence>

<CompetencyWeight type='skillLevel'><NumericValue minValue='0' maxValue='100'>13</NumericValue></CompetencyWeight>
</Competency>

<Competency oids='11 ' description='Skill' auth='yes' name='Financial Services'>
<CompetencyWeight type='skillLevel'><NumericValue minValue='0' maxValue='100'>13</NumericValue></CompetencyWeight>
</Competency>

<Competency oids='171 ' description='Skill > IT' auth='yes' name='Data Migration'>
<CompetencyEvidence name='Extent of Experience' typeDescription='Extent of Experience' type='MONTH' lastUsed='2006'><NumericValue description='MONTH'>7</NumericValue></CompetencyEvidence>

<CompetencyEvidence typeDescription='Alias' name='Alias'><StringValue>migration of data</StringValue></CompetencyEvidence>

<CompetencyWeight type='skillLevel'><NumericValue minValue='0' maxValue='100'>22</NumericValue></CompetencyWeight>

<CompetencyWeight type='skillProficiency'><StringValue minValue='BASIC' maxValue='EXCELLENT'>BASIC</StringValue></CompetencyWeight>
</Competency>

<Competency oids='89 ' description='Skill' auth='no' name='Data Analysis'>
<CompetencyEvidence name='Extent of Experience' typeDescription='Extent of Experience' type='MONTH' lastUsed='2014'><NumericValue description='MONTH'>27</NumericValue></CompetencyEvidence>

<CompetencyWeight type='skillLevel'><NumericValue minValue='0' maxValue='100'>94</NumericValue></CompetencyWeight>

<CompetencyWeight type='skillProficiency'><StringValue minValue='BASIC' maxValue='EXCELLENT'>EXCELLENT</StringValue></CompetencyWeight>
</Competency>

<Competency oids='79 ' description='Skill > IT' auth='yes' name='DB2'>
<CompetencyEvidence name='Extent of Experience' typeDescription='Extent of Experience' type='MONTH' lastUsed='2014'><NumericValue description='MONTH'>27</NumericValue></CompetencyEvidence>

<CompetencyWeight type='skillLevel'><NumericValue minValue='0' maxValue='100'>95</NumericValue></CompetencyWeight>

<CompetencyWeight type='skillProficiency'><StringValue minValue='BASIC' maxValue='EXCELLENT'>EXCELLENT</StringValue></CompetencyWeight>
</Competency>

<Competency oids='94 ' description='Skill' auth='yes' name='Consolidations'>
<CompetencyEvidence name='Extent of Experience' typeDescription='Extent of Experience' type='MONTH' lastUsed='2014'><NumericValue description='MONTH'>27</NumericValue></CompetencyEvidence>

<CompetencyWeight type='skillLevel'><NumericValue minValue='0' maxValue='100'>94</NumericValue></CompetencyWeight>

<CompetencyWeight type='skillProficiency'><StringValue minValue='BASIC' maxValue='EXCELLENT'>EXCELLENT</StringValue></CompetencyWeight>
</Competency>

<Competency oids='18 ' description='Skill' auth='no' name='Business Process Analysis'>
<CompetencyWeight type='skillLevel'><NumericValue minValue='0' maxValue='100'>13</NumericValue></CompetencyWeight>
</Competency>

<Competency oids='9 ' description='Skill' auth='yes' name='Business Analysis'>
<CompetencyWeight type='skillLevel'><NumericValue minValue='0' maxValue='100'>13</NumericValue></CompetencyWeight>
</Competency>

<Competency oids='10 ' description='Skill' auth='no' name='Application Design Development'>
<CompetencyWeight type='skillLevel'><NumericValue minValue='0' maxValue='100'>13</NumericValue></CompetencyWeight>
</Competency>

<Competency oids='42_1 48_1 ' description='Held Position' auth='no' name='Workflow Manager'>
<CompetencyWeight type='skillLevel'><NumericValue minValue='0' maxValue='100'>13</NumericValue></CompetencyWeight>
</Competency>

<Competency oids='43_1 82_1 ' description='Held Position' auth='no' name='Warehouse Designer'>
<CompetencyEvidence name='Extent of Experience' typeDescription='Extent of Experience' type='MONTH' lastUsed='2014'><NumericValue description='MONTH'>27</NumericValue></CompetencyEvidence>

<CompetencyWeight type='skillLevel'><NumericValue minValue='0' maxValue='100'>97</NumericValue></CompetencyWeight>

<CompetencyWeight type='skillProficiency'><StringValue minValue='BASIC' maxValue='EXCELLENT'>EXCELLENT</StringValue></CompetencyWeight>
</Competency>

<Competency oids='44_1 86_1 ' description='Held Position' auth='no' name='Transformation developer'>
<CompetencyEvidence name='Extent of Experience' typeDescription='Extent of Experience' type='MONTH' lastUsed='2014'><NumericValue description='MONTH'>27</NumericValue></CompetencyEvidence>

<CompetencyWeight type='skillLevel'><NumericValue minValue='0' maxValue='100'>94</NumericValue></CompetencyWeight>

<CompetencyWeight type='skillProficiency'><StringValue minValue='BASIC' maxValue='EXCELLENT'>EXCELLENT</StringValue></CompetencyWeight>
</Competency>

<Competency oids='74_2 105_2 ' description='Held Position' auth='no' name='Sr. ETL Consultant'>
<CompetencyEvidence name='Extent of Experience' typeDescription='Extent of Experience' type='MONTH' lastUsed='2014'><NumericValue description='MONTH'>53</NumericValue></CompetencyEvidence>

<CompetencyWeight type='skillLevel'><NumericValue minValue='0' maxValue='100'>100</NumericValue></CompetencyWeight>

<CompetencyWeight type='skillProficiency'><StringValue minValue='BASIC' maxValue='EXCELLENT'>EXCELLENT</StringValue></CompetencyWeight>
</Competency>

<Competency oids='45_1 85_2 ' description='Held Position' auth='no' name='Mapplet Designer'>
<CompetencyEvidence name='Extent of Experience' typeDescription='Extent of Experience' type='MONTH' lastUsed='2014'><NumericValue description='MONTH'>27</NumericValue></CompetencyEvidence>

<CompetencyWeight type='skillLevel'><NumericValue minValue='0' maxValue='100'>95</NumericValue></CompetencyWeight>

<CompetencyWeight type='skillProficiency'><StringValue minValue='BASIC' maxValue='EXCELLENT'>EXCELLENT</StringValue></CompetencyWeight>
</Competency>

<Competency oids='46_1 85_1 ' description='Held Position' auth='no' name='Mapping Designer'>
<CompetencyEvidence name='Extent of Experience' typeDescription='Extent of Experience' type='MONTH' lastUsed='2014'><NumericValue description='MONTH'>27</NumericValue></CompetencyEvidence>

<CompetencyWeight type='skillLevel'><NumericValue minValue='0' maxValue='100'>95</NumericValue></CompetencyWeight>

<CompetencyWeight type='skillProficiency'><StringValue minValue='BASIC' maxValue='EXCELLENT'>EXCELLENT</StringValue></CompetencyWeight>
</Competency>

<Competency oids='92_1 110_1 ' description='Held Position' auth='no' name='Joiner'>
<CompetencyEvidence name='Extent of Experience' typeDescription='Extent of Experience' type='MONTH' lastUsed='2014'><NumericValue description='MONTH'>53</NumericValue></CompetencyEvidence>

<CompetencyWeight type='skillLevel'><NumericValue minValue='0' maxValue='100'>95</NumericValue></CompetencyWeight>

<CompetencyWeight type='skillProficiency'><StringValue minValue='BASIC' maxValue='EXCELLENT'>EXCELLENT</StringValue></CompetencyWeight>
</Competency>

<Competency oids='83_1 84_1 ' description='Held Position' auth='no' name='Designer'>
<CompetencyEvidence name='Extent of Experience' typeDescription='Extent of Experience' type='MONTH' lastUsed='2014'><NumericValue description='MONTH'>27</NumericValue></CompetencyEvidence>

<CompetencyWeight type='skillLevel'><NumericValue minValue='0' maxValue='100'>97</NumericValue></CompetencyWeight>

<CompetencyWeight type='skillProficiency'><StringValue minValue='BASIC' maxValue='EXCELLENT'>EXCELLENT</StringValue></CompetencyWeight>
</Competency>

<Competency oids='154_1 ' description='Held Position' auth='no' name='stage'>
<CompetencyEvidence name='Extent of Experience' typeDescription='Extent of Experience' type='MONTH' lastUsed='2009'><NumericValue description='MONTH'>16</NumericValue></CompetencyEvidence>

<CompetencyWeight type='skillLevel'><NumericValue minValue='0' maxValue='100'>49</NumericValue></CompetencyWeight>

<CompetencyWeight type='skillProficiency'><StringValue minValue='BASIC' maxValue='EXCELLENT'>WORKING</StringValue></CompetencyWeight>
</Competency>

<Competency oids='93_1 ' description='Held Position' auth='no' name='Sorter'>
<CompetencyEvidence name='Extent of Experience' typeDescription='Extent of Experience' type='MONTH' lastUsed='2014'><NumericValue description='MONTH'>27</NumericValue></CompetencyEvidence>

<CompetencyWeight type='skillLevel'><NumericValue minValue='0' maxValue='100'>94</NumericValue></CompetencyWeight>

<CompetencyWeight type='skillProficiency'><StringValue minValue='BASIC' maxValue='EXCELLENT'>EXCELLENT</StringValue></CompetencyWeight>
</Competency>

<Competency oids='47_1 ' description='Held Position' auth='no' name='Repository manager'>
<CompetencyWeight type='skillLevel'><NumericValue minValue='0' maxValue='100'>13</NumericValue></CompetencyWeight>
</Competency>

<Competency oids='64_1 ' description='Held Position' auth='no' name='PL/SQL Developer'>
<CompetencyWeight type='skillLevel'><NumericValue minValue='0' maxValue='100'>13</NumericValue></CompetencyWeight>
</Competency>

<Competency oids='168_2 ' description='Held Position' auth='no' name='Informatica Developer'>
<CompetencyEvidence name='Extent of Experience' typeDescription='Extent of Experience' type='MONTH' lastUsed='2006'><NumericValue description='MONTH'>7</NumericValue></CompetencyEvidence>

<CompetencyWeight type='skillLevel'><NumericValue minValue='0' maxValue='100'>22</NumericValue></CompetencyWeight>

<CompetencyWeight type='skillProficiency'><StringValue minValue='BASIC' maxValue='EXCELLENT'>BASIC</StringValue></CompetencyWeight>
</Competency>

<Competency oids='135_2 ' description='Held Position' auth='no' name='ETL Developer'>
<CompetencyEvidence name='Extent of Experience' typeDescription='Extent of Experience' type='MONTH' lastUsed='2009'><NumericValue description='MONTH'>16</NumericValue></CompetencyEvidence>

<CompetencyWeight type='skillLevel'><NumericValue minValue='0' maxValue='100'>51</NumericValue></CompetencyWeight>

<CompetencyWeight type='skillProficiency'><StringValue minValue='BASIC' maxValue='EXCELLENT'>WORKING</StringValue></CompetencyWeight>
</Competency>

<Competency oids='137_1 ' description='Held Position' auth='no' name='Data Analyst'>
<CompetencyEvidence name='Extent of Experience' typeDescription='Extent of Experience' type='MONTH' lastUsed='2009'><NumericValue description='MONTH'>16</NumericValue></CompetencyEvidence>

<CompetencyWeight type='skillLevel'><NumericValue minValue='0' maxValue='100'>50</NumericValue></CompetencyWeight>

<CompetencyWeight type='skillProficiency'><StringValue minValue='BASIC' maxValue='EXCELLENT'>WORKING</StringValue></CompetencyWeight>
</Competency>

<Competency oids='38_1 ' description='Degree/Qualification' auth='no' name='Master > Master Science'>
<CompetencyEvidence name='Application' typeDescription='Application' type='Science'><StringValue>Science</StringValue></CompetencyEvidence>

<CompetencyEvidence typeDescription='Alias' name='Alias'><StringValue>Master in Science</StringValue></CompetencyEvidence>

<CompetencyWeight type='skillLevel'><NumericValue minValue='0' maxValue='100'>12</NumericValue></CompetencyWeight>
</Competency>

<Competency oids='36_1 ' description='Degree/Qualification' auth='yes' name='Bachelors Degree > Bachelor of Engineering'>
<CompetencyEvidence typeDescription='Alias' name='Alias'><StringValue>Bachelor of Engineering</StringValue></CompetencyEvidence>

<CompetencyWeight type='skillLevel'><NumericValue minValue='0' maxValue='100'>12</NumericValue></CompetencyWeight>
</Competency>

<Competency description='Industry' auth='yes' name='industry~it'>
<CompetencyEvidence name='skillCount' typeDescription='skillCount'><NumericValue>4</NumericValue></CompetencyEvidence>

<CompetencyWeight type='skillLevel'><NumericValue minValue='0' maxValue='100'>100</NumericValue></CompetencyWeight>
</Competency>























<RevisionDate id='1'>2014-05-27</RevisionDate>
</StructuredXMLResume>
<NonXMLResume>

<TextResume>



<span inprof='n' id='1' class='date'>{{DOCUMENT_DATESTAMP}} 2014-5-27 {{END_DOCUMENT_DATESTAMP}}</span>



<span inprof='y' id='2' class='nominal'>Rahul Kandimalla</span>

<span inprof='n' id='3' class='objectives-mark'>SUMMARY</span>

    *  <span inprof='y' id='4' class='sofwr'>Over 6 years of strong experience in Data Warehousing</span> and <span inprof='y' id='5' class='sofwr'>ETL</span> using <span inprof='y' id='6' class='sofwr'>Informatica Power Center 9.X/8.X/7.X</span>, <span inprof='y' id='7' class='sofwr'>Informatica PowerExchange</span>, <span inprof='y' id='8' class='sofwr'>Informatica administration</span>, IDQ. ; 
    *  Extensive experience in <span inprof='y' id='9' class='skill'>Business Analysis</span>, <span inprof='y' id='10' class='skill'>Application Design Development</span>, Implementation and Testing Data warehouse and Database applications for Health Care,  Insurance, Automotives, Retail, Commercial and <span inprof='y' id='11' class='skill'>Financial Services</span>. ; 
    *  Experience in various phases of IT projects <span inprof='y' id='12' class='sofwr'>Software Development Life Cycle</span> <span inprof='y' id='13' class='sofwr'>(SDLC)</span> such as analysis, design, coding and testing, deployment and <span inprof='y' id='14' class='skill'>production support</span>. ; 
    *  Extensive Experience on End-To-End <span inprof='y' id='15' class='skill'>implementation of Data warehouse and Strong understanding</span> of Data warehouse concepts, <span inprof='y' id='16' class='sofwr'>ETL</span>, Star Schema, Data <span inprof='y' id='17' class='skill'>modeling experience</span> using Normalization, <span inprof='y' id='18' class='skill'>Business Process Analysis</span>, Dimensional Data modeling, FACT &#38; Dimensions tables, Physical &#38; Logical data modeling, <span inprof='y' id='19' class='sofwr'>Erwin 4.5/4.x/3.0</span>. ; 
    *  <span inprof='y' id='20' class='skill'>Strong skills</span> in data mapping for the Slowly Changing Dimensions - SCD1, SCD2     (Flagging, Time Stamping and Version), and SCD3. Implemented the complex business rules by creating reusable transformations and Mappings / Mapplets. ; 
    *  Experience in debugging and Performance tuning of targets, sources, mappings and Sessions. ; 
    *  Extensive experience in the <span inprof='y' id='21' class='skill'>implementation of Data warehouse/ Data marts</span>. ; 
    *  Experience in all phases of <span inprof='y' id='22' class='sofwr'>software development life cycle</span> - <span inprof='y' id='23' class='skill'>Project Analysis</span>, Requirements, Design Documentation, Development, <span inprof='y' id='24' class='skill'>Unit Testing</span>, <span inprof='y' id='25' class='skill'>User Acceptance Testing</span>, Implementation, <span inprof='y' id='26' class='skill'>Post Implementation</span> ; 
    *  Experience in full life cycle implementations in Data Warehouse area from designing Logical and Physical Data ; 
    *  Expertise in creating mappings, mapplets and reusable transformations using <span inprof='y' id='27' class='sofwr'>Informatica</span>. ; 
    *  Experienced in analyzing business requirements and translating requirements into functional and technical design specifications. ; 
    *  Developed effectively different types of SCD's are based on the specifications. ; 
    *  Hands on experience in handling large volumes of data in production environments. ; 
    *  Worked with different data sources like Flat Files, <span inprof='y' id='28' class='sofwr'>XML</span> files, databases. ; 
    *  Hands on experience in writing, testing and implementation of the triggers, stored procedures, functions, packages at database level and form level using <span inprof='y' id='29' class='sofwr'>SQL</span>, <span inprof='y' id='30' class='sofwr'>PL/SQL</span> for the backend development and tuning <span inprof='y' id='31' class='sofwr'>SQL queries</span> for better performance. ; 
    *  Successful at transforming business ideas and processes into complete solutions and configuring applications to fit the company's business model. ; 
    *  Coordination with the <span inprof='y' id='32' class='skill'>off-shore development</span> team to fix release issues. ; 
    *  Coordination in preparing project plans, coordinating <span inprof='n' id='33' class='bad-occupation'>with project manager</span> and development team to make sure project plans are correct. ; 
    *  Excellent aptitude to understand and meet client needs. ; 
    *  Ability to easily grasp new concepts. Successful at working in a Team as well as independently. ; 
    *  Excellent interpersonal, communication and <span inprof='y' id='34' class='skill'>presentation skills</span> with the ability to successfully interact with team members and business customers.

<span inprof='n' id='35' class='edu-hist-mark'>EDUCATION</span>

    *  <span inprof='y' id='36_1' class='qualif'>Bachelor of Engineering</span>, <span inprof='y' id='36_2' class='educational'>Anna University</span>, T.N, <span inprof='y' id='37' class='location'>India</span> ; 
    *  <span inprof='y' id='38_1' class='qualif'>Master in Science</span>, <span inprof='y' id='38_2' class='educational'>SUNY</span>-<span inprof='y' id='38_3' class='location'>New Paltz, NY.</span>






 <span inprof='n' id='39' class='skills-qualif-mark'>TECHNICAL SKILLS</span>

       <span inprof='y' id='40' class='skill'>DataWarehousing</span>:
<span inprof='y' id='41' class='sofwr'>Informatica Power Center 9.X/8.X/7.X</span> (<span inprof='y' id='42_1' class='role'>Workflow Manager</span>, Workflow Monitor, Source Analyzer, <span inprof='y' id='43_1' class='role'>Warehouse Designer</span>, <span inprof='y' id='44_1' class='role'>Transformation developer</span>, <span inprof='y' id='45_1' class='role'>Mapplet Designer</span>, <span inprof='y' id='46_1' class='role'>Mapping Designer</span>, <span inprof='y' id='47_1' class='role'>Repository manager</span>, <span inprof='y' id='48_1' class='role'>Workflow Manager</span>, Workflow Monitor, and <span inprof='y' id='49' class='sofwr'>Informatica server</span>), PowerConnect, Power Plug, Power Analyzer, PowerExchange, <span inprof='y' id='50' class='sofwr'>ETL</span>, Data mart, <span inprof='y' id='51' class='sofwr'>OLAP</span>, <span inprof='y' id='52' class='sofwr'>OLTP</span>
       Databases:
             <span inprof='y' id='53' class='sofwr'>Oracle 11g</span>,10g, <span inprof='y' id='54' class='sofwr'>MSSQL Server</span> <span inprof='y' id='55' class='sofwr'>2005</span>/<span inprof='y' id='56' class='sofwr'>2008</span>.
       <span inprof='n' id='57' class='skills-qualif-mark'>Languages:</span>
       <span inprof='y' id='58' class='sofwr'>SQL</span>, <span inprof='y' id='59' class='sofwr'>PL/SQL</span>, <span inprof='y' id='60' class='sofwr'>shell scripts</span>, <span inprof='y' id='61' class='sofwr'>Perl</span>.
       Tools/Utilities:
       <span inprof='y' id='62' class='sofwr'>SQL*Plus</span>, <span inprof='y' id='63' class='sofwr'>Toad</span>, <span inprof='y' id='64_1' class='role'>PL/SQL Developer</span>,
       Systems Environment:
       <span inprof='y' id='65' class='sofwr'>Win NT</span>, <span inprof='y' id='66' class='sofwr'>Windows Server 2000</span>/<span inprof='y' id='67' class='sofwr'>2003</span>/<span inprof='y' id='68' class='sofwr'>XP Professional</span>, <span inprof='y' id='69' class='sofwr'>UNIX</span>, <span inprof='y' id='70' class='sofwr'>Linux</span>.

<span inprof='n' id='71' class='work-hist-mark'>JOB EXPERIENCE</span>

<span inprof='y' id='72' class='company'>Client Name: Bank Of America</span>, TX.
Project Duration: <span inprof='y' id='73_1' class='date'>Mar 2012</span> - <span inprof='y' id='73_2' class='date'>Present</span>.
<span inprof='n' id='74_1' class='some-position'>Role</span>: <span inprof='y' id='74_2' class='role'>Sr. ETL Consultant</span> (<span inprof='y' id='75' class='sofwr'>Informatica</span>).

Responsibilities:
    *  Involved in <span inprof='y' id='76' class='sofwr'>ETL</span> process from development to testing and production environments. ; 
    *  Involved in Data Extraction from <span inprof='y' id='77' class='sofwr'>SQL</span>, <span inprof='y' id='78' class='sofwr'>Oracle</span>, <span inprof='y' id='79' class='sofwr'>Db2</span>, Flat files and other sources using <span inprof='y' id='80' class='sofwr'>Informatica</span>. ; 
    *  Prepared <span inprof='y' id='81' class='sofwr'>ETL</span> flow of data from Staging to Data Mart. ; 
    *  Used Source Analyzer and <span inprof='y' id='82_1' class='role'>Warehouse designer</span> to import the source and target database schemas. ; 
    *  Created mappings from source systems to target systems. Implemented Join, Expression, Aggregate, Sort, Rank, Lookup, Update Strategy, Filter and Router Transformations in Mappings. ; 
    *  Worked on <span inprof='y' id='83_1' class='role'>Designer</span> tool -Source Analyzer, warehouse <span inprof='y' id='84_1' class='role'>designer</span>, <span inprof='y' id='85_1' class='role'>Mapping Designer</span> &#38; <span inprof='y' id='85_2' class='role'>Mapplet Designer</span> and <span inprof='y' id='86_1' class='role'>Transformation Developer</span>. ; 
    *  Involved in complete <span inprof='y' id='87' class='sofwr'>software development life cycle</span> (<span inprof='y' id='88' class='sofwr'>SDLC</span>) of the project. ; 
    *  Used Mapplets and Reusable Transformations were used to prevent redundancy of transformation usage and maintainability. ; 
    *  Involved in <span inprof='y' id='89' class='skill'>Data Analysis</span>, <span inprof='y' id='90' class='skill'>Requirement gathering</span>. ; 
    *  Involved in setting standards and <span inprof='y' id='91' class='skill'>Warehouse maintenance</span> ; 
    *  Created standard templates or patterns to standardize the process. ; 
    *  Involved in Performance tuning by determining bottlenecks and increased better throughput of sessions containing Rank, Lookup, <span inprof='y' id='92_1' class='role'>Joiner</span>, <span inprof='y' id='93_1' class='role'>Sorter</span> and Aggregator transformations and involved in partitioning. ; 
    *  Involved in development and maintenance of the data warehouse for reporting and <span inprof='y' id='94' class='skill'>consolidations</span> of the operations. ; 
    *  Extensively used mapping parameters, mapping variables and parameter files. ; 
    *  Designed load the data by starting the batches using indicator files. ; 
    *  Wrote batch files for different functionalities to run them as pre and post session scripts. Developed and tested stored procedures, functions and packages in <span inprof='y' id='95' class='sofwr'>PL/SQL</span>. ; 
    *  Troubleshoot the loading failure cases, including database problems. ; 
    *  Prepared Documents like Technical Design Doc, Production Support Doc, and Deployment Document. ; 
    *  <span inprof='y' id='96' class='skill'>Used Deployment</span> groups for code migration. ; 
    *  Obtained data from different interface like Relational databases, Flat files and <span inprof='y' id='97' class='sofwr'>XML</span>.

 Environment: <span inprof='y' id='98' class='sofwr'>Informatica Power Center 9.1</span>, <span inprof='y' id='99' class='sofwr'>Oracle 11g</span>,10g/9i, <span inprof='y' id='100' class='sofwr'>SQL Server 2003</span>, <span inprof='y' id='101' class='sofwr'>Toad 8.6</span>, <span inprof='y' id='102' class='sofwr'>Solaris 8/10</span>, <span inprof='y' id='103' class='sofwr'>Windows XP</span>,IDQ

Client Name: Daiichi Sankyo, NJ
Project Duration: <span inprof='y' id='104_1' class='date'>Jan. 2010</span> - <span inprof='y' id='104_2' class='date'>Feb 2012</span>
<span inprof='n' id='105_1' class='some-position'>Role</span>: <span inprof='y' id='105_2' class='role'>Sr. ETL Consultant</span> (<span inprof='y' id='106' class='sofwr'>Informatica</span>).

Responsibilities:
    *  Involved in designing the Workflows, Worklets, Mappings, Sessions and <span inprof='y' id='107' class='sofwr'>configuring the Informatica Server</span> using <span inprof='y' id='108' class='sofwr'>Informatica Power Center 8.1</span> and scheduling the Workflows and sessions <span inprof='y' id='109' class='skill'>using scheduling</span> tools. ; 
    *  Involved in Designing and developing complex mappings from varied transformation logic like Unconnected and Connected lookups, Source Qualifier, Router, Filter, Expression, Aggregator, <span inprof='y' id='110_1' class='role'>Joiner</span>, Update Strategy etc. ; 
    *  Involved in Debugging and Performance tuning of targets, sources, mappings and sessions. ; 
    *   Experience in optimizing the Mappings and implementing the complex business rules by creating re-usable transformations, Mapplets and <span inprof='y' id='111' class='sofwr'>PL/SQL</span> stored procedures, Triggers, Funcation and packages to suit JC Penny requirements. ; 
    *  Involved in logical and physical database design. ; 
    *  <span inprof='y' id='112' class='skill'>Error handling</span> in <span inprof='y' id='113' class='sofwr'>ETL</span> Process. ; 
    *  Responsible for utilizing <span inprof='y' id='114' class='skill'>technological analysis and design</span> principles to formulate detailed application plans and processes in order to implement clients' requests for new or modified functionalities. ; 
    *  Designed and developed <span inprof='y' id='115' class='sofwr'>Oracle PL/SQL</span> Procedures, wrote <span inprof='y' id='116' class='sofwr'>SQL</span>, <span inprof='y' id='117' class='sofwr'>PL/SQL</span> scripts, Functions and Package code for extracting data to system. ; 
    *  Liaison between the client team and the <span inprof='y' id='118' class='skill'>offshore</span> team and ensure the common understanding on the requirements specified ; 
    *  Used Explain Plan for monitoring query performance and for taking necessary action. ; 
    *  Optimized SQL queries using hints and indexes. ; 
    *  Performed scrubbing and cleaning of the data. ; 
    *  Worked with <span inprof='y' id='119' class='skill'>offshore</span> team and engaged in development and support activities. ; 
    *  Transformed, versioned and summarized the data. ; 
    *  Extensively involved in <span inprof='y' id='120' class='sofwr'>ETL</span> code using <span inprof='y' id='121' class='sofwr'>Informatica Power Center</span> in order to meet requirements for extract, transformation, cleansing, and loading of data from source to target data structures. ; 
    *  Responsible for weekly status updates showing the progress of the <span inprof='y' id='122' class='sofwr'>ETL</span> process. ; 
    *  Documented Process Flow for mappings and sessions ; 
    *  Created Run and wrapper Scripts to call set of Informatica workflows and shell scripts to insert the records in <span inprof='y' id='123' class='sofwr'>ETL</span> control table. ; 
    *  Involved impact analysis to <span inprof='y' id='124' class='sofwr'>upgrade Informatica Power Center 8.1</span> to <span inprof='y' id='125' class='sofwr'>Informatica Power Center 8.6</span> ; 
    *  Developed reusable transformations, Mapplets and Worklets to reduce development.

Environment: <span inprof='y' id='126' class='sofwr'>Informatica Power Center 8.1/8.6</span>, <span inprof='n' id='127' class='company'>Power Exchange</span> for <span inprof='y' id='128' class='sofwr'>Web Services 8.6</span>, <span inprof='y' id='129' class='sofwr'>Oracle 10g/9i</span>, <span inprof='y' id='130' class='sofwr'>SQL Server 2003</span>, Toad <span inprof='y' id='131' class='sofwr'>8.6</span>, , <span inprof='y' id='132' class='sofwr'>Windows XP</span>.

<span inprof='y' id='133' class='company'>Client: Pfizer</span>, NJ.
Project Duration: <span inprof='y' id='134_1' class='date'>Sep 08</span> - <span inprof='y' id='134_2' class='date'>Dec 09</span>.
<span inprof='n' id='135_1' class='some-position'>Role</span>: <span inprof='y' id='135_2' class='role'>ETL Developer</span> (<span inprof='y' id='136' class='sofwr'>Informatica</span>).

Responsibilities
    *  Analyze source Systems, met with end users and business units to define the requirements ; 
    *  Involved in different roles that includes <span inprof='y' id='137_1' class='role'>Data Analyst</span>, <span inprof='y' id='138' class='sofwr'>ETL</span> architecture and high level design. ; 
    *  Develop and Unit test the <span inprof='y' id='139' class='sofwr'>ETL</span> Mapping and workflows ; 
    *  Developed and implemented Error Handling Strategies and <span inprof='y' id='140' class='skill'>physical database design</span>. ; 
    *  Use <span inprof='y' id='141' class='sofwr'>SQL</span> query overrides for better performance ; 
    *  Involved in <span inprof='y' id='142' class='skill'>design and development</span> of <span inprof='n' id='143' class='qualif'>Informatica</span> mappings, UNIX Scripts, <span inprof='y' id='144' class='sofwr'>PL/SQL</span> Procedures, wrote <span inprof='y' id='145' class='sofwr'>SQL</span>, <span inprof='y' id='146' class='sofwr'>PL/SQL</span> scripts, Function and  Package code ; 
    *  Extensively worked in the Performance tuning of the programs, <span inprof='y' id='147' class='sofwr'>ETL</span> Procedures and Processes ; 
    *  Handled large data volume transformation and scrubbing with Informatica ; 
    *  Used SQL tools like <span inprof='y' id='148' class='sofwr'>TOAD</span> to run <span inprof='y' id='149' class='sofwr'>SQL queries</span> and validate the data loaded in to the target tables. ; 
    *  Applied partitioning at session level for the mappings which involved loading data to target using target lookup to avoid duplicates records. ; 
    *  Performance tuning by session partitions, dynamic cache memory, and index cache. ; 
    *  Created mapplets in place of mappings which were repeatedly used like formatting date or data type conversion. ; 
    *  Created flexible mappings/sessions using parameters, variables and heavily using parameter files. ; 
    *  Improved session run times by partitioning the sessions. Was also involved into database fine tuning (creating indexes, stored procedures, etc), partitioning <span inprof='y' id='150' class='sofwr'>oracle</span> databases. ; 
    *  Involved in the performance tuning with DBAs to tune SQLs for better performance. ; 
    *  Created variable ports to compare the current record with previous records and calculated the required values. ; 
    *  Executed sessions, sequential and concurrent batches for proper execution of mappings and setup email delivery after execution. ; 
    *  Used Teradata utilities like fast load, multiload, fast export, BTEQ ; 
    *  Extracted data from <span inprof='y' id='151' class='sofwr'>Teradata</span> source systems to a flat file. ; 
    *  Developed Unix Shell scripts to validate the daily and monthly feeds, file movements, <span inprof='y' id='152' class='skill'>error handling</span>,  feed validations and to invoke <span inprof='y' id='153' class='sofwr'>Informatica PowerCenter</span> jobs to load the data into <span inprof='y' id='154_1' class='role'>stage</span> tables, data warehouse table ; 
    *  <span inprof='n' id='155' class='company'>Performed Unit</span> Test and Integration Test for the <span inprof='y' id='156' class='sofwr'>ETL</span> Processes. ; 
    *  Implemented the error handling and exception reporting as per the user requirements.

Environment: <span inprof='y' id='157' class='sofwr'>Informatica Power Center 8.1</span>, <span inprof='y' id='158' class='sofwr'>Oracle 10g</span>, <span inprof='y' id='159' class='sofwr'>PL/SQL</span>, <span inprof='y' id='160' class='sofwr'>SQL loader</span>, <span inprof='y' id='161' class='sofwr'>Teradata</span>, <span inprof='y' id='162' class='sofwr'>Toad</span>, <span inprof='y' id='163' class='sofwr'>Windows XP pro</span>, <span inprof='y' id='164' class='sofwr'>UNIX</span>.

<span inprof='y' id='165' class='company'>Client: HCL Technology</span>, <span inprof='y' id='166' class='location'>India</span>
Project Duration: <span inprof='y' id='167_1' class='date'>Jun 06</span> - <span inprof='y' id='167_2' class='date'>Dec 06</span>.
<span inprof='n' id='168_1' class='some-position'>Role</span>: <span inprof='y' id='168_2' class='role'>Informatica Developer</span>.

Responsibilities:
    *  Analyze the source systems data and the current reports at the client side to gather the requirements for the Data Warehouse Data Model ; 
    *  Managing Team, Timelines and Coordinating with the Business Partners ; 
    *  Worked as part <span inprof='n' id='169' class='bad-occupation'>of the architect</span> team to <span inprof='y' id='170' class='skill'>develop complete star schema</span> (Snow Flake)for the Phase I of the Data Warehouse ; 
    *  Create the naming standards for the DW team ; 
    *  Worked on developing all the mapping needed to load the staging area of the DW ; 
    *  Lead the development team during the development process, this include provide help with the tasks and transfer knowledge of Informatica ; 
    *  Coordinates <span inprof='y' id='171' class='sofwr'>migration of data</span> during the development effort. ; 
    *  Performs high-level <span inprof='y' id='172' class='skill'>architectural planning</span> and proof-of-concept. ; 
    *  Defining and implementing the standards, shared components and approaches as per <span inprof='n' id='173' class='company'>the American Express</span> Standards. ; 
    *  Perform QA and Code review for my code and other developers code ; 
    *  Worked on various drill through reports, conditional formatting, toggle reports and master detail relationships. ; 
    *  Created complex reports using calculated data items, multiple lists in a single report. ; 
    *  Prepared functional and technical documentation of the reports created for future references.

Environment: <span inprof='y' id='174' class='sofwr'>Informatica Power Center 7.1.2</span>, <span inprof='y' id='175' class='sofwr'>Oracle 9i</span>, <span inprof='y' id='176' class='sofwr'>PL/SQL</span>, <span inprof='y' id='177' class='sofwr'>MS SQL Server</span>, <span inprof='y' id='178' class='sofwr'>TOAD</span>, <span inprof='y' id='179' class='sofwr'>Windows NT</span>,

</TextResume>

</NonXMLResume>



<UserArea>
<DaxResumeUserArea>
<AdditionalPersonalData>
<ExperienceSummary>
<TotalMonthsOfWorkExperience>76</TotalMonthsOfWorkExperience>
<TotalYearsOfWorkExperience>6</TotalYearsOfWorkExperience>
<ExecutiveBrief>Rahul Kandimalla has been working in the IT  occupational sector for more than 6 years. Currently he is employed as a Sr. ETL Consultant at Bank Of America. Rahul has extensive knowledge of ETL, Informatica Analytics Package > Informatica PowerCenter, Oracle PL/SQL, SQL, Informatica, TOAD, Software Development Life Cycle, Microsoft SQL Server, XML, UNIX, Teradata, SDLC, Oracle 11g, Oracle 10G, Oracle, Microsoft SQL Server 2003, Web Services, Sun Solaris, Oracle 9i, Microsoft SQL*Loader, Data Migration, DB2. So far Rahul has not gained any managerial experience.</ExecutiveBrief>
</ExperienceSummary>
</AdditionalPersonalData>
<ParserInfo>
<ParserConfiguration>{max_len=50000} {tel_flag=} {send_zip=} {fast_conv=} {DEF_LOCAL=} {sdate=0} {no_email_body=0} {do_clever_zoning=1} {keep_span=1} {complex=1} {accept_langs=} {not_accept_langs=} {prefer_lang_cv=EN} {pers_only=0} {turbo=0} {split_language=0} {picture=0} {picture_inline=0} {name_space=0} {charset=} {hrxml_upgrade_edu_hist=0}{hrxml_add_languages_section=0}{spool=} {docID=} {user=DEFAULT} </ParserConfiguration>
<ParserRelease>0.12.3.32629</ParserRelease>
<ParserReleaseDate>2014-06-18</ParserReleaseDate>
<ParserSchema>2.0.29</ParserSchema>
<ParserSchemaLocation>http://cvx.daxtra.com/cvts/xsd/candidate/2.0.29/Resume.xsd</ParserSchemaLocation>
<ConverterRelease>0.5.2.32629</ConverterRelease>
<ConverterReleaseDate>2014-06-18</ConverterReleaseDate>
</ParserInfo>
<FileStruct filename='/home/izoom/anazarov/grammar/analysis/3rconnect/doc/100_Resume-ApTask/Rahul.doc'>

<attachment fname='Rahul.doc' ftype='doc' conv='yes' doc_type='cv' lang='EN'>/home/izoom/anazarov/grammar/analysis/3rconnect/doc/100_Resume-ApTask/Rahul.doc</attachment>


</FileStruct>
</DaxResumeUserArea>
</UserArea>
</Resume>
