<?xml version='1.0' encoding='ISO-8859-1'?>
<Resume lang='en' src='DAXTRA-CVX schema:2.0.29 release:0.12.3.32629 rdate:2014-06-18'>
<StructuredXMLResume>
<ContactInfo>
<PersonName id='1'>
<FormattedName>Rashmi Taranalli</FormattedName>
<GivenName>Rashmi</GivenName>
<FamilyName>Taranalli</FamilyName>
<sex>Female</sex>
</PersonName>
<ContactMethod>
</ContactMethod>
</ContactInfo>
<ExecutiveSummary>*    6+ years of experience in Web application and Client Server System development and delivery. ; 
*    Experience on full software development life cycle (SDLC) - collecting business specifications, user requirements, confirming the design decisions regarding data, process, interfaces, reviewing/audit the code and documenting the entire life cycle on Insurance, Re- insurance related applications. ; 
*    Experience in analysis, design, development and implementation of applications using using Java, J2EE Technologies (JSP, EJB), JDK (1.3/1.4), Java Beans, Hibernate, XML, Oracle. ; 
*    Experienced in Version Control using CVS and SVN ; 
*    Experience in front end development using STRUTS, SWING, ZK FRAMEWORK,AJAX, HTML and CSS. ; 
*    Experience in production support activities. ; 
*    Experience with J2EE Architectures and Frameworks. ; 
*    Involved with reviewing Test procedures, defining Test cases, receiving and maintaining Test scripts, analyzing defects, interacting with team members to resolve errors, and testing for User Acceptance (UAT). ; 
*    Fast learner and excellent communication skills.</ExecutiveSummary>


<EmploymentHistory>
<EmployerOrg employerOrgType='soleEmployer'>
<EmployerOrgName id='70_2'>Infosys Technologies Limited</EmployerOrgName>
<EmployerContactInfo>
<LocationSummary id='72'>
<Municipality>Barclay</Municipality>
</LocationSummary>
</EmployerContactInfo>
<PositionHistory positionType='PERMANENT'>
<Title id='71_3_2'>Technology Analyst</Title>
<OrgName organizationType='unit' id='70_2'>Infosys Technologies Limited</OrgName>



<Description>Application: Dakota Admin Front End

An aggregator web application that allowed users to search client specific details including transactions spread across Barclay's different systems and display consolidated results. The application was developed in a custom Springs framework with an Oracle database. Tasks included customizing the screens based on user entitlements and developing the search functionality while integrating them with the various systems.

Role and responsibilities

    *    Designing and developing the application using Java, Ajax, Message queues and Oracle Database. ; 
    *    Participated in requirements gathering, analysis and clarification with the business users. ; 
    *    Created process flow diagrams, sequence and class diagrams for different modules using MS-Visio. ; 
    *    Interacted with team members during the code set up. ; 
    *    Mentored the team members during the design phase. ; 
    *    Participated in GUI designs and created class models/Business Objects. ; 
    *    Created, maintained and executed test Cases and reported defects using Mercury Quality Center while ensuring complete coverage of business requirements. ; 
    *    Performed Unit Testing to identify and resolve integration, functional and usability issues before deployment.


Environment:

J2EE, JSP's, AJAX, Rational Rose, Windows XP, RAD as IDE, CVS as version control tool, Internet Explorer 7, TOAD for Oracle 8, Microsoft Visio.</Description>
<StartDate id='71_2_1'><YearMonth>2012-03</YearMonth></StartDate>
<EndDate id='71_2_2'><YearMonth>2013-08</YearMonth></EndDate>




<JobCategory>
<TaxonomyName>JOBAREA</TaxonomyName>
<CategoryCode>it</CategoryCode>
</JobCategory>


<UserArea>
<DaxPositionHistoryUserArea>
<Umbrella>70_3_1</Umbrella>
<TLSPAN first_id='71' last_id='96' border_id='97'></TLSPAN>
<MonthsOfWork>18</MonthsOfWork>
</DaxPositionHistoryUserArea>
</UserArea>
</PositionHistory>
</EmployerOrg>

<EmployerOrg employerOrgType='soleEmployer'>
<EmployerOrgName id='70_2'>Infosys Technologies Limited</EmployerOrgName>

<PositionHistory positionType='PERMANENT'>
<Title id='97_3_2'>Senior Systems Engineer</Title>
<OrgName organizationType='unit' id='70_2'>Infosys Technologies Limited</OrgName>



<Description>Application: Java Simulation Engine

Java Simulation Engine is an application developed to meet the Solvency II regulations (To protect policyholders and promote financial stability, the European union is requiring all insurance companies to comply with Solvency II) JSE is used for simulating loss that can occur to the company over a period of time. It computes the economic capital required for covering the underwriting risk by computing portfolio loss value and capital allocation needed to cover those risks and use those calculations to drive operational decision-making. Simulated Calculations are based on Monte-Carlo simulation techniques.

Role and responsibilities

    *    Implemented changes to store the intermediate results of calculation and reduce the processing time to finish in 4-6 hours timeframe. ; 
    *    Applied filters to the gross loss that enabled user to customize and view net of deductibles. ; 
    *    Created High level and detailed level design of components. ; 
    *    Created process flow diagrams, sequence and class diagrams for different modules using Sparx Enterprise Architect. ; 
    *    Reviewed the design documents of the team members. ; 
    *    Involved with knowledge transfers to the testing team about the calculation logic of the component.

Environment:Windows XP, RAD as IDE, VSS as version control tool, Internet Explorer 7, Sparx Enterprise Architect.</Description>
<StartDate id='97_2_1'><YearMonth>2011-10</YearMonth></StartDate>
<EndDate id='97_2_2'><YearMonth>2012-02</YearMonth></EndDate>



<JobLevelInfo>
<JobGrade>joblevel-nonmanager-mid</JobGrade>
</JobLevelInfo>

<JobCategory>
<TaxonomyName>JOBAREA</TaxonomyName>
<CategoryCode>it</CategoryCode>
</JobCategory>


<UserArea>
<DaxPositionHistoryUserArea>
<Umbrella>70_3_1</Umbrella>
<TLSPAN first_id='97' last_id='111' border_id='112'></TLSPAN>
<MonthsOfWork>5</MonthsOfWork>
</DaxPositionHistoryUserArea>
</UserArea>
</PositionHistory>
</EmployerOrg>

<EmployerOrg employerOrgType='soleEmployer'>
<EmployerOrgName id='70_2'>Infosys Technologies Limited</EmployerOrgName>

<PositionHistory positionType='PERMANENT'>
<Title id='112_3_2'>Senior Systems Engineer</Title>
<OrgName organizationType='unit' id='70_2'>Infosys Technologies Limited</OrgName>



<Description>Application : Extranet User Management (EUM)

EUM is a single master source for all the user accounts in Swiss Re. Users uses this as an onboarding tool for new customers.EUM is integrated with ERT (Extranet Reporting Tool), which is used to generate reports of user activities. It consists of both intranet and extranet users.

Role and responsibilities

    *    Developed the application using Java, Hibernate, Oracle and ZK Framework. ; 
    *    Participated in requirements gathering, analysis and clarification with the business users. ; 
    *    Single resource at offshore ; 
    *    Responsible for the Technical and design documentation. ; 
    *    Worked for five releases of EUM which includes integrating the EUM application with ERT used to generate reports, storing the users in different tree structures in corporate directory based on access roles, assigning the token number to a user to provide access to another application and addition and validations of various fields. ; 
    *    Developed the import/export to excel functionality where the search results of users can be viewed in an excel and any modifications can be done in an excel and imported back to application. ; 
    *    Implemented the Configuration Controller activities by doing CM Audit. ; 
    *    Used CVS to version control the code and various artifacts. ; 
    *    Used JasperReports to produce reports. ; 
    *    Responsible for deploying the application on IBM web sphere application server. ; 
    *    Completed the server migration from WAS 6.0 to WAS 6.1 ; 
    *    Responsible for developing the release notes and traceability matrix. ; 
    *    Developed test strategies, test plans and test cases and performed Unit Testing to identify and resolve integration, functional and usability issues before deployment. ; 
    *    Mercury Quality Center was used for defect tracking and resolution. ; 
    *    Provide on-call support to production systems and provide analysis, troubleshooting and Problem Resolution ; 
    *    Involved with knowledge transfers and trainings to bring new resources onboard.

Environment:Windows XP, RAD as IDE, CVS as version control tool, Internet Explorer 7, Benthic for oracle, Jasper Reports, Mercury Quality center.</Description>
<StartDate id='112_2_1'><YearMonth>2009-07</YearMonth></StartDate>
<EndDate id='112_2_2'><YearMonth>2011-09</YearMonth></EndDate>



<JobLevelInfo>
<JobGrade>joblevel-nonmanager-mid</JobGrade>
</JobLevelInfo>

<JobCategory>
<TaxonomyName>JOBAREA</TaxonomyName>
<CategoryCode>it</CategoryCode>
</JobCategory>


<UserArea>
<DaxPositionHistoryUserArea>
<Umbrella>70_3_1</Umbrella>
<TLSPAN first_id='112' last_id='134' border_id='135'></TLSPAN>
<MonthsOfWork>27</MonthsOfWork>
</DaxPositionHistoryUserArea>
</UserArea>
</PositionHistory>
</EmployerOrg>

<EmployerOrg employerOrgType='soleEmployer'>
<EmployerOrgName id='135_1'>Swiss Reinsurance Company</EmployerOrgName>

<PositionHistory positionType='CONTRACT'>
<Title id='135_3_2'>Senior Systems Engineer</Title>
<OrgName id='135_1'>Swiss Reinsurance Company</OrgName>



<Description>Application: Swiss Re Data Language (SDL)

The SDL Tool is the repository and modeling environment that supports users in designing and understanding the structure of the business. It is the Swiss Re Internal Group data management and documentation tool.

Role and responsibilities

    *    Responsible for the data power migration (DP Migration) of SDL in 3 instances. ; 
    *    Developed test cases and performed unit testing to identify and resolve issues before deployment. ; 
    *    Delivered the code with zero defects.

Environment:Windows XP, RAD as IDE, CVS as version control tool, Internet Explorer 7, Java, Mercury Quality center.</Description>
<StartDate id='135_2_1'><YearMonth>2011-03</YearMonth></StartDate>
<EndDate id='135_2_2'><YearMonth>2011-05</YearMonth></EndDate>



<JobLevelInfo>
<JobGrade>joblevel-nonmanager-mid</JobGrade>
</JobLevelInfo>

<JobCategory>
<TaxonomyName>JOBAREA</TaxonomyName>
<CategoryCode>it</CategoryCode>
</JobCategory>


<UserArea>
<DaxPositionHistoryUserArea>
<TLSPAN first_id='135' last_id='144' border_id='145'></TLSPAN>
<MonthsOfWork>3</MonthsOfWork>
</DaxPositionHistoryUserArea>
</UserArea>
</PositionHistory>
</EmployerOrg>

<EmployerOrg employerOrgType='soleEmployer'>
<EmployerOrgName id='145_1'>Swiss Reinsurance Company</EmployerOrgName>

<PositionHistory positionType='PERMANENT'>
<Title id='145_3_2'>Senior Systems Engineer</Title>
<OrgName id='145_1'>Swiss Reinsurance Company</OrgName>



<Description>Project: Executive Board Large Loss Reporting

EBLL aims to provide the executive board and other defined employees with timely and accurate information about large and sensitive losses ona group wide basis and with bottom up estimates of large loss events exceeding CHF 20 million.

Role and responsibilities

    *    Developed the application using Java, DB2 and Struts Framework. ; 
    *    Participated in requirements gathering, analysis and clarification with the business users. ; 
    *    Worked for two releases of EBLL, which involved developing new functionalities like adding a new currency display of losses. The losses could be displayed both in CHF and USD which included lot of UI Changes, exchange processing and database changes, adding new currencies to list and adding and validating new fields in screens. ; 
    *    Developed test strategies, test plans and test cases and performed Unit Testing to identify and resolve integration, functional and usability issues before deployment. ; 
    *    Used CVS for version control and Mercury Quality Center for defect tracking and resolution.

Environment:Windows XP, RAD as IDE, CVS as version control tool, Internet Explorer 7, Struts, Mercury Quality center, QMF for DB2.</Description>
<StartDate id='145_2_1'><YearMonth>2010-05</YearMonth></StartDate>
<EndDate id='145_2_2'><YearMonth>2011-01</YearMonth></EndDate>



<JobLevelInfo>
<JobGrade>joblevel-nonmanager-mid</JobGrade>
</JobLevelInfo>

<JobCategory>
<TaxonomyName>JOBAREA</TaxonomyName>
<CategoryCode>it</CategoryCode>
</JobCategory>


<UserArea>
<DaxPositionHistoryUserArea>
<TLSPAN first_id='145' last_id='163' border_id='164'></TLSPAN>
<MonthsOfWork>9</MonthsOfWork>
</DaxPositionHistoryUserArea>
</UserArea>
</PositionHistory>
</EmployerOrg>

<EmployerOrg employerOrgType='soleEmployer'>
<EmployerOrgName id='164_1'>Swiss Reinsurance Company</EmployerOrgName>

<PositionHistory positionType='PERMANENT'>
<Title id='164_3_2'>Systems Engineer</Title>
<OrgName id='164_1'>Swiss Reinsurance Company</OrgName>



<Description>Application: Client Management System

CMS is a Client-Server application. It is a primary tool in Swiss Re, which is used by a Swiss insurance firm for managing their client information. With more than 50 screens it acts as a backbone of Swiss Re with around 50 applications interfacingwith it.

Role and responsibilities

    *    Developed the application using Java, DB2 and Swing Framework. ; 
    *    Participated in requirements gathering, analysis and clarification with the business users. ; 
    *    Worked for four releases of CMS, which involved developing new functionalities like adding and validating the client information like postal code, adding new screens. ; 
    *    Used CVS to version control the code and various artifacts. ; 
    *    Responsible for deployment of the application on IBM Web sphere Application server. ; 
    *    Responsible for developing the release notes and traceability matrix. ; 
    *    Developed test strategies, test plans and test cases and performed Unit Testing to identify and resolve integration, functional and usability issues before deployment. ; 
    *    Mercury Quality Center was used for defect tracking and resolution ; 
    *    Responsible for the maintenance of the application and production support of the application.


Environment:Windows XP, RAD as IDE, CVS as version control tool, Internet Explorer 7, Swing, Mercury Quality center, QMF for DB2.</Description>
<StartDate id='164_2_1'><YearMonth>2007-12</YearMonth></StartDate>
<EndDate id='164_2_2'><YearMonth>2009-07</YearMonth></EndDate>



<JobLevelInfo>
<JobGrade>joblevel-nonmanager-low</JobGrade>
</JobLevelInfo>

<JobCategory>
<TaxonomyName>JOBAREA</TaxonomyName>
<CategoryCode>it</CategoryCode>
</JobCategory>


<UserArea>
<DaxPositionHistoryUserArea>
<TLSPAN first_id='164' last_id='184' border_id='0'></TLSPAN>
<MonthsOfWork>20</MonthsOfWork>
</DaxPositionHistoryUserArea>
</UserArea>
</PositionHistory>
</EmployerOrg>

</EmploymentHistory>
<EducationHistory>
<SchoolOrInstitution schoolType='university'>
<SchoolName id='69_2'>Visveswaraiah Technological University</SchoolName>
<LocationSummary id='69_3'>
<CountryCode>IN</CountryCode>
</LocationSummary>


<Degree degreeType='bachelors'>
<DegreeName id='69_1'>Bachelor of Engineering</DegreeName>
<DegreeDate id='69_4'><YearMonth>2007-06</YearMonth></DegreeDate>
</Degree>
<Major id='69_1'>Electronics &#38; Communications</Major>




</SchoolOrInstitution>

<SchoolOrInstitution schoolType='college'>
<SchoolName id='195'>INS</SchoolName>



<Degree degreeType='some college'>
<DegreeName id='196'>Property and Liability Insurance Certification</DegreeName>

</Degree>




<Comments>approved by American Institute for Chartered Property Casualty Underwriters (AICPCU).
    *    Infosys Certifications ; 
    *    J2EE Technology Certification 101, 201, 202-Variant1 ; 
    *    Infosys Quality Certification: Introduction to Project Processes and Tools (Leve1), IQ Centric Process Certification ; 
    *    Infosys ILI Business Language Learning Credit ;</Comments>
</SchoolOrInstitution>

</EducationHistory>











<Competency oids='19 50 93 123 130 141 155 159 173 180 ' description='Skill > IT' auth='yes' name='CVS'>
<CompetencyEvidence name='Extent of Experience' typeDescription='Extent of Experience' type='MONTH' lastUsed='2013'><NumericValue description='MONTH'>77</NumericValue></CompetencyEvidence>

<CompetencyWeight type='skillLevel'><NumericValue minValue='0' maxValue='100'>95</NumericValue></CompetencyWeight>

<CompetencyWeight type='skillProficiency'><StringValue minValue='BASIC' maxValue='EXCELLENT'>EXCELLENT</StringValue></CompetencyWeight>
</Competency>

<Competency oids='57 85 126 134 144 156 162 176 183 ' description='Skill > IT' auth='yes' name='Mercury Quality Center'>
<CompetencyEvidence name='Extent of Experience' typeDescription='Extent of Experience' type='MONTH' lastUsed='2013'><NumericValue description='MONTH'>77</NumericValue></CompetencyEvidence>

<CompetencyEvidence typeDescription='Alias' name='Alias'><StringValue>Quality Centre</StringValue></CompetencyEvidence>

<CompetencyWeight type='skillLevel'><NumericValue minValue='0' maxValue='100'>95</NumericValue></CompetencyWeight>

<CompetencyWeight type='skillProficiency'><StringValue minValue='BASIC' maxValue='EXCELLENT'>EXCELLENT</StringValue></CompetencyWeight>
</Competency>

<Competency oids='10 31 75 113 143 147 168 207 ' description='Skill > IT' auth='yes' name='Java'>
<CompetencyEvidence name='Extent of Experience' typeDescription='Extent of Experience' type='MONTH' lastUsed='2013'><NumericValue description='MONTH'>77</NumericValue></CompetencyEvidence>

<CompetencyWeight type='skillLevel'><NumericValue minValue='0' maxValue='100'>99</NumericValue></CompetencyWeight>

<CompetencyWeight type='skillProficiency'><StringValue minValue='BASIC' maxValue='EXCELLENT'>EXCELLENT</StringValue></CompetencyWeight>
</Competency>

<Competency oids='18 51 74 77 115 132 208 ' description='Skill > IT' auth='yes' name='Oracle'>
<CompetencyEvidence name='Extent of Experience' typeDescription='Extent of Experience' type='MONTH' lastUsed='2013'><NumericValue description='MONTH'>45</NumericValue></CompetencyEvidence>

<CompetencyEvidence typeDescription='Alias' name='Alias'><StringValue>Oracle database</StringValue></CompetencyEvidence>

<CompetencyWeight type='skillLevel'><NumericValue minValue='0' maxValue='100'>100</NumericValue></CompetencyWeight>

<CompetencyWeight type='skillProficiency'><StringValue minValue='BASIC' maxValue='EXCELLENT'>EXCELLENT</StringValue></CompetencyWeight>
</Competency>

<Competency oids='66 91 107 128 139 157 178 ' description='Skill > IT' auth='yes' name='Microsoft Windows XP'>
<CompetencyEvidence name='Extent of Experience' typeDescription='Extent of Experience' type='MONTH' lastUsed='2013'><NumericValue description='MONTH'>82</NumericValue></CompetencyEvidence>

<CompetencyEvidence typeDescription='Alias' name='Alias'><StringValue>XP</StringValue></CompetencyEvidence>

<CompetencyEvidence typeDescription='Alias' name='Alias'><StringValue>Windows XP</StringValue></CompetencyEvidence>

<CompetencyWeight type='skillLevel'><NumericValue minValue='0' maxValue='100'>95</NumericValue></CompetencyWeight>

<CompetencyWeight type='skillProficiency'><StringValue minValue='BASIC' maxValue='EXCELLENT'>EXCELLENT</StringValue></CompetencyWeight>
</Competency>

<Competency oids='92 108 129 140 158 179 ' description='Skill > IT' auth='yes' name='Rapid Application Development RAD'>
<CompetencyEvidence name='Extent of Experience' typeDescription='Extent of Experience' type='MONTH' lastUsed='2013'><NumericValue description='MONTH'>82</NumericValue></CompetencyEvidence>

<CompetencyEvidence typeDescription='Alias' name='Alias'><StringValue>RAD</StringValue></CompetencyEvidence>

<CompetencyWeight type='skillLevel'><NumericValue minValue='0' maxValue='100'>95</NumericValue></CompetencyWeight>

<CompetencyWeight type='skillProficiency'><StringValue minValue='BASIC' maxValue='EXCELLENT'>EXCELLENT</StringValue></CompetencyWeight>
</Competency>

<Competency oids='94 109 131 142 160 181 ' description='Skill > IT' auth='yes' name='Microsoft Internet Explorer'>
<CompetencyEvidence name='Extent of Experience' typeDescription='Extent of Experience' type='MONTH' lastUsed='2013'><NumericValue description='MONTH'>82</NumericValue></CompetencyEvidence>

<CompetencyEvidence typeDescription='Alias' name='Alias'><StringValue>Internet Explorer 7 7</StringValue></CompetencyEvidence>

<CompetencyWeight type='skillLevel'><NumericValue minValue='0' maxValue='100'>95</NumericValue></CompetencyWeight>

<CompetencyWeight type='skillProficiency'><StringValue minValue='BASIC' maxValue='EXCELLENT'>EXCELLENT</StringValue></CompetencyWeight>
</Competency>

<Competency oids='28 32 87 199 210 ' description='Skill > IT' auth='yes' name='Java 2 Enterprise Edition'>
<CompetencyEvidence name='Extent of Experience' typeDescription='Extent of Experience' type='MONTH' lastUsed='2013'><NumericValue description='MONTH'>18</NumericValue></CompetencyEvidence>

<CompetencyEvidence typeDescription='Alias' name='Alias'><StringValue>J2EE</StringValue></CompetencyEvidence>

<CompetencyWeight type='skillLevel'><NumericValue minValue='0' maxValue='100'>90</NumericValue></CompetencyWeight>

<CompetencyWeight type='skillProficiency'><StringValue minValue='BASIC' maxValue='EXCELLENT'>EXCELLENT</StringValue></CompetencyWeight>
</Competency>

<Competency oids='52 148 163 169 184 ' description='Skill > IT' auth='yes' name='DB2'>
<CompetencyEvidence name='Extent of Experience' typeDescription='Extent of Experience' type='MONTH' lastUsed='2011'><NumericValue description='MONTH'>29</NumericValue></CompetencyEvidence>

<CompetencyEvidence typeDescription='Alias' name='Alias'><StringValue>QMF for DB2</StringValue></CompetencyEvidence>

<CompetencyWeight type='skillLevel'><NumericValue minValue='0' maxValue='100'>78</NumericValue></CompetencyWeight>

<CompetencyWeight type='skillProficiency'><StringValue minValue='BASIC' maxValue='EXCELLENT'>GOOD</StringValue></CompetencyWeight>
</Competency>

<Competency oids='79 117 151 172 ' description='Skill' auth='no' name='analysis'>
<CompetencyEvidence name='Extent of Experience' typeDescription='Extent of Experience' type='MONTH' lastUsed='2013'><NumericValue description='MONTH'>74</NumericValue></CompetencyEvidence>

<CompetencyEvidence typeDescription='Alias' name='Alias'><StringValue>, analysis</StringValue></CompetencyEvidence>

<CompetencyWeight type='skillLevel'><NumericValue minValue='0' maxValue='100'>95</NumericValue></CompetencyWeight>

<CompetencyWeight type='skillProficiency'><StringValue minValue='BASIC' maxValue='EXCELLENT'>EXCELLENT</StringValue></CompetencyWeight>
</Competency>

<Competency oids='22 34 149 161 ' description='Skill > IT' auth='yes' name='Struts Web Application Framework'>
<CompetencyEvidence name='Extent of Experience' typeDescription='Extent of Experience' type='MONTH' lastUsed='2011'><NumericValue description='MONTH'>9</NumericValue></CompetencyEvidence>

<CompetencyEvidence typeDescription='Alias' name='Alias'><StringValue>STRUTS</StringValue></CompetencyEvidence>

<CompetencyEvidence typeDescription='Alias' name='Alias'><StringValue>Struts Framework</StringValue></CompetencyEvidence>

<CompetencyWeight type='skillLevel'><NumericValue minValue='0' maxValue='100'>72</NumericValue></CompetencyWeight>

<CompetencyWeight type='skillProficiency'><StringValue minValue='BASIC' maxValue='EXCELLENT'>GOOD</StringValue></CompetencyWeight>
</Competency>

<Competency oids='78 116 150 171 ' description='Skill' auth='yes' name='Requirements Gathering'>
<CompetencyEvidence name='Extent of Experience' typeDescription='Extent of Experience' type='MONTH' lastUsed='2013'><NumericValue description='MONTH'>74</NumericValue></CompetencyEvidence>

<CompetencyWeight type='skillLevel'><NumericValue minValue='0' maxValue='100'>96</NumericValue></CompetencyWeight>

<CompetencyWeight type='skillProficiency'><StringValue minValue='BASIC' maxValue='EXCELLENT'>EXCELLENT</StringValue></CompetencyWeight>
</Competency>

<Competency oids='23 33 170 182 ' description='Skill > IT' auth='yes' name='Java Swing'>
<CompetencyEvidence name='Extent of Experience' typeDescription='Extent of Experience' type='MONTH' lastUsed='2009'><NumericValue description='MONTH'>20</NumericValue></CompetencyEvidence>

<CompetencyEvidence typeDescription='Alias' name='Alias'><StringValue>SWING</StringValue></CompetencyEvidence>

<CompetencyEvidence typeDescription='Alias' name='Alias'><StringValue>Swings</StringValue></CompetencyEvidence>

<CompetencyWeight type='skillLevel'><NumericValue minValue='0' maxValue='100'>55</NumericValue></CompetencyWeight>

<CompetencyWeight type='skillProficiency'><StringValue minValue='BASIC' maxValue='EXCELLENT'>WORKING</StringValue></CompetencyWeight>
</Competency>

<Competency oids='13 15 35 36 ' description='Skill > IT' auth='yes' name='Enterprise Java Beans'>
<CompetencyEvidence typeDescription='Alias' name='Alias'><StringValue>EJB</StringValue></CompetencyEvidence>

<CompetencyEvidence typeDescription='Alias' name='Alias'><StringValue>Java Beans</StringValue></CompetencyEvidence>

<CompetencyEvidence typeDescription='Alias' name='Alias'><StringValue>(EJB)</StringValue></CompetencyEvidence>

<CompetencyWeight type='skillLevel'><NumericValue minValue='0' maxValue='100'>14</NumericValue></CompetencyWeight>
</Competency>

<Competency oids='125 154 175 ' description='Skill' auth='no' name='Unit Testing'>
<CompetencyEvidence name='Extent of Experience' typeDescription='Extent of Experience' type='MONTH' lastUsed='2011'><NumericValue description='MONTH'>56</NumericValue></CompetencyEvidence>

<CompetencyWeight type='skillLevel'><NumericValue minValue='0' maxValue='100'>75</NumericValue></CompetencyWeight>

<CompetencyWeight type='skillProficiency'><StringValue minValue='BASIC' maxValue='EXCELLENT'>GOOD</StringValue></CompetencyWeight>
</Competency>

<Competency oids='56 163 184 ' description='Skill > IT' auth='yes' name='QMF'>
<CompetencyEvidence name='Extent of Experience' typeDescription='Extent of Experience' type='MONTH' lastUsed='2011'><NumericValue description='MONTH'>29</NumericValue></CompetencyEvidence>

<CompetencyEvidence typeDescription='Alias' name='Alias'><StringValue>QMF for DB2</StringValue></CompetencyEvidence>

<CompetencyWeight type='skillLevel'><NumericValue minValue='0' maxValue='100'>73</NumericValue></CompetencyWeight>

<CompetencyWeight type='skillProficiency'><StringValue minValue='BASIC' maxValue='EXCELLENT'>GOOD</StringValue></CompetencyWeight>
</Competency>

<Competency oids='12 44 88 ' description='Skill > IT' auth='yes' name='Java Server Pages'>
<CompetencyEvidence name='Extent of Experience' typeDescription='Extent of Experience' type='MONTH' lastUsed='2013'><NumericValue description='MONTH'>18</NumericValue></CompetencyEvidence>

<CompetencyEvidence typeDescription='Alias' name='Alias'><StringValue>JSP</StringValue></CompetencyEvidence>

<CompetencyWeight type='skillLevel'><NumericValue minValue='0' maxValue='100'>90</NumericValue></CompetencyWeight>

<CompetencyWeight type='skillProficiency'><StringValue minValue='BASIC' maxValue='EXCELLENT'>EXCELLENT</StringValue></CompetencyWeight>
</Competency>

<Competency oids='16 58 114 ' description='Skill > IT' auth='yes' name='Hibernate'>
<CompetencyEvidence name='Extent of Experience' typeDescription='Extent of Experience' type='MONTH' lastUsed='2011'><NumericValue description='MONTH'>27</NumericValue></CompetencyEvidence>

<CompetencyEvidence typeDescription='Alias' name='Alias'><StringValue>Hibernate 3.0 3.0</StringValue></CompetencyEvidence>

<CompetencyWeight type='skillLevel'><NumericValue minValue='0' maxValue='100'>78</NumericValue></CompetencyWeight>

<CompetencyWeight type='skillProficiency'><StringValue minValue='BASIC' maxValue='EXCELLENT'>GOOD</StringValue></CompetencyWeight>
</Competency>

<Competency oids='26 41 206 ' description='Skill > IT' auth='yes' name='HTML'>
<CompetencyWeight type='skillLevel'><NumericValue minValue='0' maxValue='100'>14</NumericValue></CompetencyWeight>
</Competency>

<Competency oids='25 76 89 ' description='Skill > IT' auth='yes' name='AJAX'>
<CompetencyEvidence name='Extent of Experience' typeDescription='Extent of Experience' type='MONTH' lastUsed='2013'><NumericValue description='MONTH'>18</NumericValue></CompetencyEvidence>

<CompetencyWeight type='skillLevel'><NumericValue minValue='0' maxValue='100'>93</NumericValue></CompetencyWeight>

<CompetencyWeight type='skillProficiency'><StringValue minValue='BASIC' maxValue='EXCELLENT'>EXCELLENT</StringValue></CompetencyWeight>
</Competency>

<Competency oids='186 193 ' description='Skill' auth='no' name='problem solving'>
<CompetencyWeight type='skillLevel'><NumericValue minValue='0' maxValue='100'>14</NumericValue></CompetencyWeight>
</Competency>

<Competency oids='17 42 ' description='Skill > IT' auth='yes' name='XML'>
<CompetencyWeight type='skillLevel'><NumericValue minValue='0' maxValue='100'>14</NumericValue></CompetencyWeight>
</Competency>

<Competency oids='80 103 ' description='Skill' auth='yes' name='Process Flow Diagrams'>
<CompetencyEvidence name='Extent of Experience' typeDescription='Extent of Experience' type='MONTH' lastUsed='2013'><NumericValue description='MONTH'>23</NumericValue></CompetencyEvidence>

<CompetencyWeight type='skillLevel'><NumericValue minValue='0' maxValue='100'>91</NumericValue></CompetencyWeight>

<CompetencyWeight type='skillProficiency'><StringValue minValue='BASIC' maxValue='EXCELLENT'>EXCELLENT</StringValue></CompetencyWeight>
</Competency>

<Competency oids='98 136 ' description='Skill > IT' auth='yes' name='Oracle Applications'>
<CompetencyEvidence name='Extent of Experience' typeDescription='Extent of Experience' type='MONTH' lastUsed='2012'><NumericValue description='MONTH'>8</NumericValue></CompetencyEvidence>

<CompetencyEvidence typeDescription='Alias' name='Alias'><StringValue>Application</StringValue></CompetencyEvidence>

<CompetencyWeight type='skillLevel'><NumericValue minValue='0' maxValue='100'>73</NumericValue></CompetencyWeight>

<CompetencyWeight type='skillProficiency'><StringValue minValue='BASIC' maxValue='EXCELLENT'>GOOD</StringValue></CompetencyWeight>
</Competency>

<Competency oids='82 96 ' description='Skill > IT' auth='yes' name='Microsoft Visio'>
<CompetencyEvidence name='Extent of Experience' typeDescription='Extent of Experience' type='MONTH' lastUsed='2013'><NumericValue description='MONTH'>18</NumericValue></CompetencyEvidence>

<CompetencyEvidence typeDescription='Alias' name='Alias'><StringValue>MS-Visio</StringValue></CompetencyEvidence>

<CompetencyWeight type='skillLevel'><NumericValue minValue='0' maxValue='100'>90</NumericValue></CompetencyWeight>

<CompetencyWeight type='skillProficiency'><StringValue minValue='BASIC' maxValue='EXCELLENT'>EXCELLENT</StringValue></CompetencyWeight>
</Competency>

<Competency oids='39 40 ' description='Skill > IT' auth='yes' name='JDBC'>
<CompetencyEvidence typeDescription='Alias' name='Alias'><StringValue>Java Database Connectivity</StringValue></CompetencyEvidence>

<CompetencyEvidence typeDescription='Alias' name='Alias'><StringValue>(JDBC)</StringValue></CompetencyEvidence>

<CompetencyWeight type='skillLevel'><NumericValue minValue='0' maxValue='100'>14</NumericValue></CompetencyWeight>
</Competency>

<Competency oids='61 62 ' description='Skill > IT' auth='yes' name='Data Access Object'>
<CompetencyEvidence typeDescription='Alias' name='Alias'><StringValue>DAO</StringValue></CompetencyEvidence>

<CompetencyEvidence typeDescription='Alias' name='Alias'><StringValue>(Data Access Object)</StringValue></CompetencyEvidence>

<CompetencyWeight type='skillLevel'><NumericValue minValue='0' maxValue='100'>14</NumericValue></CompetencyWeight>
</Competency>

<Competency oids='5 165 ' description='Skill > IT' auth='yes' name='Client/Server'>
<CompetencyEvidence name='Extent of Experience' typeDescription='Extent of Experience' type='MONTH' lastUsed='2009'><NumericValue description='MONTH'>20</NumericValue></CompetencyEvidence>

<CompetencyEvidence name='Application' typeDescription='Application' type='development'><StringValue>development</StringValue></CompetencyEvidence>

<CompetencyEvidence typeDescription='Alias' name='Alias'><StringValue>Client Server System development</StringValue></CompetencyEvidence>

<CompetencyEvidence typeDescription='Alias' name='Alias'><StringValue>Client-Server</StringValue></CompetencyEvidence>

<CompetencyWeight type='skillLevel'><NumericValue minValue='0' maxValue='100'>57</NumericValue></CompetencyWeight>

<CompetencyWeight type='skillProficiency'><StringValue minValue='BASIC' maxValue='EXCELLENT'>WORKING</StringValue></CompetencyWeight>
</Competency>

<Competency oids='81 104 ' description='Skill > IT' auth='yes' name='Class Diagrams'>
<CompetencyEvidence name='Extent of Experience' typeDescription='Extent of Experience' type='MONTH' lastUsed='2013'><NumericValue description='MONTH'>23</NumericValue></CompetencyEvidence>

<CompetencyWeight type='skillLevel'><NumericValue minValue='0' maxValue='100'>91</NumericValue></CompetencyWeight>

<CompetencyWeight type='skillProficiency'><StringValue minValue='BASIC' maxValue='EXCELLENT'>EXCELLENT</StringValue></CompetencyWeight>
</Competency>

<Competency oids='27 43 ' description='Skill > IT' auth='yes' name='Cascading Style Sheets'>
<CompetencyEvidence typeDescription='Alias' name='Alias'><StringValue>CSS</StringValue></CompetencyEvidence>

<CompetencyWeight type='skillLevel'><NumericValue minValue='0' maxValue='100'>14</NumericValue></CompetencyWeight>
</Competency>

<Competency oids='8 122 ' description='Skill' auth='yes' name='Audit'>
<CompetencyEvidence name='Extent of Experience' typeDescription='Extent of Experience' type='MONTH' lastUsed='2011'><NumericValue description='MONTH'>27</NumericValue></CompetencyEvidence>

<CompetencyWeight type='skillLevel'><NumericValue minValue='0' maxValue='100'>73</NumericValue></CompetencyWeight>

<CompetencyWeight type='skillProficiency'><StringValue minValue='BASIC' maxValue='EXCELLENT'>GOOD</StringValue></CompetencyWeight>
</Competency>

<Competency oids='20 49 ' description='Skill > IT' auth='yes' name='Apache Subversion'>
<CompetencyEvidence typeDescription='Alias' name='Alias'><StringValue>SVN</StringValue></CompetencyEvidence>

<CompetencyEvidence typeDescription='Alias' name='Alias'><StringValue>Subversion</StringValue></CompetencyEvidence>

<CompetencyWeight type='skillLevel'><NumericValue minValue='0' maxValue='100'>14</NumericValue></CompetencyWeight>
</Competency>

<Competency oids='102 ' description='Skill' auth='no' name='level and detailed level design'>
<CompetencyEvidence name='Extent of Experience' typeDescription='Extent of Experience' type='MONTH' lastUsed='2012'><NumericValue description='MONTH'>5</NumericValue></CompetencyEvidence>

<CompetencyWeight type='skillLevel'><NumericValue minValue='0' maxValue='100'>69</NumericValue></CompetencyWeight>

<CompetencyWeight type='skillProficiency'><StringValue minValue='BASIC' maxValue='EXCELLENT'>GOOD</StringValue></CompetencyWeight>
</Competency>

<Competency oids='192 ' description='Skill' auth='no' name='interpersonal skills'>
<CompetencyWeight type='skillLevel'><NumericValue minValue='0' maxValue='100'>14</NumericValue></CompetencyWeight>
</Competency>

<Competency oids='21 ' description='Skill' auth='no' name='front end development'>
<CompetencyWeight type='skillLevel'><NumericValue minValue='0' maxValue='100'>14</NumericValue></CompetencyWeight>
</Competency>

<Competency oids='152 ' description='Skill' auth='no' name='exchange processing'>
<CompetencyEvidence name='Extent of Experience' typeDescription='Extent of Experience' type='MONTH' lastUsed='2011'><NumericValue description='MONTH'>9</NumericValue></CompetencyEvidence>

<CompetencyWeight type='skillLevel'><NumericValue minValue='0' maxValue='100'>69</NumericValue></CompetencyWeight>

<CompetencyWeight type='skillProficiency'><StringValue minValue='BASIC' maxValue='EXCELLENT'>GOOD</StringValue></CompetencyWeight>
</Competency>

<Competency oids='29 ' description='Skill' auth='no' name='excellent communication skills'>
<CompetencyWeight type='skillLevel'><NumericValue minValue='0' maxValue='100'>14</NumericValue></CompetencyWeight>
</Competency>

<Competency oids='214 ' description='Skill' auth='no' name='customer orientation skills'>
<CompetencyWeight type='skillLevel'><NumericValue minValue='0' maxValue='100'>14</NumericValue></CompetencyWeight>
</Competency>

<Competency oids='187 ' description='Skill' auth='no' name='communication skills'>
<CompetencyWeight type='skillLevel'><NumericValue minValue='0' maxValue='100'>14</NumericValue></CompetencyWeight>
</Competency>

<Competency oids='127 ' description='Skill' auth='no' name='call support'>
<CompetencyEvidence name='Extent of Experience' typeDescription='Extent of Experience' type='MONTH' lastUsed='2011'><NumericValue description='MONTH'>27</NumericValue></CompetencyEvidence>

<CompetencyWeight type='skillLevel'><NumericValue minValue='0' maxValue='100'>73</NumericValue></CompetencyWeight>

<CompetencyWeight type='skillProficiency'><StringValue minValue='BASIC' maxValue='EXCELLENT'>GOOD</StringValue></CompetencyWeight>
</Competency>

<Competency oids='211 ' description='Skill' auth='no' name='behavioral training'>
<CompetencyWeight type='skillLevel'><NumericValue minValue='0' maxValue='100'>14</NumericValue></CompetencyWeight>
</Competency>

<Competency oids='213 ' description='Skill' auth='no' name='assertiveness skills'>
<CompetencyWeight type='skillLevel'><NumericValue minValue='0' maxValue='100'>14</NumericValue></CompetencyWeight>
</Competency>

<Competency oids='191 ' description='Skill' auth='no' name='analytical skills'>
<CompetencyWeight type='skillLevel'><NumericValue minValue='0' maxValue='100'>14</NumericValue></CompetencyWeight>
</Competency>

<Competency oids='24 ' description='Skill > IT' auth='no' name='ZK FRAMEWORK'>
<CompetencyWeight type='skillLevel'><NumericValue minValue='0' maxValue='100'>14</NumericValue></CompetencyWeight>
</Competency>

<Competency oids='212 ' description='Skill' auth='no' name='Written/Oral Communication skills'>
<CompetencyWeight type='skillLevel'><NumericValue minValue='0' maxValue='100'>14</NumericValue></CompetencyWeight>
</Competency>

<Competency oids='68 ' description='Skill > IT' auth='yes' name='WebLogic Enterprise Application Server'>
<CompetencyEvidence typeDescription='Alias' name='Alias'><StringValue>WebLogic</StringValue></CompetencyEvidence>

<CompetencyWeight type='skillLevel'><NumericValue minValue='0' maxValue='100'>14</NumericValue></CompetencyWeight>
</Competency>

<Competency oids='99 ' description='Skill' auth='yes' name='Underwriting'>
<CompetencyEvidence name='Extent of Experience' typeDescription='Extent of Experience' type='MONTH' lastUsed='2012'><NumericValue description='MONTH'>5</NumericValue></CompetencyEvidence>

<CompetencyWeight type='skillLevel'><NumericValue minValue='0' maxValue='100'>71</NumericValue></CompetencyWeight>

<CompetencyWeight type='skillProficiency'><StringValue minValue='BASIC' maxValue='EXCELLENT'>GOOD</StringValue></CompetencyWeight>
</Competency>

<Competency oids='209 ' description='Skill > IT' auth='yes' name='UNIX'>
<CompetencyWeight type='skillLevel'><NumericValue minValue='0' maxValue='100'>14</NumericValue></CompetencyWeight>
</Competency>

<Competency oids='95 ' description='Skill > IT' auth='yes' name='TOAD'>
<CompetencyEvidence name='Extent of Experience' typeDescription='Extent of Experience' type='MONTH' lastUsed='2013'><NumericValue description='MONTH'>18</NumericValue></CompetencyEvidence>

<CompetencyEvidence typeDescription='Alias' name='Alias'><StringValue>TOAD for Oracle 8</StringValue></CompetencyEvidence>

<CompetencyWeight type='skillLevel'><NumericValue minValue='0' maxValue='100'>90</NumericValue></CompetencyWeight>

<CompetencyWeight type='skillProficiency'><StringValue minValue='BASIC' maxValue='EXCELLENT'>EXCELLENT</StringValue></CompetencyWeight>
</Competency>

<Competency oids='190 ' description='Skill' auth='no' name='Strong programming'>
<CompetencyWeight type='skillLevel'><NumericValue minValue='0' maxValue='100'>14</NumericValue></CompetencyWeight>
</Competency>

<Competency oids='6 ' description='Skill > IT' auth='yes' name='Software Development Life Cycle'>
<CompetencyWeight type='skillLevel'><NumericValue minValue='0' maxValue='100'>14</NumericValue></CompetencyWeight>
</Competency>

<Competency oids='204 ' description='Skill > IT' auth='yes' name='SQL'>
<CompetencyWeight type='skillLevel'><NumericValue minValue='0' maxValue='100'>14</NumericValue></CompetencyWeight>
</Competency>

<Competency oids='7 ' description='Skill > IT' auth='yes' name='SDLC'>
<CompetencyWeight type='skillLevel'><NumericValue minValue='0' maxValue='100'>14</NumericValue></CompetencyWeight>
</Competency>

<Competency oids='177 ' description='Skill' auth='no' name='Responsible for the maintenance of the application and production support'>
<CompetencyEvidence name='Extent of Experience' typeDescription='Extent of Experience' type='MONTH' lastUsed='2009'><NumericValue description='MONTH'>20</NumericValue></CompetencyEvidence>

<CompetencyWeight type='skillLevel'><NumericValue minValue='0' maxValue='100'>52</NumericValue></CompetencyWeight>

<CompetencyWeight type='skillProficiency'><StringValue minValue='BASIC' maxValue='EXCELLENT'>WORKING</StringValue></CompetencyWeight>
</Competency>

<Competency oids='138 ' description='Skill' auth='no' name='Responsible for the data'>
<CompetencyEvidence name='Extent of Experience' typeDescription='Extent of Experience' type='MONTH' lastUsed='2011'><NumericValue description='MONTH'>3</NumericValue></CompetencyEvidence>

<CompetencyWeight type='skillLevel'><NumericValue minValue='0' maxValue='100'>71</NumericValue></CompetencyWeight>

<CompetencyWeight type='skillProficiency'><StringValue minValue='BASIC' maxValue='EXCELLENT'>GOOD</StringValue></CompetencyWeight>
</Competency>

<Competency oids='119 ' description='Skill' auth='no' name='Responsible for the Technical and design'>
<CompetencyEvidence name='Extent of Experience' typeDescription='Extent of Experience' type='MONTH' lastUsed='2011'><NumericValue description='MONTH'>27</NumericValue></CompetencyEvidence>

<CompetencyWeight type='skillLevel'><NumericValue minValue='0' maxValue='100'>73</NumericValue></CompetencyWeight>

<CompetencyWeight type='skillProficiency'><StringValue minValue='BASIC' maxValue='EXCELLENT'>GOOD</StringValue></CompetencyWeight>
</Competency>

<Competency oids='174 ' description='Skill' auth='no' name='Responsible for deployment'>
<CompetencyEvidence name='Extent of Experience' typeDescription='Extent of Experience' type='MONTH' lastUsed='2009'><NumericValue description='MONTH'>20</NumericValue></CompetencyEvidence>

<CompetencyWeight type='skillLevel'><NumericValue minValue='0' maxValue='100'>52</NumericValue></CompetencyWeight>

<CompetencyWeight type='skillProficiency'><StringValue minValue='BASIC' maxValue='EXCELLENT'>WORKING</StringValue></CompetencyWeight>
</Competency>

<Competency oids='9 ' description='Skill' auth='yes' name='Reinsurance'>
<CompetencyWeight type='skillLevel'><NumericValue minValue='0' maxValue='100'>14</NumericValue></CompetencyWeight>
</Competency>

<Competency oids='90 ' description='Skill > IT' auth='yes' name='Rational Rose'>
<CompetencyEvidence name='Extent of Experience' typeDescription='Extent of Experience' type='MONTH' lastUsed='2013'><NumericValue description='MONTH'>18</NumericValue></CompetencyEvidence>

<CompetencyWeight type='skillLevel'><NumericValue minValue='0' maxValue='100'>90</NumericValue></CompetencyWeight>

<CompetencyWeight type='skillProficiency'><StringValue minValue='BASIC' maxValue='EXCELLENT'>EXCELLENT</StringValue></CompetencyWeight>
</Competency>

<Competency oids='86 ' description='Skill' auth='no' name='Performed Unit Testing'>
<CompetencyEvidence name='Extent of Experience' typeDescription='Extent of Experience' type='MONTH' lastUsed='2013'><NumericValue description='MONTH'>18</NumericValue></CompetencyEvidence>

<CompetencyWeight type='skillLevel'><NumericValue minValue='0' maxValue='100'>90</NumericValue></CompetencyWeight>

<CompetencyWeight type='skillProficiency'><StringValue minValue='BASIC' maxValue='EXCELLENT'>EXCELLENT</StringValue></CompetencyWeight>
</Competency>

<Competency oids='133 ' description='Skill > IT' auth='yes' name='Oracle Report'>
<CompetencyEvidence name='Extent of Experience' typeDescription='Extent of Experience' type='MONTH' lastUsed='2011'><NumericValue description='MONTH'>27</NumericValue></CompetencyEvidence>

<CompetencyEvidence typeDescription='Alias' name='Alias'><StringValue>Reports</StringValue></CompetencyEvidence>

<CompetencyWeight type='skillLevel'><NumericValue minValue='0' maxValue='100'>73</NumericValue></CompetencyWeight>

<CompetencyWeight type='skillProficiency'><StringValue minValue='BASIC' maxValue='EXCELLENT'>GOOD</StringValue></CompetencyWeight>
</Competency>

<Competency oids='205 ' description='Skill > IT' auth='yes' name='Oracle PL/SQL'>
<CompetencyEvidence typeDescription='Alias' name='Alias'><StringValue>PL/SQL</StringValue></CompetencyEvidence>

<CompetencyWeight type='skillLevel'><NumericValue minValue='0' maxValue='100'>14</NumericValue></CompetencyWeight>
</Competency>

<Competency oids='95 ' description='Skill > IT' auth='yes' name='Oracle 8'>
<CompetencyEvidence name='Extent of Experience' typeDescription='Extent of Experience' type='MONTH' lastUsed='2013'><NumericValue description='MONTH'>18</NumericValue></CompetencyEvidence>

<CompetencyEvidence typeDescription='Alias' name='Alias'><StringValue>TOAD for Oracle 8</StringValue></CompetencyEvidence>

<CompetencyWeight type='skillLevel'><NumericValue minValue='0' maxValue='100'>90</NumericValue></CompetencyWeight>

<CompetencyWeight type='skillProficiency'><StringValue minValue='BASIC' maxValue='EXCELLENT'>EXCELLENT</StringValue></CompetencyWeight>
</Competency>

<Competency oids='118 ' description='Skill' auth='yes' name='Offshore Oil &#38; Gas'>
<CompetencyEvidence name='Extent of Experience' typeDescription='Extent of Experience' type='MONTH' lastUsed='2011'><NumericValue description='MONTH'>27</NumericValue></CompetencyEvidence>

<CompetencyEvidence typeDescription='Alias' name='Alias'><StringValue>offshore</StringValue></CompetencyEvidence>

<CompetencyWeight type='skillLevel'><NumericValue minValue='0' maxValue='100'>74</NumericValue></CompetencyWeight>

<CompetencyWeight type='skillProficiency'><StringValue minValue='BASIC' maxValue='EXCELLENT'>GOOD</StringValue></CompetencyWeight>
</Competency>

<Competency oids='100 ' description='Skill' auth='yes' name='Monte Carlo Simulation'>
<CompetencyEvidence name='Extent of Experience' typeDescription='Extent of Experience' type='MONTH' lastUsed='2012'><NumericValue description='MONTH'>5</NumericValue></CompetencyEvidence>

<CompetencyWeight type='skillLevel'><NumericValue minValue='0' maxValue='100'>70</NumericValue></CompetencyWeight>

<CompetencyWeight type='skillProficiency'><StringValue minValue='BASIC' maxValue='EXCELLENT'>GOOD</StringValue></CompetencyWeight>
</Competency>

<Competency oids='65 ' description='Skill > IT' auth='yes' name='Microsoft Windows 2000 Professional'>
<CompetencyEvidence typeDescription='Alias' name='Alias'><StringValue>Windows 2000</StringValue></CompetencyEvidence>

<CompetencyWeight type='skillLevel'><NumericValue minValue='0' maxValue='100'>14</NumericValue></CompetencyWeight>
</Competency>

<Competency oids='60 ' description='Skill > IT' auth='yes' name='MVC'>
<CompetencyWeight type='skillLevel'><NumericValue minValue='0' maxValue='100'>14</NumericValue></CompetencyWeight>
</Competency>

<Competency oids='47 ' description='Skill > IT' auth='yes' name='MS Visual SourceSafe'>
<CompetencyEvidence typeDescription='Alias' name='Alias'><StringValue>Visual Source Safe 6.0 6.0</StringValue></CompetencyEvidence>

<CompetencyWeight type='skillLevel'><NumericValue minValue='0' maxValue='100'>14</NumericValue></CompetencyWeight>
</Competency>

<Competency oids='45 ' description='Skill > IT' auth='yes' name='Log4j'>
<CompetencyWeight type='skillLevel'><NumericValue minValue='0' maxValue='100'>14</NumericValue></CompetencyWeight>
</Competency>

<Competency oids='38 ' description='Skill > IT' auth='yes' name='Java Messaging Service'>
<CompetencyEvidence typeDescription='Alias' name='Alias'><StringValue>JMS</StringValue></CompetencyEvidence>

<CompetencyWeight type='skillLevel'><NumericValue minValue='0' maxValue='100'>14</NumericValue></CompetencyWeight>
</Competency>

<Competency oids='37 ' description='Skill > IT' auth='yes' name='JNDI'>
<CompetencyWeight type='skillLevel'><NumericValue minValue='0' maxValue='100'>14</NumericValue></CompetencyWeight>
</Competency>

<Competency oids='14 ' description='Skill > IT' auth='yes' name='JDK'>
<CompetencyEvidence typeDescription='Alias' name='Alias'><StringValue>JDK (1.3/1.4) 1.3/1.4</StringValue></CompetencyEvidence>

<CompetencyWeight type='skillLevel'><NumericValue minValue='0' maxValue='100'>14</NumericValue></CompetencyWeight>
</Competency>

<Competency oids='120 ' description='Skill' auth='yes' name='Import/Export'>
<CompetencyEvidence name='Extent of Experience' typeDescription='Extent of Experience' type='MONTH' lastUsed='2011'><NumericValue description='MONTH'>27</NumericValue></CompetencyEvidence>

<CompetencyWeight type='skillLevel'><NumericValue minValue='0' maxValue='100'>73</NumericValue></CompetencyWeight>

<CompetencyWeight type='skillProficiency'><StringValue minValue='BASIC' maxValue='EXCELLENT'>GOOD</StringValue></CompetencyWeight>
</Competency>

<Competency oids='67 ' description='Skill > IT' auth='yes' name='IBM WebSphere'>
<CompetencyEvidence typeDescription='Alias' name='Alias'><StringValue>WebSphere</StringValue></CompetencyEvidence>

<CompetencyWeight type='skillLevel'><NumericValue minValue='0' maxValue='100'>14</NumericValue></CompetencyWeight>
</Competency>

<Competency oids='48 ' description='Skill > IT' auth='no' name='IBM Rational Clear Case'>
<CompetencyWeight type='skillLevel'><NumericValue minValue='0' maxValue='100'>14</NumericValue></CompetencyWeight>
</Competency>

<Competency oids='83 ' description='Skill > IT' auth='yes' name='GUI Applications'>
<CompetencyEvidence name='Extent of Experience' typeDescription='Extent of Experience' type='MONTH' lastUsed='2013'><NumericValue description='MONTH'>18</NumericValue></CompetencyEvidence>

<CompetencyEvidence typeDescription='Alias' name='Alias'><StringValue>GUI</StringValue></CompetencyEvidence>

<CompetencyWeight type='skillLevel'><NumericValue minValue='0' maxValue='100'>90</NumericValue></CompetencyWeight>

<CompetencyWeight type='skillProficiency'><StringValue minValue='BASIC' maxValue='EXCELLENT'>EXCELLENT</StringValue></CompetencyWeight>
</Competency>

<Competency oids='59 ' description='Skill > IT' auth='yes' name='Framework'>
<CompetencyEvidence name='Application' typeDescription='Application' type='Design'><StringValue>Design</StringValue></CompetencyEvidence>

<CompetencyEvidence typeDescription='Alias' name='Alias'><StringValue>Framework , Design</StringValue></CompetencyEvidence>

<CompetencyWeight type='skillLevel'><NumericValue minValue='0' maxValue='100'>14</NumericValue></CompetencyWeight>
</Competency>

<Competency oids='153 ' description='Skill' auth='yes' name='Foreign Exchange'>
<CompetencyEvidence name='Extent of Experience' typeDescription='Extent of Experience' type='MONTH' lastUsed='2011'><NumericValue description='MONTH'>9</NumericValue></CompetencyEvidence>

<CompetencyEvidence typeDescription='Alias' name='Alias'><StringValue>currencies</StringValue></CompetencyEvidence>

<CompetencyWeight type='skillLevel'><NumericValue minValue='0' maxValue='100'>69</NumericValue></CompetencyWeight>

<CompetencyWeight type='skillProficiency'><StringValue minValue='BASIC' maxValue='EXCELLENT'>GOOD</StringValue></CompetencyWeight>
</Competency>

<Competency oids='53 ' description='Skill > IT' auth='yes' name='ECLiPSe'>
<CompetencyEvidence typeDescription='Alias' name='Alias'><StringValue>Eclipse3.0 3.0</StringValue></CompetencyEvidence>

<CompetencyWeight type='skillLevel'><NumericValue minValue='0' maxValue='100'>14</NumericValue></CompetencyWeight>
</Competency>

<Competency oids='46 ' description='Skill' auth='no' name='Configure Management'>
<CompetencyWeight type='skillLevel'><NumericValue minValue='0' maxValue='100'>14</NumericValue></CompetencyWeight>
</Competency>

<Competency oids='84 ' description='Skill > IT' auth='yes' name='Business Objects'>
<CompetencyEvidence name='Extent of Experience' typeDescription='Extent of Experience' type='MONTH' lastUsed='2013'><NumericValue description='MONTH'>18</NumericValue></CompetencyEvidence>

<CompetencyWeight type='skillLevel'><NumericValue minValue='0' maxValue='100'>90</NumericValue></CompetencyWeight>

<CompetencyWeight type='skillProficiency'><StringValue minValue='BASIC' maxValue='EXCELLENT'>EXCELLENT</StringValue></CompetencyWeight>
</Competency>

<Competency oids='97_3_2 112_3_2 135_3_2 145_3_2 ' description='Held Position' auth='no' name='Senior Systems Engineer'>
<CompetencyEvidence name='Extent of Experience' typeDescription='Extent of Experience' type='MONTH' lastUsed='2012'><NumericValue description='MONTH'>44</NumericValue></CompetencyEvidence>

<CompetencyWeight type='skillLevel'><NumericValue minValue='0' maxValue='100'>80</NumericValue></CompetencyWeight>

<CompetencyWeight type='skillProficiency'><StringValue minValue='BASIC' maxValue='EXCELLENT'>GOOD</StringValue></CompetencyWeight>
</Competency>

<Competency oids='106_1 111_1 ' description='Held Position' auth='no' name='Architect'>
<CompetencyEvidence name='Extent of Experience' typeDescription='Extent of Experience' type='MONTH' lastUsed='2012'><NumericValue description='MONTH'>5</NumericValue></CompetencyEvidence>

<CompetencyWeight type='skillLevel'><NumericValue minValue='0' maxValue='100'>71</NumericValue></CompetencyWeight>

<CompetencyWeight type='skillProficiency'><StringValue minValue='BASIC' maxValue='EXCELLENT'>GOOD</StringValue></CompetencyWeight>
</Competency>

<Competency oids='189_1 ' description='Held Position' auth='no' name='team member'>
<CompetencyWeight type='skillLevel'><NumericValue minValue='0' maxValue='100'>14</NumericValue></CompetencyWeight>
</Competency>

<Competency oids='71_3_2 ' description='Held Position' auth='no' name='Technology Analyst'>
<CompetencyEvidence name='Extent of Experience' typeDescription='Extent of Experience' type='MONTH' lastUsed='2013'><NumericValue description='MONTH'>18</NumericValue></CompetencyEvidence>

<CompetencyWeight type='skillLevel'><NumericValue minValue='0' maxValue='100'>95</NumericValue></CompetencyWeight>

<CompetencyWeight type='skillProficiency'><StringValue minValue='BASIC' maxValue='EXCELLENT'>EXCELLENT</StringValue></CompetencyWeight>
</Competency>

<Competency oids='188_1 ' description='Held Position' auth='no' name='Team facilitator'>
<CompetencyWeight type='skillLevel'><NumericValue minValue='0' maxValue='100'>14</NumericValue></CompetencyWeight>
</Competency>

<Competency oids='164_3_2 ' description='Held Position' auth='no' name='Systems Engineer'>
<CompetencyEvidence name='Extent of Experience' typeDescription='Extent of Experience' type='MONTH' lastUsed='2009'><NumericValue description='MONTH'>20</NumericValue></CompetencyEvidence>

<CompetencyWeight type='skillLevel'><NumericValue minValue='0' maxValue='100'>57</NumericValue></CompetencyWeight>

<CompetencyWeight type='skillProficiency'><StringValue minValue='BASIC' maxValue='EXCELLENT'>WORKING</StringValue></CompetencyWeight>
</Competency>

<Competency oids='55_1 ' description='Held Position' auth='no' name='Sparx Enterprise Architect'>
<CompetencyWeight type='skillLevel'><NumericValue minValue='0' maxValue='100'>14</NumericValue></CompetencyWeight>
</Competency>

<Competency oids='54_1 ' description='Held Position' auth='no' name='Rational Application Developer'>
<CompetencyWeight type='skillLevel'><NumericValue minValue='0' maxValue='100'>14</NumericValue></CompetencyWeight>
</Competency>

<Competency oids='121_1 ' description='Held Position' auth='no' name='Implemented the Configuration Controller'>
<CompetencyEvidence name='Extent of Experience' typeDescription='Extent of Experience' type='MONTH' lastUsed='2011'><NumericValue description='MONTH'>27</NumericValue></CompetencyEvidence>

<CompetencyWeight type='skillLevel'><NumericValue minValue='0' maxValue='100'>78</NumericValue></CompetencyWeight>

<CompetencyWeight type='skillProficiency'><StringValue minValue='BASIC' maxValue='EXCELLENT'>GOOD</StringValue></CompetencyWeight>
</Competency>

<Competency oids='63_1 ' description='Held Position' auth='no' name='Consumer-Producer'>
<CompetencyWeight type='skillLevel'><NumericValue minValue='0' maxValue='100'>14</NumericValue></CompetencyWeight>
</Competency>

<Competency oids='200 ' description='Degree/Qualification > Professional' auth='no' name='Technology Certification'>
<CompetencyWeight type='skillLevel'><NumericValue minValue='0' maxValue='100'>12</NumericValue></CompetencyWeight>
</Competency>

<Competency oids='196 ' description='Degree/Qualification > Professional' auth='no' name='Property and Liability Insurance Certification'>
<CompetencyWeight type='skillLevel'><NumericValue minValue='0' maxValue='100'>12</NumericValue></CompetencyWeight>
</Competency>

<Competency oids='201 ' description='Degree/Qualification > Professional' auth='no' name='Infosys Quality Certification'>
<CompetencyWeight type='skillLevel'><NumericValue minValue='0' maxValue='100'>12</NumericValue></CompetencyWeight>
</Competency>

<Competency oids='198 ' description='Degree/Qualification > Professional' auth='no' name='Infosys Certifications'>
<CompetencyWeight type='skillLevel'><NumericValue minValue='0' maxValue='100'>12</NumericValue></CompetencyWeight>
</Competency>

<Competency oids='202 ' description='Degree/Qualification > Professional' auth='no' name='IQ Centric Process Certification'>
<CompetencyWeight type='skillLevel'><NumericValue minValue='0' maxValue='100'>12</NumericValue></CompetencyWeight>
</Competency>

<Competency oids='69_1 ' description='Degree/Qualification' auth='yes' name='Bachelors Degree > Bachelor of Engineering > Bachelor of Engineering Electronics &#38; Communications'>
<CompetencyEvidence name='Application' typeDescription='Application' type='Electronics &#38; Communications'><StringValue>Electronics &#38; Communications</StringValue></CompetencyEvidence>

<CompetencyEvidence typeDescription='Alias' name='Alias'><StringValue>Educational Qualifications: Bachelor of Engineering in Electronics &#38; Communications</StringValue></CompetencyEvidence>

<CompetencyWeight type='skillLevel'><NumericValue minValue='0' maxValue='100'>12</NumericValue></CompetencyWeight>
</Competency>

<Competency description='Industry' auth='yes' name='industry~it'>
<CompetencyEvidence name='skillCount' typeDescription='skillCount'><NumericValue>6</NumericValue></CompetencyEvidence>

<CompetencyWeight type='skillLevel'><NumericValue minValue='0' maxValue='100'>100</NumericValue></CompetencyWeight>
</Competency>























<RevisionDate id='2'>2014-06-10</RevisionDate>
</StructuredXMLResume>
<NonXMLResume>

<TextResume>



{{HEADER}}

<span inprof='y' id='1' class='nominal'>Rashmi Taranalli</span>


{{END_HEADER}}


<span inprof='n' id='2' class='date'>{{DOCUMENT_DATESTAMP}} 2014-06-10 {{END_DOCUMENT_DATESTAMP}}</span> 


<span inprof='n' id='3' class='objectives-mark'>Summary:</span>

*    <span inprof='n' id='4' class='duration'>6+ years</span> of experience in Web application and <span inprof='y' id='5' class='sofwr'>Client Server System development</span> and delivery. ; 
*    Experience on full <span inprof='y' id='6' class='sofwr'>software development life cycle</span> (<span inprof='y' id='7' class='sofwr'>SDLC</span>) - collecting business specifications, user requirements, confirming the design decisions regarding data, process, interfaces, reviewing/<span inprof='y' id='8' class='skill'>audit</span> the code and documenting the entire life cycle on Insurance, <span inprof='y' id='9' class='skill'>Re- insurance</span> related applications. ; 
*    Experience in analysis, design, development and implementation of applications using using <span inprof='y' id='10' class='sofwr'>Java</span>, <span inprof='n' id='11' class='company'>J2EE Technologies</span> (<span inprof='y' id='12' class='sofwr'>JSP</span>, <span inprof='y' id='13' class='sofwr'>EJB</span>), <span inprof='y' id='14' class='sofwr'>JDK (1.3/1.4)</span>, <span inprof='y' id='15' class='sofwr'>Java Beans</span>, <span inprof='y' id='16' class='sofwr'>Hibernate</span>, <span inprof='y' id='17' class='sofwr'>XML</span>, <span inprof='y' id='18' class='sofwr'>Oracle</span>. ; 
*    Experienced in Version Control using <span inprof='y' id='19' class='sofwr'>CVS</span> and <span inprof='y' id='20' class='sofwr'>SVN</span> ; 
*    Experience in <span inprof='y' id='21' class='skill'>front end development</span> using <span inprof='y' id='22' class='sofwr'>STRUTS</span>, <span inprof='y' id='23' class='sofwr'>SWING</span>, <span inprof='y' id='24' class='sofwr'>ZK FRAMEWORK</span>,<span inprof='y' id='25' class='sofwr'>AJAX</span>, <span inprof='y' id='26' class='sofwr'>HTML</span> and <span inprof='y' id='27' class='sofwr'>CSS</span>. ; 
*    Experience in production support activities. ; 
*    Experience with <span inprof='y' id='28' class='sofwr'>J2EE</span> Architectures and Frameworks. ; 
*    Involved with reviewing Test procedures, defining Test cases, receiving and maintaining Test scripts, analyzing defects, interacting with team members to resolve errors, and testing for User Acceptance (UAT). ; 
*    Fast learner and <span inprof='y' id='29' class='skill'>excellent communication skills</span>.
<span inprof='n' id='30' class='skills-qualif-mark'>Technical Skills :</span>



Technology                       Tools
Programming Languages            <span inprof='y' id='31' class='sofwr'>Java</span>, <span inprof='y' id='32' class='sofwr'>J2EE</span>
Web Technologies                 <span inprof='y' id='33' class='sofwr'>Swings</span>, <span inprof='y' id='34' class='sofwr'>Struts</span>,<span inprof='y' id='35' class='sofwr'>Enterprise Java Beans</span><span inprof='y' id='36' class='sofwr'>(EJB)</span>, <span inprof='y' id='37' class='sofwr'>JNDI</span>, <span inprof='y' id='38' class='sofwr'>JMS</span>, <span inprof='y' id='39' class='sofwr'>Java Database Connectivity</span><span inprof='y' id='40' class='sofwr'>(JDBC)</span>, <span inprof='y' id='41' class='sofwr'>HTML</span>, <span inprof='y' id='42' class='sofwr'>XML</span>, <span inprof='y' id='43' class='sofwr'>CSS</span>, <span inprof='y' id='44' class='sofwr'>JSP</span>, <span inprof='y' id='45' class='sofwr'>Log4J</span>, jdk 1.4

<span inprof='y' id='46' class='skill'>Configure Management</span> Tool        <span inprof='y' id='47' class='sofwr'>Visual Source Safe 6.0</span>, <span inprof='y' id='48' class='sofwr'>IBM Rational Clear Case</span>, <span inprof='y' id='49' class='sofwr'>Subversion</span>, <span inprof='y' id='50' class='sofwr'>CVS</span>
RDBMS Tool                       <span inprof='y' id='51' class='sofwr'>Oracle</span>, <span inprof='y' id='52' class='sofwr'>DB2</span>
IDE Tools                        <span inprof='y' id='53' class='sofwr'>Eclipse3.0</span>, <span inprof='y' id='54_1' class='role'>Rational Application Developer</span>, <span inprof='y' id='55_1' class='role'>Sparx Enterprise Architect</span>, Net Beans IDE,<span inprof='y' id='56' class='sofwr'>QMF</span>, <span inprof='y' id='57' class='sofwr'>Quality Centre</span>

Frame Works:                     <span inprof='y' id='58' class='sofwr'>Hibernate 3.0</span>, ZK <span inprof='y' id='59' class='sofwr'>Framework
Design</span> Patterns:                 <span inprof='y' id='60' class='sofwr'>MVC</span>, <span inprof='y' id='61' class='sofwr'>DAO</span> <span inprof='y' id='62' class='sofwr'>(Data Access Object)</span>, Singleton, <span inprof='y' id='63_1' class='role'>Consumer-Producer</span>
<span inprof='n' id='64' class='title-line'>Operating Systems</span>                <span inprof='y' id='65' class='sofwr'>Windows 2000</span>/<span inprof='y' id='66' class='sofwr'>XP</span>
Application Servers              <span inprof='y' id='67' class='sofwr'>WebSphere</span>,<span inprof='y' id='68' class='sofwr'>WebLogic</span>



<span inprof='y' id='69_1' class='qualif'>Educational Qualifications:
Bachelor of Engineering in Electronics &#38; Communications</span>, <span inprof='y' id='69_2' class='educational'>Visveswaraiah Technological University</span>, <span inprof='y' id='69_3' class='location'>India</span>.                    <span inprof='y' id='69_4' class='date'>June 2007</span>



<span inprof='n' id='70_1' class='experience-title'>Professional Experience:</span>
<span inprof='y' id='70_2' class='company'>Infosys Technologies Limited</span>                                                                                                    <span inprof='n' id='70_3' class='date-range'>July '07-Aug 13</span>


<span inprof='n' id='71_1' class='company'>Client: Barclays</span>                                                                                                    <span inprof='y' id='71_2_1' class='date'>Mar `12</span>- <span inprof='y' id='71_2_2' class='date'>Aug`13</span>
<span inprof='n' id='71_3_1' class='some-position'>Role</span>: <span inprof='y' id='71_3_2' class='role'>Technology Analyst</span>
Application: Dakota Admin Front End

An aggregator web application that allowed users to search client specific details including transactions spread across <span inprof='y' id='72' class='location'>Barclay</span>'s different systems and display consolidated results. The application was developed in a custom <span inprof='n' id='73' class='location'>Springs</span> framework with an <span inprof='y' id='74' class='sofwr'>Oracle database</span>. Tasks included customizing the screens based on user entitlements and developing the search functionality while integrating them with the various systems.

Role and responsibilities

    *    Designing and developing the application using <span inprof='y' id='75' class='sofwr'>Java</span>, <span inprof='y' id='76' class='sofwr'>Ajax</span>, Message queues and <span inprof='y' id='77' class='sofwr'>Oracle Database</span>. ; 
    *    Participated in <span inprof='y' id='78' class='skill'>requirements gathering</span><span inprof='y' id='79' class='skill'>, analysis</span> and clarification with the business users. ; 
    *    Created <span inprof='y' id='80' class='skill'>process flow diagrams</span>, sequence and <span inprof='y' id='81' class='sofwr'>class diagrams</span> for different modules using <span inprof='y' id='82' class='sofwr'>MS-Visio</span>. ; 
    *    Interacted with team members during the code set up. ; 
    *    Mentored the team members during the design phase. ; 
    *    Participated in <span inprof='y' id='83' class='sofwr'>GUI</span> designs and created class models/<span inprof='y' id='84' class='sofwr'>Business Objects</span>. ; 
    *    Created, maintained and executed test Cases and reported defects using <span inprof='y' id='85' class='sofwr'>Mercury Quality Center</span> while ensuring complete coverage of business requirements. ; 
    *    <span inprof='y' id='86' class='skill'>Performed Unit Testing</span> to identify and resolve integration, functional and usability issues before deployment.


Environment:

<span inprof='y' id='87' class='sofwr'>J2EE</span>, <span inprof='y' id='88' class='sofwr'>JSP</span>'s, <span inprof='y' id='89' class='sofwr'>AJAX</span>, <span inprof='y' id='90' class='sofwr'>Rational Rose</span>, <span inprof='y' id='91' class='sofwr'>Windows XP</span>, <span inprof='y' id='92' class='sofwr'>RAD</span> as IDE, <span inprof='y' id='93' class='sofwr'>CVS</span> as version control tool, <span inprof='y' id='94' class='sofwr'>Internet Explorer 7</span>, <span inprof='y' id='95' class='sofwr'>TOAD for Oracle 8</span>, <span inprof='y' id='96' class='sofwr'>Microsoft Visio</span>.

<span inprof='n' id='97_1' class='company'>Client: Atradius</span>                                                                                                    <span inprof='y' id='97_2_1' class='date'>Oct'11</span>- <span inprof='y' id='97_2_2' class='date'>Feb'12</span>
<span inprof='n' id='97_3_1' class='some-position'>Role</span>: <span inprof='y' id='97_3_2' class='role'>Senior Systems Engineer</span>
<span inprof='y' id='98' class='sofwr'>Application</span>: Java Simulation Engine

Java Simulation Engine is an application developed to meet the Solvency II regulations (To protect policyholders and promote financial stability, the European union is requiring all insurance companies to comply with Solvency II) JSE is used for simulating loss that can occur to the company over a period of time. It computes the economic capital required for covering the <span inprof='y' id='99' class='skill'>underwriting</span> risk by computing portfolio loss value and capital allocation needed to cover those risks and use those calculations to drive operational decision-making. Simulated Calculations are based on <span inprof='y' id='100' class='skill'>Monte-Carlo simulation</span> techniques.

Role and responsibilities

    *    Implemented changes to store the intermediate results of calculation and reduce the processing time to finish in <span inprof='n' id='101' class='duration'>4-6 hours</span> timeframe. ; 
    *    Applied filters to the gross loss that enabled user to customize and view net of deductibles. ; 
    *    Created High <span inprof='y' id='102' class='skill'>level and detailed level design</span> of components. ; 
    *    Created <span inprof='y' id='103' class='skill'>process flow diagrams</span>, sequence and <span inprof='y' id='104' class='sofwr'>class diagrams</span> for different modules using <span inprof='n' id='105' class='company'>Sparx Enterprise</span> <span inprof='y' id='106_1' class='role'>Architect</span>. ; 
    *    Reviewed the design documents of the team members. ; 
    *    Involved with knowledge transfers to the testing team about the calculation logic of the component.

Environment:<span inprof='y' id='107' class='sofwr'>Windows XP</span>, <span inprof='y' id='108' class='sofwr'>RAD</span> as IDE, VSS as version control tool, <span inprof='y' id='109' class='sofwr'>Internet Explorer 7</span>, <span inprof='n' id='110' class='company'>Sparx Enterprise</span> <span inprof='y' id='111_1' class='role'>Architect</span>.

<span inprof='n' id='112_1' class='company'>Client: Swiss Reinsurance Company</span>                                                                                                    <span inprof='y' id='112_2_1' class='date'>Jul'09</span>- <span inprof='y' id='112_2_2' class='date'>Sept'11</span>
<span inprof='n' id='112_3_1' class='some-position'>Role</span>: <span inprof='y' id='112_3_2' class='role'>Senior Systems Engineer</span>
Application : Extranet User Management (EUM)

EUM is a single master source for all the user accounts in Swiss Re. Users uses this as an onboarding tool for new customers.EUM is integrated with ERT (Extranet Reporting Tool), which is used to generate reports of user activities. It consists of both intranet and extranet users.

Role and responsibilities

    *    Developed the application using <span inprof='y' id='113' class='sofwr'>Java</span>, <span inprof='y' id='114' class='sofwr'>Hibernate</span>, <span inprof='y' id='115' class='sofwr'>Oracle</span> and ZK Framework. ; 
    *    Participated in <span inprof='y' id='116' class='skill'>requirements gathering</span><span inprof='y' id='117' class='skill'>, analysis</span> and clarification with the business users. ; 
    *    Single resource at <span inprof='y' id='118' class='skill'>offshore</span> ; 
    *    <span inprof='y' id='119' class='skill'>Responsible for the Technical and design</span> documentation. ; 
    *    Worked for five releases of EUM which includes integrating the EUM application with ERT used to generate reports, storing the users in different tree structures in corporate directory based on access roles, assigning the token number to a user to provide access to another application and addition and validations of various fields. ; 
    *    Developed the <span inprof='y' id='120' class='skill'>import/export</span> to excel functionality where the search results of users can be viewed in an excel and any modifications can be done in an excel and imported back to application. ; 
    *    <span inprof='y' id='121_1' class='role'>Implemented the Configuration Controller</span> activities by doing CM <span inprof='y' id='122' class='skill'>Audit</span>. ; 
    *    Used <span inprof='y' id='123' class='sofwr'>CVS</span> to version control the code and various artifacts. ; 
    *    Used JasperReports to produce reports. ; 
    *    Responsible for deploying the application on <span inprof='n' id='124' class='company'>IBM</span> web sphere application server. ; 
    *    Completed the server migration from WAS 6.0 to WAS 6.1 ; 
    *    Responsible for developing the release notes and traceability matrix. ; 
    *    Developed test strategies, test plans and test cases and performed <span inprof='y' id='125' class='skill'>Unit Testing</span> to identify and resolve integration, functional and usability issues before deployment. ; 
    *    <span inprof='y' id='126' class='sofwr'>Mercury Quality Center</span> was used for defect tracking and resolution. ; 
    *    Provide on-<span inprof='y' id='127' class='skill'>call support</span> to production systems and provide analysis, troubleshooting and Problem Resolution ; 
    *    Involved with knowledge transfers and trainings to bring new resources onboard.

Environment:<span inprof='y' id='128' class='sofwr'>Windows XP</span>, <span inprof='y' id='129' class='sofwr'>RAD</span> as IDE, <span inprof='y' id='130' class='sofwr'>CVS</span> as version control tool, <span inprof='y' id='131' class='sofwr'>Internet Explorer 7</span>, Benthic for <span inprof='y' id='132' class='sofwr'>oracle</span>, Jasper <span inprof='y' id='133' class='sofwr'>Reports</span>, <span inprof='y' id='134' class='sofwr'>Mercury Quality center</span>.

<span inprof='y' id='135_1' class='company'>Client: Swiss Reinsurance Company</span>                                                                                                    <span inprof='y' id='135_2_1' class='date'>Mar'11</span>- <span inprof='y' id='135_2_2' class='date'>May'11</span>
<span inprof='n' id='135_3_1' class='some-position'>Role</span>: <span inprof='y' id='135_3_2' class='role'>Senior Systems Engineer</span>
<span inprof='y' id='136' class='sofwr'>Application</span>: Swiss Re Data Language (SDL)

The SDL Tool is the repository and modeling environment that supports users in designing and understanding the structure of the business. It is <span inprof='n' id='137' class='company'>the Swiss Re Internal Group</span> data management and documentation tool.

Role and responsibilities

    *    <span inprof='y' id='138' class='skill'>Responsible for the data</span> power migration (DP Migration) of SDL in 3 instances. ; 
    *    Developed test cases and performed unit testing to identify and resolve issues before deployment. ; 
    *    Delivered the code with zero defects.

Environment:<span inprof='y' id='139' class='sofwr'>Windows XP</span>, <span inprof='y' id='140' class='sofwr'>RAD</span> as IDE, <span inprof='y' id='141' class='sofwr'>CVS</span> as version control tool, <span inprof='y' id='142' class='sofwr'>Internet Explorer 7</span>, <span inprof='y' id='143' class='sofwr'>Java</span>, <span inprof='y' id='144' class='sofwr'>Mercury Quality center</span>.

<span inprof='y' id='145_1' class='company'>Client: Swiss Reinsurance Company</span>                                                                                                    <span inprof='y' id='145_2_1' class='date'>May'10</span>- <span inprof='y' id='145_2_2' class='date'>Jan '11</span>
<span inprof='n' id='145_3_1' class='some-position'>Role</span>: <span inprof='y' id='145_3_2' class='role'>Senior Systems Engineer</span>
Project: Executive Board Large Loss Reporting

EBLL aims to provide the executive board and other defined employees with timely and accurate information about large and sensitive losses ona group wide basis and with bottom up estimates of large loss events exceeding <span inprof='n' id='146' class='money'>CHF 20 million</span>.

Role and responsibilities

    *    Developed the application using <span inprof='y' id='147' class='sofwr'>Java</span>, <span inprof='y' id='148' class='sofwr'>DB2</span> and <span inprof='y' id='149' class='sofwr'>Struts Framework</span>. ; 
    *    Participated in <span inprof='y' id='150' class='skill'>requirements gathering</span><span inprof='y' id='151' class='skill'>, analysis</span> and clarification with the business users. ; 
    *    Worked for two releases of EBLL, which involved developing new functionalities like adding a new currency display of losses. The losses could be displayed both in CHF and USD which included lot of UI Changes, <span inprof='y' id='152' class='skill'>exchange processing</span> and database changes, adding new <span inprof='y' id='153' class='skill'>currencies</span> to list and adding and validating new fields in screens. ; 
    *    Developed test strategies, test plans and test cases and performed <span inprof='y' id='154' class='skill'>Unit Testing</span> to identify and resolve integration, functional and usability issues before deployment. ; 
    *    Used <span inprof='y' id='155' class='sofwr'>CVS</span> for version control and <span inprof='y' id='156' class='sofwr'>Mercury Quality Center</span> for defect tracking and resolution.

Environment:<span inprof='y' id='157' class='sofwr'>Windows XP</span>, <span inprof='y' id='158' class='sofwr'>RAD</span> as IDE, <span inprof='y' id='159' class='sofwr'>CVS</span> as version control tool, <span inprof='y' id='160' class='sofwr'>Internet Explorer 7</span>, <span inprof='y' id='161' class='sofwr'>Struts</span>, <span inprof='y' id='162' class='sofwr'>Mercury Quality center</span>, <span inprof='y' id='163' class='sofwr'>QMF for DB2</span>.

<span inprof='y' id='164_1' class='company'>Client: Swiss Reinsurance Company</span>                                                                                                    <span inprof='y' id='164_2_1' class='date'>Dec '07</span>- <span inprof='y' id='164_2_2' class='date'>Jul `09</span>
<span inprof='n' id='164_3_1' class='some-position'>Role</span>: <span inprof='y' id='164_3_2' class='role'>Systems Engineer</span>
Application: Client Management System

CMS is a <span inprof='y' id='165' class='sofwr'>Client-Server</span> application. It is a primary tool in <span inprof='n' id='166' class='company'>Swiss Re</span>, which is used by a Swiss insurance firm for managing their client information. With more than 50 screens it acts as a backbone of <span inprof='n' id='167' class='company'>Swiss Re</span> with around 50 applications interfacingwith it.

Role and responsibilities

    *    Developed the application using <span inprof='y' id='168' class='sofwr'>Java</span>, <span inprof='y' id='169' class='sofwr'>DB2</span> and <span inprof='y' id='170' class='sofwr'>Swing</span> Framework. ; 
    *    Participated in <span inprof='y' id='171' class='skill'>requirements gathering</span><span inprof='y' id='172' class='skill'>, analysis</span> and clarification with the business users. ; 
    *    Worked for four releases of CMS, which involved developing new functionalities like adding and validating the client information like postal code, adding new screens. ; 
    *    Used <span inprof='y' id='173' class='sofwr'>CVS</span> to version control the code and various artifacts. ; 
    *    <span inprof='y' id='174' class='skill'>Responsible for deployment</span> of the application on IBM Web sphere Application server. ; 
    *    Responsible for developing the release notes and traceability matrix. ; 
    *    Developed test strategies, test plans and test cases and performed <span inprof='y' id='175' class='skill'>Unit Testing</span> to identify and resolve integration, functional and usability issues before deployment. ; 
    *    <span inprof='y' id='176' class='sofwr'>Mercury Quality Center</span> was used for defect tracking and resolution ; 
    *    <span inprof='y' id='177' class='skill'>Responsible for the maintenance of the application and production support</span> of the application.


Environment:<span inprof='y' id='178' class='sofwr'>Windows XP</span>, <span inprof='y' id='179' class='sofwr'>RAD</span> as IDE, <span inprof='y' id='180' class='sofwr'>CVS</span> as version control tool, <span inprof='y' id='181' class='sofwr'>Internet Explorer 7</span>, <span inprof='y' id='182' class='sofwr'>Swing</span>, <span inprof='y' id='183' class='sofwr'>Mercury Quality center</span>, <span inprof='y' id='184' class='sofwr'>QMF for DB2</span>.





<span inprof='n' id='185' class='title-line'>Personal Skills:</span>

    *    Comprehensive <span inprof='y' id='186' class='skill'>problem solving</span> abilities, excellent verbal and written <span inprof='y' id='187' class='skill'>communication skills</span>, Ability to deal with people diplomatically, willingness to learn, <span inprof='y' id='188_1' class='role'>Team facilitator</span>. ; 
    *    Can work independently and in a group as a <span inprof='y' id='189_1' class='role'>team member</span>. ; 
    *    <span inprof='y' id='190' class='skill'>Strong programming</span> and <span inprof='y' id='191' class='skill'>analytical skills</span> ; 
    *    PC literacy, including desktop applications competency ; 
    *    Strong business knowledge and <span inprof='y' id='192' class='skill'>interpersonal skills</span> ; 
    *    In-depth knowledge of information systems concepts ; 
    *    Strong knowledge of applicable methodologies, tools, standards, and procedures ; 
    *    Strong organizational and <span inprof='y' id='193' class='skill'>problem solving</span> abilities. 
<span inprof='n' id='194' class='edu-hist-mark'>Training &#38;Certifications:</span>

    *    <span inprof='y' id='195' class='educational'>INS</span> -21 <span inprof='y' id='196' class='qualif'>Property and Liability Insurance Certification</span> approved by <span inprof='n' id='197' class='educational'>American Institute for Chartered Property Casualty Underwriters (AICPCU)</span>. ; 
    *    <span inprof='y' id='198' class='qualif'>Infosys Certifications</span> ; 
           *    <span inprof='y' id='199' class='sofwr'>J2EE</span> <span inprof='y' id='200' class='qualif'>Technology Certification</span> 101, 201, 202-Variant1 ; 
           *    <span inprof='y' id='201' class='qualif'>Infosys Quality Certification</span>: Introduction to Project Processes and Tools (Leve1), <span inprof='y' id='202' class='qualif'>IQ Centric Process Certification</span> ; 
           *    Infosys ILI Business Language Learning Credit ; 
    *     Infosys Corporate Training <span inprof='n' id='203' class='date-range'>(July'07- December'07) ;</span> 
           *    Introduction to programming, Testing, Web Technologies, <span inprof='y' id='204' class='sofwr'>SQL</span> and <span inprof='y' id='205' class='sofwr'>PL/SQL</span>. ; 
           *    The training included <span inprof='y' id='206' class='sofwr'>HTML</span>, <span inprof='y' id='207' class='sofwr'>Java</span>, <span inprof='y' id='208' class='sofwr'>Oracle</span>, <span inprof='y' id='209' class='sofwr'>Unix</span> and Introduction to <span inprof='y' id='210' class='sofwr'>J2EE</span>. ; 
           *    The training also included <span inprof='y' id='211' class='skill'>behavioral training</span>, which dealt with <span inprof='y' id='212' class='skill'>Written/Oral Communication skills</span>, <span inprof='y' id='213' class='skill'>assertiveness skills</span> and <span inprof='y' id='214' class='skill'>customer orientation skills</span>.

</TextResume>

</NonXMLResume>



<UserArea>
<DaxResumeUserArea>
<AdditionalPersonalData>
<ExperienceSummary>
<TotalMonthsOfWorkExperience>82</TotalMonthsOfWorkExperience>
<TotalYearsOfWorkExperience>7</TotalYearsOfWorkExperience>
<ExecutiveBrief>Rashmi Taranalli has been working in the IT  occupational sector for more than 7 years. During her last employment she was working as a Technology Analyst at Infosys Technologies Limited. Rashmi has extensive knowledge of CVS, Mercury Quality Center, Java, Oracle, Rapid Application Development RAD, Microsoft Internet Explorer, Java 2 Enterprise Edition, DB2, Struts Web Application Framework, Java Swing, QMF, Java Server Pages, Hibernate, AJAX, Oracle Applications, Microsoft Visio, Client/Server, Class Diagrams, TOAD, Rational Rose, Oracle Report, Oracle 8, GUI Applications, Business Objects. So far Rashmi has not gained any managerial experience.</ExecutiveBrief>
</ExperienceSummary>
</AdditionalPersonalData>
<ParserInfo>
<ParserConfiguration>{max_len=50000} {tel_flag=} {send_zip=} {fast_conv=} {DEF_LOCAL=} {sdate=0} {no_email_body=0} {do_clever_zoning=1} {keep_span=1} {complex=1} {accept_langs=} {not_accept_langs=} {prefer_lang_cv=EN} {pers_only=0} {turbo=0} {split_language=0} {picture=0} {picture_inline=0} {name_space=0} {charset=} {hrxml_upgrade_edu_hist=0}{hrxml_add_languages_section=0}{spool=} {docID=} {user=DEFAULT} </ParserConfiguration>
<ParserRelease>0.12.3.32629</ParserRelease>
<ParserReleaseDate>2014-06-18</ParserReleaseDate>
<ParserSchema>2.0.29</ParserSchema>
<ParserSchemaLocation>http://cvx.daxtra.com/cvts/xsd/candidate/2.0.29/Resume.xsd</ParserSchemaLocation>
<ConverterRelease>0.5.2.32629</ConverterRelease>
<ConverterReleaseDate>2014-06-18</ConverterReleaseDate>
</ParserInfo>
<FileStruct filename='/home/izoom/anazarov/grammar/analysis/3rconnect/doc/100_Resume-ApTask/Rashmi_Taranalli.docx'>

<attachment fname='Rashmi_Taranalli.docx' ftype='docx' conv='yes' doc_type='cv' lang='EN'>/home/izoom/anazarov/grammar/analysis/3rconnect/doc/100_Resume-ApTask/Rashmi_Taranalli.docx</attachment>


</FileStruct>
</DaxResumeUserArea>
</UserArea>
</Resume>
