<?xml version='1.0' encoding='ISO-8859-1'?>
<Resume lang='en' src='DAXTRA-CVX schema:2.0.29 release:0.12.3.32629 rdate:2014-06-18'>
<StructuredXMLResume>
<ContactInfo>
<PersonName id='2'>
<FormattedName>Rishabh Jain</FormattedName>
<GivenName>Rishabh</GivenName>
<FamilyName>Jain</FamilyName>
<sex>Male</sex>
</PersonName>
<ContactMethod>
<Telephone id='3' type='home'>
<InternationalCountryCode>1</InternationalCountryCode>
<SubscriberNumber>713 933-9090</SubscriberNumber>
<FormattedNumber>+1 713 933-9090</FormattedNumber></Telephone>

<InternetEmailAddress id='4' type='main'>rkjain@egr.uh.edu</InternetEmailAddress>
</ContactMethod>
</ContactInfo>


<EmploymentHistory>
<EmployerOrg employerOrgType='soleEmployer'>
<EmployerOrgName id='32'>University of Houston</EmployerOrgName>
<EmployerContactInfo>
<LocationSummary id='33'>
<Municipality>Houston</Municipality>
<Region>TX</Region>
<CountryCode>US</CountryCode>
</LocationSummary>
</EmployerContactInfo>
<PositionHistory positionType='PERMANENT'>
<Title id='34_3_1'>Server Administration</Title>
<OrgName id='32'>University of Houston</OrgName>



<Description>I.T System Administrator - ``Centre for Academic Support and Assessment''                                      : Deploying and maintaining Apache, NGINX ,NFS, SAMBA on Cent OS and Ubuntu
* Database Administration: Creating, backing up and restoring databases, securing databases by setting up user privileges. ; 
* Virtualization Server: Using Hyper-V on Windows 2012 Server to install and configure virtual machines. ; 
* Managing Storage: Configuring and checking RAID on Windows and Linux servers ; 
* Hardware / Software Upgrades: Performing Hardware / Software upgrades, managing repositories. ; 
* Troubleshooting and Diagnosis: Network connectivity issues, printers, hard disk errors, system load ; 
* Word Press Administration: Administering Word Press based Multisite Network. Installing Word Press Multisite 
    plugins and themes, installing and configuring LAMP Stack on Cent OS 6.4 and Ubuntu 12.02
* Big Blue Button Administration: Deployed, configured Big Blue Button Server, an open source web conferencing tool 
    which provides learning features like Black Board Learn on Ubuntu 10.04</Description>
<StartDate id='34_2_1'><YearMonth>2013-08</YearMonth></StartDate>
<EndDate id='34_2_2'>notApplicable</EndDate>




<JobCategory>
<TaxonomyName>JOBAREA</TaxonomyName>
<CategoryCode>it</CategoryCode>
</JobCategory>


<UserArea>
<DaxPositionHistoryUserArea>
<TLSPAN first_id='32' last_id='47' border_id='48'></TLSPAN>
<MonthsOfWork>11</MonthsOfWork>
</DaxPositionHistoryUserArea>
</UserArea>
</PositionHistory>
</EmployerOrg>

<EmployerOrg employerOrgType='soleEmployer'>
<EmployerOrgName id='48_1'>GRRAS Solutions Pvt. Ltd.</EmployerOrgName>
<EmployerContactInfo>
<LocationSummary id='48_2'>
<Municipality>Jaipur</Municipality>
<Region>Rajasthan</Region>
<CountryCode>IN</CountryCode>
</LocationSummary>
</EmployerContactInfo>
<PositionHistory positionType='PERMANENT'>
<Title id='48_3_1'>Jr. Linux System Administrator</Title>
<OrgName id='48_1'>GRRAS Solutions Pvt. Ltd.</OrgName>



<Description>* Installation Server: Setting up TFTP and DHCP Server to perform PXE boot, and using kick start to 
    run automated installation of RHEL 5 and RHEL 6
* Server Administration: Apache, DNS, DHCP, Mail, Proxy, NFS, Samba, LDAP, FTP, configuring SSH, Kerberos ; 
* Server Security: Setting up firewall with IPTABLES, configuring NAT ; 
* Performance Optimization and Monitoring : Analyzing and optimizing CPU performance ; 
* Configuring and managing storage: Creating partitions, working with logical volumes, monitoring storage performance. ; 
* System Logging: Analyzing system logs, enabling remote logging, log rotation

ACADEMIC PROJECTS AND RESEARCH

*    LDAP Based Centralized Authentication: Designed a Secure Network Authentication System using Kerberos and LDAP. The 
    project is a medium to securely authenticate the students, taking the course COSC 6360: Operating Systems at University of
    Houston, against the web and mail services
*    Packet Capture and Analysis: Used WIRE SHARK to perform packet capture analysis on self-created http and https pages.
    Decoded https traffic by importing the self-signed certificate and private key created during the process 
*    Penetration Testing: Used SHODAN, a search engine that finds specific types of computers (routers, servers, etc.) in the internet 
    using a variety of filters, to perform penetration testing on a Cisco Router</Description>
<StartDate id='48_4_1'><YearMonth>2011-06</YearMonth></StartDate>
<EndDate id='48_4_2'><YearMonth>2012-06</YearMonth></EndDate>




<JobCategory>
<TaxonomyName>JOBAREA</TaxonomyName>
<CategoryCode>it</CategoryCode>
</JobCategory>


<UserArea>
<DaxPositionHistoryUserArea>
<TLSPAN first_id='48' last_id='65' border_id='0'></TLSPAN>
<MonthsOfWork>12</MonthsOfWork>
</DaxPositionHistoryUserArea>
</UserArea>
</PositionHistory>
</EmployerOrg>

</EmploymentHistory>
<EducationHistory>
<SchoolOrInstitution schoolType='university'>
<SchoolName id='6_1'>University of Houston</SchoolName>
<LocationSummary id='6_2'>
<Municipality>Houston</Municipality>
<Region>TX</Region>
<CountryCode>US</CountryCode>
</LocationSummary>


<Degree degreeType='masters'>
<DegreeName id='6_3'>Master</DegreeName>
<DegreeDate id='6_4'><YearMonth>2014-05</YearMonth></DegreeDate>
</Degree>
<Major id='6_3'>Science</Major>

<Measure>
<MeasureValue id='6_5_1'>GPA: 3.2</MeasureValue>
</Measure>


<Comments>Rajasthan Technical University, Rajasthan, India</Comments>
</SchoolOrInstitution>

<SchoolOrInstitution schoolType='college'>




<Degree degreeType='certification'>
<DegreeName id='10'>Red Hat Certified Engineer</DegreeName>
<DegreeDate id='12'><YearMonth>2014-01</YearMonth></DegreeDate>
</Degree>





</SchoolOrInstitution>

<SchoolOrInstitution schoolType='university'>
<SchoolName id='7_1'>Rajasthan Technical University</SchoolName>
<LocationSummary id='7_2'>
<Region>Rajasthan</Region>
<CountryCode>IN</CountryCode>
</LocationSummary>


<Degree degreeType='bachelors'>
<DegreeName id='7_3'>Bachelors Degree</DegreeName>
<DegreeDate id='7_4'><YearMonth>2011-08</YearMonth></DegreeDate>
</Degree>
<Major id='7_3'>Technology</Major>

<Measure>
<MeasureValue id='7_5_1'>GPA: 3.6</MeasureValue>
</Measure>



</SchoolOrInstitution>

</EducationHistory>











<Competency oids='63 64 ' description='Skill > IT' auth='yes' name='Penetration Testing'>
<CompetencyEvidence name='Extent of Experience' typeDescription='Extent of Experience' type='MONTH' lastUsed='2012'><NumericValue description='MONTH'>12</NumericValue></CompetencyEvidence>

<CompetencyWeight type='skillLevel'><NumericValue minValue='0' maxValue='100'>64</NumericValue></CompetencyWeight>

<CompetencyWeight type='skillProficiency'><StringValue minValue='BASIC' maxValue='EXCELLENT'>GOOD</StringValue></CompetencyWeight>
</Competency>

<Competency oids='37 55 ' description='Skill > IT' auth='yes' name='Network File System'>
<CompetencyEvidence name='Extent of Experience' typeDescription='Extent of Experience' type='MONTH' lastUsed='2014'><NumericValue description='MONTH'>23</NumericValue></CompetencyEvidence>

<CompetencyEvidence typeDescription='Alias' name='Alias'><StringValue>NFS</StringValue></CompetencyEvidence>

<CompetencyWeight type='skillLevel'><NumericValue minValue='0' maxValue='100'>98</NumericValue></CompetencyWeight>

<CompetencyWeight type='skillProficiency'><StringValue minValue='BASIC' maxValue='EXCELLENT'>EXCELLENT</StringValue></CompetencyWeight>
</Competency>

<Competency oids='28 40 ' description='Skill > IT' auth='yes' name='Microsoft Windows Server 2012'>
<CompetencyEvidence name='Extent of Experience' typeDescription='Extent of Experience' type='MONTH' lastUsed='2014'><NumericValue description='MONTH'>11</NumericValue></CompetencyEvidence>

<CompetencyEvidence typeDescription='Alias' name='Alias'><StringValue>Windows Server 2012</StringValue></CompetencyEvidence>

<CompetencyEvidence typeDescription='Alias' name='Alias'><StringValue>Hyper-V on Windows 2012 Server</StringValue></CompetencyEvidence>

<CompetencyWeight type='skillLevel'><NumericValue minValue='0' maxValue='100'>93</NumericValue></CompetencyWeight>

<CompetencyWeight type='skillProficiency'><StringValue minValue='BASIC' maxValue='EXCELLENT'>EXCELLENT</StringValue></CompetencyWeight>
</Competency>

<Competency oids='25 40 ' description='Skill > IT' auth='yes' name='Hyper-V'>
<CompetencyEvidence name='Extent of Experience' typeDescription='Extent of Experience' type='MONTH' lastUsed='2014'><NumericValue description='MONTH'>11</NumericValue></CompetencyEvidence>

<CompetencyEvidence typeDescription='Alias' name='Alias'><StringValue>Hyper-V on Windows 2012 Server</StringValue></CompetencyEvidence>

<CompetencyWeight type='skillLevel'><NumericValue minValue='0' maxValue='100'>93</NumericValue></CompetencyWeight>

<CompetencyWeight type='skillProficiency'><StringValue minValue='BASIC' maxValue='EXCELLENT'>EXCELLENT</StringValue></CompetencyWeight>
</Competency>

<Competency oids='50 54 ' description='Skill > IT' auth='yes' name='Dynamic Host Control protocol'>
<CompetencyEvidence name='Extent of Experience' typeDescription='Extent of Experience' type='MONTH' lastUsed='2012'><NumericValue description='MONTH'>12</NumericValue></CompetencyEvidence>

<CompetencyEvidence typeDescription='Alias' name='Alias'><StringValue>DHCP Server</StringValue></CompetencyEvidence>

<CompetencyEvidence typeDescription='Alias' name='Alias'><StringValue>DHCP</StringValue></CompetencyEvidence>

<CompetencyWeight type='skillLevel'><NumericValue minValue='0' maxValue='100'>68</NumericValue></CompetencyWeight>

<CompetencyWeight type='skillProficiency'><StringValue minValue='BASIC' maxValue='EXCELLENT'>GOOD</StringValue></CompetencyWeight>
</Competency>

<Competency oids='35 52 ' description='Skill > IT' auth='yes' name='Apache WEB Server'>
<CompetencyEvidence name='Extent of Experience' typeDescription='Extent of Experience' type='MONTH' lastUsed='2014'><NumericValue description='MONTH'>23</NumericValue></CompetencyEvidence>

<CompetencyEvidence typeDescription='Alias' name='Alias'><StringValue>Apache</StringValue></CompetencyEvidence>

<CompetencyWeight type='skillLevel'><NumericValue minValue='0' maxValue='100'>100</NumericValue></CompetencyWeight>

<CompetencyWeight type='skillProficiency'><StringValue minValue='BASIC' maxValue='EXCELLENT'>EXCELLENT</StringValue></CompetencyWeight>
</Competency>

<Competency oids='62 ' description='Skill' auth='no' name='packet capture analysis'>
<CompetencyEvidence name='Extent of Experience' typeDescription='Extent of Experience' type='MONTH' lastUsed='2012'><NumericValue description='MONTH'>12</NumericValue></CompetencyEvidence>

<CompetencyWeight type='skillLevel'><NumericValue minValue='0' maxValue='100'>64</NumericValue></CompetencyWeight>

<CompetencyWeight type='skillProficiency'><StringValue minValue='BASIC' maxValue='EXCELLENT'>GOOD</StringValue></CompetencyWeight>
</Competency>

<Competency oids='24 ' description='Skill > IT' auth='no' name='Workstation'>
<CompetencyEvidence typeDescription='Alias' name='Alias'><StringValue>VMware Workstation</StringValue></CompetencyEvidence>

<CompetencyWeight type='skillLevel'><NumericValue minValue='0' maxValue='100'>13</NumericValue></CompetencyWeight>
</Competency>

<Competency oids='24 ' description='Skill > IT' auth='yes' name='VMware'>
<CompetencyEvidence typeDescription='Alias' name='Alias'><StringValue>VMware Workstation</StringValue></CompetencyEvidence>

<CompetencyWeight type='skillLevel'><NumericValue minValue='0' maxValue='100'>13</NumericValue></CompetencyWeight>
</Competency>

<Competency oids='49 ' description='Skill > IT' auth='yes' name='TFTP'>
<CompetencyEvidence name='Extent of Experience' typeDescription='Extent of Experience' type='MONTH' lastUsed='2012'><NumericValue description='MONTH'>12</NumericValue></CompetencyEvidence>

<CompetencyWeight type='skillLevel'><NumericValue minValue='0' maxValue='100'>69</NumericValue></CompetencyWeight>

<CompetencyWeight type='skillProficiency'><StringValue minValue='BASIC' maxValue='EXCELLENT'>GOOD</StringValue></CompetencyWeight>
</Competency>

<Competency oids='27 ' description='Skill' auth='no' name='System Administration and Monitoring'>
<CompetencyWeight type='skillLevel'><NumericValue minValue='0' maxValue='100'>13</NumericValue></CompetencyWeight>
</Competency>

<Competency oids='51 ' description='Skill' auth='no' name='Server Administration'>
<CompetencyEvidence name='Extent of Experience' typeDescription='Extent of Experience' type='MONTH' lastUsed='2012'><NumericValue description='MONTH'>12</NumericValue></CompetencyEvidence>

<CompetencyWeight type='skillLevel'><NumericValue minValue='0' maxValue='100'>67</NumericValue></CompetencyWeight>

<CompetencyWeight type='skillProficiency'><StringValue minValue='BASIC' maxValue='EXCELLENT'>GOOD</StringValue></CompetencyWeight>
</Competency>

<Competency oids='59 ' description='Skill > IT' auth='yes' name='Secure Shell'>
<CompetencyEvidence name='Extent of Experience' typeDescription='Extent of Experience' type='MONTH' lastUsed='2012'><NumericValue description='MONTH'>12</NumericValue></CompetencyEvidence>

<CompetencyEvidence name='Application' typeDescription='Application' type='configuring'><StringValue>configuring</StringValue></CompetencyEvidence>

<CompetencyEvidence typeDescription='Alias' name='Alias'><StringValue>configuring SSH</StringValue></CompetencyEvidence>

<CompetencyWeight type='skillLevel'><NumericValue minValue='0' maxValue='100'>64</NumericValue></CompetencyWeight>

<CompetencyWeight type='skillProficiency'><StringValue minValue='BASIC' maxValue='EXCELLENT'>GOOD</StringValue></CompetencyWeight>
</Competency>

<Competency oids='56 ' description='Skill > IT' auth='no' name='Samba'>
<CompetencyEvidence name='Extent of Experience' typeDescription='Extent of Experience' type='MONTH' lastUsed='2012'><NumericValue description='MONTH'>12</NumericValue></CompetencyEvidence>

<CompetencyWeight type='skillLevel'><NumericValue minValue='0' maxValue='100'>64</NumericValue></CompetencyWeight>

<CompetencyWeight type='skillProficiency'><StringValue minValue='BASIC' maxValue='EXCELLENT'>GOOD</StringValue></CompetencyWeight>
</Competency>

<Competency oids='41 ' description='Skill > IT' auth='yes' name='RAID'>
<CompetencyEvidence name='Extent of Experience' typeDescription='Extent of Experience' type='MONTH' lastUsed='2014'><NumericValue description='MONTH'>11</NumericValue></CompetencyEvidence>

<CompetencyEvidence typeDescription='Alias' name='Alias'><StringValue>RAID on Windows</StringValue></CompetencyEvidence>

<CompetencyWeight type='skillLevel'><NumericValue minValue='0' maxValue='100'>92</NumericValue></CompetencyWeight>

<CompetencyWeight type='skillProficiency'><StringValue minValue='BASIC' maxValue='EXCELLENT'>EXCELLENT</StringValue></CompetencyWeight>
</Competency>

<Competency oids='26 ' description='Skill > IT' auth='yes' name='Perl Programming'>
<CompetencyEvidence typeDescription='Alias' name='Alias'><StringValue>Perl</StringValue></CompetencyEvidence>

<CompetencyWeight type='skillLevel'><NumericValue minValue='0' maxValue='100'>13</NumericValue></CompetencyWeight>
</Competency>

<Competency oids='36 ' description='Skill > IT' auth='no' name='NGINX'>
<CompetencyEvidence name='Extent of Experience' typeDescription='Extent of Experience' type='MONTH' lastUsed='2014'><NumericValue description='MONTH'>11</NumericValue></CompetencyEvidence>

<CompetencyWeight type='skillLevel'><NumericValue minValue='0' maxValue='100'>96</NumericValue></CompetencyWeight>

<CompetencyWeight type='skillProficiency'><StringValue minValue='BASIC' maxValue='EXCELLENT'>EXCELLENT</StringValue></CompetencyWeight>
</Competency>

<Competency oids='23 ' description='Skill > IT' auth='yes' name='MySQL'>
<CompetencyEvidence name='Application' typeDescription='Application' type='Administration'><StringValue>Administration</StringValue></CompetencyEvidence>

<CompetencyEvidence typeDescription='Alias' name='Alias'><StringValue>MySQL Administration</StringValue></CompetencyEvidence>

<CompetencyWeight type='skillLevel'><NumericValue minValue='0' maxValue='100'>13</NumericValue></CompetencyWeight>
</Competency>

<Competency oids='50 ' description='Skill > IT' auth='yes' name='Microsoft Windows 2000 Server'>
<CompetencyEvidence name='Extent of Experience' typeDescription='Extent of Experience' type='MONTH' lastUsed='2012'><NumericValue description='MONTH'>12</NumericValue></CompetencyEvidence>

<CompetencyEvidence typeDescription='Alias' name='Alias'><StringValue>DHCP Server</StringValue></CompetencyEvidence>

<CompetencyWeight type='skillLevel'><NumericValue minValue='0' maxValue='100'>68</NumericValue></CompetencyWeight>

<CompetencyWeight type='skillProficiency'><StringValue minValue='BASIC' maxValue='EXCELLENT'>GOOD</StringValue></CompetencyWeight>
</Competency>

<Competency oids='41 ' description='Skill > IT' auth='yes' name='Microsoft Windows'>
<CompetencyEvidence name='Extent of Experience' typeDescription='Extent of Experience' type='MONTH' lastUsed='2014'><NumericValue description='MONTH'>11</NumericValue></CompetencyEvidence>

<CompetencyEvidence typeDescription='Alias' name='Alias'><StringValue>RAID on Windows</StringValue></CompetencyEvidence>

<CompetencyWeight type='skillLevel'><NumericValue minValue='0' maxValue='100'>92</NumericValue></CompetencyWeight>

<CompetencyWeight type='skillProficiency'><StringValue minValue='BASIC' maxValue='EXCELLENT'>EXCELLENT</StringValue></CompetencyWeight>
</Competency>

<Competency description='Skill > IT' auth='yes' name='Linux Red Hat'>
<CompetencyEvidence typeDescription='Alias' name='Alias'><StringValue>Red Hat</StringValue></CompetencyEvidence>

<CompetencyWeight type='skillLevel'><NumericValue minValue='0' maxValue='100'>13</NumericValue></CompetencyWeight>
</Competency>

<Competency oids='42 ' description='Skill > IT' auth='yes' name='Linux'>
<CompetencyEvidence name='Extent of Experience' typeDescription='Extent of Experience' type='MONTH' lastUsed='2014'><NumericValue description='MONTH'>11</NumericValue></CompetencyEvidence>

<CompetencyWeight type='skillLevel'><NumericValue minValue='0' maxValue='100'>92</NumericValue></CompetencyWeight>

<CompetencyWeight type='skillProficiency'><StringValue minValue='BASIC' maxValue='EXCELLENT'>EXCELLENT</StringValue></CompetencyWeight>
</Competency>

<Competency oids='57 ' description='Skill > IT' auth='yes' name='LDAP'>
<CompetencyEvidence name='Extent of Experience' typeDescription='Extent of Experience' type='MONTH' lastUsed='2012'><NumericValue description='MONTH'>12</NumericValue></CompetencyEvidence>

<CompetencyWeight type='skillLevel'><NumericValue minValue='0' maxValue='100'>64</NumericValue></CompetencyWeight>

<CompetencyWeight type='skillProficiency'><StringValue minValue='BASIC' maxValue='EXCELLENT'>GOOD</StringValue></CompetencyWeight>
</Competency>

<Competency oids='58 ' description='Skill > IT' auth='yes' name='FTP'>
<CompetencyEvidence name='Extent of Experience' typeDescription='Extent of Experience' type='MONTH' lastUsed='2012'><NumericValue description='MONTH'>12</NumericValue></CompetencyEvidence>

<CompetencyWeight type='skillLevel'><NumericValue minValue='0' maxValue='100'>64</NumericValue></CompetencyWeight>

<CompetencyWeight type='skillProficiency'><StringValue minValue='BASIC' maxValue='EXCELLENT'>GOOD</StringValue></CompetencyWeight>
</Competency>

<Competency oids='53 ' description='Skill > IT' auth='yes' name='Domain Name Server Protocol'>
<CompetencyEvidence name='Extent of Experience' typeDescription='Extent of Experience' type='MONTH' lastUsed='2012'><NumericValue description='MONTH'>12</NumericValue></CompetencyEvidence>

<CompetencyEvidence typeDescription='Alias' name='Alias'><StringValue>DNS</StringValue></CompetencyEvidence>

<CompetencyWeight type='skillLevel'><NumericValue minValue='0' maxValue='100'>65</NumericValue></CompetencyWeight>

<CompetencyWeight type='skillProficiency'><StringValue minValue='BASIC' maxValue='EXCELLENT'>GOOD</StringValue></CompetencyWeight>
</Competency>

<Competency oids='39 ' description='Skill' auth='yes' name='Database Administration'>
<CompetencyEvidence name='Extent of Experience' typeDescription='Extent of Experience' type='MONTH' lastUsed='2014'><NumericValue description='MONTH'>11</NumericValue></CompetencyEvidence>

<CompetencyWeight type='skillLevel'><NumericValue minValue='0' maxValue='100'>94</NumericValue></CompetencyWeight>

<CompetencyWeight type='skillProficiency'><StringValue minValue='BASIC' maxValue='EXCELLENT'>EXCELLENT</StringValue></CompetencyWeight>
</Competency>

<Competency oids='65 ' description='Skill > IT' auth='yes' name='Cisco Switches/Routers'>
<CompetencyEvidence name='Extent of Experience' typeDescription='Extent of Experience' type='MONTH' lastUsed='2012'><NumericValue description='MONTH'>12</NumericValue></CompetencyEvidence>

<CompetencyEvidence typeDescription='Alias' name='Alias'><StringValue>Cisco Router</StringValue></CompetencyEvidence>

<CompetencyWeight type='skillLevel'><NumericValue minValue='0' maxValue='100'>64</NumericValue></CompetencyWeight>

<CompetencyWeight type='skillProficiency'><StringValue minValue='BASIC' maxValue='EXCELLENT'>GOOD</StringValue></CompetencyWeight>
</Competency>

<Competency oids='34_3_1 ' description='Held Position' auth='no' name='Server Administration'>
<CompetencyEvidence name='Extent of Experience' typeDescription='Extent of Experience' type='MONTH' lastUsed='2014'><NumericValue description='MONTH'>11</NumericValue></CompetencyEvidence>

<CompetencyWeight type='skillLevel'><NumericValue minValue='0' maxValue='100'>96</NumericValue></CompetencyWeight>

<CompetencyWeight type='skillProficiency'><StringValue minValue='BASIC' maxValue='EXCELLENT'>EXCELLENT</StringValue></CompetencyWeight>
</Competency>

<Competency oids='10 16 ' description='Degree/Qualification > Professional' auth='yes' name='Red Hat Certified Engineer'>
<CompetencyWeight type='skillLevel'><NumericValue minValue='0' maxValue='100'>24</NumericValue></CompetencyWeight>
</Competency>

<Competency oids='19 ' description='Degree/Qualification > Professional' auth='yes' name='Red Hat Certified Technician'>
<CompetencyWeight type='skillLevel'><NumericValue minValue='0' maxValue='100'>12</NumericValue></CompetencyWeight>
</Competency>

<Competency oids='6_3 ' description='Degree/Qualification' auth='no' name='Master > Master Science'>
<CompetencyEvidence name='Application' typeDescription='Application' type='Science'><StringValue>Science</StringValue></CompetencyEvidence>

<CompetencyEvidence typeDescription='Alias' name='Alias'><StringValue>Master of Science, Computer and Systems Engineering</StringValue></CompetencyEvidence>

<CompetencyWeight type='skillLevel'><NumericValue minValue='0' maxValue='100'>12</NumericValue></CompetencyWeight>
</Competency>

<Competency oids='6_3 ' description='Degree/Qualification' auth='no' name='Master > Master Computer and Systems Engineering'>
<CompetencyEvidence name='Application' typeDescription='Application' type='Computer and Systems Engineering'><StringValue>Computer and Systems Engineering</StringValue></CompetencyEvidence>

<CompetencyEvidence typeDescription='Alias' name='Alias'><StringValue>Master of Science, Computer and Systems Engineering</StringValue></CompetencyEvidence>

<CompetencyWeight type='skillLevel'><NumericValue minValue='0' maxValue='100'>12</NumericValue></CompetencyWeight>
</Competency>

<Competency oids='13 ' description='Degree/Qualification > Professional' auth='no' name='Certified System Administrator'>
<CompetencyEvidence typeDescription='Alias' name='Alias'><StringValue>Red Hat Certified System Administrator</StringValue></CompetencyEvidence>

<CompetencyWeight type='skillLevel'><NumericValue minValue='0' maxValue='100'>12</NumericValue></CompetencyWeight>
</Competency>

<Competency oids='7_3 ' description='Degree/Qualification' auth='yes' name='Bachelors Degree > Bachelors Degree Technology'>
<CompetencyEvidence name='Application' typeDescription='Application' type='Technology'><StringValue>Technology</StringValue></CompetencyEvidence>

<CompetencyEvidence typeDescription='Alias' name='Alias'><StringValue>Bachelor of Technology, Electronics and Communication Engineering</StringValue></CompetencyEvidence>

<CompetencyWeight type='skillLevel'><NumericValue minValue='0' maxValue='100'>12</NumericValue></CompetencyWeight>
</Competency>

<Competency oids='7_3 ' description='Degree/Qualification' auth='yes' name='Bachelors Degree > Bachelors Degree Electronics and Communication Engineering'>
<CompetencyEvidence name='Application' typeDescription='Application' type='Electronics and Communication Engineering'><StringValue>Electronics and Communication Engineering</StringValue></CompetencyEvidence>

<CompetencyEvidence typeDescription='Alias' name='Alias'><StringValue>Bachelor of Technology, Electronics and Communication Engineering</StringValue></CompetencyEvidence>

<CompetencyWeight type='skillLevel'><NumericValue minValue='0' maxValue='100'>12</NumericValue></CompetencyWeight>
</Competency>

<Competency description='Industry' auth='yes' name='industry~it'>
<CompetencyEvidence name='skillCount' typeDescription='skillCount'><NumericValue>2</NumericValue></CompetencyEvidence>

<CompetencyWeight type='skillLevel'><NumericValue minValue='0' maxValue='100'>100</NumericValue></CompetencyWeight>
</Competency>























<RevisionDate id='1'>2014-06-10</RevisionDate>
</StructuredXMLResume>
<NonXMLResume>

<TextResume>



<span inprof='n' id='1' class='date'>{{DOCUMENT_DATESTAMP}} 2014-06-10 15:38:33 {{DOCUMENT_DATESTAMP}}</span>

                                                    <span inprof='y' id='2' class='nominal'>RISHABH JAIN</span>
                                             <span inprof='y' id='3' class='telephone'>713-933-9090</span> 	 <span inprof='y' id='4' class='email'>rkjain@egr.uh.edu</span>

<span inprof='n' id='5' class='edu-hist-mark'>EDUCATION</span>
<span inprof='y' id='6_1' class='educational'>University of Houston</span>, <span inprof='y' id='6_2' class='location'>Houston, Texas</span>
<span inprof='y' id='6_3' class='qualif'>Master of Science, Computer and Systems Engineering</span>                                                                         <span inprof='y' id='6_4' class='date'>May 2014</span>
<span inprof='y' id='6_5_1' class='degree-measure'>GPA: 3.2</span>
<span inprof='y' id='7_1' class='educational'>Rajasthan Technical University</span>, <span inprof='y' id='7_2' class='location'>Rajasthan, India</span>
<span inprof='y' id='7_3' class='qualif'>Bachelor of Technology, Electronics and Communication Engineering</span>                                                            <span inprof='y' id='7_4' class='date'>Aug 2011</span>
<span inprof='y' id='7_5_1' class='degree-measure'>GPA: 3.6</span>

<span inprof='n' id='8' class='skills-qualif-mark'>TECHNICAL SKILLS</span>

 <span inprof='n' id='9' class='skills-qualif-mark'>Certifications:</span> <span inprof='y' id='10' class='qualif'>Red Hat Certified Engineer</span>                   Technology:       <span inprof='n' id='11' class='company'>Red Hat Enterprise</span> Linux 6.4                  <span inprof='y' id='12' class='date'>Jan 2014</span>

                 <span inprof='y' id='13' class='qualif'>Red Hat Certified System Administrator</span>       Technology:       <span inprof='n' id='14' class='company'>Red Hat Enterprise</span> Linux 6.4                 <span inprof='n' id='15' class='date'>Jan 2014</span>

                 <span inprof='y' id='16' class='qualif'>Red Hat Certified Engineer</span>                   Technology:       <span inprof='n' id='17' class='company'>Red Hat Enterprise</span> Linux 5.2                 <span inprof='n' id='18' class='date'>Mar 2009</span>

                 <span inprof='y' id='19' class='qualif'>Red Hat Certified Technician</span>                 Technology:       <span inprof='n' id='20' class='company'>Red Hat Enterprise</span> Linux 5.2                 <span inprof='n' id='21' class='date'>Mar 2009</span>


Content Management System: <span inprof='n' id='22' class='company'>Word Press</span>
Web Hosting Tools: cPanel, WHM
<span inprof='y' id='23' class='sofwr'>MySQL Administration</span>: mysql, phpMyAdmin
Packet Capture and Analysis: Wire Shark, tcpdump
Virtualization: KVM, Virtual Box, <span inprof='y' id='24' class='sofwr'>VMware Workstation</span>, <span inprof='y' id='25' class='sofwr'>Hyper-V</span>
Scripting: BASH, <span inprof='y' id='26' class='sofwr'>Perl</span>
<span inprof='y' id='27' class='skill'>System Administration and Monitoring</span> Tools: Webmin, Nagios- to manage remote Linux Machines
Operating System: <span inprof='y' id='28' class='sofwr'>Windows Server 2012</span>, Ubuntu 10.04, <span inprof='n' id='29' class='nominal'>Cent OS</span> 6.4, <span inprof='n' id='30' class='company'>Red Hat Enterprise</span> Linux 6.4

<span inprof='n' id='31' class='work-hist-mark'>WORK EXPERIENCE</span>
<span inprof='y' id='32' class='educational'>University of Houston</span>, <span inprof='y' id='33' class='location'>Houston, Texas</span>
I.<span inprof='n' id='34_1' class='company'>T System Administrator - ``Centre for Academic Support and Assessment''</span>                                     <span inprof='y' id='34_2_1' class='date'>Aug 2013</span> - <span inprof='y' id='34_2_2' class='date'>Present</span>
* <span inprof='y' id='34_3_1' class='role'>Server Administration</span>: Deploying and maintaining <span inprof='y' id='35' class='sofwr'>Apache</span>, <span inprof='y' id='36' class='sofwr'>NGINX</span> ,<span inprof='y' id='37' class='sofwr'>NFS</span>, SAMBA on <span inprof='n' id='38' class='nominal'>Cent OS</span> and Ubuntu ; 
* <span inprof='y' id='39' class='skill'>Database Administration</span>: Creating, backing up and restoring databases, securing databases by setting up user privileges. ; 
* Virtualization Server: Using <span inprof='y' id='40' class='sofwr'>Hyper-V on Windows 2012 Server</span> to install and configure virtual machines. ; 
* Managing Storage: Configuring and checking <span inprof='y' id='41' class='sofwr'>RAID on Windows</span> and <span inprof='y' id='42' class='sofwr'>Linux</span> servers ; 
* Hardware / Software Upgrades: Performing Hardware / Software upgrades, managing repositories. ; 
* Troubleshooting and Diagnosis: Network connectivity issues, printers, hard disk errors, system load ; 
* <span inprof='n' id='43' class='company'>Word Press Administration</span>: <span inprof='n' id='44' class='company'>Administering Word Press</span> based Multisite Network. Installing <span inprof='n' id='45' class='company'>Word Press</span> Multisite 
      plugins and themes, installing and configuring LAMP Stack on <span inprof='n' id='46' class='nominal'>Cent OS</span> 6.4 and Ubuntu 12.02
* Big Blue Button Administration: Deployed, configured Big Blue Button Server, an open source web conferencing tool 
     which provides learning features like <span inprof='n' id='47' class='company'>Black Board</span> Learn on Ubuntu 10.04

<span inprof='y' id='48_1' class='company'>GRRAS Solutions Pvt. Ltd.</span>, <span inprof='y' id='48_2' class='location'>Jaipur, Rajasthan, India</span>
<span inprof='y' id='48_3_1' class='role'>Jr. Linux System Administrator</span>                                                                              <span inprof='y' id='48_4_1' class='date'>Jun 2011</span> -<span inprof='y' id='48_4_2' class='date'>Jun 2012</span>
* Installation Server: Setting up <span inprof='y' id='49' class='sofwr'>TFTP</span> and <span inprof='y' id='50' class='sofwr'>DHCP Server</span> to perform PXE boot, and using kick start to 
      run automated installation of RHEL 5 and RHEL 6
* <span inprof='y' id='51' class='skill'>Server Administration</span>: <span inprof='y' id='52' class='sofwr'>Apache</span>, <span inprof='y' id='53' class='sofwr'>DNS</span>, <span inprof='y' id='54' class='sofwr'>DHCP</span>, Mail, Proxy, <span inprof='y' id='55' class='sofwr'>NFS</span>, <span inprof='y' id='56' class='sofwr'>Samba</span>, <span inprof='y' id='57' class='sofwr'>LDAP</span>, <span inprof='y' id='58' class='sofwr'>FTP</span>, <span inprof='y' id='59' class='sofwr'>configuring SSH</span>, Kerberos ; 
* Server Security: Setting up firewall with IPTABLES, configuring <span inprof='n' id='60' class='company'>NAT</span> ; 
* Performance Optimization and Monitoring : Analyzing and optimizing CPU performance ; 
* Configuring and managing storage: Creating partitions, working with logical volumes, monitoring storage performance. ; 
* System Logging: Analyzing system logs, enabling remote logging, log rotation

ACADEMIC PROJECTS AND RESEARCH


*    LDAP Based Centralized Authentication: Designed a Secure Network Authentication System using Kerberos and LDAP. The 
     project is a medium to securely authenticate the students, taking the course COSC 6360: Operating Systems at <span inprof='y' id='61' class='educational'>University of
     Houston</span>, against the web and mail services
*    Packet Capture and Analysis: Used WIRE SHARK to perform <span inprof='y' id='62' class='skill'>packet capture analysis</span> on self-created http and https pages.
     Decoded https traffic by importing the self-signed certificate and private key created during the process 
*    <span inprof='y' id='63' class='sofwr'>Penetration Testing</span>: Used SHODAN, a search engine that finds specific types of computers (routers, servers, etc.) in the internet 
     using a variety of filters, to perform <span inprof='y' id='64' class='sofwr'>penetration testing</span> on a <span inprof='y' id='65' class='sofwr'>Cisco Router</span>

</TextResume>

</NonXMLResume>



<UserArea>
<DaxResumeUserArea>
<AdditionalPersonalData>
<ExperienceSummary>
<TotalMonthsOfWorkExperience>23</TotalMonthsOfWorkExperience>
<TotalYearsOfWorkExperience>2</TotalYearsOfWorkExperience>
<ExecutiveBrief>Rishabh Jain has been working in the IT  occupational sector for more than 2 years. Currently he is employed as a Server Administration at University of Houston. Rishabh has extensive knowledge of Penetration Testing, Network File System, Hyper-V, Dynamic Host Control protocol, Apache WEB Server, TFTP, Secure Shell, Samba, RAID, NGINX, Linux, LDAP, FTP, Domain Name Server Protocol, Cisco Switches/Routers. So far Rishabh has not gained any managerial experience.</ExecutiveBrief>
</ExperienceSummary>
</AdditionalPersonalData>
<ParserInfo>
<ParserConfiguration>{max_len=50000} {tel_flag=} {send_zip=} {fast_conv=} {DEF_LOCAL=} {sdate=0} {no_email_body=0} {do_clever_zoning=1} {keep_span=1} {complex=1} {accept_langs=} {not_accept_langs=} {prefer_lang_cv=EN} {pers_only=0} {turbo=0} {split_language=0} {picture=0} {picture_inline=0} {name_space=0} {charset=} {hrxml_upgrade_edu_hist=0}{hrxml_add_languages_section=0}{spool=} {docID=} {user=DEFAULT} </ParserConfiguration>
<ParserRelease>0.12.3.32629</ParserRelease>
<ParserReleaseDate>2014-06-18</ParserReleaseDate>
<ParserSchema>2.0.29</ParserSchema>
<ParserSchemaLocation>http://cvx.daxtra.com/cvts/xsd/candidate/2.0.29/Resume.xsd</ParserSchemaLocation>
<ConverterRelease>0.5.2.32629</ConverterRelease>
<ConverterReleaseDate>2014-06-18</ConverterReleaseDate>
</ParserInfo>
<FileStruct filename='/home/izoom/anazarov/grammar/analysis/3rconnect/doc/100_Resume-ApTask/Resume.pdf'>

<attachment fname='Resume.pdf' ftype='pdf' conv='yes' doc_type='cv' lang='EN'>/home/izoom/anazarov/grammar/analysis/3rconnect/doc/100_Resume-ApTask/Resume.pdf</attachment>


</FileStruct>
</DaxResumeUserArea>
</UserArea>
</Resume>
