<?xml version='1.0' encoding='ISO-8859-1'?>
<Resume lang='en' src='DAXTRA-CVX schema:2.0.29 release:0.12.3.32629 rdate:2014-06-18'>
<StructuredXMLResume>
<ContactInfo>
<PersonName id='2'>
<FormattedName>Harsandeep Singh</FormattedName>
<GivenName>Harsandeep</GivenName>
<FamilyName>Singh</FamilyName>
<sex>Male</sex>
</PersonName>
<ContactMethod>
<Telephone id='7' type='home'>
<InternationalCountryCode>1</InternationalCountryCode>
<SubscriberNumber>862 205 2081</SubscriberNumber>
<FormattedNumber>+1 862 205 2081</FormattedNumber></Telephone>

<Mobile id='6'>
<InternationalCountryCode>1</InternationalCountryCode>
<SubscriberNumber>201 5893373</SubscriberNumber>
<FormattedNumber>+1 201 5893373</FormattedNumber></Mobile>

<InternetEmailAddress id='4' oids='4 5 ' type='main'>harsandeep.singh@gmail.com</InternetEmailAddress>
<PostalAddress id='3' type='main'>
<CountryCode>US</CountryCode>
<PostalCode>07305</PostalCode>
<Region>NJ</Region>
<Municipality>Jersey City</Municipality>
<DeliveryAddress>
<AddressLine>46 Cedar Street</AddressLine>
<StreetName>Cedar Street</StreetName>
<BuildingNumber>46</BuildingNumber>
</DeliveryAddress>

</PostalAddress>
</ContactMethod>
</ContactInfo>
<ExecutiveSummary>Around 12 years of global experience in the IT industry working for organizations like Goldman Sachs, JP Morgan Chase, Morgan Stanley, eGain in various roles. My key strengths are to understand business with a technology mindset and create a strategy for the technology, identify key focus areas and drive strong execution to deliver the impact. Worked on complete SDLC starting from RFP, Vendor Analysis, planning, PoC, requirement analysis, development, maintenance and support. Expertise in Program Management, Project Management, People Management, requirement analysis, client interaction, global team coordination, design, development, maintenance and support of software applications.</ExecutiveSummary>


<EmploymentHistory>
<EmployerOrg employerOrgType='soleEmployer'>
<EmployerOrgName id='70_2'>GOLDMAN SACHS INC.</EmployerOrgName>
<EmployerContactInfo>
<LocationSummary id='70_3'>
<Municipality>Jersey City</Municipality>
<Region>NJ</Region>
<CountryCode>US</CountryCode>
</LocationSummary>
</EmployerContactInfo>
<PositionHistory positionType='PERMANENT'>
<Title id='71_1'>Program Manager</Title>
<OrgName id='70_2'>GOLDMAN SACHS INC.</OrgName>



<Description>*    Responsible for the management of the global IT program for Benefits and wellness in US, London, Asia and India. Benefits and wellness includes the Pension, Healthcare and different wellness programs designed for different countries where Goldman Sachs has its offices. ; 
    *    Drive the prioritization of the key features for the applications considering the cost, savings, customer value etc. ; 
    *    Help in forecasting the IT budget for the group by understanding the future IT requirements and looking at the pipelines for potential projects and feature changes

    *    Managing the global IT team in US, London and India to provide services to global business users and provide solutions to global business requirements ; 
    *    Participate and manage the entire SDLC of different projects starting from initiation to production deployment ; 
    *    Prepare Project Charter, Scope, Project Plan and participate in the design, requirement analysis, coding and testing of the applications ; 
    *    Define, evaluate, and improve processes. Manage/lead projects and efforts across multiple stakeholders, and educate stakeholders through different stages of the projects. ; 
    *    Support the team in what's required to move projects forward and to help team innovate for creative and technical excellence. ; 
    *    Drive the cross functional teams to a solution set across different teams including the business users, Engineering team,  other technology teams  and external vendors ; 
    *    Developing and implementing project plan and work with different stakeholders and cross functional teams to execute the same. ; 
    *    Collaborated with the engineering teams to understand roadblocks and technical challenges in the implementation and worked to overcome the same by making recommendations and engaging experts from other groups ; 
    *    Engage with the business users to understand the requirements and help in Requirement Analysis and drive the BRD and FRD for the applications ; 
    *    Used Agile methodologies for implementation

    Technical Manager

    *    Led the Global implementation of SaaS (Software as a Service) based Learning Management System starting from the RFP to final go live. The budget of the implementation was $1 million

    *    Created and managed the Project Plan for 1 year of the implementation of the project with 7 team members, spread out globally in US, London and India ; 
    *    Managed the relationship with the vendor on behalf of technology team by deciding upon the SLAs for support and maintenance and prioritizing the changes and enhancements. Liaised with senior management from vendor to define requirements, decide timelines for deliverables of the project ; 
    *    Created IT strategy for the application to minimize support/upgrade and maintenance cost for Goldman Sachs, and to maximize user's productivity by providing self service tools for support ; 
    *    Participated in the designing of the application infrastructure with tech architects ; 
    *    Managed the entire SDLC of the project with team of 8 team members including, Business Analysts, development team, QA. ;</Description>
<StartDate id='70_4_1'><Year>2011</Year></StartDate>
<EndDate id='70_4_2'>notApplicable</EndDate>



<JobLevelInfo>
<JobGrade>joblevel-management-low</JobGrade>
</JobLevelInfo>

<JobCategory>
<TaxonomyName>JOBAREA</TaxonomyName>
<CategoryCode>it</CategoryCode>
</JobCategory>


<UserArea>
<DaxPositionHistoryUserArea>
<TLSPAN first_id='70' last_id='95' border_id='96'></TLSPAN>
<MonthsOfWork>36</MonthsOfWork>
</DaxPositionHistoryUserArea>
</UserArea>
</PositionHistory>
</EmployerOrg>

<EmployerOrg employerOrgType='soleEmployer'>
<EmployerOrgName id='96_2'>NYTP</EmployerOrgName>
<EmployerContactInfo>
<LocationSummary id='98'>
<Municipality>New York City</Municipality>
<Region>NY</Region>
<CountryCode>US</CountryCode>
</LocationSummary>
</EmployerContactInfo>
<PositionHistory positionType='PERMANENT'>
<Title id='99_1'>Technical Lead</Title>
<OrgName id='97'>JP MORGAN CHASE</OrgName>



<Description>The Quantitative Equity Technology (QET) project (for JP Morgan Chase Investment Management) develops application modules which manages performance of the investment processes, using a quantitative model based on security pickings and analytics
    Role
    *    Lead a global team of 5 developers to automate the reports for quantitative equity Analysis in the Equity research division. Automation minimized the downtime for the reporting environment to 10 minutes from 40 minutes

    *    Implemented an online application to help Portfolio Managers in ``Investment Management'' to look at reports for making investment decisions. The Portfolio Managers used to spend time to manually generate the reports prior to the new implementation

    *    Managed the relation with the users and stakeholders to track the project health and to report and escalate any risks for the project implementation ;</Description>
<StartDate id='96_1_1'><Year>2010</Year></StartDate>
<EndDate id='96_1_2'><Year>2011</Year></EndDate>



<JobLevelInfo>
<JobGrade>joblevel-management-low</JobGrade>
</JobLevelInfo>

<JobCategory>
<TaxonomyName>JOBAREA</TaxonomyName>
<CategoryCode>banking-finance</CategoryCode>
</JobCategory>


<UserArea>
<DaxPositionHistoryUserArea>
<TLSPAN first_id='96' last_id='107' border_id='108'></TLSPAN>
<MonthsOfWork>12</MonthsOfWork>
</DaxPositionHistoryUserArea>
</UserArea>
</PositionHistory>
</EmployerOrg>

<EmployerOrg employerOrgType='soleEmployer'>
<EmployerOrgName id='108_2'>Headstrong</EmployerOrgName>
<EmployerContactInfo>
<LocationSummary id='110'>
<Municipality>Jersey City</Municipality>
<Region>NJ</Region>
<CountryCode>US</CountryCode>
</LocationSummary>
</EmployerContactInfo>
<PositionHistory positionType='PERMANENT'>
<Title id='111_1_1'>Senior Consultant</Title>
<OrgName id='109'>MORGAN STANLEY</OrgName>



<Description>June, 2008 - Sep 2010    To enhance the Learning Management System for Morgan Stanley built over Plateau, including an extension to the system and a Webservices platform. The project involves technical stack upgrade from Java 1.3 EJB based architecture to Java 5 Webservices/spring/hibernate based platform

    *    Led the global team of 6 consultants for the project to Migrate learning Data in an Application for Morgan Stanley and Smith Barney Merger ; 
    *    Maintain various project documents like SoW, project management plan and metrices etc ; 
    *    involved in requirement analysis, design, deployment of the project and also interacting with the client. I was also managing the Production Support for the project ;</Description>
<StartDate id='108_1_1'><Year>2005</Year></StartDate>
<EndDate id='108_1_2'><Year>2010</Year></EndDate>



<JobLevelInfo>
<JobGrade>joblevel-nonmanager-mid</JobGrade>
</JobLevelInfo>

<JobCategory>
<TaxonomyName>JOBAREA</TaxonomyName>
<CategoryCode>it</CategoryCode>
</JobCategory>


<UserArea>
<DaxPositionHistoryUserArea>
<TLSPAN first_id='108' last_id='122' border_id='138'></TLSPAN>
<MonthsOfWork>60</MonthsOfWork>
</DaxPositionHistoryUserArea>
</UserArea>
</PositionHistory>
</EmployerOrg>

<EmployerOrg employerOrgType='soleEmployer'>
<EmployerOrgName id='108_2'>Headstrong</EmployerOrgName>
<EmployerContactInfo>
<LocationSummary id='119'>
<Municipality>Barney</Municipality>
</LocationSummary>
</EmployerContactInfo>
<PositionHistory positionType='PROJECT'>
<Title id='111_1_1'>Senior Consultant</Title>
<OrgName id='112'>Morgan Stanley</OrgName>



<Description>To enhance the Learning Management System for Morgan Stanley built over Plateau, including an extension to the system and a Webservices platform. The project involves technical stack upgrade from Java 1.3 EJB based architecture to Java 5 Webservices/spring/hibernate based platform
*    Led the global team of 6 consultants for the project to Migrate learning Data in an Application for Morgan Stanley and Smith Barney Merger ; 
    *    Maintain various project documents like SoW, project management plan and metrices etc ; 
    *    involved in requirement analysis, design, deployment of the project and also interacting with the client. I was also managing the Production Support for the project ;</Description>
<StartDate id='111_2_1'><YearMonth>2008-06</YearMonth></StartDate>
<EndDate id='111_2_2'><YearMonth>2010-09</YearMonth></EndDate>



<JobLevelInfo>
<JobGrade>joblevel-nonmanager-mid</JobGrade>
</JobLevelInfo>

<JobCategory>
<TaxonomyName>JOBAREA</TaxonomyName>
<CategoryCode>it</CategoryCode>
</JobCategory>


<UserArea>
<DaxPositionHistoryUserArea>
<TLSPAN first_id='111' last_id='122' border_id='123'></TLSPAN>
<MonthsOfWork>28</MonthsOfWork>
</DaxPositionHistoryUserArea>
</UserArea>
</PositionHistory>
</EmployerOrg>

<EmployerOrg employerOrgType='soleEmployer'>
<EmployerOrgName id='108_2'>Headstrong</EmployerOrgName>

<PositionHistory positionType='PROJECT'>
<Title id='134_1'>runner</Title>
<OrgName id='108_2'>Headstrong</OrgName>



<Description>This project involved automation of the various HR processes like requesting a reference Letter, transfer of an employee, Security termination etc.The project was to create web applications to enter information to be used by the workflow and implementing the workflows having various approval steps involved to complete the process by various HR persons.
*    Led the project for Automation of HR processes of Morgan Stanley Worldwide which helped the HR to improve the efficiency of the process by 30% in terms of the time that HR spent to manually run the processes

    *    Responsible for client interaction, requirement analysis, estimation, team coordination, design, development, deployment, UAT and Production support of the application. ; 
    *    coordinating with the client to understand the requirements and give estimates to the client for the project and allocation of tasks to the team ; 
    *    Created design documents and the proof of concept for various business cases ; 
    *    won the runner up award, two times in a row, for the prestigious Headstrong Quality Achievement Award because of the process and quality management of the project ;</Description>
<StartDate id='123_1'><YearMonth>2006-12</YearMonth></StartDate>
<EndDate id='123_2'><YearMonth>2008-06</YearMonth></EndDate>




<JobCategory>
<TaxonomyName>JOBAREA</TaxonomyName>
<CategoryCode>hr</CategoryCode>
</JobCategory>


<UserArea>
<DaxPositionHistoryUserArea>
<TLSPAN first_id='123' last_id='137' border_id='138'></TLSPAN>
<MonthsOfWork>19</MonthsOfWork>
</DaxPositionHistoryUserArea>
</UserArea>
</PositionHistory>
</EmployerOrg>

<EmployerOrg employerOrgType='soleEmployer'>
<EmployerOrgName id='138_2'>Quark Media House</EmployerOrgName>
<EmployerContactInfo>
<LocationSummary id='138_3'>
<Municipality>Chandigarh</Municipality>
</LocationSummary>
</EmployerContactInfo>
<PositionHistory positionType='CONTRACT'>

<OrgName id='138_2'>Quark Media House</OrgName>



<Description>This product was to maintain and enhance a suite of Content Management applications of a big publishing company based in USA. This was an online content management product sold by name Quark Media Portal by Seeker.
    *    Designed and coded the new features and added to the product using Java and J2EE technologies. ; 
    *    Wrote Algorithms and business logic in Core Java and used MVC architecture to design the application. ; 
    *    Responsible for writing middle layer using Stateless EJBs and front end using servlets and JSPs. ; 
    *    Involved in development of stored procedures using temporary tables, joined, cursers etc. to incorporate business logic in SQL Server2000. ; 
    *    Used callable and prepared statements extensively for the database connectivity with the application using JDBC ;</Description>
<StartDate id='138_1_1'><YearMonth>2004-09</YearMonth></StartDate>
<EndDate id='138_1_2'><YearMonth>2005-02</YearMonth></EndDate>




<JobCategory>
<TaxonomyName>JOBAREA</TaxonomyName>
<CategoryCode>it</CategoryCode>
</JobCategory>


<UserArea>
<DaxPositionHistoryUserArea>
<TLSPAN first_id='138' last_id='149' border_id='150'></TLSPAN>
<MonthsOfWork>6</MonthsOfWork>
</DaxPositionHistoryUserArea>
</UserArea>
</PositionHistory>
</EmployerOrg>

<EmployerOrg employerOrgType='soleEmployer'>
<EmployerOrgName id='150_2'>EGAIN COMMUNICATION</EmployerOrgName>
<EmployerContactInfo>
<LocationSummary id='150_3'>
<Municipality>Pune</Municipality>
<Region>Maharashtra</Region>
<CountryCode>IN</CountryCode>
</LocationSummary>
</EmployerContactInfo>
<PositionHistory positionType='PERMANENT'>
<Title id='150_4_1'>Software Engineer</Title>
<OrgName id='150_2'>EGAIN COMMUNICATION</OrgName>



<Description>Self Service was one of the products of the J2EE based contact-center solutions, which included email management, knowledge management, live online help, virtual agent etc. This eGainSelfService module targeted end-customers, i.e. the customers getting serviced by contact-center clients.

    *    Part of the core team to develop a CRM product called ``Self Service'' which provides distinctive, productive and brand-aligned self-service experiences by using client knowledge base to create a customized self service web site

    *    The product ``Self Service'' helped to bring down the phone support calls for clients by 20% ; 
    *    Involved in system requirement study and review. ; 
    *    This included writing both the high level as well as low level design documents and reviewed peer design documents ; 
    *    Wrote algorithms and business logic in Core Java ; 
    *    The middle layer used stateless EJBs and also JMS for event logging purpose

Additional    *    Listening to music, playing with my toddler son and capturing his growing up moments on my camera</Description>
<StartDate id='150_1_1'><Year>2002</Year></StartDate>
<EndDate id='150_1_2'><Year>2004</Year></EndDate>



<JobLevelInfo>
<JobGrade>joblevel-nonmanager-low</JobGrade>
</JobLevelInfo>

<JobCategory>
<TaxonomyName>JOBAREA</TaxonomyName>
<CategoryCode>it</CategoryCode>
</JobCategory>


<UserArea>
<DaxPositionHistoryUserArea>
<TLSPAN first_id='150' last_id='158' border_id='0'></TLSPAN>
<MonthsOfWork>24</MonthsOfWork>
</DaxPositionHistoryUserArea>
</UserArea>
</PositionHistory>
</EmployerOrg>

</EmploymentHistory>
<EducationHistory>
<SchoolOrInstitution schoolType='university'>
<SchoolName id='23'>NEW YORK UNIVERSITY</SchoolName>
<LocationSummary id='24'>
<Municipality>New York</Municipality>
<Region>NY</Region>
<CountryCode>US</CountryCode>
</LocationSummary>

<OrganizationUnit organizationType='mainco'>Leonard N. Stern School of Business</OrganizationUnit>
<Degree degreeType='masters'>
<DegreeName id='25_2'>Master of Business Administration</DegreeName>
<DegreeDate id='25_3_2'><Year>2014</Year></DegreeDate>
</Degree>



<DatesOfAttendance>
<StartDate id='25_3_1'><Year>2012</Year></StartDate>
<EndDate id='25_3_2'><Year>2014</Year></EndDate>
</DatesOfAttendance>
<Comments>Specializations in Information Systems and Strategy
    NATIONAL INSTITUTE OF TECHNOLOGY    Punjab, India</Comments>
</SchoolOrInstitution>

<SchoolOrInstitution schoolType='university'>
<SchoolName id='26_1'>NATIONAL INSTITUTE OF TECHNOLOGY</SchoolName>
<LocationSummary id='26_2'>
<Region>Punjab</Region>
<CountryCode>IN</CountryCode>
</LocationSummary>


<Degree degreeType='bachelors'>
<DegreeName id='26_3'>Bachelor of Technology</DegreeName>
<DegreeDate id='26_4'><YearMonth>2002-06</YearMonth></DegreeDate>
</Degree>
<Major id='26_3'>Computer Science and Engineering</Major>



<Comments>*    Member of Computer Society of India
Technical Skills
    Systems:    Windows NT/2000/2003/XP, UNIX</Comments>
</SchoolOrInstitution>

</EducationHistory>











<Competency oids='15 19 82 83 121 128 ' description='Skill' auth='yes' name='Requirements Analysis'>
<CompetencyEvidence name='Extent of Experience' typeDescription='Extent of Experience' type='MONTH' lastUsed='2014'><NumericValue description='MONTH'>115</NumericValue></CompetencyEvidence>

<CompetencyEvidence typeDescription='Alias' name='Alias'><StringValue>requirement analysis</StringValue></CompetencyEvidence>

<CompetencyWeight type='skillLevel'><NumericValue minValue='0' maxValue='100'>98</NumericValue></CompetencyWeight>

<CompetencyWeight type='skillProficiency'><StringValue minValue='BASIC' maxValue='EXCELLENT'>EXCELLENT</StringValue></CompetencyWeight>
</Competency>

<Competency oids='21 81 122 130 ' description='Skill' auth='no' name='design'>
<CompetencyEvidence name='Extent of Experience' typeDescription='Extent of Experience' type='MONTH' lastUsed='2014'><NumericValue description='MONTH'>115</NumericValue></CompetencyEvidence>

<CompetencyEvidence typeDescription='Alias' name='Alias'><StringValue>, design</StringValue></CompetencyEvidence>

<CompetencyEvidence typeDescription='Alias' name='Alias'><StringValue>design,</StringValue></CompetencyEvidence>

<CompetencyWeight type='skillLevel'><NumericValue minValue='0' maxValue='100'>99</NumericValue></CompetencyWeight>

<CompetencyWeight type='skillProficiency'><StringValue minValue='BASIC' maxValue='EXCELLENT'>EXCELLENT</StringValue></CompetencyWeight>
</Competency>

<Competency oids='35 114 116 142 ' description='Skill > IT' auth='yes' name='Java'>
<CompetencyEvidence name='Extent of Experience' typeDescription='Extent of Experience' type='MONTH' lastUsed='2010'><NumericValue description='MONTH'>66</NumericValue></CompetencyEvidence>

<CompetencyEvidence typeDescription='Alias' name='Alias'><StringValue>Java 1.3 1.3</StringValue></CompetencyEvidence>

<CompetencyEvidence typeDescription='Alias' name='Alias'><StringValue>Java 5 5</StringValue></CompetencyEvidence>

<CompetencyWeight type='skillLevel'><NumericValue minValue='0' maxValue='100'>55</NumericValue></CompetencyWeight>

<CompetencyWeight type='skillProficiency'><StringValue minValue='BASIC' maxValue='EXCELLENT'>WORKING</StringValue></CompetencyWeight>
</Competency>

<Competency oids='62 113 117 ' description='Skill > IT' auth='yes' name='Web Services'>
<CompetencyEvidence name='Extent of Experience' typeDescription='Extent of Experience' type='MONTH' lastUsed='2010'><NumericValue description='MONTH'>60</NumericValue></CompetencyEvidence>

<CompetencyWeight type='skillLevel'><NumericValue minValue='0' maxValue='100'>56</NumericValue></CompetencyWeight>

<CompetencyWeight type='skillProficiency'><StringValue minValue='BASIC' maxValue='EXCELLENT'>WORKING</StringValue></CompetencyWeight>
</Competency>

<Competency oids='60 115 157 ' description='Skill > IT' auth='yes' name='Enterprise Java Beans'>
<CompetencyEvidence name='Extent of Experience' typeDescription='Extent of Experience' type='MONTH' lastUsed='2010'><NumericValue description='MONTH'>84</NumericValue></CompetencyEvidence>

<CompetencyEvidence typeDescription='Alias' name='Alias'><StringValue>EJBs</StringValue></CompetencyEvidence>

<CompetencyEvidence typeDescription='Alias' name='Alias'><StringValue>EJB</StringValue></CompetencyEvidence>

<CompetencyWeight type='skillLevel'><NumericValue minValue='0' maxValue='100'>54</NumericValue></CompetencyWeight>

<CompetencyWeight type='skillProficiency'><StringValue minValue='BASIC' maxValue='EXCELLENT'>WORKING</StringValue></CompetencyWeight>
</Competency>

<Competency oids='40 61 ' description='Skill > IT' auth='yes' name='Spring Framework'>
<CompetencyEvidence typeDescription='Alias' name='Alias'><StringValue>Spring</StringValue></CompetencyEvidence>

<CompetencyWeight type='skillLevel'><NumericValue minValue='0' maxValue='100'>13</NumericValue></CompetencyWeight>
</Competency>

<Competency oids='17 120 ' description='Skill' auth='yes' name='Project Management'>
<CompetencyEvidence name='Extent of Experience' typeDescription='Extent of Experience' type='MONTH' lastUsed='2010'><NumericValue description='MONTH'>60</NumericValue></CompetencyEvidence>

<CompetencyWeight type='skillLevel'><NumericValue minValue='0' maxValue='100'>52</NumericValue></CompetencyWeight>

<CompetencyWeight type='skillProficiency'><StringValue minValue='BASIC' maxValue='EXCELLENT'>WORKING</StringValue></CompetencyWeight>
</Competency>

<Competency oids='69 148 ' description='Skill > IT' auth='yes' name='Microsoft SQL Server 2000'>
<CompetencyEvidence name='Extent of Experience' typeDescription='Extent of Experience' type='MONTH' lastUsed='2005'><NumericValue description='MONTH'>6</NumericValue></CompetencyEvidence>

<CompetencyEvidence typeDescription='Alias' name='Alias'><StringValue>2000</StringValue></CompetencyEvidence>

<CompetencyEvidence typeDescription='Alias' name='Alias'><StringValue>SQL Server2000</StringValue></CompetencyEvidence>

<CompetencyWeight type='skillLevel'><NumericValue minValue='0' maxValue='100'>17</NumericValue></CompetencyWeight>

<CompetencyWeight type='skillProficiency'><StringValue minValue='BASIC' maxValue='EXCELLENT'>BASIC</StringValue></CompetencyWeight>
</Competency>

<Competency oids='36 146 ' description='Skill > IT' auth='yes' name='Java Servlets'>
<CompetencyEvidence name='Extent of Experience' typeDescription='Extent of Experience' type='MONTH' lastUsed='2005'><NumericValue description='MONTH'>6</NumericValue></CompetencyEvidence>

<CompetencyEvidence typeDescription='Alias' name='Alias'><StringValue>Servlets</StringValue></CompetencyEvidence>

<CompetencyWeight type='skillLevel'><NumericValue minValue='0' maxValue='100'>17</NumericValue></CompetencyWeight>

<CompetencyWeight type='skillProficiency'><StringValue minValue='BASIC' maxValue='EXCELLENT'>BASIC</StringValue></CompetencyWeight>
</Competency>

<Competency oids='37 147 ' description='Skill > IT' auth='yes' name='Java Server Pages'>
<CompetencyEvidence name='Extent of Experience' typeDescription='Extent of Experience' type='MONTH' lastUsed='2005'><NumericValue description='MONTH'>6</NumericValue></CompetencyEvidence>

<CompetencyEvidence typeDescription='Alias' name='Alias'><StringValue>JSP</StringValue></CompetencyEvidence>

<CompetencyEvidence typeDescription='Alias' name='Alias'><StringValue>JSPs</StringValue></CompetencyEvidence>

<CompetencyWeight type='skillLevel'><NumericValue minValue='0' maxValue='100'>17</NumericValue></CompetencyWeight>

<CompetencyWeight type='skillProficiency'><StringValue minValue='BASIC' maxValue='EXCELLENT'>BASIC</StringValue></CompetencyWeight>
</Competency>

<Competency oids='143 151 ' description='Skill > IT' auth='yes' name='Java 2 Enterprise Edition'>
<CompetencyEvidence name='Extent of Experience' typeDescription='Extent of Experience' type='MONTH' lastUsed='2005'><NumericValue description='MONTH'>30</NumericValue></CompetencyEvidence>

<CompetencyEvidence typeDescription='Alias' name='Alias'><StringValue>J2EE</StringValue></CompetencyEvidence>

<CompetencyWeight type='skillLevel'><NumericValue minValue='0' maxValue='100'>25</NumericValue></CompetencyWeight>

<CompetencyWeight type='skillProficiency'><StringValue minValue='BASIC' maxValue='EXCELLENT'>BASIC</StringValue></CompetencyWeight>
</Competency>

<Competency oids='39 149 ' description='Skill > IT' auth='yes' name='JDBC'>
<CompetencyEvidence name='Extent of Experience' typeDescription='Extent of Experience' type='MONTH' lastUsed='2005'><NumericValue description='MONTH'>6</NumericValue></CompetencyEvidence>

<CompetencyWeight type='skillLevel'><NumericValue minValue='0' maxValue='100'>17</NumericValue></CompetencyWeight>

<CompetencyWeight type='skillProficiency'><StringValue minValue='BASIC' maxValue='EXCELLENT'>BASIC</StringValue></CompetencyWeight>
</Competency>

<Competency oids='139 141 ' description='Skill' auth='yes' name='Content Management'>
<CompetencyEvidence name='Extent of Experience' typeDescription='Extent of Experience' type='MONTH' lastUsed='2005'><NumericValue description='MONTH'>6</NumericValue></CompetencyEvidence>

<CompetencyWeight type='skillLevel'><NumericValue minValue='0' maxValue='100'>21</NumericValue></CompetencyWeight>

<CompetencyWeight type='skillProficiency'><StringValue minValue='BASIC' maxValue='EXCELLENT'>BASIC</StringValue></CompetencyWeight>
</Competency>

<Competency oids='129 ' description='Skill' auth='no' name='team coordination'>
<CompetencyEvidence name='Extent of Experience' typeDescription='Extent of Experience' type='MONTH' lastUsed='2008'><NumericValue description='MONTH'>19</NumericValue></CompetencyEvidence>

<CompetencyWeight type='skillLevel'><NumericValue minValue='0' maxValue='100'>24</NumericValue></CompetencyWeight>

<CompetencyWeight type='skillProficiency'><StringValue minValue='BASIC' maxValue='EXCELLENT'>BASIC</StringValue></CompetencyWeight>
</Competency>

<Competency oids='102 ' description='Skill' auth='no' name='quantitative equity Analysis'>
<CompetencyEvidence name='Extent of Experience' typeDescription='Extent of Experience' type='MONTH' lastUsed='2011'><NumericValue description='MONTH'>12</NumericValue></CompetencyEvidence>

<CompetencyWeight type='skillLevel'><NumericValue minValue='0' maxValue='100'>67</NumericValue></CompetencyWeight>

<CompetencyWeight type='skillProficiency'><StringValue minValue='BASIC' maxValue='EXCELLENT'>GOOD</StringValue></CompetencyWeight>
</Competency>

<Competency oids='137 ' description='Skill' auth='no' name='quality management'>
<CompetencyEvidence name='Extent of Experience' typeDescription='Extent of Experience' type='MONTH' lastUsed='2008'><NumericValue description='MONTH'>19</NumericValue></CompetencyEvidence>

<CompetencyWeight type='skillLevel'><NumericValue minValue='0' maxValue='100'>21</NumericValue></CompetencyWeight>

<CompetencyWeight type='skillProficiency'><StringValue minValue='BASIC' maxValue='EXCELLENT'>BASIC</StringValue></CompetencyWeight>
</Competency>

<Competency oids='80 ' description='Skill' auth='no' name='production deployment'>
<CompetencyEvidence name='Extent of Experience' typeDescription='Extent of Experience' type='MONTH' lastUsed='2014'><NumericValue description='MONTH'>36</NumericValue></CompetencyEvidence>

<CompetencyWeight type='skillLevel'><NumericValue minValue='0' maxValue='100'>98</NumericValue></CompetencyWeight>

<CompetencyWeight type='skillProficiency'><StringValue minValue='BASIC' maxValue='EXCELLENT'>EXCELLENT</StringValue></CompetencyWeight>
</Competency>

<Competency oids='136 ' description='Skill' auth='no' name='process Management'>
<CompetencyEvidence name='Extent of Experience' typeDescription='Extent of Experience' type='MONTH' lastUsed='2008'><NumericValue description='MONTH'>19</NumericValue></CompetencyEvidence>

<CompetencyEvidence typeDescription='Alias' name='Alias'><StringValue>process</StringValue></CompetencyEvidence>

<CompetencyWeight type='skillLevel'><NumericValue minValue='0' maxValue='100'>21</NumericValue></CompetencyWeight>

<CompetencyWeight type='skillProficiency'><StringValue minValue='BASIC' maxValue='EXCELLENT'>BASIC</StringValue></CompetencyWeight>
</Competency>

<Competency oids='88 ' description='Skill' auth='no' name='managed the Project Plan'>
<CompetencyEvidence name='Extent of Experience' typeDescription='Extent of Experience' type='MONTH' lastUsed='2014'><NumericValue description='MONTH'>36</NumericValue></CompetencyEvidence>

<CompetencyWeight type='skillLevel'><NumericValue minValue='0' maxValue='100'>95</NumericValue></CompetencyWeight>

<CompetencyWeight type='skillProficiency'><StringValue minValue='BASIC' maxValue='EXCELLENT'>EXCELLENT</StringValue></CompetencyWeight>
</Competency>

<Competency oids='79 ' description='Skill' auth='no' name='manage the entire SDLC'>
<CompetencyEvidence name='Extent of Experience' typeDescription='Extent of Experience' type='MONTH' lastUsed='2014'><NumericValue description='MONTH'>36</NumericValue></CompetencyEvidence>

<CompetencyWeight type='skillLevel'><NumericValue minValue='0' maxValue='100'>99</NumericValue></CompetencyWeight>

<CompetencyWeight type='skillProficiency'><StringValue minValue='BASIC' maxValue='EXCELLENT'>EXCELLENT</StringValue></CompetencyWeight>
</Competency>

<Competency oids='156 ' description='Skill' auth='no' name='low level design'>
<CompetencyEvidence name='Extent of Experience' typeDescription='Extent of Experience' type='MONTH' lastUsed='2004'><NumericValue description='MONTH'>24</NumericValue></CompetencyEvidence>

<CompetencyWeight type='skillLevel'><NumericValue minValue='0' maxValue='100'>23</NumericValue></CompetencyWeight>

<CompetencyWeight type='skillProficiency'><StringValue minValue='BASIC' maxValue='EXCELLENT'>BASIC</StringValue></CompetencyWeight>
</Competency>

<Competency oids='153 ' description='Skill' auth='no' name='knowledge management'>
<CompetencyEvidence name='Extent of Experience' typeDescription='Extent of Experience' type='MONTH' lastUsed='2004'><NumericValue description='MONTH'>24</NumericValue></CompetencyEvidence>

<CompetencyWeight type='skillLevel'><NumericValue minValue='0' maxValue='100'>24</NumericValue></CompetencyWeight>

<CompetencyWeight type='skillProficiency'><StringValue minValue='BASIC' maxValue='EXCELLENT'>BASIC</StringValue></CompetencyWeight>
</Competency>

<Competency oids='20 ' description='Skill' auth='no' name='global team coordination'>
<CompetencyWeight type='skillLevel'><NumericValue minValue='0' maxValue='100'>13</NumericValue></CompetencyWeight>
</Competency>

<Competency oids='9 ' description='Skill' auth='no' name='global experience'>
<CompetencyEvidence name='Extent of Experience' typeDescription='Extent of Experience' type='YEAR'><NumericValue description='YEAR'>12</NumericValue></CompetencyEvidence>

<CompetencyEvidence typeDescription='Alias' name='Alias'><StringValue>Around 12 years of global experience</StringValue></CompetencyEvidence>

<CompetencyWeight type='skillLevel'><NumericValue minValue='0' maxValue='100'>13</NumericValue></CompetencyWeight>
</Competency>

<Competency oids='152 ' description='Skill' auth='no' name='email management'>
<CompetencyEvidence name='Extent of Experience' typeDescription='Extent of Experience' type='MONTH' lastUsed='2004'><NumericValue description='MONTH'>24</NumericValue></CompetencyEvidence>

<CompetencyWeight type='skillLevel'><NumericValue minValue='0' maxValue='100'>25</NumericValue></CompetencyWeight>

<CompetencyWeight type='skillProficiency'><StringValue minValue='BASIC' maxValue='EXCELLENT'>BASIC</StringValue></CompetencyWeight>
</Competency>

<Competency oids='154 ' description='Skill' auth='no' name='develop a CRM product'>
<CompetencyEvidence name='Extent of Experience' typeDescription='Extent of Experience' type='MONTH' lastUsed='2004'><NumericValue description='MONTH'>24</NumericValue></CompetencyEvidence>

<CompetencyWeight type='skillLevel'><NumericValue minValue='0' maxValue='100'>24</NumericValue></CompetencyWeight>

<CompetencyWeight type='skillProficiency'><StringValue minValue='BASIC' maxValue='EXCELLENT'>BASIC</StringValue></CompetencyWeight>
</Competency>

<Competency oids='44 ' description='Skill > IT' auth='yes' name='XML'>
<CompetencyWeight type='skillLevel'><NumericValue minValue='0' maxValue='100'>13</NumericValue></CompetencyWeight>
</Competency>

<Competency oids='47 ' description='Skill > IT' auth='yes' name='WebLogic Enterprise Application Server'>
<CompetencyEvidence typeDescription='Alias' name='Alias'><StringValue>Weblogic 9 9</StringValue></CompetencyEvidence>

<CompetencyWeight type='skillLevel'><NumericValue minValue='0' maxValue='100'>13</NumericValue></CompetencyWeight>
</Competency>

<Competency oids='64 ' description='Skill > IT' auth='yes' name='WSDL'>
<CompetencyWeight type='skillLevel'><NumericValue minValue='0' maxValue='100'>13</NumericValue></CompetencyWeight>
</Competency>

<Competency oids='14 ' description='Skill' auth='yes' name='Vendor Management'>
<CompetencyEvidence typeDescription='Alias' name='Alias'><StringValue>Vendor Analysis</StringValue></CompetencyEvidence>

<CompetencyWeight type='skillLevel'><NumericValue minValue='0' maxValue='100'>13</NumericValue></CompetencyWeight>
</Competency>

<Competency oids='131 ' description='Skill' auth='yes' name='User Acceptance Testing'>
<CompetencyEvidence name='Extent of Experience' typeDescription='Extent of Experience' type='MONTH' lastUsed='2008'><NumericValue description='MONTH'>19</NumericValue></CompetencyEvidence>

<CompetencyEvidence typeDescription='Alias' name='Alias'><StringValue>UAT and</StringValue></CompetencyEvidence>

<CompetencyWeight type='skillLevel'><NumericValue minValue='0' maxValue='100'>23</NumericValue></CompetencyWeight>

<CompetencyWeight type='skillProficiency'><StringValue minValue='BASIC' maxValue='EXCELLENT'>BASIC</StringValue></CompetencyWeight>
</Competency>

<Competency oids='33 ' description='Skill > IT' auth='yes' name='UNIX'>
<CompetencyWeight type='skillLevel'><NumericValue minValue='0' maxValue='100'>13</NumericValue></CompetencyWeight>
</Competency>

<Competency oids='67 ' description='Skill > IT' auth='yes' name='Sybase'>
<CompetencyEvidence typeDescription='Alias' name='Alias'><StringValue>Sybase 15.5 15.5</StringValue></CompetencyEvidence>

<CompetencyWeight type='skillLevel'><NumericValue minValue='0' maxValue='100'>13</NumericValue></CompetencyWeight>
</Competency>

<Competency oids='38 ' description='Skill > IT' auth='yes' name='Struts Web Application Framework'>
<CompetencyEvidence typeDescription='Alias' name='Alias'><StringValue>Struts</StringValue></CompetencyEvidence>

<CompetencyWeight type='skillLevel'><NumericValue minValue='0' maxValue='100'>13</NumericValue></CompetencyWeight>
</Competency>

<Competency oids='85 ' description='Skill > IT' auth='yes' name='Software as a Service'>
<CompetencyEvidence name='Extent of Experience' typeDescription='Extent of Experience' type='MONTH' lastUsed='2014'><NumericValue description='MONTH'>36</NumericValue></CompetencyEvidence>

<CompetencyWeight type='skillLevel'><NumericValue minValue='0' maxValue='100'>95</NumericValue></CompetencyWeight>

<CompetencyWeight type='skillProficiency'><StringValue minValue='BASIC' maxValue='EXCELLENT'>EXCELLENT</StringValue></CompetencyWeight>
</Competency>

<Competency oids='63 ' description='Skill > IT' auth='yes' name='SOAP'>
<CompetencyWeight type='skillLevel'><NumericValue minValue='0' maxValue='100'>13</NumericValue></CompetencyWeight>
</Competency>

<Competency oids='13 ' description='Skill > IT' auth='yes' name='SDLC'>
<CompetencyWeight type='skillLevel'><NumericValue minValue='0' maxValue='100'>13</NumericValue></CompetencyWeight>
</Competency>

<Competency oids='145 ' description='Skill' auth='no' name='Responsible for writing middle layer'>
<CompetencyEvidence name='Extent of Experience' typeDescription='Extent of Experience' type='MONTH' lastUsed='2005'><NumericValue description='MONTH'>6</NumericValue></CompetencyEvidence>

<CompetencyWeight type='skillLevel'><NumericValue minValue='0' maxValue='100'>18</NumericValue></CompetencyWeight>

<CompetencyWeight type='skillProficiency'><StringValue minValue='BASIC' maxValue='EXCELLENT'>BASIC</StringValue></CompetencyWeight>
</Competency>

<Competency oids='127 ' description='Skill' auth='no' name='Responsible for client interaction'>
<CompetencyEvidence name='Extent of Experience' typeDescription='Extent of Experience' type='MONTH' lastUsed='2008'><NumericValue description='MONTH'>19</NumericValue></CompetencyEvidence>

<CompetencyWeight type='skillLevel'><NumericValue minValue='0' maxValue='100'>26</NumericValue></CompetencyWeight>

<CompetencyWeight type='skillProficiency'><StringValue minValue='BASIC' maxValue='EXCELLENT'>BASIC</StringValue></CompetencyWeight>
</Competency>

<Competency oids='51 ' description='Skill > IT' auth='yes' name='Rapid Application Development RAD'>
<CompetencyEvidence typeDescription='Alias' name='Alias'><StringValue>RAD</StringValue></CompetencyEvidence>

<CompetencyWeight type='skillLevel'><NumericValue minValue='0' maxValue='100'>13</NumericValue></CompetencyWeight>
</Competency>

<Competency oids='65 ' description='Skill > IT' auth='yes' name='REST'>
<CompetencyWeight type='skillLevel'><NumericValue minValue='0' maxValue='100'>13</NumericValue></CompetencyWeight>
</Competency>

<Competency oids='100 ' description='Skill' auth='yes' name='Quantitative Equities'>
<CompetencyEvidence name='Extent of Experience' typeDescription='Extent of Experience' type='MONTH' lastUsed='2011'><NumericValue description='MONTH'>12</NumericValue></CompetencyEvidence>

<CompetencyEvidence typeDescription='Alias' name='Alias'><StringValue>Quantitative Equity</StringValue></CompetencyEvidence>

<CompetencyWeight type='skillLevel'><NumericValue minValue='0' maxValue='100'>68</NumericValue></CompetencyWeight>

<CompetencyWeight type='skillProficiency'><StringValue minValue='BASIC' maxValue='EXCELLENT'>GOOD</StringValue></CompetencyWeight>
</Competency>

<Competency oids='16 ' description='Skill' auth='no' name='Program Management'>
<CompetencyWeight type='skillLevel'><NumericValue minValue='0' maxValue='100'>13</NumericValue></CompetencyWeight>
</Competency>

<Competency oids='132 ' description='Skill' auth='no' name='Production support'>
<CompetencyEvidence name='Extent of Experience' typeDescription='Extent of Experience' type='MONTH' lastUsed='2008'><NumericValue description='MONTH'>19</NumericValue></CompetencyEvidence>

<CompetencyWeight type='skillLevel'><NumericValue minValue='0' maxValue='100'>22</NumericValue></CompetencyWeight>

<CompetencyWeight type='skillProficiency'><StringValue minValue='BASIC' maxValue='EXCELLENT'>BASIC</StringValue></CompetencyWeight>
</Competency>

<Competency oids='46 ' description='Skill > IT' auth='yes' name='Perl Programming'>
<CompetencyEvidence typeDescription='Alias' name='Alias'><StringValue>PERL</StringValue></CompetencyEvidence>

<CompetencyWeight type='skillLevel'><NumericValue minValue='0' maxValue='100'>13</NumericValue></CompetencyWeight>
</Competency>

<Competency oids='18 ' description='Skill' auth='no' name='People Management'>
<CompetencyWeight type='skillLevel'><NumericValue minValue='0' maxValue='100'>13</NumericValue></CompetencyWeight>
</Competency>

<Competency oids='66 ' description='Skill > IT' auth='yes' name='Oracle 10G'>
<CompetencyWeight type='skillLevel'><NumericValue minValue='0' maxValue='100'>13</NumericValue></CompetencyWeight>
</Competency>

<Competency oids='32 ' description='Skill > IT' auth='yes' name='Microsoft Windows XP'>
<CompetencyEvidence typeDescription='Alias' name='Alias'><StringValue>XP</StringValue></CompetencyEvidence>

<CompetencyWeight type='skillLevel'><NumericValue minValue='0' maxValue='100'>13</NumericValue></CompetencyWeight>
</Competency>

<Competency oids='29 ' description='Skill > IT' auth='yes' name='Microsoft Windows NT'>
<CompetencyEvidence typeDescription='Alias' name='Alias'><StringValue>Windows NT</StringValue></CompetencyEvidence>

<CompetencyWeight type='skillLevel'><NumericValue minValue='0' maxValue='100'>13</NumericValue></CompetencyWeight>
</Competency>

<Competency oids='31 ' description='Skill > IT' auth='yes' name='Microsoft Windows 2003 Server'>
<CompetencyEvidence typeDescription='Alias' name='Alias'><StringValue>2003</StringValue></CompetencyEvidence>

<CompetencyWeight type='skillLevel'><NumericValue minValue='0' maxValue='100'>13</NumericValue></CompetencyWeight>
</Competency>

<Competency oids='48 ' description='Skill > IT' auth='yes' name='Microsoft Windows 2000 Server'>
<CompetencyEvidence typeDescription='Alias' name='Alias'><StringValue>Tomcat Server 5 5</StringValue></CompetencyEvidence>

<CompetencyWeight type='skillLevel'><NumericValue minValue='0' maxValue='100'>13</NumericValue></CompetencyWeight>
</Competency>

<Competency oids='30 ' description='Skill > IT' auth='yes' name='Microsoft Windows 2000 Professional'>
<CompetencyEvidence typeDescription='Alias' name='Alias'><StringValue>2000</StringValue></CompetencyEvidence>

<CompetencyWeight type='skillLevel'><NumericValue minValue='0' maxValue='100'>13</NumericValue></CompetencyWeight>
</Competency>

<Competency oids='68 ' description='Skill > IT' auth='yes' name='Microsoft SQL Server'>
<CompetencyEvidence typeDescription='Alias' name='Alias'><StringValue>SQL Server</StringValue></CompetencyEvidence>

<CompetencyWeight type='skillLevel'><NumericValue minValue='0' maxValue='100'>13</NumericValue></CompetencyWeight>
</Competency>

<Competency oids='93 ' description='Skill' auth='yes' name='Managerial Skills'>
<CompetencyEvidence name='Extent of Experience' typeDescription='Extent of Experience' type='MONTH' lastUsed='2014'><NumericValue description='MONTH'>36</NumericValue></CompetencyEvidence>

<CompetencyEvidence typeDescription='Alias' name='Alias'><StringValue>senior management</StringValue></CompetencyEvidence>

<CompetencyWeight type='skillLevel'><NumericValue minValue='0' maxValue='100'>95</NumericValue></CompetencyWeight>

<CompetencyWeight type='skillProficiency'><StringValue minValue='BASIC' maxValue='EXCELLENT'>EXCELLENT</StringValue></CompetencyWeight>
</Competency>

<Competency oids='92 ' description='Skill' auth='no' name='Managed the relationship'>
<CompetencyEvidence name='Extent of Experience' typeDescription='Extent of Experience' type='MONTH' lastUsed='2014'><NumericValue description='MONTH'>36</NumericValue></CompetencyEvidence>

<CompetencyWeight type='skillLevel'><NumericValue minValue='0' maxValue='100'>95</NumericValue></CompetencyWeight>

<CompetencyWeight type='skillProficiency'><StringValue minValue='BASIC' maxValue='EXCELLENT'>EXCELLENT</StringValue></CompetencyWeight>
</Competency>

<Competency oids='107 ' description='Skill' auth='no' name='Managed the relation'>
<CompetencyEvidence name='Extent of Experience' typeDescription='Extent of Experience' type='MONTH' lastUsed='2011'><NumericValue description='MONTH'>12</NumericValue></CompetencyEvidence>

<CompetencyWeight type='skillLevel'><NumericValue minValue='0' maxValue='100'>65</NumericValue></CompetencyWeight>

<CompetencyWeight type='skillProficiency'><StringValue minValue='BASIC' maxValue='EXCELLENT'>GOOD</StringValue></CompetencyWeight>
</Competency>

<Competency oids='95 ' description='Skill' auth='no' name='Managed the entire SDLC'>
<CompetencyEvidence name='Extent of Experience' typeDescription='Extent of Experience' type='MONTH' lastUsed='2014'><NumericValue description='MONTH'>36</NumericValue></CompetencyEvidence>

<CompetencyWeight type='skillLevel'><NumericValue minValue='0' maxValue='100'>95</NumericValue></CompetencyWeight>

<CompetencyWeight type='skillProficiency'><StringValue minValue='BASIC' maxValue='EXCELLENT'>EXCELLENT</StringValue></CompetencyWeight>
</Competency>

<Competency oids='144 ' description='Skill > IT' auth='yes' name='MVC'>
<CompetencyEvidence name='Extent of Experience' typeDescription='Extent of Experience' type='MONTH' lastUsed='2005'><NumericValue description='MONTH'>6</NumericValue></CompetencyEvidence>

<CompetencyWeight type='skillLevel'><NumericValue minValue='0' maxValue='100'>18</NumericValue></CompetencyWeight>

<CompetencyWeight type='skillProficiency'><StringValue minValue='BASIC' maxValue='EXCELLENT'>BASIC</StringValue></CompetencyWeight>
</Competency>

<Competency oids='86 ' description='Skill' auth='no' name='Learning Management'>
<CompetencyEvidence name='Extent of Experience' typeDescription='Extent of Experience' type='MONTH' lastUsed='2014'><NumericValue description='MONTH'>36</NumericValue></CompetencyEvidence>

<CompetencyWeight type='skillLevel'><NumericValue minValue='0' maxValue='100'>95</NumericValue></CompetencyWeight>

<CompetencyWeight type='skillProficiency'><StringValue minValue='BASIC' maxValue='EXCELLENT'>EXCELLENT</StringValue></CompetencyWeight>
</Competency>

<Competency oids='43 ' description='Skill > IT' auth='yes' name='JavaScript'>
<CompetencyWeight type='skillLevel'><NumericValue minValue='0' maxValue='100'>13</NumericValue></CompetencyWeight>
</Competency>

<Competency oids='158 ' description='Skill > IT' auth='yes' name='Java Messaging Service'>
<CompetencyEvidence name='Extent of Experience' typeDescription='Extent of Experience' type='MONTH' lastUsed='2004'><NumericValue description='MONTH'>24</NumericValue></CompetencyEvidence>

<CompetencyEvidence typeDescription='Alias' name='Alias'><StringValue>JMS</StringValue></CompetencyEvidence>

<CompetencyWeight type='skillLevel'><NumericValue minValue='0' maxValue='100'>21</NumericValue></CompetencyWeight>

<CompetencyWeight type='skillProficiency'><StringValue minValue='BASIC' maxValue='EXCELLENT'>BASIC</StringValue></CompetencyWeight>
</Competency>

<Competency oids='48 ' description='Skill > IT' auth='yes' name='Jakarta TOMCAT Servlet Engine'>
<CompetencyEvidence typeDescription='Alias' name='Alias'><StringValue>Tomcat Server 5 5</StringValue></CompetencyEvidence>

<CompetencyWeight type='skillLevel'><NumericValue minValue='0' maxValue='100'>13</NumericValue></CompetencyWeight>
</Competency>

<Competency oids='54 ' description='Skill > IT' auth='yes' name='JIRA'>
<CompetencyWeight type='skillLevel'><NumericValue minValue='0' maxValue='100'>13</NumericValue></CompetencyWeight>
</Competency>

<Competency oids='106 ' description='Skill' auth='yes' name='Investment Management'>
<CompetencyEvidence name='Extent of Experience' typeDescription='Extent of Experience' type='MONTH' lastUsed='2011'><NumericValue description='MONTH'>12</NumericValue></CompetencyEvidence>

<CompetencyWeight type='skillLevel'><NumericValue minValue='0' maxValue='100'>66</NumericValue></CompetencyWeight>

<CompetencyWeight type='skillProficiency'><StringValue minValue='BASIC' maxValue='EXCELLENT'>GOOD</StringValue></CompetencyWeight>
</Competency>

<Competency oids='57 ' description='Skill > IT' auth='yes' name='Informatica'>
<CompetencyWeight type='skillLevel'><NumericValue minValue='0' maxValue='100'>13</NumericValue></CompetencyWeight>
</Competency>

<Competency oids='49 ' description='Skill > IT' auth='yes' name='IBM WebSphere'>
<CompetencyEvidence typeDescription='Alias' name='Alias'><StringValue>Websphere 7 7</StringValue></CompetencyEvidence>

<CompetencyWeight type='skillLevel'><NumericValue minValue='0' maxValue='100'>13</NumericValue></CompetencyWeight>
</Competency>

<Competency oids='41 ' description='Skill > IT' auth='yes' name='Hibernate'>
<CompetencyWeight type='skillLevel'><NumericValue minValue='0' maxValue='100'>13</NumericValue></CompetencyWeight>
</Competency>

<Competency oids='42 ' description='Skill > IT' auth='yes' name='HTML'>
<CompetencyWeight type='skillLevel'><NumericValue minValue='0' maxValue='100'>13</NumericValue></CompetencyWeight>
</Competency>

<Competency oids='76 ' description='Skill' auth='yes' name='Forecasting'>
<CompetencyEvidence name='Extent of Experience' typeDescription='Extent of Experience' type='MONTH' lastUsed='2014'><NumericValue description='MONTH'>36</NumericValue></CompetencyEvidence>

<CompetencyWeight type='skillLevel'><NumericValue minValue='0' maxValue='100'>100</NumericValue></CompetencyWeight>

<CompetencyWeight type='skillProficiency'><StringValue minValue='BASIC' maxValue='EXCELLENT'>EXCELLENT</StringValue></CompetencyWeight>
</Competency>

<Competency oids='103 ' description='Skill' auth='yes' name='Equity Analysis'>
<CompetencyEvidence name='Extent of Experience' typeDescription='Extent of Experience' type='MONTH' lastUsed='2011'><NumericValue description='MONTH'>12</NumericValue></CompetencyEvidence>

<CompetencyEvidence typeDescription='Alias' name='Alias'><StringValue>Equity research</StringValue></CompetencyEvidence>

<CompetencyWeight type='skillLevel'><NumericValue minValue='0' maxValue='100'>66</NumericValue></CompetencyWeight>

<CompetencyWeight type='skillProficiency'><StringValue minValue='BASIC' maxValue='EXCELLENT'>GOOD</StringValue></CompetencyWeight>
</Competency>

<Competency oids='50 ' description='Skill > IT' auth='yes' name='ECLiPSe'>
<CompetencyEvidence typeDescription='Alias' name='Alias'><StringValue>Eclipse IDE 3.5 3.5</StringValue></CompetencyEvidence>

<CompetencyWeight type='skillLevel'><NumericValue minValue='0' maxValue='100'>13</NumericValue></CompetencyWeight>
</Competency>

<Competency oids='133 ' description='Skill' auth='no' name='Created design'>
<CompetencyEvidence name='Extent of Experience' typeDescription='Extent of Experience' type='MONTH' lastUsed='2008'><NumericValue description='MONTH'>19</NumericValue></CompetencyEvidence>

<CompetencyWeight type='skillLevel'><NumericValue minValue='0' maxValue='100'>21</NumericValue></CompetencyWeight>

<CompetencyWeight type='skillProficiency'><StringValue minValue='BASIC' maxValue='EXCELLENT'>BASIC</StringValue></CompetencyWeight>
</Competency>

<Competency oids='58 ' description='Skill > IT' auth='yes' name='Business Objects'>
<CompetencyWeight type='skillLevel'><NumericValue minValue='0' maxValue='100'>13</NumericValue></CompetencyWeight>
</Competency>

<Competency oids='52 ' description='Skill > IT' auth='yes' name='Borland JBuilder'>
<CompetencyEvidence typeDescription='Alias' name='Alias'><StringValue>jBuilder</StringValue></CompetencyEvidence>

<CompetencyWeight type='skillLevel'><NumericValue minValue='0' maxValue='100'>13</NumericValue></CompetencyWeight>
</Competency>

<Competency oids='59 ' description='Skill > IT' auth='yes' name='Aqua Data Studio ER Modeler'>
<CompetencyEvidence typeDescription='Alias' name='Alias'><StringValue>Aqua Data Studio</StringValue></CompetencyEvidence>

<CompetencyWeight type='skillLevel'><NumericValue minValue='0' maxValue='100'>13</NumericValue></CompetencyWeight>
</Competency>

<Competency oids='55 ' description='Skill > IT' auth='yes' name='Apache Subversion'>
<CompetencyEvidence typeDescription='Alias' name='Alias'><StringValue>SVN</StringValue></CompetencyEvidence>

<CompetencyWeight type='skillLevel'><NumericValue minValue='0' maxValue='100'>13</NumericValue></CompetencyWeight>
</Competency>

<Competency oids='56 ' description='Skill > IT' auth='no' name='AUTOSYS'>
<CompetencyWeight type='skillLevel'><NumericValue minValue='0' maxValue='100'>13</NumericValue></CompetencyWeight>
</Competency>

<Competency oids='45 ' description='Skill > IT' auth='yes' name='AJAX'>
<CompetencyWeight type='skillLevel'><NumericValue minValue='0' maxValue='100'>13</NumericValue></CompetencyWeight>
</Competency>

<Competency oids='134_1 ' description='Held Position' auth='no' name='the runner'>
<CompetencyEvidence name='Extent of Experience' typeDescription='Extent of Experience' type='MONTH' lastUsed='2008'><NumericValue description='MONTH'>19</NumericValue></CompetencyEvidence>

<CompetencyWeight type='skillLevel'><NumericValue minValue='0' maxValue='100'>26</NumericValue></CompetencyWeight>

<CompetencyWeight type='skillProficiency'><StringValue minValue='BASIC' maxValue='EXCELLENT'>BASIC</StringValue></CompetencyWeight>
</Competency>

<Competency oids='84_1 ' description='Held Position' auth='no' name='Technical Manager'>
<CompetencyEvidence name='Extent of Experience' typeDescription='Extent of Experience' type='MONTH' lastUsed='2014'><NumericValue description='MONTH'>36</NumericValue></CompetencyEvidence>

<CompetencyWeight type='skillLevel'><NumericValue minValue='0' maxValue='100'>99</NumericValue></CompetencyWeight>

<CompetencyWeight type='skillProficiency'><StringValue minValue='BASIC' maxValue='EXCELLENT'>EXCELLENT</StringValue></CompetencyWeight>
</Competency>

<Competency oids='99_1 ' description='Held Position' auth='no' name='Technical Lead'>
<CompetencyEvidence name='Extent of Experience' typeDescription='Extent of Experience' type='MONTH' lastUsed='2011'><NumericValue description='MONTH'>12</NumericValue></CompetencyEvidence>

<CompetencyWeight type='skillLevel'><NumericValue minValue='0' maxValue='100'>68</NumericValue></CompetencyWeight>

<CompetencyWeight type='skillProficiency'><StringValue minValue='BASIC' maxValue='EXCELLENT'>GOOD</StringValue></CompetencyWeight>
</Competency>

<Competency oids='111_1_1 ' description='Held Position' auth='no' name='Senior Consultant'>
<CompetencyEvidence name='Extent of Experience' typeDescription='Extent of Experience' type='MONTH' lastUsed='2010'><NumericValue description='MONTH'>60</NumericValue></CompetencyEvidence>

<CompetencyWeight type='skillLevel'><NumericValue minValue='0' maxValue='100'>56</NumericValue></CompetencyWeight>

<CompetencyWeight type='skillProficiency'><StringValue minValue='BASIC' maxValue='EXCELLENT'>WORKING</StringValue></CompetencyWeight>
</Competency>

<Competency oids='53_1 ' description='Held Position' auth='no' name='Savvion Business Manager'>
<CompetencyWeight type='skillLevel'><NumericValue minValue='0' maxValue='100'>13</NumericValue></CompetencyWeight>
</Competency>

<Competency oids='71_1 ' description='Held Position' auth='no' name='Program Manager'>
<CompetencyEvidence name='Extent of Experience' typeDescription='Extent of Experience' type='MONTH' lastUsed='2014'><NumericValue description='MONTH'>36</NumericValue></CompetencyEvidence>

<CompetencyWeight type='skillLevel'><NumericValue minValue='0' maxValue='100'>100</NumericValue></CompetencyWeight>

<CompetencyWeight type='skillProficiency'><StringValue minValue='BASIC' maxValue='EXCELLENT'>EXCELLENT</StringValue></CompetencyWeight>
</Competency>

<Competency oids='150_4_1 ' description='Held Position' auth='yes' name='Analyst/Programmer'>
<CompetencyEvidence name='Extent of Experience' typeDescription='Extent of Experience' type='MONTH' lastUsed='2004'><NumericValue description='MONTH'>24</NumericValue></CompetencyEvidence>

<CompetencyEvidence typeDescription='Alias' name='Alias'><StringValue>Software Engineer</StringValue></CompetencyEvidence>

<CompetencyWeight type='skillLevel'><NumericValue minValue='0' maxValue='100'>26</NumericValue></CompetencyWeight>

<CompetencyWeight type='skillProficiency'><StringValue minValue='BASIC' maxValue='EXCELLENT'>BASIC</StringValue></CompetencyWeight>
</Competency>

<Competency oids='27 ' description='Degree/Qualification > Professional' auth='no' name='Member of Computer Society of India'>
<CompetencyWeight type='skillLevel'><NumericValue minValue='0' maxValue='100'>12</NumericValue></CompetencyWeight>
</Competency>

<Competency oids='25_2 ' description='Degree/Qualification' auth='yes' name='Masters Degree > Master of Business Administration'>
<CompetencyEvidence typeDescription='Alias' name='Alias'><StringValue>Master of Business Administration</StringValue></CompetencyEvidence>

<CompetencyWeight type='skillLevel'><NumericValue minValue='0' maxValue='100'>12</NumericValue></CompetencyWeight>
</Competency>

<Competency oids='135 ' description='Degree/Qualification > Professional' auth='no' name='Headstrong Quality Achievement Award'>
<CompetencyWeight type='skillLevel'><NumericValue minValue='0' maxValue='100'>12</NumericValue></CompetencyWeight>
</Competency>

<Competency oids='26_3 ' description='Degree/Qualification' auth='yes' name='Bachelors Degree > Bachelor of Technology > Bachelor of Technology Computer Science and Engineering'>
<CompetencyEvidence name='Application' typeDescription='Application' type='Computer Science and Engineering'><StringValue>Computer Science and Engineering</StringValue></CompetencyEvidence>

<CompetencyEvidence typeDescription='Alias' name='Alias'><StringValue>Bachelor of Technology in Computer Science and Engineering</StringValue></CompetencyEvidence>

<CompetencyWeight type='skillLevel'><NumericValue minValue='0' maxValue='100'>12</NumericValue></CompetencyWeight>
</Competency>

<Competency description='Industry' auth='yes' name='industry~it'>
<CompetencyEvidence name='skillCount' typeDescription='skillCount'><NumericValue>5</NumericValue></CompetencyEvidence>

<CompetencyWeight type='skillLevel'><NumericValue minValue='0' maxValue='100'>100</NumericValue></CompetencyWeight>
</Competency>























<RevisionDate id='1'>2014-07-05</RevisionDate>
</StructuredXMLResume>
<NonXMLResume>

<TextResume>



<span inprof='n' id='1' class='date'>{{DOCUMENT_DATESTAMP}} 2014-07-05 {{END_DOCUMENT_DATESTAMP}}</span> 

<span inprof='y' id='2' class='nominal'>Harsandeep Singh</span>
<span inprof='y' id='3' class='location'>46 Cedar Street
Jersey City, NJ 07305</span>
<span inprof='y' id='4' class='email'>E-mail: harsandeep.singh@gmail.com</span> - <span inprof='y' id='5' class='email'>email: harsandeep.singh@gmail.com</span>
<span inprof='y' id='6' class='telephone'>Cell No. +1 201 5893373</span>
<span inprof='y' id='7' class='telephone'>Home No. +1 862 205 2081</span>



<span inprof='n' id='8' class='objectives-mark'>SUMMARY</span>

<span inprof='y' id='9' class='skill'>Around 12 years of global experience</span> in the IT industry working for organizations like <span inprof='n' id='10' class='company'>Goldman Sachs</span>, <span inprof='n' id='11' class='company'>JP Morgan Chase</span>, <span inprof='n' id='12' class='company'>Morgan Stanley</span>, eGain in various roles. My key strengths are to understand business with a technology mindset and create a strategy for the technology, identify key focus areas and drive strong execution to deliver the impact. Worked on complete <span inprof='y' id='13' class='sofwr'>SDLC</span> starting from RFP, <span inprof='y' id='14' class='skill'>Vendor Analysis</span>, planning, PoC, <span inprof='y' id='15' class='skill'>requirement analysis</span>, development, maintenance and support. Expertise in <span inprof='y' id='16' class='skill'>Program Management</span>, <span inprof='y' id='17' class='skill'>Project Management</span>, <span inprof='y' id='18' class='skill'>People Management</span>, <span inprof='y' id='19' class='skill'>requirement analysis</span>, client interaction, <span inprof='y' id='20' class='skill'>global team coordination</span><span inprof='y' id='21' class='skill'>, design</span>, development, maintenance and support of software applications.

<span inprof='n' id='22' class='edu-hist-mark'>Education:</span>
<span inprof='y' id='23' class='educational'>NEW YORK UNIVERSITY</span>                                                                                                    <span inprof='y' id='24' class='location'>New York, NY</span>
                                                                                                    <span inprof='y' id='25_1' class='educational'>Leonard N. Stern School of Business</span>
                                                                                                    <span inprof='y' id='25_2' class='qualif'>Master of Business Administration</span>, <span inprof='y' id='25_3_1' class='date'>2012</span>-<span inprof='y' id='25_3_2' class='date'>2014</span>
                                                                                                    Specializations in Information Systems and Strategy
                                                                                                    <span inprof='y' id='26_1' class='educational'>NATIONAL INSTITUTE OF TECHNOLOGY</span>                                                                                                    <span inprof='y' id='26_2' class='location'>Punjab, India</span>
                                                                                                    <span inprof='y' id='26_3' class='qualif'>Bachelor of Technology in Computer Science and Engineering</span>, <span inprof='y' id='26_4' class='date'>June 2002</span>
                                                                                                    *    <span inprof='y' id='27' class='qualif'>Member of Computer Society of India</span>
<span inprof='n' id='28' class='title-line'>Technical Skills</span>
                                                                                                      Systems:           <span inprof='y' id='29' class='sofwr'>Windows NT</span>/<span inprof='y' id='30' class='sofwr'>2000</span>/<span inprof='y' id='31' class='sofwr'>2003</span>/<span inprof='y' id='32' class='sofwr'>XP</span>, <span inprof='y' id='33' class='sofwr'>UNIX</span>
                                                                                                    <span inprof='n' id='34' class='skills-qualif-mark'>Languages:</span>
Core <span inprof='y' id='35' class='sofwr'>Java</span>, <span inprof='y' id='36' class='sofwr'>Servlets</span>, <span inprof='y' id='37' class='sofwr'>JSP</span>, <span inprof='y' id='38' class='sofwr'>Struts</span>, <span inprof='y' id='39' class='sofwr'>JDBC</span>, <span inprof='y' id='40' class='sofwr'>Spring</span>, <span inprof='y' id='41' class='sofwr'>Hibernate</span> , <span inprof='y' id='42' class='sofwr'>HTML</span>, <span inprof='y' id='43' class='sofwr'>JavaScript</span>, <span inprof='y' id='44' class='sofwr'>XML</span>, <span inprof='y' id='45' class='sofwr'>Ajax</span>, <span inprof='y' id='46' class='sofwr'>PERL</span>, myBatis

                                                                                                    Applications:        <span inprof='y' id='47' class='sofwr'>Weblogic 9</span>, <span inprof='y' id='48' class='sofwr'>Tomcat Server 5</span>, <span inprof='y' id='49' class='sofwr'>Websphere 7</span>
                                                                                                    Tools:               <span inprof='y' id='50' class='sofwr'>Eclipse IDE 3.5</span>, <span inprof='y' id='51' class='sofwr'>RAD</span>, <span inprof='y' id='52' class='sofwr'>jBuilder</span>, DBArtisan, <span inprof='y' id='53_1' class='role'>Savvion Business Manager</span>, Perforce, <span inprof='y' id='54' class='sofwr'>JIRA</span>, <span inprof='y' id='55' class='sofwr'>SVN</span>, <span inprof='y' id='56' class='sofwr'>AUTOSYS</span>, <span inprof='y' id='57' class='sofwr'>Informatica</span>, <span inprof='y' id='58' class='sofwr'>Business Objects</span>, <span inprof='y' id='59' class='sofwr'>Aqua Data Studio</span>

                                                                                                    Middleware:          Stateless <span inprof='y' id='60' class='sofwr'>EJBs</span>, <span inprof='y' id='61' class='sofwr'>Spring</span>, <span inprof='y' id='62' class='sofwr'>Web Services</span> using <span inprof='y' id='63' class='sofwr'>SOAP</span> and <span inprof='y' id='64' class='sofwr'>WSDL</span> and <span inprof='y' id='65' class='sofwr'>REST</span>
                                                                                                    Databases:           <span inprof='y' id='66' class='sofwr'>Oracle 10g</span> ,<span inprof='y' id='67' class='sofwr'>Sybase  15.5</span>,<span inprof='y' id='68' class='sofwr'>SQL Server</span><span inprof='y' id='69' class='sofwr'>2000</span>

<span inprof='n' id='70_1' class='experience-title'>Experience:</span>                                                                                                    <span inprof='y' id='70_2' class='company'>GOLDMAN SACHS INC.</span>                                                                                                    <span inprof='y' id='70_3' class='location'>Jersey City, NJ</span>
<span inprof='y' id='70_4_1' class='date'>2011</span>- <span inprof='y' id='70_4_2' class='date'>Present</span>                                                                                                    Global Project/<span inprof='y' id='71_1' class='role'>Program Manager</span>
                                                                                                    *    Responsible for the management of the global IT program for Benefits and wellness in US, <span inprof='n' id='72' class='location'>London</span>, <span inprof='n' id='73' class='location'>Asia</span> and <span inprof='n' id='74' class='location'>India</span>. Benefits and wellness includes the Pension, Healthcare and different wellness programs designed for different countries where <span inprof='n' id='75' class='company'>Goldman Sachs</span> has its offices. ; 
                                                                                                    *    Drive the prioritization of the key features for the applications considering the cost, savings, customer value etc. ; 
                                                                                                    *    Help in <span inprof='y' id='76' class='skill'>forecasting</span> the IT budget for the group by understanding the future IT requirements and looking at the pipelines for potential projects and feature changes

                                                                                                    *    Managing the global IT team in US, <span inprof='n' id='77' class='location'>London</span> and <span inprof='n' id='78' class='location'>India</span> to provide services to global business users and provide solutions to global business requirements ; 
                                                                                                    *    Participate and <span inprof='y' id='79' class='skill'>manage the entire SDLC</span> of different projects starting from initiation to <span inprof='y' id='80' class='skill'>production deployment</span> ; 
                                                                                                    *    Prepare Project Charter, Scope, Project Plan and participate in the <span inprof='y' id='81' class='skill'>design,</span> <span inprof='y' id='82' class='skill'>requirement analysis</span>, coding and testing of the applications ; 
                                                                                                    *    Define, evaluate, and improve processes. Manage/lead projects and efforts across multiple stakeholders, and educate stakeholders through different stages of the projects. ; 
                                                                                                    *    Support the team in what's required to move projects forward and to help team innovate for creative and technical excellence. ; 
                                                                                                    *    Drive the cross functional teams to a solution set across different teams including the business users, Engineering team,  other technology teams  and external vendors ; 
                                                                                                    *    Developing and implementing project plan and work with different stakeholders and cross functional teams to execute the same. ; 
                                                                                                    *    Collaborated with the engineering teams to understand roadblocks and technical challenges in the implementation and worked to overcome the same by making recommendations and engaging experts from other groups ; 
                                                                                                    *    Engage with the business users to understand the requirements and help in <span inprof='y' id='83' class='skill'>Requirement Analysis</span> and drive the BRD and FRD for the applications ; 
                                                                                                    *    Used Agile methodologies for implementation

                                                                                                    <span inprof='y' id='84_1' class='role'>Technical Manager</span>

                                                                                                    *    Led the Global implementation of SaaS (<span inprof='y' id='85' class='sofwr'>Software as a Service</span>) based <span inprof='y' id='86' class='skill'>Learning Management</span> System starting from the RFP to final go live. The budget of the implementation was <span inprof='n' id='87' class='money'>$1 million</span>

                                                                                                    *    Created and <span inprof='y' id='88' class='skill'>managed the Project Plan</span> for <span inprof='n' id='89' class='duration'>1 year</span> of the implementation of the project with 7 team members, spread out globally in US, <span inprof='n' id='90' class='location'>London</span> and <span inprof='n' id='91' class='location'>India</span> ; 
                                                                                                    *    <span inprof='y' id='92' class='skill'>Managed the relationship</span> with the vendor on behalf of technology team by deciding upon the SLAs for support and maintenance and prioritizing the changes and enhancements. Liaised with <span inprof='y' id='93' class='skill'>senior management</span> from vendor to define requirements, decide timelines for deliverables of the project ; 
                                                                                                    *    Created IT strategy for the application to minimize support/upgrade and maintenance cost for <span inprof='n' id='94' class='company'>Goldman Sachs</span>, and to maximize user's productivity by providing self service tools for support ; 
                                                                                                    *    Participated in the designing of the application infrastructure with tech architects ; 
                                                                                                    *    <span inprof='y' id='95' class='skill'>Managed the entire SDLC</span> of the project with team of 8 team members including, Business Analysts, development team, QA.

<span inprof='y' id='96_1_1' class='date'>2010</span> - <span inprof='y' id='96_1_2' class='date'>2011</span>                                                                                                    <span inprof='y' id='96_2' class='company'>Working for NYTP</span> for <span inprof='y' id='97' class='company'>client JP MORGAN CHASE</span>                                                                                                    <span inprof='y' id='98' class='location'>New York City, NY</span>
                                                                                                    <span inprof='y' id='99_1' class='role'>Technical Lead</span>
                                                                                                    The <span inprof='y' id='100' class='skill'>Quantitative Equity</span> Technology (QET) project (for <span inprof='n' id='101' class='company'>JP Morgan Chase Investment Management</span>) develops application modules which manages performance of the investment processes, using a quantitative model based on security pickings and analytics
                                                                                                    Role
                                                                                                    *    Lead a global team of 5 developers to automate the reports for <span inprof='y' id='102' class='skill'>quantitative equity Analysis</span> in the <span inprof='y' id='103' class='skill'>Equity research</span> division. Automation minimized the downtime for the reporting environment to <span inprof='n' id='104' class='duration'>10 minutes</span> from <span inprof='n' id='105' class='duration'>40 minutes</span>

                                                                                                    *    Implemented an online application to help Portfolio Managers in ``<span inprof='y' id='106' class='skill'>Investment Management</span>'' to look at reports for making investment decisions. The Portfolio Managers used to spend time to manually generate the reports prior to the new implementation

                                                                                                    *    <span inprof='y' id='107' class='skill'>Managed the relation</span> with the users and stakeholders to track the project health and to report and escalate any risks for the project implementation

<span inprof='y' id='108_1_1' class='date'>2005</span> - <span inprof='y' id='108_1_2' class='date'>2010</span>                                                                                                    <span inprof='y' id='108_2' class='company'>Working for Headstrong</span> for <span inprof='y' id='109' class='company'>client MORGAN STANLEY</span>                                                                                                    <span inprof='y' id='110' class='location'>Jersey City, NJ</span>
                                                                                                    <span inprof='y' id='111_1_1' class='role'>Senior Consultant</span>
<span inprof='y' id='111_2_1' class='date'>June, 2008</span> - <span inprof='y' id='111_2_2' class='date'>Sep 2010</span>                                                                                                    To enhance the Learning Management System for <span inprof='y' id='112' class='company'>Morgan Stanley</span> built over Plateau, including an extension to the system and a <span inprof='y' id='113' class='sofwr'>Webservices</span> platform. The project involves technical stack upgrade from <span inprof='y' id='114' class='sofwr'>Java 1.3</span> <span inprof='y' id='115' class='sofwr'>EJB</span> based architecture to <span inprof='y' id='116' class='sofwr'>Java 5</span> <span inprof='y' id='117' class='sofwr'>Webservices</span>/spring/hibernate based platform

                                                                                                    *    Led the global team of 6 consultants for the project to Migrate learning Data in an Application for <span inprof='n' id='118' class='company'>Morgan Stanley and Smith</span> <span inprof='y' id='119' class='location'>Barney</span> Merger ; 
                                                                                                    *    Maintain various project documents like SoW, <span inprof='y' id='120' class='skill'>project management</span> plan and metrices etc ; 
                                                                                                    *    involved in <span inprof='y' id='121' class='skill'>requirement analysis</span><span inprof='y' id='122' class='skill'>, design</span>, deployment of the project and also interacting with the client. I was also managing the Production Support for the project

<span inprof='y' id='123_1' class='date'>Dec, 2006</span> - <span inprof='y' id='123_2' class='date'>June 2008</span>                                                                                                    This project involved automation of the various HR processes like requesting a reference Letter, transfer <span inprof='n' id='124' class='bad-occupation'>of an employee</span>, Security termination etc.The project was to create web applications to enter information to be used by the workflow and implementing the workflows having various approval steps involved to complete the process by various HR persons.

                                                                                                    *    Led the project for Automation of HR processes of <span inprof='n' id='125' class='company'>Morgan Stanley Worldwide</span> which helped the HR to improve the efficiency of the process by <span inprof='n' id='126' class='percent'>30%</span> in terms of the time that HR spent to manually run the processes

                                                                                                    *    <span inprof='y' id='127' class='skill'>Responsible for client interaction</span>, <span inprof='y' id='128' class='skill'>requirement analysis</span>, estimation, <span inprof='y' id='129' class='skill'>team coordination</span><span inprof='y' id='130' class='skill'>, design</span>, development, deployment, <span inprof='y' id='131' class='skill'>UAT and</span> <span inprof='y' id='132' class='skill'>Production support</span> of the application. ; 
                                                                                                    *    coordinating with the client to understand the requirements and give estimates to the client for the project and allocation of tasks to the team ; 
                                                                                                    *    <span inprof='y' id='133' class='skill'>Created design</span> documents and the proof of concept for various business cases ; 
                                                                                                    *    won <span inprof='y' id='134_1' class='role'>the runner</span> up award, two times in a row, for the prestigious <span inprof='y' id='135' class='qualif'>Headstrong Quality Achievement Award</span> because of the <span inprof='y' id='136' class='skill'>process</span> and <span inprof='y' id='137' class='skill'>quality management</span> of the project

<span inprof='y' id='138_1_1' class='date'>Sep, 2004</span> - <span inprof='y' id='138_1_2' class='date'>Feb, 2005</span>                                                                                                    <span inprof='y' id='138_2' class='company'>Quark Media House</span>, <span inprof='y' id='138_3' class='location'>Chandigarh</span>
                                                                                                    This product was to maintain and enhance a suite of <span inprof='y' id='139' class='skill'>Content Management</span> applications of a big publishing company based in <span inprof='n' id='140' class='location'>USA</span>. This was an online <span inprof='y' id='141' class='skill'>content management</span> product sold by name Quark Media Portal by Seeker.
                                                                                                    *    Designed and coded the new features and added to the product using <span inprof='y' id='142' class='sofwr'>Java</span> and <span inprof='y' id='143' class='sofwr'>J2EE</span> technologies. ; 
                                                                                                    *    Wrote Algorithms and business logic in Core Java and used <span inprof='y' id='144' class='sofwr'>MVC</span> architecture to design the application. ; 
                                                                                                    *    <span inprof='y' id='145' class='skill'>Responsible for writing middle layer</span> using Stateless EJBs and front end using <span inprof='y' id='146' class='sofwr'>servlets</span> and <span inprof='y' id='147' class='sofwr'>JSPs</span>. ; 
                                                                                                    *    Involved in development of stored procedures using temporary tables, joined, cursers etc. to incorporate business logic in <span inprof='y' id='148' class='sofwr'>SQL Server2000</span>. ; 
                                                                                                    *    Used callable and prepared statements extensively for the database connectivity with the application using <span inprof='y' id='149' class='sofwr'>JDBC</span>

<span inprof='y' id='150_1_1' class='date'>2002</span> - <span inprof='y' id='150_1_2' class='date'>2004</span>                                                                                                    <span inprof='y' id='150_2' class='company'>EGAIN COMMUNICATION</span>                                                                                                    <span inprof='y' id='150_3' class='location'>Pune, Maharashtra, India</span>
                                                                                                    <span inprof='y' id='150_4_1' class='role'>Software Engineer</span>
                                                                                                    Self Service was one of the products of the <span inprof='y' id='151' class='sofwr'>J2EE</span> based contact-center solutions, which included <span inprof='y' id='152' class='skill'>email management</span>, <span inprof='y' id='153' class='skill'>knowledge management</span>, live online help, virtual agent etc. This eGainSelfService module targeted end-customers, i.e. the customers getting serviced by contact-center clients.

                                                                                                    *    Part of the core team to <span inprof='y' id='154' class='skill'>develop a CRM product</span> called ``Self Service'' which provides distinctive, productive and brand-aligned self-service experiences by using client knowledge base to create a customized self service web site

                                                                                                    *    The product ``Self Service'' helped to bring down the phone support calls for clients by <span inprof='n' id='155' class='percent'>20%</span> ; 
                                                                                                    *    Involved in system requirement study and review. ; 
                                                                                                    *    This included writing both the high level as well as <span inprof='y' id='156' class='skill'>low level design</span> documents and reviewed peer design documents ; 
                                                                                                    *    Wrote algorithms and business logic in Core Java ; 
                                                                                                    *    The middle layer used stateless <span inprof='y' id='157' class='sofwr'>EJBs</span> and also <span inprof='y' id='158' class='sofwr'>JMS</span> for event logging purpose

Additional                                                                                                    *    Listening to music, playing with my toddler son and capturing his growing up moments on my camera


</TextResume>

</NonXMLResume>



<UserArea>
<DaxResumeUserArea>
<AdditionalPersonalData>
<ExperienceSummary>
<TotalMonthsOfWorkExperience>185</TotalMonthsOfWorkExperience>
<TotalYearsOfWorkExperience>15</TotalYearsOfWorkExperience>
<TotalMonthsOfManagementWorkExperience>48</TotalMonthsOfManagementWorkExperience>
<TotalYearsOfManagementWorkExperience>4</TotalYearsOfManagementWorkExperience>
<TotalMonthsOfLowLevelManagementWorkExperience>48</TotalMonthsOfLowLevelManagementWorkExperience>
<TotalYearsOfLowLevelManagementWorkExperience>4</TotalYearsOfLowLevelManagementWorkExperience>
<ExecutiveBrief>Harsandeep Singh is a resident of Jersey City, NJ, US. He has been working in the IT  occupational sector for more than 15 years. Currently he is employed as a Program Manager at GOLDMAN SACHS INC. Harsandeep has extensive knowledge of Java, Web Services, Enterprise Java Beans, Microsoft SQL Server 2000, Java Servlets, Java Server Pages, Java 2 Enterprise Edition, JDBC, Software as a Service, MVC, Java Messaging Service. Harsandeep has an extensive management experience (4 years).</ExecutiveBrief>
<ManagementRecord>Currently since 2011 the candidate had experience at a lower grade management level working as a Program Manager at GOLDMAN SACHS INC..
Since 2010 for 12 months the candidate had experience at a lower grade management level working as a Technical Lead at NYTP.
</ManagementRecord>
</ExperienceSummary>
</AdditionalPersonalData>
<ParserInfo>
<ParserConfiguration>{max_len=50000} {tel_flag=} {send_zip=} {fast_conv=} {DEF_LOCAL=} {sdate=0} {no_email_body=0} {do_clever_zoning=1} {keep_span=1} {complex=1} {accept_langs=} {not_accept_langs=} {prefer_lang_cv=EN} {pers_only=0} {turbo=0} {split_language=0} {picture=0} {picture_inline=0} {name_space=0} {charset=} {hrxml_upgrade_edu_hist=0}{hrxml_add_languages_section=0}{spool=} {docID=} {user=DEFAULT} </ParserConfiguration>
<ParserRelease>0.12.3.32629</ParserRelease>
<ParserReleaseDate>2014-06-18</ParserReleaseDate>
<ParserSchema>2.0.29</ParserSchema>
<ParserSchemaLocation>http://cvx.daxtra.com/cvts/xsd/candidate/2.0.29/Resume.xsd</ParserSchemaLocation>
<ConverterRelease>0.5.2.32629</ConverterRelease>
<ConverterReleaseDate>2014-06-18</ConverterReleaseDate>
</ParserInfo>
<FileStruct filename='/home/izoom/anazarov/grammar/analysis/3rconnect/doc/100_Resume-ApTask/Resume - Harsandeep Singh.doc'>

<attachment fname='Resume - Harsandeep Singh.doc' ftype='docx' conv='yes' doc_type='cv' lang='EN'>/home/izoom/anazarov/grammar/analysis/3rconnect/doc/100_Resume-ApTask/Resume - Harsandeep Singh.doc</attachment>


</FileStruct>
</DaxResumeUserArea>
</UserArea>
</Resume>
