<?xml version='1.0' encoding='ISO-8859-1'?>
<Resume lang='en' src='DAXTRA-CVX schema:2.0.29 release:0.12.3.32629 rdate:2014-06-18'>
<StructuredXMLResume>
<ContactInfo>
<PersonName id='3'>
<FormattedName>Sachin Kumar</FormattedName>
<GivenName>Sachin</GivenName>
<FamilyName>Kumar</FamilyName>
<sex>Male</sex>
</PersonName>
<ContactMethod>
<Telephone id='5' type='alt'>
<InternationalCountryCode>91</InternationalCountryCode>
<SubscriberNumber>9719119005</SubscriberNumber>
<FormattedNumber>+91 9719119005</FormattedNumber></Telephone>

<Mobile id='4'>
<InternationalCountryCode>91</InternationalCountryCode>
<SubscriberNumber>8010457035</SubscriberNumber>
<FormattedNumber>+91 8010457035</FormattedNumber></Mobile>

<InternetEmailAddress id='6' type='main'>schauhan831@gmail.com</InternetEmailAddress>
<InternetEmailAddress id='7' type='alt'>sk059567@gmail.com</InternetEmailAddress>
<PostalAddress id='3' type='main'>
<CountryCode>IN</CountryCode>
<Region>Moradabad</Region>
<Municipality>Post- Thakurdwara</Municipality>
<DeliveryAddress>
<AddressLine>Village- Faijulla ganj</AddressLine>
<StreetName>Faijulla ganj</StreetName>
<BuildingNumber>Village</BuildingNumber>
</DeliveryAddress>

</PostalAddress>
</ContactMethod>
</ContactInfo>
<ExecutiveSummary>To attain a good position in competitive, globally, result oriented progressive organization where I can utilize my communication and other skills.</ExecutiveSummary>

<Date id='61' type='dob'><AnyDate>1988-09-01</AnyDate></Date>
<MaritalStatus id='64_1'>SINGLE</MaritalStatus>
<Nationality id='63_1'>IN</Nationality>


<EducationHistory>
<SchoolOrInstitution schoolType='college'>
<SchoolName id='36'>M.J.P.R.U Bareilly</SchoolName>







<DatesOfAttendance>
<StartDate><AnyDate>notKnown</AnyDate></StartDate>
<EndDate id='37'><Year>2008</Year></EndDate>
</DatesOfAttendance>
<Comments>Job responsibility:
  *    Assembling of PC's ; 
  *    Installation &#38; Troubleshooting of Software's &#38; Hardware Devices ; 
  *    Installation &#38; Troubleshooting of Operating System ; 
  *    Configuration of Domain &#38; Workgroup ; 
  *    Configuration of ADS, DNS, WINS, DHCP, IIS,FTP, Group Policy ,FSMO,DFS,NAT. ; 
  *    Configuration of, Users &#38; Groups, OU. ; 
  *    Installation &#38; Configuration of Router, Switch, Modem . ; 
  *    Configuration    of    VLAN, VPN, NAT, PAT ,PPTP, RIP, OSPF, EIGRP, IGRP etc.
    Installation &#38; Configuration of Wireless Access Point, Bluetooth.

Personal Strengths</Comments>
</SchoolOrInstitution>

</EducationHistory>











<Competency oids='13 14 24 25 ' description='Skill > IT' auth='yes' name='Microsoft Outlook'>
<CompetencyEvidence typeDescription='Alias' name='Alias'><StringValue>Outlook</StringValue></CompetencyEvidence>

<CompetencyEvidence typeDescription='Alias' name='Alias'><StringValue>Outlook Express</StringValue></CompetencyEvidence>

<CompetencyWeight type='skillLevel'><NumericValue minValue='0' maxValue='100'>90</NumericValue></CompetencyWeight>

<CompetencyWeight type='skillProficiency'><StringValue minValue='BASIC' maxValue='EXCELLENT'>GOOD</StringValue></CompetencyWeight>
</Competency>

<Competency oids='22 43 ' description='Skill > IT' auth='yes' name='Dynamic Host Control protocol'>
<CompetencyEvidence typeDescription='Alias' name='Alias'><StringValue>DHCP</StringValue></CompetencyEvidence>

<CompetencyWeight type='skillLevel'><NumericValue minValue='0' maxValue='100'>18</NumericValue></CompetencyWeight>
</Competency>

<Competency oids='21 41 ' description='Skill > IT' auth='yes' name='Domain Name Server Protocol'>
<CompetencyEvidence name='Application' typeDescription='Application' type='Configuration'><StringValue>Configuration</StringValue></CompetencyEvidence>

<CompetencyEvidence typeDescription='Alias' name='Alias'><StringValue>Configuration of DNS</StringValue></CompetencyEvidence>

<CompetencyEvidence typeDescription='Alias' name='Alias'><StringValue>DNS</StringValue></CompetencyEvidence>

<CompetencyWeight type='skillLevel'><NumericValue minValue='0' maxValue='100'>18</NumericValue></CompetencyWeight>
</Competency>

<Competency oids='42 ' description='Skill > IT' auth='yes' name='WINS'>
<CompetencyWeight type='skillLevel'><NumericValue minValue='0' maxValue='100'>18</NumericValue></CompetencyWeight>
</Competency>

<Competency oids='49 ' description='Skill > IT' auth='yes' name='VPN'>
<CompetencyWeight type='skillLevel'><NumericValue minValue='0' maxValue='100'>18</NumericValue></CompetencyWeight>
</Competency>

<Competency oids='40 ' description='Skill' auth='no' name='Troubleshooting of Software&#39;s &#38; Hardware Devices'>
<CompetencyEvidence typeDescription='Alias' name='Alias'><StringValue>Troubleshooting of Software's &#38; Hardware Devices</StringValue></CompetencyEvidence>

<CompetencyWeight type='skillLevel'><NumericValue minValue='0' maxValue='100'>18</NumericValue></CompetencyWeight>
</Competency>

<Competency oids='53 ' description='Skill > IT' auth='no' name='RIP'>
<CompetencyWeight type='skillLevel'><NumericValue minValue='0' maxValue='100'>18</NumericValue></CompetencyWeight>
</Competency>

<Competency oids='52 ' description='Skill > IT' auth='yes' name='PPTP'>
<CompetencyWeight type='skillLevel'><NumericValue minValue='0' maxValue='100'>18</NumericValue></CompetencyWeight>
</Competency>

<Competency oids='38 ' description='Skill > IT' auth='yes' name='PC Hardware'>
<CompetencyEvidence typeDescription='Alias' name='Alias'><StringValue>PC's</StringValue></CompetencyEvidence>

<CompetencyWeight type='skillLevel'><NumericValue minValue='0' maxValue='100'>18</NumericValue></CompetencyWeight>
</Competency>

<Competency oids='51 ' description='Skill > IT' auth='yes' name='PAT'>
<CompetencyWeight type='skillLevel'><NumericValue minValue='0' maxValue='100'>18</NumericValue></CompetencyWeight>
</Competency>

<Competency oids='54 ' description='Skill > IT' auth='yes' name='OSPF (Open Shortest Path First)'>
<CompetencyEvidence typeDescription='Alias' name='Alias'><StringValue>OSPF</StringValue></CompetencyEvidence>

<CompetencyWeight type='skillLevel'><NumericValue minValue='0' maxValue='100'>18</NumericValue></CompetencyWeight>
</Competency>

<Competency oids='19 ' description='Skill > IT' auth='yes' name='Microsoft Windows 2003 Server'>
<CompetencyEvidence typeDescription='Alias' name='Alias'><StringValue>2003</StringValue></CompetencyEvidence>

<CompetencyWeight type='skillLevel'><NumericValue minValue='0' maxValue='100'>18</NumericValue></CompetencyWeight>
</Competency>

<Competency oids='18 ' description='Skill > IT' auth='yes' name='Microsoft Windows 2000 Professional'>
<CompetencyEvidence name='Application' typeDescription='Application' type='Installation'><StringValue>Installation</StringValue></CompetencyEvidence>

<CompetencyEvidence typeDescription='Alias' name='Alias'><StringValue>Installation of Windows 2000</StringValue></CompetencyEvidence>

<CompetencyWeight type='skillLevel'><NumericValue minValue='0' maxValue='100'>18</NumericValue></CompetencyWeight>
</Competency>

<Competency oids='44 ' description='Skill > IT' auth='yes' name='Microsoft Internet Information Server'>
<CompetencyEvidence typeDescription='Alias' name='Alias'><StringValue>IIS</StringValue></CompetencyEvidence>

<CompetencyWeight type='skillLevel'><NumericValue minValue='0' maxValue='100'>18</NumericValue></CompetencyWeight>
</Competency>

<Competency oids='48 ' description='Skill > IT' auth='yes' name='LAN/WAN > VLAN'>
<CompetencyEvidence name='Application' typeDescription='Application' type='Configuration'><StringValue>Configuration</StringValue></CompetencyEvidence>

<CompetencyEvidence typeDescription='Alias' name='Alias'><StringValue>Configuration of VLAN</StringValue></CompetencyEvidence>

<CompetencyWeight type='skillLevel'><NumericValue minValue='0' maxValue='100'>18</NumericValue></CompetencyWeight>
</Competency>

<Competency oids='39 ' description='Skill' auth='no' name='Installation'>
<CompetencyEvidence typeDescription='Alias' name='Alias'><StringValue>Installation &#38;</StringValue></CompetencyEvidence>

<CompetencyWeight type='skillLevel'><NumericValue minValue='0' maxValue='100'>18</NumericValue></CompetencyWeight>
</Competency>

<Competency oids='65 ' description='Skill > Language' auth='yes' name='Indian > Hindi'>
<CompetencyEvidence typeDescription='Alias' name='Alias'><StringValue>Hindi</StringValue></CompetencyEvidence>

<CompetencyWeight type='skillLevel'><NumericValue minValue='0' maxValue='100'>42</NumericValue></CompetencyWeight>
</Competency>

<Competency oids='56 ' description='Skill > IT' auth='yes' name='IGRP'>
<CompetencyWeight type='skillLevel'><NumericValue minValue='0' maxValue='100'>18</NumericValue></CompetencyWeight>
</Competency>

<Competency oids='20 ' description='Skill' auth='no' name='Group Policy Management'>
<CompetencyWeight type='skillLevel'><NumericValue minValue='0' maxValue='100'>18</NumericValue></CompetencyWeight>
</Competency>

<Competency oids='45 ' description='Skill > IT' auth='yes' name='FTP'>
<CompetencyWeight type='skillLevel'><NumericValue minValue='0' maxValue='100'>18</NumericValue></CompetencyWeight>
</Competency>

<Competency oids='65 ' description='Skill > Language' auth='yes' name='English'>
<CompetencyWeight type='skillLevel'><NumericValue minValue='0' maxValue='100'>42</NumericValue></CompetencyWeight>
</Competency>

<Competency oids='55 ' description='Skill > IT' auth='yes' name='EIGRP (Enhanced Interior Gateway Routing Protocol)'>
<CompetencyEvidence typeDescription='Alias' name='Alias'><StringValue>EIGRP</StringValue></CompetencyEvidence>

<CompetencyWeight type='skillLevel'><NumericValue minValue='0' maxValue='100'>18</NumericValue></CompetencyWeight>
</Competency>

<Competency oids='46 ' description='Skill > IT' auth='yes' name='DFS'>
<CompetencyWeight type='skillLevel'><NumericValue minValue='0' maxValue='100'>18</NumericValue></CompetencyWeight>
</Competency>

<Competency oids='57 ' description='Skill > IT' auth='yes' name='BlueTooth Technology'>
<CompetencyEvidence typeDescription='Alias' name='Alias'><StringValue>Bluetooth</StringValue></CompetencyEvidence>

<CompetencyWeight type='skillLevel'><NumericValue minValue='0' maxValue='100'>18</NumericValue></CompetencyWeight>
</Competency>

<Competency oids='58 ' description='Skill' auth='no' name='Analytical skills'>
<CompetencyEvidence typeDescription='Alias' name='Alias'><StringValue>Good Analytical skills</StringValue></CompetencyEvidence>

<CompetencyWeight type='skillLevel'><NumericValue minValue='0' maxValue='100'>90</NumericValue></CompetencyWeight>

<CompetencyWeight type='skillProficiency'><StringValue minValue='BASIC' maxValue='EXCELLENT'>GOOD</StringValue></CompetencyWeight>
</Competency>

<Competency oids='27_3 ' description='Held Position' auth='no' name='Networking Engineer'>
<CompetencyWeight type='skillLevel'><NumericValue minValue='0' maxValue='100'>18</NumericValue></CompetencyWeight>
</Competency>

<Competency oids='15_2 ' description='Held Position' auth='no' name='IT Executive'>
<CompetencyWeight type='skillLevel'><NumericValue minValue='0' maxValue='100'>18</NumericValue></CompetencyWeight>
</Competency>

<Competency oids='9_1 ' description='Held Position' auth='no' name='Dialer &#38; System Engineer'>
<CompetencyEvidence typeDescription='Alias' name='Alias'><StringValue>Dialer &#38; System Engineer</StringValue></CompetencyEvidence>

<CompetencyWeight type='skillLevel'><NumericValue minValue='0' maxValue='100'>18</NumericValue></CompetencyWeight>
</Competency>

<Competency oids='27_2 ' description='Held Position' auth='no' name='Desktop support'>
<CompetencyWeight type='skillLevel'><NumericValue minValue='0' maxValue='100'>18</NumericValue></CompetencyWeight>
</Competency>

<Competency oids='28 ' description='Degree/Qualification' auth='no' name='Diploma'>
<CompetencyWeight type='skillLevel'><NumericValue minValue='0' maxValue='100'>12</NumericValue></CompetencyWeight>
</Competency>





















<RevisionDate id='1'>2014-07-03</RevisionDate>
</StructuredXMLResume>
<NonXMLResume>

<TextResume>



<span inprof='n' id='1' class='date'>{{DOCUMENT_DATESTAMP}} 2014-07-03 {{END_DOCUMENT_DATESTAMP}}</span> 



<span inprof='n' id='2' class='cv-header'>RESUME</span>
                                                                                                    <span inprof='y' id='3' class='location'>Correspondence Address
SACHIN KUMAR                                                                                                    Village- Faijulla ganj, Post- Thakurdwara Dist- Moradabad</span> {U.P}
                                                                                                    <span inprof='y' id='4' class='telephone'>Mob- +918010457035</span>,<span inprof='y' id='5' class='telephone'>+919719119005</span>
                                                                                                    <span inprof='y' id='6' class='email'>Email ID- schauhan831@gmail.com</span>;<span inprof='y' id='7' class='email'>sk059567@gmail.com</span>

<span inprof='n' id='8' class='objectives-mark'>Career Objective:</span>
To attain a good position in competitive, globally, result oriented progressive organization where I can utilize my communication and other skills.

Working experance:
1) Working as a   <span inprof='y' id='9_1' class='role'>Dialer &#38; System Engineer</span> in <span inprof='n' id='10' class='company'>BMA Wealth Creators</span>   Pvt. Ltd. <span inprof='n' id='11' class='date'>From May 2013</span>.
       1)  Supporting Of Computer Software &#38; Networking.

     *    <span inprof='n' id='12' class='skill'>Working</span> with <span inprof='y' id='13' class='sofwr'>Outlook</span> &#38; <span inprof='y' id='14' class='sofwr'>Outlook Express</span>.

     3) Troubleshooting Software through remotely using Net meeting, VNC viewer and EBPX.

       4)  Escalation of customer issues with different levels of support.

       5) Configuration of Printers, Scanners through remotely.

2) <span inprof='n' id='15_1' class='some-position'>Worked as</span> <span inprof='y' id='15_2' class='role'>IT Executive</span> in   <span inprof='n' id='16' class='company'>Unified System India Pvt. Ltd.</span> <span inprof='n' id='17' class='date'>From                   January 2012</span> .

   *    Supporting Of Computer Hardware &#38; Networking.

   *    <span inprof='y' id='18' class='sofwr'>Installation of Windows  2000</span> / <span inprof='y' id='19' class='sofwr'>2003</span> Servers ; 
             *    Active Directory Management, <span inprof='y' id='20' class='skill'>Group Policy Management</span> ; 
             *    <span inprof='y' id='21' class='sofwr'>Configuration of DNS</span>, <span inprof='y' id='22' class='sofwr'>DHCP</span> Servers
                 c.   Installation &#38; Troubleshooting of Client Operating System.

   *    Escalation of customer issues with different levels of support.

   *    <span inprof='n' id='23' class='skill'>Working</span> with <span inprof='y' id='24' class='sofwr'>Outlook</span> &#38; <span inprof='y' id='25' class='sofwr'>Outlook Express</span>.

     5) Configuration of Modem, Printer &#38; other Hardware Devices.
3) <span inprof='n' id='26' class='duration'>6 month</span> works in Shaswhat info services <span inprof='n' id='27_1' class='some-position'>as</span> <span inprof='y' id='27_2' class='role'>Desktop support</span> &#38;<span inprof='y' id='27_3' class='role'>Networking Engineer</span>.
Technical Qualification:
  <span inprof='y' id='28' class='qualif'>Diploma</span> in computer hardware &#38; networking from <span inprof='n' id='29' class='company'>Jetking Center Bareilly (U.P.)</span> in <span inprof='n' id='30' class='date'>2011</span>.
<span inprof='n' id='31' class='title-line'>Education Qualification:</span>
10thPassed from U.P board <span inprof='n' id='32' class='location'>Allahabad</span> in <span inprof='n' id='33' class='date'>2003</span>.
12thPassed from U.P board <span inprof='n' id='34' class='location'>Allahabad</span> in <span inprof='n' id='35' class='date'>2005</span>.
B.sc Passed from <span inprof='y' id='36' class='educational'>M.J.P.R.U Bareilly</span> in <span inprof='y' id='37' class='date'>2008</span>.
Job responsibility:
  *    Assembling of <span inprof='y' id='38' class='sofwr'>PC's</span> ; 
  *    <span inprof='y' id='39' class='skill'>Installation &#38;</span> <span inprof='y' id='40' class='skill'>Troubleshooting of Software's &#38; Hardware Devices</span> ; 
  *    Installation &#38; Troubleshooting of Operating System ; 
  *    Configuration of Domain &#38; Workgroup ; 
  *    Configuration of ADS, <span inprof='y' id='41' class='sofwr'>DNS</span>, <span inprof='y' id='42' class='sofwr'>WINS</span>, <span inprof='y' id='43' class='sofwr'>DHCP</span>, <span inprof='y' id='44' class='sofwr'>IIS</span>,<span inprof='y' id='45' class='sofwr'>FTP</span>, Group Policy ,FSMO,<span inprof='y' id='46' class='sofwr'>DFS</span>,<span inprof='n' id='47' class='company'>NAT</span>. ; 
  *    Configuration of, Users &#38; Groups, OU. ; 
  *    Installation &#38; Configuration of Router, Switch, Modem . ; 
  *    <span inprof='y' id='48' class='sofwr'>Configuration   of   VLAN</span>, <span inprof='y' id='49' class='sofwr'>VPN</span>, <span inprof='n' id='50' class='company'>NAT</span>, <span inprof='y' id='51' class='sofwr'>PAT</span> ,<span inprof='y' id='52' class='sofwr'>PPTP</span>, <span inprof='y' id='53' class='sofwr'>RIP</span>, <span inprof='y' id='54' class='sofwr'>OSPF</span>, <span inprof='y' id='55' class='sofwr'>EIGRP</span>, <span inprof='y' id='56' class='sofwr'>IGRP</span> etc.
        Installation &#38; Configuration of Wireless Access Point, <span inprof='y' id='57' class='sofwr'>Bluetooth</span>.

Personal Strengths

    *    Self-motivated and a hardworking.
    *    Excellent understanding of Project issues. ; 
    *    Ability to work efficiently under constraints. ; 
    *    <span inprof='y' id='58' class='skill'>Good Analytical skills</span> and Technical skills. ; 
    *    Enjoy Learning New Tools.

<span inprof='n' id='59' class='pers-details-mark'>Personal Details:</span>
<span inprof='n' id='60' class='frame-person'>Father Name                          :                           Mr Dinesh Kumar</span>
<span inprof='y' id='61' class='date'>Date of Birth                             :                        01-09-1988</span>
<span inprof='n' id='62' class='gender'>Gender                                       :                        Male</span>
Nationality                                :                         <span inprof='y' id='63_1' class='nat-country'>Indian</span>
Marital Status                           :                        <span inprof='y' id='64_1' class='marital-value'>Unmarried</span>
<span inprof='y' id='65' class='skill'>Languages Known                    :                        English &#38;Hindi</span>
Declaration:
I hereby declare that the above written particular are true and correct to the best of my knowledge and belief.

Date:                                                                                  Yours Faithfully
Place:                                                                               (<span inprof='n' id='66' class='nominal'>SACHIN KUMAR</span>)


</TextResume>

</NonXMLResume>



<UserArea>
<DaxResumeUserArea>
<ParserInfo>
<ParserConfiguration>{max_len=50000} {tel_flag=} {send_zip=} {fast_conv=} {DEF_LOCAL=} {sdate=0} {no_email_body=0} {do_clever_zoning=1} {keep_span=1} {complex=1} {accept_langs=} {not_accept_langs=} {prefer_lang_cv=EN} {pers_only=0} {turbo=0} {split_language=0} {picture=0} {picture_inline=0} {name_space=0} {charset=} {hrxml_upgrade_edu_hist=0}{hrxml_add_languages_section=0}{spool=} {docID=} {user=DEFAULT} </ParserConfiguration>
<ParserRelease>0.12.3.32629</ParserRelease>
<ParserReleaseDate>2014-06-18</ParserReleaseDate>
<ParserSchema>2.0.29</ParserSchema>
<ParserSchemaLocation>http://cvx.daxtra.com/cvts/xsd/candidate/2.0.29/Resume.xsd</ParserSchemaLocation>
<ConverterRelease>0.5.2.32629</ConverterRelease>
<ConverterReleaseDate>2014-06-18</ConverterReleaseDate>
</ParserInfo>
<FileStruct filename='/home/izoom/anazarov/grammar/analysis/3rconnect/doc/100_Resume-ApTask/S K CHAUHAN .doc'>

<attachment fname='S K CHAUHAN .doc' ftype='docx' conv='yes' doc_type='cv' lang='EN'>/home/izoom/anazarov/grammar/analysis/3rconnect/doc/100_Resume-ApTask/S K CHAUHAN .doc</attachment>


</FileStruct>
</DaxResumeUserArea>
</UserArea>
</Resume>
