<?xml version='1.0' encoding='ISO-8859-1'?>
<Resume lang='en' src='DAXTRA-CVX schema:2.0.29 release:0.12.3.32629 rdate:2014-06-18'>
<StructuredXMLResume>
<ContactInfo>
<PersonName>
</PersonName>
<ContactMethod>
<Telephone id='3' type='home'><AreaCityCode>323</AreaCityCode>
<SubscriberNumber>963.0149</SubscriberNumber>
<FormattedNumber>323 963.0149</FormattedNumber></Telephone>

<InternetEmailAddress id='2' type='main'>alok@cedentinc.com</InternetEmailAddress>
</ContactMethod>
</ContactInfo>


<EmploymentHistory>
<EmployerOrg employerOrgType='soleEmployer'>
<EmployerOrgName id='56_2'>United Parcel Service Inc.</EmployerOrgName>

<PositionHistory positionType='PERMANENT'>
<Title id='56_1_1'>Applications Developer</Title>
<OrgName id='56_2'>United Parcel Service Inc.</OrgName>

<OrgIndustry primaryIndicator='true'><IndustryDescription>UPS</IndustryDescription></OrgIndustry>

<Description>Key Responsibilities:
    *  Designed and developed standards-compliant interfaces based on event driven programming mode, utilizing HTML, CSS, jQuery and JavaScript, as part of a major initiative to migrate the legacy mainframe application to a web based/supported solution. ; 
    *  Created independent service modules in Java with varied functionalities to handle JSON request and response during user interactions. ; 
    *  Marshaling and un-marshaling the XML request and response using JAXB packages. ; 
    *  Involved in various phases of testing including Unit and Integrated System testing along with preparing test scripts for each phase. ; 
    *  Responsible for daily deployment of the application on the WebLogic server environment using the Ant build script. ; 
    *  Provided technical support to the Quality Assurance (QA) and User Acceptance Testing (UAT) teams, post development phase, to resolve issues. ; 
    *  Liaise with dependent system owners and architects to layout design for new initiatives and enhancements, via Joint Application Design (JAD) sessions. ; 
    *  Created high level detailed storyboards, mockups, and prototypes using HTML and CSS to effectively communicate visual designs with business users. ; 
    *  Oversee code review within the team, adhering to Internal Quality Assessment (IQA) standards. ; 
    *  Driven by Agile Software Development Methodology to produce high quality industry standard software and to meet aggressive deadlines.

Environment: Java JDK 1.7, XML, JavaScript, jQuery 1.7.1, HTML, CSS, JSON, DB2, Eclipse 3.6.1, Microsoft Visual Studio 2012, Weblogic Server 11g (10.3.3), SQuirreL SQL Client 3.3.0, Microsoft Visio 2007, Serena Team Track 8.4.6, Unix, Linux, Microsoft Windows XP</Description>
<StartDate id='56_3_1'><YearMonth>2012-07</YearMonth></StartDate>
<EndDate id='56_3_2'>notApplicable</EndDate>




<JobCategory>
<TaxonomyName>JOBAREA</TaxonomyName>
<CategoryCode>it</CategoryCode>
</JobCategory>


<UserArea>
<DaxPositionHistoryUserArea>
<TLSPAN first_id='56' last_id='93' border_id='94'></TLSPAN>
<MonthsOfWork>14</MonthsOfWork>
</DaxPositionHistoryUserArea>
</UserArea>
</PositionHistory>
</EmployerOrg>

<EmployerOrg employerOrgType='soleEmployer'>
<EmployerOrgName id='94_2'>Oracle Corporation</EmployerOrgName>

<PositionHistory positionType='PERMANENT'>
<Title id='94_1_1'>Associate Consultant</Title>
<OrgName id='94_2'>Oracle Corporation</OrgName>



<Description>Key Responsibilities:
    *  Developed customizable Web UIs, using JSPs and J2EE, to extend CRM OnDemand UIs for the creation of dashboards, Gantt charts etc. to address business requirements of various clients. ; 
    *  Created and maintained an integration utility for smooth data transition between two independent platforms, Oracle PeopleSoft and Oracle E-Business Suite, using the latest Oracle Fusion Middleware. ; 
    *  Designed and built batch utilities and Web Tools, using Web Services and JDBC, to interface with voluminous data loads on CRM OnDemand. This includes, batch data loads, external Web UI's to extend the CRM UIs. ; 
    *  Exposure to performance tuning, logging, monitoring, and scalability. ; 
    *  Involved in Implementation, Client Engagement and Delivery, related to CRM projects. ; 
    *  Worked closely with clients to translate business requirements into technical specifications to support the overall project design. ; 
    *  Proficient in subdividing project scope and project deliverables into smaller, manageable units and assigns priority to each work package to ensure timely execution.

Environment: Java JDK 1.6, J2EE, JSP, Siebel CRM OnDemand R16, Oracle Business Process Execution Language (BPEL), Oracle 10g, Microsoft SQL Server 2007, Eclipse 3.5.2, Web services, Apache Tomcat 6.0, WinCVS 1.3, Apache Subversion (SVN) 1.6.5, Oracle JDeveloper 10.1.3.3, Oracle SOA Suite 10.1.3.1, Oracle SQL Developer 1.5.1, Microsoft Windows XP</Description>
<StartDate id='94_3_1'><YearMonth>2007-09</YearMonth></StartDate>
<EndDate id='94_3_2'><YearMonth>2011-01</YearMonth></EndDate>



<JobLevelInfo>
<JobGrade>joblevel-nonmanager-low</JobGrade>
</JobLevelInfo>

<JobCategory>
<TaxonomyName>JOBAREA</TaxonomyName>
<CategoryCode>it</CategoryCode>
</JobCategory>


<UserArea>
<DaxPositionHistoryUserArea>
<TLSPAN first_id='94' last_id='124' border_id='0'></TLSPAN>
<MonthsOfWork>41</MonthsOfWork>
</DaxPositionHistoryUserArea>
</UserArea>
</PositionHistory>
</EmployerOrg>

</EmploymentHistory>
<EducationHistory>
<SchoolOrInstitution schoolType='university'>
<SchoolName id='53_2'>Fairleigh Dickinson University</SchoolName>
<LocationSummary id='53_3'>
<Region>New Jersey</Region>
</LocationSummary>


<Degree degreeType='masters'>
<DegreeName id='53_1'>Master of Science</DegreeName>

</Degree>
<Major id='53_1'>Computer Science</Major>



<Comments>Bachelor of Technology (BTECH) in Computer Science
Mahatma Gandhi University, India</Comments>
</SchoolOrInstitution>

<SchoolOrInstitution schoolType='university'>
<SchoolName id='54_2'>Mahatma Gandhi University</SchoolName>
<LocationSummary id='54_3'>
<CountryCode>IN</CountryCode>
</LocationSummary>


<Degree degreeType='bachelors'>
<DegreeName id='54_1'>Bachelor of Technology</DegreeName>

</Degree>
<Major id='54_1'>Computer Science</Major>




</SchoolOrInstitution>

</EducationHistory>











<Competency oids='22 98 101 110 ' description='Skill > IT' auth='yes' name='Oracle'>
<CompetencyEvidence name='Extent of Experience' typeDescription='Extent of Experience' type='MONTH' lastUsed='2011'><NumericValue description='MONTH'>41</NumericValue></CompetencyEvidence>

<CompetencyWeight type='skillLevel'><NumericValue minValue='0' maxValue='100'>74</NumericValue></CompetencyWeight>

<CompetencyWeight type='skillProficiency'><StringValue minValue='BASIC' maxValue='EXCELLENT'>GOOD</StringValue></CompetencyWeight>
</Competency>

<Competency oids='29 57 77 83 ' description='Skill > IT' auth='yes' name='HTML'>
<CompetencyEvidence name='Extent of Experience' typeDescription='Extent of Experience' type='MONTH' lastUsed='2013'><NumericValue description='MONTH'>14</NumericValue></CompetencyEvidence>

<CompetencyWeight type='skillLevel'><NumericValue minValue='0' maxValue='100'>100</NumericValue></CompetencyWeight>

<CompetencyWeight type='skillProficiency'><StringValue minValue='BASIC' maxValue='EXCELLENT'>EXCELLENT</StringValue></CompetencyWeight>
</Competency>

<Competency oids='21 58 78 84 ' description='Skill > IT' auth='yes' name='Cascading Style Sheets'>
<CompetencyEvidence name='Extent of Experience' typeDescription='Extent of Experience' type='MONTH' lastUsed='2013'><NumericValue description='MONTH'>14</NumericValue></CompetencyEvidence>

<CompetencyEvidence typeDescription='Alias' name='Alias'><StringValue>CSS</StringValue></CompetencyEvidence>

<CompetencyWeight type='skillLevel'><NumericValue minValue='0' maxValue='100'>99</NumericValue></CompetencyWeight>

<CompetencyWeight type='skillProficiency'><StringValue minValue='BASIC' maxValue='EXCELLENT'>EXCELLENT</StringValue></CompetencyWeight>
</Competency>

<Competency oids='50 51 119 120 ' description='Skill > IT' auth='yes' name='Apache Subversion'>
<CompetencyEvidence name='Extent of Experience' typeDescription='Extent of Experience' type='MONTH' lastUsed='2011'><NumericValue description='MONTH'>41</NumericValue></CompetencyEvidence>

<CompetencyEvidence typeDescription='Alias' name='Alias'><StringValue>(SVN)</StringValue></CompetencyEvidence>

<CompetencyEvidence typeDescription='Alias' name='Alias'><StringValue>(SVN) 1.6.5 1.6.5</StringValue></CompetencyEvidence>

<CompetencyWeight type='skillLevel'><NumericValue minValue='0' maxValue='100'>72</NumericValue></CompetencyWeight>

<CompetencyWeight type='skillProficiency'><StringValue minValue='BASIC' maxValue='EXCELLENT'>GOOD</StringValue></CompetencyWeight>
</Competency>

<Competency oids='28 59 82 ' description='Skill > IT' auth='yes' name='jQuery'>
<CompetencyEvidence name='Extent of Experience' typeDescription='Extent of Experience' type='MONTH' lastUsed='2013'><NumericValue description='MONTH'>14</NumericValue></CompetencyEvidence>

<CompetencyEvidence typeDescription='Alias' name='Alias'><StringValue>jQuery 1.7.1 1.7.1</StringValue></CompetencyEvidence>

<CompetencyWeight type='skillLevel'><NumericValue minValue='0' maxValue='100'>98</NumericValue></CompetencyWeight>

<CompetencyWeight type='skillProficiency'><StringValue minValue='BASIC' maxValue='EXCELLENT'>EXCELLENT</StringValue></CompetencyWeight>
</Competency>

<Competency oids='30 63 80 ' description='Skill > IT' auth='yes' name='XML'>
<CompetencyEvidence name='Extent of Experience' typeDescription='Extent of Experience' type='MONTH' lastUsed='2013'><NumericValue description='MONTH'>14</NumericValue></CompetencyEvidence>

<CompetencyWeight type='skillLevel'><NumericValue minValue='0' maxValue='100'>95</NumericValue></CompetencyWeight>

<CompetencyWeight type='skillProficiency'><StringValue minValue='BASIC' maxValue='EXCELLENT'>EXCELLENT</StringValue></CompetencyWeight>
</Competency>

<Competency oids='35 66 89 ' description='Skill > IT' auth='yes' name='WebLogic Enterprise Application Server'>
<CompetencyEvidence name='Extent of Experience' typeDescription='Extent of Experience' type='MONTH' lastUsed='2013'><NumericValue description='MONTH'>14</NumericValue></CompetencyEvidence>

<CompetencyEvidence typeDescription='Alias' name='Alias'><StringValue>Weblogic Server</StringValue></CompetencyEvidence>

<CompetencyWeight type='skillLevel'><NumericValue minValue='0' maxValue='100'>95</NumericValue></CompetencyWeight>

<CompetencyWeight type='skillProficiency'><StringValue minValue='BASIC' maxValue='EXCELLENT'>EXCELLENT</StringValue></CompetencyWeight>
</Competency>

<Competency oids='24 102 116 ' description='Skill > IT' auth='yes' name='Web Services'>
<CompetencyEvidence name='Extent of Experience' typeDescription='Extent of Experience' type='MONTH' lastUsed='2011'><NumericValue description='MONTH'>41</NumericValue></CompetencyEvidence>

<CompetencyWeight type='skillLevel'><NumericValue minValue='0' maxValue='100'>72</NumericValue></CompetencyWeight>

<CompetencyWeight type='skillProficiency'><StringValue minValue='BASIC' maxValue='EXCELLENT'>GOOD</StringValue></CompetencyWeight>
</Competency>

<Competency oids='47 93 124 ' description='Skill > IT' auth='yes' name='Microsoft Windows XP'>
<CompetencyEvidence name='Extent of Experience' typeDescription='Extent of Experience' type='MONTH' lastUsed='2013'><NumericValue description='MONTH'>55</NumericValue></CompetencyEvidence>

<CompetencyWeight type='skillLevel'><NumericValue minValue='0' maxValue='100'>100</NumericValue></CompetencyWeight>

<CompetencyWeight type='skillProficiency'><StringValue minValue='BASIC' maxValue='EXCELLENT'>EXCELLENT</StringValue></CompetencyWeight>
</Competency>

<Competency oids='32 113 114 ' description='Skill > IT' auth='yes' name='Microsoft SQL Server'>
<CompetencyEvidence name='Extent of Experience' typeDescription='Extent of Experience' type='MONTH' lastUsed='2011'><NumericValue description='MONTH'>41</NumericValue></CompetencyEvidence>

<CompetencyEvidence typeDescription='Alias' name='Alias'><StringValue>2007</StringValue></CompetencyEvidence>

<CompetencyWeight type='skillLevel'><NumericValue minValue='0' maxValue='100'>72</NumericValue></CompetencyWeight>

<CompetencyWeight type='skillProficiency'><StringValue minValue='BASIC' maxValue='EXCELLENT'>GOOD</StringValue></CompetencyWeight>
</Competency>

<Competency oids='26 60 81 ' description='Skill > IT' auth='yes' name='JavaScript'>
<CompetencyEvidence name='Extent of Experience' typeDescription='Extent of Experience' type='MONTH' lastUsed='2013'><NumericValue description='MONTH'>14</NumericValue></CompetencyEvidence>

<CompetencyWeight type='skillLevel'><NumericValue minValue='0' maxValue='100'>97</NumericValue></CompetencyWeight>

<CompetencyWeight type='skillProficiency'><StringValue minValue='BASIC' maxValue='EXCELLENT'>EXCELLENT</StringValue></CompetencyWeight>
</Competency>

<Competency oids='20 95 108 ' description='Skill > IT' auth='yes' name='Java Server Pages'>
<CompetencyEvidence name='Extent of Experience' typeDescription='Extent of Experience' type='MONTH' lastUsed='2011'><NumericValue description='MONTH'>41</NumericValue></CompetencyEvidence>

<CompetencyEvidence typeDescription='Alias' name='Alias'><StringValue>JSP</StringValue></CompetencyEvidence>

<CompetencyEvidence typeDescription='Alias' name='Alias'><StringValue>JSPs</StringValue></CompetencyEvidence>

<CompetencyWeight type='skillLevel'><NumericValue minValue='0' maxValue='100'>76</NumericValue></CompetencyWeight>

<CompetencyWeight type='skillProficiency'><StringValue minValue='BASIC' maxValue='EXCELLENT'>GOOD</StringValue></CompetencyWeight>
</Competency>

<Competency oids='19 96 107 ' description='Skill > IT' auth='yes' name='Java 2 Enterprise Edition'>
<CompetencyEvidence name='Extent of Experience' typeDescription='Extent of Experience' type='MONTH' lastUsed='2011'><NumericValue description='MONTH'>41</NumericValue></CompetencyEvidence>

<CompetencyEvidence typeDescription='Alias' name='Alias'><StringValue>J2EE</StringValue></CompetencyEvidence>

<CompetencyWeight type='skillLevel'><NumericValue minValue='0' maxValue='100'>75</NumericValue></CompetencyWeight>

<CompetencyWeight type='skillProficiency'><StringValue minValue='BASIC' maxValue='EXCELLENT'>GOOD</StringValue></CompetencyWeight>
</Competency>

<Competency oids='27 62 85 ' description='Skill > IT' auth='yes' name='JSON'>
<CompetencyEvidence name='Extent of Experience' typeDescription='Extent of Experience' type='MONTH' lastUsed='2013'><NumericValue description='MONTH'>14</NumericValue></CompetencyEvidence>

<CompetencyWeight type='skillLevel'><NumericValue minValue='0' maxValue='100'>96</NumericValue></CompetencyWeight>

<CompetencyWeight type='skillProficiency'><StringValue minValue='BASIC' maxValue='EXCELLENT'>EXCELLENT</StringValue></CompetencyWeight>
</Competency>

<Competency oids='38 87 115 ' description='Skill > IT' auth='yes' name='ECLiPSe'>
<CompetencyEvidence name='Extent of Experience' typeDescription='Extent of Experience' type='MONTH' lastUsed='2013'><NumericValue description='MONTH'>55</NumericValue></CompetencyEvidence>

<CompetencyEvidence typeDescription='Alias' name='Alias'><StringValue>Eclipse 3.6.1 3.6.1</StringValue></CompetencyEvidence>

<CompetencyEvidence typeDescription='Alias' name='Alias'><StringValue>Eclipse 3.5.2 3.5.2</StringValue></CompetencyEvidence>

<CompetencyWeight type='skillLevel'><NumericValue minValue='0' maxValue='100'>100</NumericValue></CompetencyWeight>

<CompetencyWeight type='skillProficiency'><StringValue minValue='BASIC' maxValue='EXCELLENT'>EXCELLENT</StringValue></CompetencyWeight>
</Competency>

<Competency oids='48 91 ' description='Skill > IT' auth='yes' name='UNIX'>
<CompetencyEvidence name='Extent of Experience' typeDescription='Extent of Experience' type='MONTH' lastUsed='2013'><NumericValue description='MONTH'>14</NumericValue></CompetencyEvidence>

<CompetencyWeight type='skillLevel'><NumericValue minValue='0' maxValue='100'>95</NumericValue></CompetencyWeight>

<CompetencyWeight type='skillProficiency'><StringValue minValue='BASIC' maxValue='EXCELLENT'>EXCELLENT</StringValue></CompetencyWeight>
</Competency>

<Competency oids='45 109 ' description='Skill > IT' auth='yes' name='Siebel CRM'>
<CompetencyEvidence name='Extent of Experience' typeDescription='Extent of Experience' type='MONTH' lastUsed='2011'><NumericValue description='MONTH'>41</NumericValue></CompetencyEvidence>

<CompetencyWeight type='skillLevel'><NumericValue minValue='0' maxValue='100'>72</NumericValue></CompetencyWeight>

<CompetencyWeight type='skillProficiency'><StringValue minValue='BASIC' maxValue='EXCELLENT'>GOOD</StringValue></CompetencyWeight>
</Competency>

<Competency oids='69 70 ' description='Skill > IT' auth='yes' name='Quality Assurance'>
<CompetencyEvidence name='Extent of Experience' typeDescription='Extent of Experience' type='MONTH' lastUsed='2013'><NumericValue description='MONTH'>14</NumericValue></CompetencyEvidence>

<CompetencyEvidence typeDescription='Alias' name='Alias'><StringValue>(QA)</StringValue></CompetencyEvidence>

<CompetencyWeight type='skillLevel'><NumericValue minValue='0' maxValue='100'>95</NumericValue></CompetencyWeight>

<CompetencyWeight type='skillProficiency'><StringValue minValue='BASIC' maxValue='EXCELLENT'>EXCELLENT</StringValue></CompetencyWeight>
</Competency>

<Competency oids='41 121 ' description='Skill > IT' auth='yes' name='Oracle JDeveloper'>
<CompetencyEvidence name='Extent of Experience' typeDescription='Extent of Experience' type='MONTH' lastUsed='2011'><NumericValue description='MONTH'>41</NumericValue></CompetencyEvidence>

<CompetencyEvidence typeDescription='Alias' name='Alias'><StringValue>Oracle JDeveloper 10 10</StringValue></CompetencyEvidence>

<CompetencyWeight type='skillLevel'><NumericValue minValue='0' maxValue='100'>72</NumericValue></CompetencyWeight>

<CompetencyWeight type='skillProficiency'><StringValue minValue='BASIC' maxValue='EXCELLENT'>GOOD</StringValue></CompetencyWeight>
</Competency>

<Competency oids='97 104 ' description='Skill > IT' auth='yes' name='Oracle CRM'>
<CompetencyEvidence name='Extent of Experience' typeDescription='Extent of Experience' type='MONTH' lastUsed='2011'><NumericValue description='MONTH'>41</NumericValue></CompetencyEvidence>

<CompetencyEvidence typeDescription='Alias' name='Alias'><StringValue>CRM</StringValue></CompetencyEvidence>

<CompetencyWeight type='skillLevel'><NumericValue minValue='0' maxValue='100'>75</NumericValue></CompetencyWeight>

<CompetencyWeight type='skillProficiency'><StringValue minValue='BASIC' maxValue='EXCELLENT'>GOOD</StringValue></CompetencyWeight>
</Competency>

<Competency oids='34 37 ' description='Skill > IT' auth='yes' name='Oracle Applications'>
<CompetencyEvidence typeDescription='Alias' name='Alias'><StringValue>Application</StringValue></CompetencyEvidence>

<CompetencyWeight type='skillLevel'><NumericValue minValue='0' maxValue='100'>13</NumericValue></CompetencyWeight>
</Competency>

<Competency oids='31 112 ' description='Skill > IT' auth='yes' name='Oracle 10G'>
<CompetencyEvidence name='Extent of Experience' typeDescription='Extent of Experience' type='MONTH' lastUsed='2011'><NumericValue description='MONTH'>41</NumericValue></CompetencyEvidence>

<CompetencyWeight type='skillLevel'><NumericValue minValue='0' maxValue='100'>72</NumericValue></CompetencyWeight>

<CompetencyWeight type='skillProficiency'><StringValue minValue='BASIC' maxValue='EXCELLENT'>GOOD</StringValue></CompetencyWeight>
</Competency>

<Competency oids='39 88 ' description='Skill > IT' auth='yes' name='Microsoft Visual Studio'>
<CompetencyEvidence name='Extent of Experience' typeDescription='Extent of Experience' type='MONTH' lastUsed='2013'><NumericValue description='MONTH'>14</NumericValue></CompetencyEvidence>

<CompetencyWeight type='skillLevel'><NumericValue minValue='0' maxValue='100'>95</NumericValue></CompetencyWeight>

<CompetencyWeight type='skillProficiency'><StringValue minValue='BASIC' maxValue='EXCELLENT'>EXCELLENT</StringValue></CompetencyWeight>
</Competency>

<Competency oids='44 90 ' description='Skill > IT' auth='yes' name='Microsoft Visio'>
<CompetencyEvidence name='Extent of Experience' typeDescription='Extent of Experience' type='MONTH' lastUsed='2013'><NumericValue description='MONTH'>14</NumericValue></CompetencyEvidence>

<CompetencyEvidence typeDescription='Alias' name='Alias'><StringValue>Microsoft Visio 2007</StringValue></CompetencyEvidence>

<CompetencyWeight type='skillLevel'><NumericValue minValue='0' maxValue='100'>95</NumericValue></CompetencyWeight>

<CompetencyWeight type='skillProficiency'><StringValue minValue='BASIC' maxValue='EXCELLENT'>EXCELLENT</StringValue></CompetencyWeight>
</Competency>

<Competency oids='49 92 ' description='Skill > IT' auth='yes' name='Linux'>
<CompetencyEvidence name='Extent of Experience' typeDescription='Extent of Experience' type='MONTH' lastUsed='2013'><NumericValue description='MONTH'>14</NumericValue></CompetencyEvidence>

<CompetencyWeight type='skillLevel'><NumericValue minValue='0' maxValue='100'>95</NumericValue></CompetencyWeight>

<CompetencyWeight type='skillProficiency'><StringValue minValue='BASIC' maxValue='EXCELLENT'>EXCELLENT</StringValue></CompetencyWeight>
</Competency>

<Competency oids='18 61 ' description='Skill > IT' auth='yes' name='Java'>
<CompetencyEvidence name='Extent of Experience' typeDescription='Extent of Experience' type='MONTH' lastUsed='2013'><NumericValue description='MONTH'>14</NumericValue></CompetencyEvidence>

<CompetencyWeight type='skillLevel'><NumericValue minValue='0' maxValue='100'>96</NumericValue></CompetencyWeight>

<CompetencyWeight type='skillProficiency'><StringValue minValue='BASIC' maxValue='EXCELLENT'>EXCELLENT</StringValue></CompetencyWeight>
</Competency>

<Competency oids='36 117 ' description='Skill > IT' auth='yes' name='Jakarta TOMCAT Servlet Engine'>
<CompetencyEvidence name='Extent of Experience' typeDescription='Extent of Experience' type='MONTH' lastUsed='2011'><NumericValue description='MONTH'>41</NumericValue></CompetencyEvidence>

<CompetencyEvidence typeDescription='Alias' name='Alias'><StringValue>Apache Tomcat</StringValue></CompetencyEvidence>

<CompetencyEvidence typeDescription='Alias' name='Alias'><StringValue>Apache Tomcat 6.0 6.0</StringValue></CompetencyEvidence>

<CompetencyWeight type='skillLevel'><NumericValue minValue='0' maxValue='100'>72</NumericValue></CompetencyWeight>

<CompetencyWeight type='skillProficiency'><StringValue minValue='BASIC' maxValue='EXCELLENT'>GOOD</StringValue></CompetencyWeight>
</Competency>

<Competency oids='79 106 ' description='Skill > IT' auth='yes' name='JDK'>
<CompetencyEvidence name='Extent of Experience' typeDescription='Extent of Experience' type='MONTH' lastUsed='2013'><NumericValue description='MONTH'>55</NumericValue></CompetencyEvidence>

<CompetencyEvidence typeDescription='Alias' name='Alias'><StringValue>JDK 1.7 1.7</StringValue></CompetencyEvidence>

<CompetencyEvidence typeDescription='Alias' name='Alias'><StringValue>JDK 1.6 1.6</StringValue></CompetencyEvidence>

<CompetencyWeight type='skillLevel'><NumericValue minValue='0' maxValue='100'>100</NumericValue></CompetencyWeight>

<CompetencyWeight type='skillProficiency'><StringValue minValue='BASIC' maxValue='EXCELLENT'>EXCELLENT</StringValue></CompetencyWeight>
</Competency>

<Competency oids='74 75 ' description='Skill > IT' auth='yes' name='JAD'>
<CompetencyEvidence name='Extent of Experience' typeDescription='Extent of Experience' type='MONTH' lastUsed='2013'><NumericValue description='MONTH'>14</NumericValue></CompetencyEvidence>

<CompetencyEvidence typeDescription='Alias' name='Alias'><StringValue>Joint Application Design</StringValue></CompetencyEvidence>

<CompetencyEvidence typeDescription='Alias' name='Alias'><StringValue>(JAD)</StringValue></CompetencyEvidence>

<CompetencyWeight type='skillLevel'><NumericValue minValue='0' maxValue='100'>95</NumericValue></CompetencyWeight>

<CompetencyWeight type='skillProficiency'><StringValue minValue='BASIC' maxValue='EXCELLENT'>EXCELLENT</StringValue></CompetencyWeight>
</Competency>

<Competency oids='33 86 ' description='Skill > IT' auth='yes' name='DB2'>
<CompetencyEvidence name='Extent of Experience' typeDescription='Extent of Experience' type='MONTH' lastUsed='2013'><NumericValue description='MONTH'>14</NumericValue></CompetencyEvidence>

<CompetencyWeight type='skillLevel'><NumericValue minValue='0' maxValue='100'>95</NumericValue></CompetencyWeight>

<CompetencyWeight type='skillProficiency'><StringValue minValue='BASIC' maxValue='EXCELLENT'>EXCELLENT</StringValue></CompetencyWeight>
</Competency>

<Competency oids='23 111 ' description='Skill > IT' auth='yes' name='BPEL'>
<CompetencyEvidence name='Extent of Experience' typeDescription='Extent of Experience' type='MONTH' lastUsed='2011'><NumericValue description='MONTH'>41</NumericValue></CompetencyEvidence>

<CompetencyEvidence typeDescription='Alias' name='Alias'><StringValue>(BPEL)</StringValue></CompetencyEvidence>

<CompetencyWeight type='skillLevel'><NumericValue minValue='0' maxValue='100'>72</NumericValue></CompetencyWeight>

<CompetencyWeight type='skillProficiency'><StringValue minValue='BASIC' maxValue='EXCELLENT'>GOOD</StringValue></CompetencyWeight>
</Competency>

<Competency oids='68 ' description='Skill' auth='no' name='technical support'>
<CompetencyEvidence name='Extent of Experience' typeDescription='Extent of Experience' type='MONTH' lastUsed='2013'><NumericValue description='MONTH'>14</NumericValue></CompetencyEvidence>

<CompetencyWeight type='skillLevel'><NumericValue minValue='0' maxValue='100'>95</NumericValue></CompetencyWeight>

<CompetencyWeight type='skillProficiency'><StringValue minValue='BASIC' maxValue='EXCELLENT'>EXCELLENT</StringValue></CompetencyWeight>
</Competency>

<Competency oids='5 ' description='Skill' auth='no' name='software design development'>
<CompetencyWeight type='skillLevel'><NumericValue minValue='0' maxValue='100'>13</NumericValue></CompetencyWeight>
</Competency>

<Competency oids='7 ' description='Skill' auth='no' name='problem solving'>
<CompetencyEvidence typeDescription='Alias' name='Alias'><StringValue>problem solving skills</StringValue></CompetencyEvidence>

<CompetencyWeight type='skillLevel'><NumericValue minValue='0' maxValue='100'>13</NumericValue></CompetencyWeight>
</Competency>

<Competency oids='72 ' description='Skill' auth='no' name='post development'>
<CompetencyEvidence name='Extent of Experience' typeDescription='Extent of Experience' type='MONTH' lastUsed='2013'><NumericValue description='MONTH'>14</NumericValue></CompetencyEvidence>

<CompetencyWeight type='skillLevel'><NumericValue minValue='0' maxValue='100'>95</NumericValue></CompetencyWeight>

<CompetencyWeight type='skillProficiency'><StringValue minValue='BASIC' maxValue='EXCELLENT'>EXCELLENT</StringValue></CompetencyWeight>
</Competency>

<Competency oids='73 ' description='Skill' auth='no' name='layout design'>
<CompetencyEvidence name='Extent of Experience' typeDescription='Extent of Experience' type='MONTH' lastUsed='2013'><NumericValue description='MONTH'>14</NumericValue></CompetencyEvidence>

<CompetencyWeight type='skillLevel'><NumericValue minValue='0' maxValue='100'>95</NumericValue></CompetencyWeight>

<CompetencyWeight type='skillProficiency'><StringValue minValue='BASIC' maxValue='EXCELLENT'>EXCELLENT</StringValue></CompetencyWeight>
</Competency>

<Competency oids='4 ' description='Skill' auth='no' name='diverse progressive experience'>
<CompetencyEvidence name='Extent of Experience' typeDescription='Extent of Experience' type='YEAR'><NumericValue description='YEAR'>5</NumericValue></CompetencyEvidence>

<CompetencyEvidence typeDescription='Alias' name='Alias'><StringValue>5+ years of diverse progressive experience</StringValue></CompetencyEvidence>

<CompetencyWeight type='skillLevel'><NumericValue minValue='0' maxValue='100'>13</NumericValue></CompetencyWeight>
</Competency>

<Competency oids='118 ' description='Skill > IT' auth='no' name='WinCVS 1.3'>
<CompetencyEvidence name='Extent of Experience' typeDescription='Extent of Experience' type='MONTH' lastUsed='2011'><NumericValue description='MONTH'>41</NumericValue></CompetencyEvidence>

<CompetencyEvidence typeDescription='Alias' name='Alias'><StringValue>WinCVS 1.3 1.3</StringValue></CompetencyEvidence>

<CompetencyWeight type='skillLevel'><NumericValue minValue='0' maxValue='100'>72</NumericValue></CompetencyWeight>

<CompetencyWeight type='skillProficiency'><StringValue minValue='BASIC' maxValue='EXCELLENT'>GOOD</StringValue></CompetencyWeight>
</Competency>

<Competency oids='6 ' description='Skill' auth='yes' name='Web Application Development'>
<CompetencyEvidence typeDescription='Alias' name='Alias'><StringValue>web development</StringValue></CompetencyEvidence>

<CompetencyWeight type='skillLevel'><NumericValue minValue='0' maxValue='100'>13</NumericValue></CompetencyWeight>
</Competency>

<Competency oids='71 ' description='Skill' auth='yes' name='User Acceptance Testing'>
<CompetencyEvidence name='Extent of Experience' typeDescription='Extent of Experience' type='MONTH' lastUsed='2013'><NumericValue description='MONTH'>14</NumericValue></CompetencyEvidence>

<CompetencyWeight type='skillLevel'><NumericValue minValue='0' maxValue='100'>95</NumericValue></CompetencyWeight>

<CompetencyWeight type='skillProficiency'><StringValue minValue='BASIC' maxValue='EXCELLENT'>EXCELLENT</StringValue></CompetencyWeight>
</Competency>

<Competency oids='76 ' description='Skill' auth='yes' name='Storyboards'>
<CompetencyEvidence name='Extent of Experience' typeDescription='Extent of Experience' type='MONTH' lastUsed='2013'><NumericValue description='MONTH'>14</NumericValue></CompetencyEvidence>

<CompetencyWeight type='skillLevel'><NumericValue minValue='0' maxValue='100'>95</NumericValue></CompetencyWeight>

<CompetencyWeight type='skillProficiency'><StringValue minValue='BASIC' maxValue='EXCELLENT'>EXCELLENT</StringValue></CompetencyWeight>
</Competency>

<Competency oids='40 ' description='Skill > IT' auth='no' name='SQuirreL SQL Client'>
<CompetencyWeight type='skillLevel'><NumericValue minValue='0' maxValue='100'>13</NumericValue></CompetencyWeight>
</Competency>

<Competency oids='25 ' description='Skill > IT' auth='yes' name='SOAP'>
<CompetencyWeight type='skillLevel'><NumericValue minValue='0' maxValue='100'>13</NumericValue></CompetencyWeight>
</Competency>

<Competency oids='65 ' description='Skill' auth='no' name='Responsible for daily deployment'>
<CompetencyEvidence name='Extent of Experience' typeDescription='Extent of Experience' type='MONTH' lastUsed='2013'><NumericValue description='MONTH'>14</NumericValue></CompetencyEvidence>

<CompetencyWeight type='skillLevel'><NumericValue minValue='0' maxValue='100'>95</NumericValue></CompetencyWeight>

<CompetencyWeight type='skillProficiency'><StringValue minValue='BASIC' maxValue='EXCELLENT'>EXCELLENT</StringValue></CompetencyWeight>
</Competency>

<Competency oids='99 ' description='Skill > IT' auth='yes' name='PeopleSoft'>
<CompetencyEvidence name='Extent of Experience' typeDescription='Extent of Experience' type='MONTH' lastUsed='2011'><NumericValue description='MONTH'>41</NumericValue></CompetencyEvidence>

<CompetencyWeight type='skillLevel'><NumericValue minValue='0' maxValue='100'>73</NumericValue></CompetencyWeight>

<CompetencyWeight type='skillProficiency'><StringValue minValue='BASIC' maxValue='EXCELLENT'>GOOD</StringValue></CompetencyWeight>
</Competency>

<Competency oids='8 ' description='Skill' auth='no' name='Outstanding collaboration skills'>
<CompetencyWeight type='skillLevel'><NumericValue minValue='0' maxValue='100'>13</NumericValue></CompetencyWeight>
</Competency>

<Competency oids='42 ' description='Skill > IT' auth='no' name='Oracle SOA Suite'>
<CompetencyWeight type='skillLevel'><NumericValue minValue='0' maxValue='100'>13</NumericValue></CompetencyWeight>
</Competency>

<Competency oids='100 ' description='Skill > IT' auth='yes' name='Oracle EBS'>
<CompetencyEvidence name='Extent of Experience' typeDescription='Extent of Experience' type='MONTH' lastUsed='2011'><NumericValue description='MONTH'>41</NumericValue></CompetencyEvidence>

<CompetencyEvidence typeDescription='Alias' name='Alias'><StringValue>Oracle E-Business Suite</StringValue></CompetencyEvidence>

<CompetencyWeight type='skillLevel'><NumericValue minValue='0' maxValue='100'>72</NumericValue></CompetencyWeight>

<CompetencyWeight type='skillProficiency'><StringValue minValue='BASIC' maxValue='EXCELLENT'>GOOD</StringValue></CompetencyWeight>
</Competency>

<Competency oids='46 ' description='Skill > IT' auth='no' name='Operating Systems'>
<CompetencyWeight type='skillLevel'><NumericValue minValue='0' maxValue='100'>13</NumericValue></CompetencyWeight>
</Competency>

<Competency oids='10 ' description='Skill > IT' auth='yes' name='Network Appliance'>
<CompetencyEvidence typeDescription='Alias' name='Alias'><StringValue>NetApp</StringValue></CompetencyEvidence>

<CompetencyWeight type='skillLevel'><NumericValue minValue='0' maxValue='100'>13</NumericValue></CompetencyWeight>
</Competency>

<Competency oids='14 ' description='Skill > IT' auth='yes' name='LexisNexis'>
<CompetencyWeight type='skillLevel'><NumericValue minValue='0' maxValue='100'>13</NumericValue></CompetencyWeight>
</Competency>

<Competency oids='103 ' description='Skill > IT' auth='yes' name='JDBC'>
<CompetencyEvidence name='Extent of Experience' typeDescription='Extent of Experience' type='MONTH' lastUsed='2011'><NumericValue description='MONTH'>41</NumericValue></CompetencyEvidence>

<CompetencyWeight type='skillLevel'><NumericValue minValue='0' maxValue='100'>72</NumericValue></CompetencyWeight>

<CompetencyWeight type='skillProficiency'><StringValue minValue='BASIC' maxValue='EXCELLENT'>GOOD</StringValue></CompetencyWeight>
</Competency>

<Competency oids='64 ' description='Skill' auth='no' name='Integrated System testing'>
<CompetencyEvidence name='Extent of Experience' typeDescription='Extent of Experience' type='MONTH' lastUsed='2013'><NumericValue description='MONTH'>14</NumericValue></CompetencyEvidence>

<CompetencyWeight type='skillLevel'><NumericValue minValue='0' maxValue='100'>95</NumericValue></CompetencyWeight>

<CompetencyWeight type='skillProficiency'><StringValue minValue='BASIC' maxValue='EXCELLENT'>EXCELLENT</StringValue></CompetencyWeight>
</Competency>

<Competency oids='105 ' description='Skill' auth='yes' name='Customer Relationship Management'>
<CompetencyEvidence name='Extent of Experience' typeDescription='Extent of Experience' type='MONTH' lastUsed='2011'><NumericValue description='MONTH'>41</NumericValue></CompetencyEvidence>

<CompetencyEvidence typeDescription='Alias' name='Alias'><StringValue>CRM</StringValue></CompetencyEvidence>

<CompetencyWeight type='skillLevel'><NumericValue minValue='0' maxValue='100'>72</NumericValue></CompetencyWeight>

<CompetencyWeight type='skillProficiency'><StringValue minValue='BASIC' maxValue='EXCELLENT'>GOOD</StringValue></CompetencyWeight>
</Competency>

<Competency oids='67 ' description='Skill > IT' auth='yes' name='Ant'>
<CompetencyEvidence name='Extent of Experience' typeDescription='Extent of Experience' type='MONTH' lastUsed='2013'><NumericValue description='MONTH'>14</NumericValue></CompetencyEvidence>

<CompetencyWeight type='skillLevel'><NumericValue minValue='0' maxValue='100'>95</NumericValue></CompetencyWeight>

<CompetencyWeight type='skillProficiency'><StringValue minValue='BASIC' maxValue='EXCELLENT'>EXCELLENT</StringValue></CompetencyWeight>
</Competency>

<Competency oids='43_1 123_1 ' description='Held Position' auth='no' name='Oracle SQL Developer'>
<CompetencyEvidence name='Extent of Experience' typeDescription='Extent of Experience' type='MONTH' lastUsed='2011'><NumericValue description='MONTH'>41</NumericValue></CompetencyEvidence>

<CompetencyWeight type='skillLevel'><NumericValue minValue='0' maxValue='100'>75</NumericValue></CompetencyWeight>

<CompetencyWeight type='skillProficiency'><StringValue minValue='BASIC' maxValue='EXCELLENT'>GOOD</StringValue></CompetencyWeight>
</Competency>

<Competency oids='94_1_1 ' description='Held Position' auth='no' name='Associate Consultant'>
<CompetencyEvidence name='Extent of Experience' typeDescription='Extent of Experience' type='MONTH' lastUsed='2011'><NumericValue description='MONTH'>41</NumericValue></CompetencyEvidence>

<CompetencyWeight type='skillLevel'><NumericValue minValue='0' maxValue='100'>76</NumericValue></CompetencyWeight>

<CompetencyWeight type='skillProficiency'><StringValue minValue='BASIC' maxValue='EXCELLENT'>GOOD</StringValue></CompetencyWeight>
</Competency>

<Competency oids='56_1_1 ' description='Held Position' auth='no' name='Applications Developer'>
<CompetencyEvidence name='Extent of Experience' typeDescription='Extent of Experience' type='MONTH' lastUsed='2013'><NumericValue description='MONTH'>14</NumericValue></CompetencyEvidence>

<CompetencyWeight type='skillLevel'><NumericValue minValue='0' maxValue='100'>100</NumericValue></CompetencyWeight>

<CompetencyWeight type='skillProficiency'><StringValue minValue='BASIC' maxValue='EXCELLENT'>EXCELLENT</StringValue></CompetencyWeight>
</Competency>

<Competency oids='122 ' description='Degree/Qualification > Professional' auth='yes' name='Society Of Actuaries'>
<CompetencyEvidence typeDescription='Alias' name='Alias'><StringValue>Oracle SOA</StringValue></CompetencyEvidence>

<CompetencyWeight type='skillLevel'><NumericValue minValue='0' maxValue='100'>12</NumericValue></CompetencyWeight>
</Competency>

<Competency oids='53_1 ' description='Degree/Qualification' auth='yes' name='Masters Degree > Master of Science > Master of Science Computer Science'>
<CompetencyEvidence name='Application' typeDescription='Application' type='Computer Science'><StringValue>Computer Science</StringValue></CompetencyEvidence>

<CompetencyEvidence typeDescription='Alias' name='Alias'><StringValue>Master of Science (MS) in Computer Science</StringValue></CompetencyEvidence>

<CompetencyWeight type='skillLevel'><NumericValue minValue='0' maxValue='100'>12</NumericValue></CompetencyWeight>
</Competency>

<Competency oids='54_1 ' description='Degree/Qualification' auth='yes' name='Bachelors Degree > Bachelor of Technology > Bachelor of Technology Computer Science'>
<CompetencyEvidence name='Application' typeDescription='Application' type='Computer Science'><StringValue>Computer Science</StringValue></CompetencyEvidence>

<CompetencyEvidence typeDescription='Alias' name='Alias'><StringValue>Bachelor of Technology (BTECH) in Computer Science</StringValue></CompetencyEvidence>

<CompetencyWeight type='skillLevel'><NumericValue minValue='0' maxValue='100'>12</NumericValue></CompetencyWeight>
</Competency>

<Competency description='Industry' auth='yes' name='industry~it'>
<CompetencyEvidence name='skillCount' typeDescription='skillCount'><NumericValue>2</NumericValue></CompetencyEvidence>

<CompetencyWeight type='skillLevel'><NumericValue minValue='0' maxValue='100'>100</NumericValue></CompetencyWeight>
</Competency>























<RevisionDate id='1'>2013-08-20</RevisionDate>
</StructuredXMLResume>
<NonXMLResume>

<TextResume>



<span inprof='n' id='1' class='date'>{{DOCUMENT_DATESTAMP}} 2013-8-20 {{END_DOCUMENT_DATESTAMP}}</span>


TIJI
<span inprof='y' id='2' class='email'>alok@cedentinc.com</span>
 * <span inprof='y' id='3' class='telephone'>323.963.0149</span>


    *  <span inprof='y' id='4' class='skill'>5+ years of diverse progressive experience</span> with emphasis on <span inprof='y' id='5' class='skill'>software design development</span> and adoption of front-end <span inprof='y' id='6' class='skill'>web development</span> technologies across various domains. ; 
    *  Broad technical and functional knowledge combined with leadership ability and creative <span inprof='y' id='7' class='skill'>problem solving skills</span>, with a keen eye for Industry Best Practices. ; 
    *  <span inprof='y' id='8' class='skill'>Outstanding collaboration skills</span> with developers and subject matter experts <span inprof='n' id='9' class='bad-occupation'>to interpret</span> tradeoffs, understand the technical vision, and deploy technology to build successful solutions. ; 
    *  Worked for various global clients: McAfee, Xerox, <span inprof='y' id='10' class='sofwr'>NetApp</span>, <span inprof='n' id='11' class='company'>Emerson</span>, <span inprof='n' id='12' class='company'>Equifax</span>, <span inprof='n' id='13' class='company'>General Motors</span>, Lennar, <span inprof='y' id='14' class='sofwr'>LexisNexis</span>, <span inprof='n' id='15' class='company'>Eaton</span> and <span inprof='n' id='16' class='company'>NJM Insurance Group</span>.

SYSTEMS EXPERIENCE AND PROFICIENCIES

<span inprof='n' id='17' class='skills-qualif-mark'>Languages</span>    :
<span inprof='y' id='18' class='sofwr'>Java</span>, <span inprof='y' id='19' class='sofwr'>J2EE</span>, <span inprof='y' id='20' class='sofwr'>JSP</span>, <span inprof='y' id='21' class='sofwr'>CSS</span>, <span inprof='y' id='22' class='sofwr'>Oracle</span> Business Process Execution
                                Language <span inprof='y' id='23' class='sofwr'>(BPEL)</span>
Web Technologies          :      <span inprof='y' id='24' class='sofwr'>Web Services</span>, <span inprof='y' id='25' class='sofwr'>SOAP</span>
Scripting &#38; Markup Languages	:      <span inprof='y' id='26' class='sofwr'>JavaScript</span>, <span inprof='y' id='27' class='sofwr'>JSON</span>, <span inprof='y' id='28' class='sofwr'>jQuery</span> , <span inprof='y' id='29' class='sofwr'>HTML</span>, <span inprof='y' id='30' class='sofwr'>XML</span>
Databases                 :      <span inprof='y' id='31' class='sofwr'>Oracle 10g</span>, <span inprof='y' id='32' class='sofwr'>Microsoft SQL Server</span>, <span inprof='y' id='33' class='sofwr'>DB2</span>
<span inprof='y' id='34' class='sofwr'>Application</span> Servers       :      <span inprof='y' id='35' class='sofwr'>Weblogic Server</span>, <span inprof='y' id='36' class='sofwr'>Apache Tomcat</span>
<span inprof='y' id='37' class='sofwr'>Application</span> Tools         :      <span inprof='y' id='38' class='sofwr'>Eclipse</span>, <span inprof='y' id='39' class='sofwr'>Microsoft Visual Studio</span>, <span inprof='y' id='40' class='sofwr'>SQuirreL SQL Client</span>, <span inprof='y' id='41' class='sofwr'>Oracle
                                JDeveloper</span>, <span inprof='y' id='42' class='sofwr'>Oracle SOA Suite</span>, <span inprof='y' id='43_1' class='role'>Oracle SQL Developer</span>, <span inprof='y' id='44' class='sofwr'>Microsoft Visio</span>, <span inprof='y' id='45' class='sofwr'>Siebel CRM</span> OnDemand
<span inprof='y' id='46' class='sofwr'>Operating Systems</span>         :      <span inprof='y' id='47' class='sofwr'>Microsoft Windows XP</span>, <span inprof='y' id='48' class='sofwr'>Unix</span>, <span inprof='y' id='49' class='sofwr'>Linux</span>
Version Control Tools           :      Serena Team Tack, WinCVS, <span inprof='y' id='50' class='sofwr'>Apache Subversion</span> <span inprof='y' id='51' class='sofwr'>(SVN)</span>


<span inprof='n' id='52' class='edu-hist-mark'>EDUCATION</span>

<span inprof='y' id='53_1' class='qualif'>Master of Science (MS) in Computer Science</span>
<span inprof='y' id='53_2' class='educational'>Fairleigh Dickinson University</span>, <span inprof='y' id='53_3' class='location'>New Jersey</span>

<span inprof='y' id='54_1' class='qualif'>Bachelor of Technology (BTECH) in Computer Science</span>
<span inprof='y' id='54_2' class='educational'>Mahatma Gandhi University</span>, <span inprof='y' id='54_3' class='location'>India</span>


<span inprof='n' id='55' class='work-hist-mark'>PROFESSIONAL EXPERIENCE</span>

<span inprof='y' id='56_1_1' class='role'>Applications Developer</span>
<span inprof='y' id='56_2' class='company'>United Parcel Service Inc. (UPS)</span>          <span inprof='y' id='56_3_1' class='date'>Jul 2012</span> - <span inprof='y' id='56_3_2' class='date'>Present</span>

Key Responsibilities:
    *  Designed and developed standards-compliant interfaces based on event driven programming mode, utilizing <span inprof='y' id='57' class='sofwr'>HTML</span>, <span inprof='y' id='58' class='sofwr'>CSS</span>, <span inprof='y' id='59' class='sofwr'>jQuery</span> and <span inprof='y' id='60' class='sofwr'>JavaScript</span>, as part of a major initiative to migrate the legacy mainframe application to a web based/supported solution. ; 
    *  Created independent service modules in <span inprof='y' id='61' class='sofwr'>Java</span> with varied functionalities to handle <span inprof='y' id='62' class='sofwr'>JSON</span> request and response during user interactions. ; 
    *  Marshaling and un-marshaling the <span inprof='y' id='63' class='sofwr'>XML</span> request and response using JAXB packages. ; 
    *  Involved in various phases of testing including Unit and <span inprof='y' id='64' class='skill'>Integrated System testing</span> along with preparing test scripts for each phase. ; 
    *  <span inprof='y' id='65' class='skill'>Responsible for daily deployment</span> of the application on the <span inprof='y' id='66' class='sofwr'>WebLogic server</span> environment using the <span inprof='y' id='67' class='sofwr'>Ant</span> build script. ; 
    *  Provided <span inprof='y' id='68' class='skill'>technical support</span> to the <span inprof='y' id='69' class='skill'>Quality Assurance</span> <span inprof='y' id='70' class='sofwr'>(QA)</span> and <span inprof='y' id='71' class='skill'>User Acceptance Testing</span> (UAT) teams, <span inprof='y' id='72' class='skill'>post development</span> phase, to resolve issues. ; 
    *  Liaise with dependent system owners and architects to <span inprof='y' id='73' class='skill'>layout design</span> for new initiatives and enhancements, via <span inprof='y' id='74' class='sofwr'>Joint Application Design</span> <span inprof='y' id='75' class='sofwr'>(JAD)</span> sessions. ; 
    *  Created high level detailed <span inprof='y' id='76' class='skill'>storyboards</span>, mockups, and prototypes using <span inprof='y' id='77' class='sofwr'>HTML</span> and <span inprof='y' id='78' class='sofwr'>CSS</span> to effectively communicate visual designs with business users. ; 
    *  Oversee code review within the team, adhering to Internal Quality Assessment (IQA) standards. ; 
    *  Driven by Agile Software Development Methodology to produce high quality industry standard software and to meet aggressive deadlines.

Environment: Java <span inprof='y' id='79' class='sofwr'>JDK 1.7</span>, <span inprof='y' id='80' class='sofwr'>XML</span>, <span inprof='y' id='81' class='sofwr'>JavaScript</span>, <span inprof='y' id='82' class='sofwr'>jQuery 1.7.1</span>, <span inprof='y' id='83' class='sofwr'>HTML</span>, <span inprof='y' id='84' class='sofwr'>CSS</span>, <span inprof='y' id='85' class='sofwr'>JSON</span>, <span inprof='y' id='86' class='sofwr'>DB2</span>, <span inprof='y' id='87' class='sofwr'>Eclipse 3.6.1</span>, <span inprof='y' id='88' class='sofwr'>Microsoft Visual Studio</span> 2012, <span inprof='y' id='89' class='sofwr'>Weblogic Server</span> 11g (10.3.3), SQuirreL SQL Client 3.3.0, <span inprof='y' id='90' class='sofwr'>Microsoft Visio 2007</span>, Serena Team Track 8.4.6, <span inprof='y' id='91' class='sofwr'>Unix</span>, <span inprof='y' id='92' class='sofwr'>Linux</span>, <span inprof='y' id='93' class='sofwr'>Microsoft Windows XP</span>

<span inprof='y' id='94_1_1' class='role'>Associate Consultant</span>
<span inprof='y' id='94_2' class='company'>Oracle Corporation</span>          <span inprof='y' id='94_3_1' class='date'>Sep 2007</span> - <span inprof='y' id='94_3_2' class='date'>Jan 2011</span>

Key Responsibilities:
    *  Developed customizable Web UIs, using <span inprof='y' id='95' class='sofwr'>JSPs</span> and <span inprof='y' id='96' class='sofwr'>J2EE</span>, to extend <span inprof='y' id='97' class='sofwr'>CRM</span> OnDemand UIs for the creation of dashboards, Gantt charts etc. to address business requirements of various clients. ; 
    *  Created and maintained an integration utility for smooth data transition between two independent platforms, <span inprof='y' id='98' class='sofwr'>Oracle</span> <span inprof='y' id='99' class='sofwr'>PeopleSoft</span> and <span inprof='y' id='100' class='sofwr'>Oracle E-Business Suite</span>, using the latest <span inprof='y' id='101' class='sofwr'>Oracle</span> Fusion Middleware. ; 
    *  Designed and built batch utilities and Web Tools, using <span inprof='y' id='102' class='sofwr'>Web Services</span> and <span inprof='y' id='103' class='sofwr'>JDBC</span>, to interface with voluminous data loads on <span inprof='y' id='104' class='sofwr'>CRM</span> OnDemand. This includes, batch data loads, external Web UI's to extend the CRM UIs. ; 
    *  Exposure to performance tuning, logging, monitoring, and scalability. ; 
    *  Involved in Implementation, Client Engagement and Delivery, related to <span inprof='y' id='105' class='skill'>CRM</span> projects. ; 
    *  Worked closely with clients to translate business requirements into technical specifications to support the overall project design. ; 
    *  Proficient in subdividing project scope and project deliverables into smaller, manageable units and assigns priority to each work package to ensure timely execution.

Environment: Java <span inprof='y' id='106' class='sofwr'>JDK 1.6</span>, <span inprof='y' id='107' class='sofwr'>J2EE</span>, <span inprof='y' id='108' class='sofwr'>JSP</span>, <span inprof='y' id='109' class='sofwr'>Siebel CRM</span> OnDemand R16, <span inprof='y' id='110' class='sofwr'>Oracle</span> Business Process Execution Language <span inprof='y' id='111' class='sofwr'>(BPEL)</span>, <span inprof='y' id='112' class='sofwr'>Oracle 10g</span>, <span inprof='y' id='113' class='sofwr'>Microsoft SQL Server</span> <span inprof='y' id='114' class='sofwr'>2007</span>, <span inprof='y' id='115' class='sofwr'>Eclipse 3.5.2</span>, <span inprof='y' id='116' class='sofwr'>Web services</span>, <span inprof='y' id='117' class='sofwr'>Apache Tomcat 6.0</span>, <span inprof='y' id='118' class='sofwr'>WinCVS 1.3</span>, <span inprof='y' id='119' class='sofwr'>Apache Subversion</span> <span inprof='y' id='120' class='sofwr'>(SVN) 1.6.5</span>, <span inprof='y' id='121' class='sofwr'>Oracle JDeveloper 10</span>.1.3.3, <span inprof='y' id='122' class='qualif'>Oracle SOA</span> Suite 10.1.3.1, <span inprof='y' id='123_1' class='role'>Oracle SQL Developer</span> 1.5.1, <span inprof='y' id='124' class='sofwr'>Microsoft Windows XP</span>

</TextResume>

</NonXMLResume>



<UserArea>
<DaxResumeUserArea>
<AdditionalPersonalData>
<ExperienceSummary>
<TotalMonthsOfWorkExperience>55</TotalMonthsOfWorkExperience>
<TotalYearsOfWorkExperience>4</TotalYearsOfWorkExperience>
<ExecutiveBrief>This candidate has been working in the IT  occupational sector for more than 4 years. Currently this candidate is employed as an Applications Developer at United Parcel Service Inc. This candidate has extensive knowledge of Oracle, HTML, Cascading Style Sheets, Apache Subversion, jQuery, XML, WebLogic Enterprise Application Server, Web Services, Microsoft SQL Server, JavaScript, Java Server Pages, Java 2 Enterprise Edition, JSON, ECLiPSe, UNIX, Siebel CRM, Quality Assurance, Oracle JDeveloper, Oracle CRM, Oracle 10G, Microsoft Visual Studio, Microsoft Visio, Linux, Java, Jakarta TOMCAT Servlet Engine, JDK, JAD, DB2, BPEL, WinCVS 1.3, PeopleSoft, Oracle EBS, JDBC, Ant. So far this candidate has not gained any managerial experience.</ExecutiveBrief>
</ExperienceSummary>
</AdditionalPersonalData>
<ParserInfo>
<ParserConfiguration>{max_len=50000} {tel_flag=} {send_zip=} {fast_conv=} {DEF_LOCAL=} {sdate=0} {no_email_body=0} {do_clever_zoning=1} {keep_span=1} {complex=1} {accept_langs=} {not_accept_langs=} {prefer_lang_cv=EN} {pers_only=0} {turbo=0} {split_language=0} {picture=0} {picture_inline=0} {name_space=0} {charset=} {hrxml_upgrade_edu_hist=0}{hrxml_add_languages_section=0}{spool=} {docID=} {user=DEFAULT} </ParserConfiguration>
<ParserRelease>0.12.3.32629</ParserRelease>
<ParserReleaseDate>2014-06-18</ParserReleaseDate>
<ParserSchema>2.0.29</ParserSchema>
<ParserSchemaLocation>http://cvx.daxtra.com/cvts/xsd/candidate/2.0.29/Resume.xsd</ParserSchemaLocation>
<ConverterRelease>0.5.2.32629</ConverterRelease>
<ConverterReleaseDate>2014-06-18</ConverterReleaseDate>
</ParserInfo>
<FileStruct filename='/home/izoom/anazarov/grammar/analysis/3rconnect/doc/100_Resume-ApTask/Tiji.doc'>

<attachment fname='Tiji.doc' ftype='doc' conv='yes' doc_type='cv' lang='EN'>/home/izoom/anazarov/grammar/analysis/3rconnect/doc/100_Resume-ApTask/Tiji.doc</attachment>


</FileStruct>
</DaxResumeUserArea>
</UserArea>
</Resume>
