<?xml version='1.0' encoding='ISO-8859-1'?>
<Resume lang='en' src='DAXTRA-CVX schema:2.0.29 release:0.12.3.32629 rdate:2014-06-18'>
<StructuredXMLResume>
<ContactInfo>
<PersonName>
</PersonName>
<ContactMethod>
<Mobile id='2'>
<InternationalCountryCode>1</InternationalCountryCode>
<SubscriberNumber>323 963-0149</SubscriberNumber>
<FormattedNumber>+1 323 963-0149</FormattedNumber></Mobile>

<InternetEmailAddress id='3' oids='3 4 ' type='main'>alok@cedentinc.com</InternetEmailAddress>
</ContactMethod>
</ContactInfo>


<EmploymentHistory>
<EmployerOrg employerOrgType='soleEmployer'>
<EmployerOrgName id='42_1'>TEXANS CREDIT UNION</EmployerOrgName>
<EmployerContactInfo>
<LocationSummary id='42_2'>
<Municipality>Dallas</Municipality>
<Region>TX</Region>
<CountryCode>US</CountryCode>
</LocationSummary>
</EmployerContactInfo>
<PositionHistory positionType='PERMANENT'>
<Title id='42_4_2'>Business Analyst</Title>
<OrgName id='42_1'>TEXANS CREDIT UNION</OrgName>



<Description>Responsibilities

*    Interfaced with stake holders and facilitated communication between client and the IT department. ; 
*    Involved in creating targeted questionnaires and interviews for SME's, clients and business users to gather requirements. ; 
*    Involved in Feasibility and Risk Analysis to identify the business critical and high-risk areas of the application. ; 
*    Worked as a liaison between business users and developers to submit requirements and changes, clarify questions and issues. ; 
*    Extensively experienced for organizing and documenting requirements, preparing use cases, writing business documents and reports in Pre- Testing phase. ; 
*    Participated in JAD sessions for requirement, feasibility and risk analysis with various stakeholders, including designers, developers, QA and management to identify critical and high risk areas of the application. ; 
*    Collaborated with the QA team in reviewing and validating test plans and test cases, ensuring that the final application catered to the user requirements. ; 
*    Worked extensively with MS Office suite for preparing status reports and handled MS Excel &#38; SQL widely for database operations</Description>
<StartDate id='42_3_1'><YearMonth>2010-06</YearMonth></StartDate>
<EndDate id='42_3_2'><YearMonth>2013-06</YearMonth></EndDate>




<JobCategory>
<TaxonomyName>JOBAREA</TaxonomyName>
<CategoryCode>it</CategoryCode>
</JobCategory>


<UserArea>
<DaxPositionHistoryUserArea>
<TLSPAN first_id='42' last_id='51' border_id='52'></TLSPAN>
<MonthsOfWork>36</MonthsOfWork>
</DaxPositionHistoryUserArea>
</UserArea>
</PositionHistory>
</EmployerOrg>

<EmployerOrg employerOrgType='soleEmployer'>
<EmployerOrgName id='52_1'>Humana Inc</EmployerOrgName>
<EmployerContactInfo>
<LocationSummary id='52_2'>
<Municipality>Dallas</Municipality>
<Region>TX</Region>
<CountryCode>US</CountryCode>
</LocationSummary>
</EmployerContactInfo>
<PositionHistory positionType='PERMANENT'>
<Title id='52_4_2'>Business Analyst</Title>
<OrgName id='52_1'>Humana Inc</OrgName>



<Description>Responsibilities

    *    Coordinated and conducted System Requirements Sessions with Business Owner/Stakeholders/SMEs as well as Design/Development teams. ; 
    *    Gathered business requirements from the users, both in terms of enhancements to existing systems and in entirely new applications. ; 
    *    Worked with Business Area SMEs/Analysts to develop and finalize test plans/scripts/use cases. ; 
    *    Assisted with the planning and execution of overall application system/regression testing activities to ensure the application meets all business/functional/technical requirements. ; 
    *    Functioned as a Technical liaison to Development teams during translation of requirements specifications into detailed design.</Description>
<StartDate id='52_3_1'><YearMonth>2008-01</YearMonth></StartDate>
<EndDate id='52_3_2'><YearMonth>2010-05</YearMonth></EndDate>




<JobCategory>
<TaxonomyName>JOBAREA</TaxonomyName>
<CategoryCode>it</CategoryCode>
</JobCategory>


<UserArea>
<DaxPositionHistoryUserArea>
<TLSPAN first_id='52' last_id='54' border_id='55'></TLSPAN>
<MonthsOfWork>29</MonthsOfWork>
</DaxPositionHistoryUserArea>
</UserArea>
</PositionHistory>
</EmployerOrg>

<EmployerOrg employerOrgType='soleEmployer'>
<EmployerOrgName id='55_1'>Nittany Decision Systems</EmployerOrgName>
<EmployerContactInfo>
<LocationSummary id='55_2'>
<CountryCode>IN</CountryCode>
</LocationSummary>
</EmployerContactInfo>
<PositionHistory positionType='PERMANENT'>
<Title id='55_4_2'>Business Process Analyst</Title>
<OrgName id='55_1'>Nittany Decision Systems</OrgName>




<StartDate id='55_3_1'><YearMonth>2004-06</YearMonth></StartDate>
<EndDate id='55_3_2'><YearMonth>2007-07</YearMonth></EndDate>




<JobCategory>
<TaxonomyName>JOBAREA</TaxonomyName>
<CategoryCode>it</CategoryCode>
</JobCategory>


<UserArea>
<DaxPositionHistoryUserArea>
<TLSPAN first_id='55' last_id='55' border_id='0'></TLSPAN>
<MonthsOfWork>38</MonthsOfWork>
</DaxPositionHistoryUserArea>
</UserArea>
</PositionHistory>
</EmployerOrg>

</EmploymentHistory>












<Competency oids='16 51 67 ' description='Skill > IT' auth='yes' name='SQL'>
<CompetencyEvidence name='Extent of Experience' typeDescription='Extent of Experience' type='MONTH' lastUsed='2013'><NumericValue description='MONTH'>36</NumericValue></CompetencyEvidence>

<CompetencyEvidence typeDescription='Alias' name='Alias'><StringValue>SQL queries</StringValue></CompetencyEvidence>

<CompetencyWeight type='skillLevel'><NumericValue minValue='0' maxValue='100'>67</NumericValue></CompetencyWeight>

<CompetencyWeight type='skillProficiency'><StringValue minValue='BASIC' maxValue='EXCELLENT'>GOOD</StringValue></CompetencyWeight>
</Competency>

<Competency oids='46 48 69 ' description='Skill' auth='yes' name='Risk Analysis'>
<CompetencyEvidence name='Extent of Experience' typeDescription='Extent of Experience' type='MONTH' lastUsed='2013'><NumericValue description='MONTH'>36</NumericValue></CompetencyEvidence>

<CompetencyWeight type='skillLevel'><NumericValue minValue='0' maxValue='100'>97</NumericValue></CompetencyWeight>

<CompetencyWeight type='skillProficiency'><StringValue minValue='BASIC' maxValue='EXCELLENT'>EXCELLENT</StringValue></CompetencyWeight>
</Competency>

<Competency oids='17 32 50 ' description='Skill > IT' auth='yes' name='Microsoft Excel'>
<CompetencyEvidence name='Extent of Experience' typeDescription='Extent of Experience' type='MONTH' lastUsed='2013'><NumericValue description='MONTH'>36</NumericValue></CompetencyEvidence>

<CompetencyEvidence typeDescription='Alias' name='Alias'><StringValue>MS Excel</StringValue></CompetencyEvidence>

<CompetencyEvidence typeDescription='Alias' name='Alias'><StringValue>Excel</StringValue></CompetencyEvidence>

<CompetencyWeight type='skillLevel'><NumericValue minValue='0' maxValue='100'>68</NumericValue></CompetencyWeight>

<CompetencyWeight type='skillProficiency'><StringValue minValue='BASIC' maxValue='EXCELLENT'>GOOD</StringValue></CompetencyWeight>
</Competency>

<Competency oids='15 20 ' description='Skill' auth='no' name='problem solving'>
<CompetencyWeight type='skillLevel'><NumericValue minValue='0' maxValue='100'>13</NumericValue></CompetencyWeight>
</Competency>

<Competency oids='9 54 ' description='Skill' auth='no' name='detailed design'>
<CompetencyEvidence name='Extent of Experience' typeDescription='Extent of Experience' type='MONTH' lastUsed='2010'><NumericValue description='MONTH'>29</NumericValue></CompetencyEvidence>

<CompetencyWeight type='skillLevel'><NumericValue minValue='0' maxValue='100'>88</NumericValue></CompetencyWeight>

<CompetencyWeight type='skillProficiency'><StringValue minValue='BASIC' maxValue='EXCELLENT'>EXCELLENT</StringValue></CompetencyWeight>
</Competency>

<Competency oids='10 29 ' description='Skill > IT' auth='yes' name='UML/OMT'>
<CompetencyEvidence typeDescription='Alias' name='Alias'><StringValue>UML</StringValue></CompetencyEvidence>

<CompetencyWeight type='skillLevel'><NumericValue minValue='0' maxValue='100'>13</NumericValue></CompetencyWeight>
</Competency>

<Competency oids='6 62 ' description='Skill > IT' auth='yes' name='Software Development Life Cycle'>
<CompetencyEvidence typeDescription='Alias' name='Alias'><StringValue>System Development Life Cycle</StringValue></CompetencyEvidence>

<CompetencyWeight type='skillLevel'><NumericValue minValue='0' maxValue='100'>13</NumericValue></CompetencyWeight>
</Competency>

<Competency oids='45 66 ' description='Skill' auth='yes' name='Requirements Gathering'>
<CompetencyEvidence name='Extent of Experience' typeDescription='Extent of Experience' type='MONTH' lastUsed='2013'><NumericValue description='MONTH'>36</NumericValue></CompetencyEvidence>

<CompetencyEvidence typeDescription='Alias' name='Alias'><StringValue>gather requirements</StringValue></CompetencyEvidence>

<CompetencyWeight type='skillLevel'><NumericValue minValue='0' maxValue='100'>98</NumericValue></CompetencyWeight>

<CompetencyWeight type='skillProficiency'><StringValue minValue='BASIC' maxValue='EXCELLENT'>EXCELLENT</StringValue></CompetencyWeight>
</Competency>

<Competency oids='33 68 ' description='Skill > IT' auth='yes' name='Microsoft Visio'>
<CompetencyEvidence typeDescription='Alias' name='Alias'><StringValue>Visio</StringValue></CompetencyEvidence>

<CompetencyWeight type='skillLevel'><NumericValue minValue='0' maxValue='100'>13</NumericValue></CompetencyWeight>
</Competency>

<Competency oids='14 ' description='Skill' auth='no' name='troubleshooting'>
<CompetencyEvidence typeDescription='Alias' name='Alias'><StringValue>troubleshooting and</StringValue></CompetencyEvidence>

<CompetencyWeight type='skillLevel'><NumericValue minValue='0' maxValue='100'>13</NumericValue></CompetencyWeight>
</Competency>

<Competency oids='19 ' description='Skill' auth='no' name='tasking skills'>
<CompetencyWeight type='skillLevel'><NumericValue minValue='0' maxValue='100'>13</NumericValue></CompetencyWeight>
</Competency>

<Competency oids='12 ' description='Skill' auth='no' name='project planning'>
<CompetencyWeight type='skillLevel'><NumericValue minValue='0' maxValue='100'>13</NumericValue></CompetencyWeight>
</Competency>

<Competency oids='64 ' description='Skill' auth='no' name='develop customized solutions'>
<CompetencyWeight type='skillLevel'><NumericValue minValue='0' maxValue='100'>13</NumericValue></CompetencyWeight>
</Competency>

<Competency oids='63 ' description='Skill' auth='no' name='comprehensive training'>
<CompetencyWeight type='skillLevel'><NumericValue minValue='0' maxValue='100'>13</NumericValue></CompetencyWeight>
</Competency>

<Competency oids='13 ' description='Skill' auth='no' name='communication skills'>
<CompetencyWeight type='skillLevel'><NumericValue minValue='0' maxValue='100'>13</NumericValue></CompetencyWeight>
</Competency>

<Competency oids='8 ' description='Skill' auth='no' name='analytical skills'>
<CompetencyEvidence typeDescription='Alias' name='Alias'><StringValue>Excellent analytical skills</StringValue></CompetencyEvidence>

<CompetencyWeight type='skillLevel'><NumericValue minValue='0' maxValue='100'>84</NumericValue></CompetencyWeight>

<CompetencyWeight type='skillProficiency'><StringValue minValue='BASIC' maxValue='EXCELLENT'>EXCELLENT</StringValue></CompetencyWeight>
</Competency>

<Competency oids='28 ' description='Skill' auth='no' name='Team Building'>
<CompetencyWeight type='skillLevel'><NumericValue minValue='0' maxValue='100'>13</NumericValue></CompetencyWeight>
</Competency>

<Competency oids='7 ' description='Skill > IT' auth='yes' name='SDLC'>
<CompetencyEvidence typeDescription='Alias' name='Alias'><StringValue>(SDLC)</StringValue></CompetencyEvidence>

<CompetencyWeight type='skillLevel'><NumericValue minValue='0' maxValue='100'>13</NumericValue></CompetencyWeight>
</Competency>

<Competency oids='53 ' description='Skill > IT' auth='yes' name='Regression Testing'>
<CompetencyEvidence name='Extent of Experience' typeDescription='Extent of Experience' type='MONTH' lastUsed='2010'><NumericValue description='MONTH'>29</NumericValue></CompetencyEvidence>

<CompetencyWeight type='skillLevel'><NumericValue minValue='0' maxValue='100'>71</NumericValue></CompetencyWeight>

<CompetencyWeight type='skillProficiency'><StringValue minValue='BASIC' maxValue='EXCELLENT'>GOOD</StringValue></CompetencyWeight>
</Competency>

<Competency oids='27 ' description='Skill > IT' auth='yes' name='Quality Control'>
<CompetencyWeight type='skillLevel'><NumericValue minValue='0' maxValue='100'>13</NumericValue></CompetencyWeight>
</Competency>

<Competency oids='24 ' description='Skill' auth='no' name='Project Management Planning and Scheduling'>
<CompetencyWeight type='skillLevel'><NumericValue minValue='0' maxValue='100'>13</NumericValue></CompetencyWeight>
</Competency>

<Competency oids='23 ' description='Skill' auth='yes' name='Process Flow Diagrams'>
<CompetencyEvidence typeDescription='Alias' name='Alias'><StringValue>Process Flow diagram</StringValue></CompetencyEvidence>

<CompetencyWeight type='skillLevel'><NumericValue minValue='0' maxValue='100'>13</NumericValue></CompetencyWeight>
</Competency>

<Competency oids='31 ' description='Skill > IT' auth='yes' name='Microsoft Word'>
<CompetencyEvidence typeDescription='Alias' name='Alias'><StringValue>Word</StringValue></CompetencyEvidence>

<CompetencyWeight type='skillLevel'><NumericValue minValue='0' maxValue='100'>13</NumericValue></CompetencyWeight>
</Competency>

<Competency oids='35 ' description='Skill > IT' auth='yes' name='Microsoft PowerPoint'>
<CompetencyEvidence typeDescription='Alias' name='Alias'><StringValue>Powerpoint</StringValue></CompetencyEvidence>

<CompetencyWeight type='skillLevel'><NumericValue minValue='0' maxValue='100'>13</NumericValue></CompetencyWeight>
</Competency>

<Competency oids='36 ' description='Skill > IT' auth='yes' name='Microsoft Outlook'>
<CompetencyEvidence typeDescription='Alias' name='Alias'><StringValue>Outlook</StringValue></CompetencyEvidence>

<CompetencyWeight type='skillLevel'><NumericValue minValue='0' maxValue='100'>13</NumericValue></CompetencyWeight>
</Competency>

<Competency oids='49 ' description='Skill > IT' auth='yes' name='Microsoft Office'>
<CompetencyEvidence name='Extent of Experience' typeDescription='Extent of Experience' type='MONTH' lastUsed='2013'><NumericValue description='MONTH'>36</NumericValue></CompetencyEvidence>

<CompetencyEvidence typeDescription='Alias' name='Alias'><StringValue>Worked extensively with MS Office suite</StringValue></CompetencyEvidence>

<CompetencyWeight type='skillLevel'><NumericValue minValue='0' maxValue='100'>68</NumericValue></CompetencyWeight>

<CompetencyWeight type='skillProficiency'><StringValue minValue='BASIC' maxValue='EXCELLENT'>GOOD</StringValue></CompetencyWeight>
</Competency>

<Competency oids='34 ' description='Skill > IT' auth='yes' name='Microsoft Access'>
<CompetencyEvidence typeDescription='Alias' name='Alias'><StringValue>Access</StringValue></CompetencyEvidence>

<CompetencyWeight type='skillLevel'><NumericValue minValue='0' maxValue='100'>13</NumericValue></CompetencyWeight>
</Competency>

<Competency oids='65 ' description='Skill' auth='no' name='Medicare operational management'>
<CompetencyWeight type='skillLevel'><NumericValue minValue='0' maxValue='100'>13</NumericValue></CompetencyWeight>
</Competency>

<Competency oids='47 ' description='Skill > IT' auth='yes' name='JAD'>
<CompetencyEvidence name='Extent of Experience' typeDescription='Extent of Experience' type='MONTH' lastUsed='2013'><NumericValue description='MONTH'>36</NumericValue></CompetencyEvidence>

<CompetencyWeight type='skillLevel'><NumericValue minValue='0' maxValue='100'>97</NumericValue></CompetencyWeight>

<CompetencyWeight type='skillProficiency'><StringValue minValue='BASIC' maxValue='EXCELLENT'>EXCELLENT</StringValue></CompetencyWeight>
</Competency>

<Competency oids='61 ' description='Skill' auth='yes' name='Health insurance'>
<CompetencyEvidence typeDescription='Alias' name='Alias'><StringValue>medical insurance</StringValue></CompetencyEvidence>

<CompetencyWeight type='skillLevel'><NumericValue minValue='0' maxValue='100'>13</NumericValue></CompetencyWeight>
</Competency>

<Competency oids='18 ' description='Skill' auth='no' name='Excellent project coordination'>
<CompetencyWeight type='skillLevel'><NumericValue minValue='0' maxValue='100'>13</NumericValue></CompetencyWeight>
</Competency>

<Competency oids='25 ' description='Skill' auth='yes' name='Change Management'>
<CompetencyWeight type='skillLevel'><NumericValue minValue='0' maxValue='100'>13</NumericValue></CompetencyWeight>
</Competency>

<Competency oids='22 ' description='Skill' auth='yes' name='Business Analysis'>
<CompetencyWeight type='skillLevel'><NumericValue minValue='0' maxValue='100'>13</NumericValue></CompetencyWeight>
</Competency>

<Competency oids='11 ' description='Skill > IT' auth='yes' name='Activity Diagrams'>
<CompetencyWeight type='skillLevel'><NumericValue minValue='0' maxValue='100'>13</NumericValue></CompetencyWeight>
</Competency>

<Competency oids='5_2 42_4_2 52_4_2 ' description='Held Position' auth='no' name='Business Analyst'>
<CompetencyEvidence name='Extent of Experience' typeDescription='Extent of Experience' type='MONTH' lastUsed='2013'><NumericValue description='MONTH'>65</NumericValue></CompetencyEvidence>

<CompetencyWeight type='skillLevel'><NumericValue minValue='0' maxValue='100'>100</NumericValue></CompetencyWeight>

<CompetencyWeight type='skillProficiency'><StringValue minValue='BASIC' maxValue='EXCELLENT'>EXCELLENT</StringValue></CompetencyWeight>
</Competency>

<Competency oids='57_1 ' description='Held Position' auth='no' name='business process outsourcing partner'>
<CompetencyWeight type='skillLevel'><NumericValue minValue='0' maxValue='100'>13</NumericValue></CompetencyWeight>
</Competency>

<Competency oids='55_4_2 ' description='Held Position' auth='no' name='Business Process Analyst'>
<CompetencyEvidence name='Extent of Experience' typeDescription='Extent of Experience' type='MONTH' lastUsed='2007'><NumericValue description='MONTH'>38</NumericValue></CompetencyEvidence>

<CompetencyWeight type='skillLevel'><NumericValue minValue='0' maxValue='100'>28</NumericValue></CompetencyWeight>

<CompetencyWeight type='skillProficiency'><StringValue minValue='BASIC' maxValue='EXCELLENT'>BASIC</StringValue></CompetencyWeight>
</Competency>

<Competency oids='40 ' description='Degree/Qualification' auth='yes' name='Masters Degree > Master of Business Administration'>
<CompetencyEvidence typeDescription='Alias' name='Alias'><StringValue>Masters of Business Administration (MBA)</StringValue></CompetencyEvidence>

<CompetencyWeight type='skillLevel'><NumericValue minValue='0' maxValue='100'>12</NumericValue></CompetencyWeight>
</Competency>

<Competency oids='39 ' description='Degree/Qualification' auth='yes' name='Bachelors Degree > Bachelors Degree Electronics &#38; Communication Engineering'>
<CompetencyEvidence name='Application' typeDescription='Application' type='Electronics &#38; Communication Engineering'><StringValue>Electronics &#38; Communication Engineering</StringValue></CompetencyEvidence>

<CompetencyEvidence typeDescription='Alias' name='Alias'><StringValue>Bachelors in Electronics &#38; Communication Engineering</StringValue></CompetencyEvidence>

<CompetencyWeight type='skillLevel'><NumericValue minValue='0' maxValue='100'>12</NumericValue></CompetencyWeight>
</Competency>

<Competency description='Industry' auth='yes' name='industry~it'>
<CompetencyEvidence name='skillCount' typeDescription='skillCount'><NumericValue>3</NumericValue></CompetencyEvidence>

<CompetencyWeight type='skillLevel'><NumericValue minValue='0' maxValue='100'>100</NumericValue></CompetencyWeight>
</Competency>























<RevisionDate id='1'>2013-07-29</RevisionDate>
</StructuredXMLResume>
<NonXMLResume>

<TextResume>



<span inprof='n' id='1' class='date'>{{DOCUMENT_DATESTAMP}} 2013-07-29 {{END_DOCUMENT_DATESTAMP}}</span> 

<span inprof='y' id='2' class='telephone'>Cell : (323) 963-0149</span>
<span inprof='y' id='3' class='email'>Email: alok@cedentinc.com</span> - <span inprof='y' id='4' class='email'>email: alok@cedentinc.com</span>



VIDHYA


SKILLS &#38; ABILITIES
  *    <span inprof='n' id='5_1' class='duration'>8+ years</span> of experience as a <span inprof='y' id='5_2' class='role'>Business Analyst</span> with solid understanding of <span inprof='y' id='6' class='sofwr'>System Development Life Cycle</span> <span inprof='y' id='7' class='sofwr'>(SDLC)</span> involving Business Requirement Gathering, Business Process Flow and Business Process Modeling. ; 
  *    <span inprof='y' id='8' class='skill'>Excellent analytical skills</span> for understanding system requirements, data related requirements, business rules/processes, and <span inprof='y' id='9' class='skill'>detailed design</span> of the application ; 
  *    Experience in writing functional &#38; non-functional requirements, process flows, work flow diagrams, <span inprof='y' id='10' class='sofwr'>UML</span> modeling, including use case designs, sequence and <span inprof='y' id='11' class='sofwr'>activity diagrams</span>. ; 
  *    Skilled at <span inprof='y' id='12' class='skill'>project planning</span>, quality controls, scheduling, tracking of results, action logs, risk logs, meeting minutes. ; 
  *    Outstanding verbal and written <span inprof='y' id='13' class='skill'>communication skills</span>. ; 
  *    Proven track record in <span inprof='y' id='14' class='skill'>troubleshooting and</span> <span inprof='y' id='15' class='skill'>problem solving</span> and working on multiple projects. ; 
  *    Hands on experience in <span inprof='y' id='16' class='sofwr'>SQL</span> and <span inprof='y' id='17' class='sofwr'>MS Excel</span> (pivot tables, charts/graphs, formatting, VLookups etc). ; 
  *    <span inprof='y' id='18' class='skill'>Excellent project coordination</span> and multi-<span inprof='y' id='19' class='skill'>tasking skills</span>. ; 
  *    Exceptional <span inprof='y' id='20' class='skill'>problem solving</span> and sound decision making capabilities. ; 
  *    Effective performance even under high pressure producing prompt results.



<span inprof='n' id='21' class='skills-qualif-mark'>TECHNICAL SKILLS</span>

<span inprof='y' id='22' class='skill'>Business Analysis</span>    Analyze and Develop Business Processes, Elicit Business and Technical Requirements, Document Business and Process Requirements (Use Case, <span inprof='y' id='23' class='skill'>Process Flow diagram</span>, and descriptions) and Facilitate Requirement Sessions.
<span inprof='y' id='24' class='skill'>Project Management    Planning and Scheduling</span>, <span inprof='y' id='25' class='skill'>Change Management</span>, <span inprof='n' id='26' class='qualif'>Issue Management and Risk Management</span>, Ensuring <span inprof='y' id='27' class='sofwr'>Quality Control</span>, and <span inprof='y' id='28' class='skill'>Team Building</span>.
Methodologies    AGILE/SCRUM, Waterfall, Business Analysis Body of Knowledge (BABOK), Unified Modeling Process (<span inprof='y' id='29' class='sofwr'>UML</span>)
<span inprof='n' id='30' class='company'>Microsoft Technologies</span>    <span inprof='y' id='31' class='sofwr'>Word</span>, <span inprof='y' id='32' class='sofwr'>Excel</span>, <span inprof='y' id='33' class='sofwr'>Visio</span>, <span inprof='y' id='34' class='sofwr'>Access</span>, <span inprof='y' id='35' class='sofwr'>Powerpoint</span>, <span inprof='y' id='36' class='sofwr'>Outlook</span>, <span inprof='n' id='37' class='sofwr'>Project</span>

<span inprof='n' id='38' class='edu-hist-mark'>EDUCATION</span>

           *    <span inprof='y' id='39' class='qualif'>Bachelors in Electronics &#38; Communication Engineering</span> ; 
           *    <span inprof='y' id='40' class='qualif'>Masters of Business Administration (MBA)</span>

<span inprof='n' id='41' class='work-hist-mark'>PROFESSIONAL EXPERIENCES</span>

<span inprof='y' id='42_1' class='company'>TEXANS CREDIT UNION</span>- <span inprof='y' id='42_2' class='location'>Dallas, TX</span>                                             <span inprof='y' id='42_3_1' class='date'>June 2010</span> - <span inprof='y' id='42_3_2' class='date'>June 2013</span>
<span inprof='n' id='42_4_1' class='some-position'>Role</span>: <span inprof='y' id='42_4_2' class='role'>Business Analyst</span>

Responsibilities

*    Interfaced with stake holders and facilitated communication between client and <span inprof='n' id='43' class='educational'>the IT department</span>. ; 
*    Involved in creating targeted questionnaires and interviews for SME's, <span inprof='n' id='44' class='qualif'>clients and business</span> users to <span inprof='y' id='45' class='skill'>gather requirements</span>. ; 
*    Involved in Feasibility and <span inprof='y' id='46' class='skill'>Risk Analysis</span> to identify the business critical and high-risk areas of the application. ; 
*    Worked as a liaison between business users and developers to submit requirements and changes, clarify questions and issues. ; 
*    Extensively experienced for organizing and documenting requirements, preparing use cases, writing business documents and reports in Pre- Testing phase. ; 
*    Participated in <span inprof='y' id='47' class='sofwr'>JAD</span> sessions for requirement, feasibility and <span inprof='y' id='48' class='skill'>risk analysis</span> with various stakeholders, including designers, developers, QA and management to identify critical and high risk areas of the application. ; 
*    Collaborated with the QA team in reviewing and validating test plans and test cases, ensuring that the final application catered to the user requirements. ; 
*    <span inprof='y' id='49' class='sofwr'>Worked extensively with MS Office suite</span> for preparing status reports and handled <span inprof='y' id='50' class='sofwr'>MS Excel</span> &#38; <span inprof='y' id='51' class='sofwr'>SQL</span> widely for database operations


<span inprof='y' id='52_1' class='company'>Humana Inc</span>, <span inprof='y' id='52_2' class='location'>Dallas, TX</span>                                                    <span inprof='y' id='52_3_1' class='date'>January 2008</span> - <span inprof='y' id='52_3_2' class='date'>May 2010</span>
<span inprof='n' id='52_4_1' class='some-position'>Role</span>: <span inprof='y' id='52_4_2' class='role'>Business Analyst</span>

Responsibilities

    *    Coordinated and conducted System Requirements Sessions with Business Owner/Stakeholders/SMEs as well as Design/Development teams. ; 
    *    Gathered business requirements from the users, both in terms of enhancements to existing systems and in entirely new applications. ; 
    *    Worked with Business Area SMEs/Analysts to develop and finalize test plans/scripts/use cases. ; 
    *    Assisted with the planning and execution of overall application system/<span inprof='y' id='53' class='sofwr'>regression testing</span> activities to ensure the application meets all business/functional/technical requirements. ; 
    *    Functioned as a Technical liaison to Development teams during translation of requirements specifications into <span inprof='y' id='54' class='skill'>detailed design</span>.


<span inprof='y' id='55_1' class='company'>Nittany Decision Systems</span>, <span inprof='y' id='55_2' class='location'>India</span>                                  <span inprof='y' id='55_3_1' class='date'>June 2004</span> - <span inprof='y' id='55_3_2' class='date'>July 2007</span>
<span inprof='n' id='55_4_1' class='some-position'>Role</span>: <span inprof='y' id='55_4_2' class='role'>Business Process Analyst</span>

<span inprof='n' id='56' class='company'>NITTANY</span> is the first <span inprof='y' id='57_1' class='role'>business process outsourcing partner</span> in <span inprof='y' id='58' class='location'>India</span> for <span inprof='n' id='59' class='location'>the US</span> based healthcare clients. Established in <span inprof='n' id='60' class='date'>1994</span>, they have wide coverage of physicians and <span inprof='y' id='61' class='skill'>medical insurance</span> clients, thereby serving quite a large part of US healthcare industry



Responsibilities

    *    Implemented the <span inprof='y' id='62' class='sofwr'>system development life cycle</span> and followed the standard process in the application. ; 
    *    Translated business requirements into functional requirements. ; 
    *    Provided workflow documentation and <span inprof='y' id='63' class='skill'>comprehensive training</span> to the healthcare clients. ; 
    *    Analyzed corporate healthcare business processes to <span inprof='y' id='64' class='skill'>develop customized solutions</span>. ; 
    *    Working with <span inprof='y' id='65' class='skill'>Medicare operational management</span> to monitor, trend and report on operational metrics such as timeliness, workload, and staff trending, customer satisfaction, and other key measures to facilitate performance excellence. ; 
    *    Interacted with healthcare clients to <span inprof='y' id='66' class='skill'>gather requirements</span>, objectives, and input and output requirements. ; 
    *    Worked with <span inprof='y' id='67' class='sofwr'>SQL queries</span> for data manipulations. ; 
    *    Performed execution of test cases manually to verify expected results. ; 
    *    Ensured the accuracy and consistency of the data during the data loading process. ; 
    *    Was involved in managing the Daily Standup meetings and also ensured that quality standards were enforced as per the build-release schedule. ; 
    *    Developed a detailed test plan and test cases to cover all the requirements. ; 
    *    Developed Flowchart and process diagram using <span inprof='y' id='68' class='sofwr'>Microsoft Visio</span>. ; 
    *    Analyzed data architecture, documented and delivered data mapping, performed <span inprof='y' id='69' class='skill'>risk analysis</span>. ; 
    *    Frequently communicated with developers to resolve technical issues.

</TextResume>

</NonXMLResume>



<UserArea>
<DaxResumeUserArea>
<AdditionalPersonalData>
<ExperienceSummary>
<TotalMonthsOfWorkExperience>103</TotalMonthsOfWorkExperience>
<TotalYearsOfWorkExperience>8</TotalYearsOfWorkExperience>
<ExecutiveBrief>This candidate has been working in the IT  occupational sector for more than 8 years. During this candidate's last employment this candidate was working as a Business Analyst at TEXANS CREDIT UNION. This candidate has extensive knowledge of SQL, Microsoft Excel, Regression Testing, Microsoft Office, JAD. So far this candidate has not gained any managerial experience.</ExecutiveBrief>
</ExperienceSummary>
</AdditionalPersonalData>
<ParserInfo>
<ParserConfiguration>{max_len=50000} {tel_flag=} {send_zip=} {fast_conv=} {DEF_LOCAL=} {sdate=0} {no_email_body=0} {do_clever_zoning=1} {keep_span=1} {complex=1} {accept_langs=} {not_accept_langs=} {prefer_lang_cv=EN} {pers_only=0} {turbo=0} {split_language=0} {picture=0} {picture_inline=0} {name_space=0} {charset=} {hrxml_upgrade_edu_hist=0}{hrxml_add_languages_section=0}{spool=} {docID=} {user=DEFAULT} </ParserConfiguration>
<ParserRelease>0.12.3.32629</ParserRelease>
<ParserReleaseDate>2014-06-18</ParserReleaseDate>
<ParserSchema>2.0.29</ParserSchema>
<ParserSchemaLocation>http://cvx.daxtra.com/cvts/xsd/candidate/2.0.29/Resume.xsd</ParserSchemaLocation>
<ConverterRelease>0.5.2.32629</ConverterRelease>
<ConverterReleaseDate>2014-06-18</ConverterReleaseDate>
</ParserInfo>
<FileStruct filename='/home/izoom/anazarov/grammar/analysis/3rconnect/doc/100_Resume-ApTask/Vidhya.docx'>

<attachment fname='Vidhya.docx' ftype='docx' conv='yes' doc_type='cv' lang='EN'>/home/izoom/anazarov/grammar/analysis/3rconnect/doc/100_Resume-ApTask/Vidhya.docx</attachment>


</FileStruct>
</DaxResumeUserArea>
</UserArea>
</Resume>
